deal_id,dealname,ts,date,dow,hour,author,bucket,stage_at_note,owner_at_note,days_since_create,chars,text,lead_source,pipeline
335922425584,3ELIXIR SOLUTIONS,2026-07-20 13:05:26,2026-07-20,Mon,13,Ishpreet Sood,No pickup,Cold Call,Ishpreet Sood,4.69,192,"luhar ramilla- did not pick up the call suthar sachin- incoming calls blocked right now, he is was invovled in tech in the company luhar is Founder and Suthar is CTO at their joint new venture",Scraping Algo ( IT services ),Scraped
335922425585,1Solutions,2026-07-20 13:08:06,2026-07-20,Mon,13,Ishpreet Sood,Other,Cold Call,Ishpreet Sood,4.692,83,"company still functioning, and their linkedin desc/timeline of company do not match",Scraping Algo ( IT services ),Scraped
335929619178,Athmin Technologies,2026-07-20 14:14:52,2026-07-20,Mon,14,Shreyas Boosnoor,Chase sent,Interested,Shreyas Boosnoor,4.737,80,"sent message in whatsapp , he is interested but can have a google meet on friday",Scraping Algo ( IT services ),Scraped
335929619178,Athmin Technologies,2026-07-27 11:48:03,2026-07-27,Mon,11,Ishpreet Sood,Chase sent,Script Shared,Ishpreet Sood,11.635,83,"First VC done, WA group created and Script shared, output will be received by 28/08",Scraping Algo ( IT services ),Scraped
335929619179,Assystant,2026-07-20 13:03:36,2026-07-20,Mon,13,Shreyas Boosnoor,Other,Interested,Shreyas Boosnoor,4.688,16,call disturbance,Scraping Algo ( IT services ),Scraped
335929619180,Atomic North,2026-07-21 11:35:55,2026-07-21,Tue,11,Shreyas Boosnoor,Other,Dead - No Response,Shreyas Boosnoor,5.627,105,"foreign company and number , just keeping it here until there is a status for foreign company and numbers",Scraping Algo ( IT services ),Scraped
335929619182,Asparrow Tech,2026-07-20 12:43:26,2026-07-20,Mon,12,Shreyas Boosnoor,Other,Interested,Shreyas Boosnoor,4.674,15,hangup the call,Scraping Algo ( IT services ),Scraped
335929619183,Askme Technologies,2026-07-20 12:31:51,2026-07-20,Mon,12,Shreyas Boosnoor,Not interested,Interested,Shreyas Boosnoor,4.666,14,not interested,Scraping Algo ( IT services ),Scraped
335954041590,ACSESTECH Consulting Services Pvt Ltd,2026-07-22 12:19:53,2026-07-22,Wed,12,Shreyas Boosnoor,Other,Dead - Wrong Fit,,6.657,14,wrong services,Scraping Algo ( IT services ),Scraped
335954041591,Alliedge Technologies Pvt Ltd,2026-07-20 13:14:16,2026-07-20,Mon,13,Ishpreet Sood,Other,Call Attempted (retired),,4.695,100,"did not connect, it's a IT service firm started in 2022, low chances of projects without vibe coding",Scraping Algo ( IT services ),Scraped
335954041593,Alpine Software,2026-07-22 12:20:34,2026-07-22,Wed,12,Shreyas Boosnoor,Other,Dead - Wrong Fit,Shreyas Boosnoor,6.658,16,2 poeple company,Scraping Algo ( IT services ),Scraped
335954042555,Aculance IT Solutions,2026-07-22 11:54:28,2026-07-22,Wed,11,Shreyas Boosnoor,Other,Dead - Wrong Fit,Shreyas Boosnoor,6.64,20,15 people in company,Scraping Algo ( IT services ),Scraped
335954042558,Ace Infoway,2026-07-21 18:01:36,2026-07-21,Tue,18,Shreyas Boosnoor,Chase sent,M1V1 Sent,Shreyas Boosnoor,5.895,23,sent a whatsapp message,Scraping Algo ( IT services ),Scraped
335954042558,Ace Infoway,2026-07-29 12:18:05,2026-07-29,Wed,12,Shreyas Boosnoor,Other,Interested,Shreyas Boosnoor,13.656,24,called again no repsonse,Scraping Algo ( IT services ),Scraped
335954042559,ALEAIT SOLUTIONS PVT. LTD.,2026-07-21 17:58:10,2026-07-21,Tue,17,Shreyas Boosnoor,Bad number,Call Attempted (retired),Shreyas Boosnoor,5.892,32,megha busy Ashutosh wrong number,Scraping Algo ( IT services ),Scraped
335954042559,ALEAIT SOLUTIONS PVT. LTD.,2026-08-18 15:47:34,2026-08-18,Tue,15,,Bad number,Cold Call,Shreyas Boosnoor,33.801,147,Wrong number corrected via Wiza enrichment. Old: +911413244007 (dead). New: +919610365064 for Ashutosh Bhatia. Moved back to Cold Call for re-dial.,Scraping Algo ( IT services ),Scraped
335954042559,ALEAIT SOLUTIONS PVT. LTD.,2026-08-19 16:24:44,2026-08-19,Wed,16,Lamiya Saleem,Chase sent,Interested,Lamiya Saleem,34.827,124,"spoke to Ashutosh. sounded interested, but said already in talks w a blr based company for the same thing. asked to share WA",Scraping Algo ( IT services ),Scraped
335954042561,AGT India,2026-07-21 17:06:04,2026-07-21,Tue,17,Shreyas Boosnoor,Other,Dead - Wrong Fit,Shreyas Boosnoor,5.856,37,eshoppify etc type of service company,Scraping Algo ( IT services ),Scraped
335954042562,Analogue IT Solutions,2026-07-21 17:05:14,2026-07-21,Tue,17,Shreyas Boosnoor,Chase sent,M1V1 Sent,Shreyas Boosnoor,5.855,44,"looked interested , sent a mail and whatsapp",Scraping Algo ( IT services ),Scraped
335954042562,Analogue IT Solutions,2026-07-29 12:22:43,2026-07-29,Wed,12,Shreyas Boosnoor,No pickup,Interested,Shreyas Boosnoor,13.659,18,called no repsonse,Scraping Algo ( IT services ),Scraped
335954042563,Actiknow Consulting Pvt Ltd,2026-07-21 16:58:33,2026-07-21,Tue,16,Shreyas Boosnoor,Other,Dead - Wrong Fit,Shreyas Boosnoor,5.851,17,13 people company,Scraping Algo ( IT services ),Scraped
335954042564,Tech Active,2026-07-21 16:57:45,2026-07-21,Tue,16,Shreyas Boosnoor,Other,Dead - No Response,Shreyas Boosnoor,5.85,15,foreign company,Scraping Algo ( IT services ),Scraped
335954042565,Ancrew Global Services,2026-07-21 16:57:13,2026-07-21,Tue,16,Shreyas Boosnoor,Other,Assigned,Shreyas Boosnoor,5.85,23,company started in 2025,Scraping Algo ( IT services ),Scraped
335954042566,Arth Technology,2026-07-20 17:53:31,2026-07-20,Mon,17,Shreyas Boosnoor,Other,Dead - Rejected,Shreyas Boosnoor,4.889,19,early stage company,Scraping Algo ( IT services ),Scraped
335954042567,Act T Connect,2026-07-21 16:35:33,2026-07-21,Tue,16,Shreyas Boosnoor,Callback booked,Assigned,Shreyas Boosnoor,5.835,17,will call me back,Scraping Algo ( IT services ),Scraped
335954042567,Act T Connect,2026-07-29 12:24:05,2026-07-29,Wed,12,Shreyas Boosnoor,Callback booked,Interested,Shreyas Boosnoor,13.66,33,call done will call me back later,Scraping Algo ( IT services ),Scraped
335954042567,Act T Connect,2026-08-04 12:17:15,2026-08-04,Tue,12,Shreyas Boosnoor,No pickup,Interested,Shreyas Boosnoor,19.655,21,call done no resposne,Scraping Algo ( IT services ),Scraped
335954042568,Ailoitte,2026-07-21 16:20:11,2026-07-21,Tue,16,Shreyas Boosnoor,Other,M1V1 Sent,Shreyas Boosnoor,5.824,38,he was driving so asked drop. a mail .,Scraping Algo ( IT services ),Scraped
335954042569,Aavatto,2026-07-21 17:55:24,2026-07-21,Tue,17,Shreyas Boosnoor,Other,Interested,,5.89,55,need to call himback in 1 hour called he didint pick up,Scraping Algo ( IT services ),Scraped
335954042570,Ample Websol,2026-07-22 12:18:49,2026-07-22,Wed,12,Shreyas Boosnoor,Other,Dead - Wrong Fit,,6.657,19,13 employee company,Scraping Algo ( IT services ),Scraped
335954042572,AirOxa Innovative Solutions,2026-07-22 11:56:38,2026-07-22,Wed,11,Shreyas Boosnoor,Other,Assigned,Shreyas Boosnoor,6.641,12,10 employees,Scraping Algo ( IT services ),Scraped
335954042573,Ambab Infotech Pvt. Ltd.,2026-07-22 11:50:49,2026-07-22,Wed,11,Shreyas Boosnoor,No pickup,Assigned,Shreyas Boosnoor,6.637,69,9769766964 need to call bhavik as cimpany s closed called no response,Scraping Algo ( IT services ),Scraped
335954042574,APPiLY Technologies,2026-07-20 17:32:14,2026-07-20,Mon,17,Shreyas Boosnoor,Chase sent,Interested,Shreyas Boosnoor,4.874,15,snet WA message,Scraping Algo ( IT services ),Scraped
335954042574,APPiLY Technologies,2026-07-29 14:44:26,2026-07-29,Wed,14,Shreyas Boosnoor,No pickup,Interested,Shreyas Boosnoor,13.758,21,call done no response,Scraping Algo ( IT services ),Scraped
335954042576,AlphaKlick Solutions,2026-07-22 11:37:47,2026-07-22,Wed,11,Shreyas Boosnoor,Other,Dead - Wrong Fit,,6.628,16,3 people company,Scraping Algo ( IT services ),Scraped
335954042577,AiderPro Technologies,2026-07-22 11:36:58,2026-07-22,Wed,11,Shreyas Boosnoor,Other,Dead - Rejected,,6.627,17,9 people comopany,Scraping Algo ( IT services ),Scraped
335954042578,ALT-D Technologies LLP,2026-07-22 11:30:45,2026-07-22,Wed,11,Shreyas Boosnoor,Other,Dead - Wrong Fit,Shreyas Boosnoor,6.623,30,less then 13 people in company,Scraping Algo ( IT services ),Scraped
335954042580,Accurate Info Soft pvt ltd,2026-07-21 17:46:36,2026-07-21,Tue,17,Shreyas Boosnoor,Other,Dead - Wrong Fit,,5.884,17,20 people company,Scraping Algo ( IT services ),Scraped
335954042583,ANNEXCODE,2026-07-21 17:44:31,2026-07-21,Tue,17,Shreyas Boosnoor,Other,Dead - Wrong Fit,Shreyas Boosnoor,5.883,23,3 people in the company,Scraping Algo ( IT services ),Scraped
335954042584,Adsum Originator LLP,2026-07-21 17:10:20,2026-07-21,Tue,17,Shreyas Boosnoor,No pickup,Dead - Wrong Fit,Shreyas Boosnoor,5.859,55,called both no response also its a gambling gaming site,Scraping Algo ( IT services ),Scraped
335954042584,Adsum Originator LLP,2026-07-21 17:26:27,2026-07-21,Tue,17,Shreyas Boosnoor,Chase sent,M1V1 Sent,Shreyas Boosnoor,5.87,35,sent both WA and mail is interested,Scraping Algo ( IT services ),Scraped
335954042584,Adsum Originator LLP,2026-07-29 12:37:52,2026-07-29,Wed,12,Shreyas Boosnoor,Other,Interested,Shreyas Boosnoor,13.67,18,will call me later,Scraping Algo ( IT services ),Scraped
335954042586,Anviam Solutions,2026-07-21 17:16:18,2026-07-21,Tue,17,Shreyas Boosnoor,Chase sent,Assigned,Shreyas Boosnoor,5.863,35,aman@anviam.com mail sent to and wa,Scraping Algo ( IT services ),Scraped
335954042586,Anviam Solutions,2026-07-28 05:30:00,2026-07-28,Tue,5,,System note,Interested,Shreyas Boosnoor,12.373,255,"[Pipeline Tracker migration — 2026-07-28] Sheet stage: Initial Talk Category: Private Code Base Priority: High Remarks: On VC, founder didn't joined and sent a developer who wasn't the right authority Last update: 22-Jul-2026 | Next follow-up: 27-Jul-2026",Scraping Algo ( IT services ),Scraped
335954042588,Arramton Infotech Pvt Ltd,2026-07-20 17:58:55,2026-07-20,Mon,17,Shreyas Boosnoor,No pickup,Cold Call,Shreyas Boosnoor,4.893,65,asked to call tomorrow 21st july didit he call back didnt pick up,Scraping Algo ( IT services ),Scraped
335954042590,Aaryavarta Technologies,2026-07-21 17:11:33,2026-07-21,Tue,17,Shreyas Boosnoor,Other,Dead - No Response,Shreyas Boosnoor,5.86,40,need to call from the number on linkedin,Scraping Algo ( IT services ),Scraped
335954042594,Aartek Software Solutions Pvt. Ltd,2026-07-21 16:12:36,2026-07-21,Tue,16,Shreyas Boosnoor,Bad number,Assigned,Shreyas Boosnoor,5.819,38,wrong no. need to find his linkedin no,Scraping Algo ( IT services ),Scraped
335954042595,AdaptNXT Technology Solutions,2026-07-21 16:11:02,2026-07-21,Tue,16,Shreyas Boosnoor,Other,Dead - Wrong Fit,Shreyas Boosnoor,5.818,22,only 20 people company,Scraping Algo ( IT services ),Scraped
335954042598,Aglowid It Solutions,2026-07-21 13:38:38,2026-07-21,Tue,13,Shreyas Boosnoor,Chase sent,Call Attempted (retired),Shreyas Boosnoor,5.712,67,"very interested. needs to talk with his partner, sent message in WA",Scraping Algo ( IT services ),Scraped
335954042598,Aglowid It Solutions,2026-07-27 18:20:58,2026-07-27,Mon,18,Shreyas Boosnoor,No pickup,Interested,Shreyas Boosnoor,11.908,24,called again no response,Scraping Algo ( IT services ),Scraped
335954042599,Apparrant Technologies,2026-07-21 11:43:18,2026-07-21,Tue,11,Shreyas Boosnoor,Chase sent,Assigned,Shreyas Boosnoor,5.632,65,asked to send a mail to info@apparrant.com also sent a WA message,Scraping Algo ( IT services ),Scraped
335954042601,AgileCube Technologies,2026-07-21 15:17:37,2026-07-21,Tue,15,Shreyas Boosnoor,Other,Dead - Wrong Fit,Shreyas Boosnoor,5.781,31,just 10 members in the company.,Scraping Algo ( IT services ),Scraped
335954042604,Appstean,2026-07-20 18:08:03,2026-07-20,Mon,18,Shreyas Boosnoor,Bad number,Call Attempted (retired),,4.899,43,anila jain wrong no atul need to call again,Scraping Algo ( IT services ),Scraped
335954042605,Appsimity Solutions,2026-07-20 17:08:04,2026-07-20,Mon,17,Shreyas Boosnoor,Other,Interested,Shreyas Boosnoor,4.857,26,need to call back tomorrow,Scraping Algo ( IT services ),Scraped
335954042605,Appsimity Solutions,2026-07-21 11:56:42,2026-07-21,Tue,11,Shreyas Boosnoor,Callback booked,Call Attempted (retired),Shreyas Boosnoor,5.641,47,"called today , messaged to will call back later",Scraping Algo ( IT services ),Scraped
335954042605,Appsimity Solutions,2026-07-21 18:29:01,2026-07-21,Tue,18,Shreyas Boosnoor,No pickup,Call Attempted (retired),Shreyas Boosnoor,5.914,24,called again no response,Scraping Algo ( IT services ),Scraped
335954042606,9series Inc,2026-07-21 15:02:35,2026-07-21,Tue,15,Shreyas Boosnoor,Other,Dead - Rejected,Shreyas Boosnoor,5.77,101,tey dont have such dormant codebase right now but will let me know . for now sent wahatsapp and email,Scraping Algo ( IT services ),Scraped
335954042608,Apptians,2026-07-21 12:02:25,2026-07-21,Tue,12,Shreyas Boosnoor,Other,Call Attempted (retired),Shreyas Boosnoor,5.645,36,+91 96104 26447 his no from linkedin,Scraping Algo ( IT services ),Scraped
335954042609,Adhoc Softwares INC,2026-07-21 14:58:27,2026-07-21,Tue,14,Shreyas Boosnoor,Other,Dead - Wrong Fit,Shreyas Boosnoor,5.767,33,not associated with Adhoc anymore,Scraping Algo ( IT services ),Scraped
335954042610,AGENCY09,2026-07-21 14:43:17,2026-07-21,Tue,14,Shreyas Boosnoor,Chase sent,Assigned,Shreyas Boosnoor,5.757,64,was asked to send a mail to this ditin@agency09.in sent the mail,Scraping Algo ( IT services ),Scraped
335954042610,AGENCY09,2026-07-29 13:18:23,2026-07-29,Wed,13,Shreyas Boosnoor,No pickup,Interested,Shreyas Boosnoor,13.698,21,call done no response,Scraping Algo ( IT services ),Scraped
335954042612,Arohatech,2026-07-20 14:42:47,2026-07-20,Mon,14,Shreyas Boosnoor,Other,Call Attempted (retired),Shreyas Boosnoor,4.756,11,call failed,Scraping Algo ( IT services ),Scraped
335954042612,Arohatech,2026-07-23 16:36:31,2026-07-23,Thu,16,Shreyas Boosnoor,Bad number,Dead/ColdCall/WrongFit,Shreyas Boosnoor,7.835,9,wrong no.,Scraping Algo ( IT services ),Scraped
335954042613,A3Logics,2026-07-21 14:26:10,2026-07-21,Tue,14,Shreyas Boosnoor,Other,Assigned,Shreyas Boosnoor,5.745,41,"+91 99280 35102 from linkedin, called ceo",Scraping Algo ( IT services ),Scraped
335954042614,Accucia,2026-07-21 13:34:34,2026-07-21,Tue,13,Shreyas Boosnoor,Chase sent,Assigned,Shreyas Boosnoor,5.709,26,interested send WA message,Scraping Algo ( IT services ),Scraped
335954042617,Appface Technologies Pvt Ltd,2026-07-20 14:29:02,2026-07-20,Mon,14,Shreyas Boosnoor,Bad number,Call Attempted (retired),Shreyas Boosnoor,4.747,12,wrong number,Scraping Algo ( IT services ),Scraped
335954042617,Appface Technologies Pvt Ltd,2026-08-18 15:47:38,2026-08-18,Tue,15,,Bad number,Cold Call,Shreyas Boosnoor,33.802,147,Wrong number corrected via Wiza enrichment. Old: +918040945125 (dead). New: +919900096747 for Edvin Kollanoor. Moved back to Cold Call for re-dial.,Scraping Algo ( IT services ),Scraped
335954042617,Appface Technologies Pvt Ltd,2026-08-19 16:11:30,2026-08-19,Wed,16,Lamiya Saleem,Chase sent,Interested,Lamiya Saleem,34.818,33,"contacted edvin, asked to send WA",Scraping Algo ( IT services ),Scraped
335954043580,Aapna Infotech,2026-07-21 13:19:56,2026-07-21,Tue,13,Shreyas Boosnoor,Chase sent,Interested,Shreyas Boosnoor,5.699,43,"kindof interested , sent a whatsapp message",Scraping Algo ( IT services ),Scraped
335954043582,ADVMEDIA,2026-07-20 17:46:14,2026-07-20,Mon,17,Shreyas Boosnoor,Chase sent,Interested,Shreyas Boosnoor,4.884,15,WA message sent,Scraping Algo ( IT services ),Scraped
335954043582,ADVMEDIA,2026-07-29 14:32:34,2026-07-29,Wed,14,Shreyas Boosnoor,No pickup,Interested,Shreyas Boosnoor,13.749,21,call done no repsonse,Scraping Algo ( IT services ),Scraped
335954043582,ADVMEDIA,2026-08-04 12:24:46,2026-08-04,Tue,12,Shreyas Boosnoor,Chase sent,Interested,Shreyas Boosnoor,19.661,17,CALL DONE sent wa,Scraping Algo ( IT services ),Scraped
335954043584,Ancile Technologies Pvt Ltd,2026-07-21 13:16:42,2026-07-21,Tue,13,Shreyas Boosnoor,Other,Dead - Wrong Fit,Shreyas Boosnoor,5.697,13,not revenlant,Scraping Algo ( IT services ),Scraped
335954043593,Antsglobe Technologies,2026-07-21 12:48:27,2026-07-21,Tue,12,Shreyas Boosnoor,Chase sent,M1V1 Sent,Shreyas Boosnoor,5.677,43,asked to send a mail to admin@anstglobe.com,Scraping Algo ( IT services ),Scraped
335954043593,Antsglobe Technologies,2026-07-29 14:33:37,2026-07-29,Wed,14,Shreyas Boosnoor,No pickup,Interested,Shreyas Boosnoor,13.75,21,call done no response,Scraping Algo ( IT services ),Scraped
335954043594,Appther Technologies,2026-07-20 13:37:28,2026-07-20,Mon,13,Shreyas Boosnoor,Other,Call Attempted (retired),Shreyas Boosnoor,4.711,20,automated call inbox,Scraping Algo ( IT services ),Scraped
335954043595,Abhiwan Technology,2026-07-21 12:34:07,2026-07-21,Tue,12,Shreyas Boosnoor,Chase sent,Assigned,Shreyas Boosnoor,5.667,104,interested but need to talk to his team ragading this for now sent a WA message and will follow up on it,Scraping Algo ( IT services ),Scraped
335954043595,Abhiwan Technology,2026-07-27 18:47:55,2026-07-27,Mon,18,Shreyas Boosnoor,Callback booked,Interested,Shreyas Boosnoor,11.927,34,"called again , asked to call later",Scraping Algo ( IT services ),Scraped
335954043596,Appic Softwares,2026-07-20 13:35:50,2026-07-20,Mon,13,Shreyas Boosnoor,Other,Call Attempted (retired),Shreyas Boosnoor,4.71,66,call shubham as i called the other person and asked me to call him,Scraping Algo ( IT services ),Scraped
335954043597,AdventSys Technologies Private Limited,2026-07-20 16:42:11,2026-07-20,Mon,16,Shreyas Boosnoor,Callback booked,Interested,Shreyas Boosnoor,4.839,17,he will call back,Scraping Algo ( IT services ),Scraped
335954043597,AdventSys Technologies Private Limited,2026-07-29 14:42:54,2026-07-29,Wed,14,Shreyas Boosnoor,No pickup,Interested,Shreyas Boosnoor,13.757,21,call done no response,Scraping Algo ( IT services ),Scraped
335954043597,AdventSys Technologies Private Limited,2026-08-04 12:31:20,2026-08-04,Tue,12,Shreyas Boosnoor,Chase sent,Interested,Shreyas Boosnoor,19.665,28,interested sent wa and email,Scraping Algo ( IT services ),Scraped
335954043599,Aripra Infotech,2026-07-21 13:50:27,2026-07-21,Tue,13,Shreyas Boosnoor,Other,M1V1 Sent,Shreyas Boosnoor,5.72,13,sent an email,Scraping Algo ( IT services ),Scraped
335954043599,Aripra Infotech,2026-07-29 14:46:48,2026-07-29,Wed,14,Shreyas Boosnoor,No pickup,Interested,Shreyas Boosnoor,13.759,21,call done no repsonse,Scraping Algo ( IT services ),Scraped
335954043600,Arham Web Works,2026-07-20 13:06:04,2026-07-20,Mon,13,Shreyas Boosnoor,Other,Interested,Shreyas Boosnoor,4.689,22,will cal back me later,Scraping Algo ( IT services ),Scraped
335954043600,Arham Web Works,2026-07-29 14:54:06,2026-07-29,Wed,14,Shreyas Boosnoor,Chase sent,Interested,Shreyas Boosnoor,13.764,16,snwt mail and WA,Scraping Algo ( IT services ),Scraped
335954043600,Arham Web Works,2026-07-29 18:05:48,2026-07-29,Wed,18,Shreyas Boosnoor,Chase sent,Dead/ColdCall/Not Interested,Shreyas Boosnoor,13.897,53,replied back in WA that he doesn't have such codebase,Scraping Algo ( IT services ),Scraped
335954043604,Ambiguous Solutions,2026-07-21 12:19:24,2026-07-21,Tue,12,Shreyas Boosnoor,Other,Assigned,Shreyas Boosnoor,5.657,28,+91 79274 30343 fromlinkedin,Scraping Algo ( IT services ),Scraped
335954043606,Appcrunk Technologies Private Limited,2026-07-20 13:00:07,2026-07-20,Mon,13,Shreyas Boosnoor,Not interested,Interested,Shreyas Boosnoor,4.685,14,not interested,Scraping Algo ( IT services ),Scraped
336203768535,Crypso,2026-07-28 05:30:00,2026-07-28,Tue,5,,System note,Cold Call,Ashish Ranjan,10.689,262,"[Pipeline Tracker migration — 2026-07-28] Sheet stage: Initial Talk Category: Private Codebase Priority: Medium Remarks: Ashish had a word with the founder, he was interested but busy and asked to call later Last update: 23-Jul-2026 | Next follow-up: 27-Jul-2026",Tracxn Sheet ( Startups ),Scraped
336224582375,Baja,2026-08-03 12:24:46,2026-08-03,Mon,12,Ishpreet Sood,Disqualified,Interested,Ishpreet Sood,16.976,53,"prev company codebase is deleted, has nothing to sell",Tracxn Sheet ( Startups ),Scraped
336683765462,Investmint,2026-07-28 05:30:00,2026-07-28,Tue,5,,System note,Cold Call,Shobit Gupta,7.524,236,"[Pipeline Tracker migration — 2026-07-28] Sheet stage: Script Output Received Category: Private Codebase Priority: High Remarks: Offered $10k, he's fishing for $20k, so kept on hold Last update: 27-Jul-2026 | Next follow-up: 27-Jul-2026",Tracxn Sheet ( Startups ),Scraped
336683765462,Investmint,2026-07-28 20:28:09,2026-07-28,Tue,20,Shobit Gupta,Other,Commercial Negotiation,Shobit Gupta,8.148,27,Shared contract with Aakash,Tracxn Sheet ( Startups ),Scraped
336726947572,Onato,2026-07-21 12:37:34,2026-07-21,Tue,12,Ishpreet Sood,Bad number,Cold Call,Ishpreet Sood,0.821,21,number out of service,Tracxn Sheet ( Startups ),Scraped
337060454074,IT - Reckonsys,2026-07-28 05:30:00,2026-07-28,Tue,5,,System note,Script Shared,Shobit Gupta,6.808,337,[Pipeline Tracker migration — 2026-07-28] Sheet stage: Script Shared Category: Private Codebase Priority: High Remarks: Team not able to understand how to run the script even after the demo Metadata: https://drive.google.com/drive/folders/1vit5kLklJ93lEOMDKdDU08LfTgpWdNZ4?usp=drive_link Last update: 27-Jul-2026 | Next follow-up: 28-Jul,Scraping Algo ( IT services ),Scraped
337060454074,IT - Reckonsys,2026-07-29 21:52:08,2026-07-29,Wed,21,Shobit Gupta,Other,Dead/Negotiation/Pricing,Shobit Gupta,8.49,105,"Fishing, says they are getting $2.6k for a 130K LOC project from hud.ai; we'll wait for them to come back",Scraping Algo ( IT services ),Scraped
337060454081,IT- Antino,2026-07-28 05:30:00,2026-07-28,Tue,5,,System note,Script Results Received,Shobit Gupta,6.807,304,"[Pipeline Tracker migration — 2026-07-28] Sheet stage: On Hold · ON HOLD Category: Private Codebase Priority: Low Remarks: our offer is $40k for 55 qualified projects with >50k LOC and > 50 PR, he wants 3cr for 55 projects, currently he was not interested Last update: 20-Jul-2026 | Next follow-up: 1-Sep",Scraping Algo ( IT services ),Scraped
337061205715,Unicode Systems,2026-07-28 05:30:00,2026-07-28,Tue,5,,System note,Script Shared,Ishpreet Sood,6.495,329,"[Pipeline Tracker migration — 2026-07-28] Sheet stage: Script Shared Category: Private Codebase Priority: High Remarks: Founder flying out of India, asked to connect next week on 23 or 24; not reachable since we dropped a text also Status (23 Jul): unreachable, dropped a WA text Last update: 27-Jul-2026 | Next follow-up: 29-Jul",Private Codebase Tracker sheet ( IT services ),Scraped
337061895900,Nickelfox,2026-07-28 05:30:00,2026-07-28,Tue,5,,System note,Script Results Received,Shobit Gupta,6.805,402,"[Pipeline Tracker migration — 2026-07-28] Sheet stage: Script Output Received Category: Private Codebase Priority: Medium Remarks: 8-10 projects; previously shared only 1 project but asked them to share data for more projects, awaiting script output for 10 projects Metadata: https://drive.google.com/drive/u/0/folders/19GmciBGeB5YbtK3b7KYD8Dy9O3QUgr4I Last update: 23-Jul-2026 | Next follow-up: 27-Jul",Private Codebase Tracker sheet ( IT services ),Scraped
337061895900,Nickelfox,2026-07-30 19:44:38,2026-07-30,Thu,19,Shobit Gupta,Other,Commercial Negotiation,Shobit Gupta,9.398,197,"Was told they'll get $5k per project when they were first contacted, total LOC is not much ~1M, i have offered $1.5k as PR is good, have asked them to think again and also share larger LOC projects",Private Codebase Tracker sheet ( IT services ),Scraped
337062579960,S - Riyalto - 2,2026-07-28 05:30:00,2026-07-28,Tue,5,,System note,Dead/ColdCall/Not Interested,Shobit Gupta,6.808,229,"[Pipeline Tracker migration — 2026-07-28] Sheet stage: Deal Closed Category: Private Codebase Priority: Low Remarks: Check the Output and Update. Add to June-July'26, Upneet's connect Last update: 13-Jul-2026 | Next follow-up: NA",Tracxn Sheet ( Startups ),Scraped
337062580938,NMG,2026-07-28 05:30:00,2026-07-28,Tue,5,,System note,Script Shared,Shobit Gupta,6.805,232,"[Pipeline Tracker migration — 2026-07-28] Sheet stage: Script Shared Category: Private Codebase Priority: Low Remarks: NMG to run new projects on our script, will followup for output Last update: 23-Jul-2026 | Next follow-up: 30-Jul",Private Codebase Tracker sheet ( IT services ),Scraped
337063295719,Serpent Consulting 1,2026-07-28 05:30:00,2026-07-28,Tue,5,,System note,Script Shared,Shobit Gupta,6.805,314,"[Pipeline Tracker migration — 2026-07-28] Sheet stage: Agreement Shared Category: Private Codebase Priority: High Remarks: Contract signed, data migration in progress Metadata: https://drive.google.com/drive/folders/13XGapJCKwKB61nrydPod0DI1EREEb77H?usp=drive_link Last update: 22-Jul-2026 | Next follow-up: 27-Jul",Scraping Algo ( IT services ),Scraped
337063295719,Serpent Consulting 1,2026-07-30 19:44:59,2026-07-30,Thu,19,Shobit Gupta,Other,Commercial Negotiation,Shobit Gupta,9.399,54,We'll check data at Repo level and give them our offer,Scraping Algo ( IT services ),Scraped
337063328497,Backspacce Technologies,2026-07-28 05:30:00,2026-07-28,Tue,5,,System note,Script Results Received,Ishpreet Sood,6.505,318,"[Pipeline Tracker migration — 2026-07-28] Sheet stage: Deal Closed Category: Private Codebase Priority: Low Remarks: Contract, Data Migration and Payment Done from Sales side Metadata: https://drive.google.com/drive/folders/1En79qPzZkPX40rr54Kf8FW9w9RpN3lAE?usp=drive_link Last update: 21-Jul-2026 | Next follow-up: NA",Scraping Algo ( IT services ),Scraped
337064049386,TechMonkey,2026-07-28 05:30:00,2026-07-28,Tue,5,,System note,Commercial Negotiation,Ishpreet Sood,6.502,202,"[Pipeline Tracker migration — 2026-07-28] Sheet stage: Dropped Category: Private Code Base Priority: High Remarks: His codebase is deleted, lead dropped Last update: 27-Jul-2026 | Next follow-up: 29-Jul",Tracxn Sheet ( Startups ),Scraped
337064050377,iPixxel Tech Private Limited,2026-07-28 05:30:00,2026-07-28,Tue,5,,System note,Interested,Ishpreet Sood,6.498,227,[Pipeline Tracker migration — 2026-07-28] Sheet stage: Initial Talk Category: Private Codebase Priority: Medium Remarks: run the script on 28/07 Status (23 Jul): touchbase 28/07 Last update: 27-Jul-2026 | Next follow-up: 28-Jul,Scraping Algo ( IT services ),Scraped
337064724197, A360PL,2026-07-28 05:30:00,2026-07-28,Tue,5,,System note,GMeet Fixed,Ishpreet Sood,6.504,226,"[Pipeline Tracker migration — 2026-07-28] Sheet stage: Script Shared Category: Private Code Base Priority: High Remarks: script shared, developer OOO, will share reults by 30th Last update: 27-Jul-2026 | Next follow-up: 30-Jul",Scraping Algo ( IT services ),Scraped
337064724197, A360PL,2026-07-29 16:28:34,2026-07-29,Wed,16,Ishpreet Sood,Script shared,Script Shared,Ishpreet Sood,7.961,61,"Share the script output on 30/07, their teach person was OOO.",Scraping Algo ( IT services ),Scraped
337065518809,Kylient Software Solutions,2026-07-28 05:30:00,2026-07-28,Tue,5,,System note,GMeet Fixed,Ishpreet Sood,6.509,213,"[Pipeline Tracker migration — 2026-07-28] Sheet stage: Initial Talk Category: Private Codebase Priority: Medium Remarks: Dodging calls, un responsive, called 27/07 Last update: 27-Jul-2026 | Next follow-up: 28-Jul",Private Codebase Tracker sheet ( IT services ),Scraped
337065518822,Cruzata,2026-07-28 05:30:00,2026-07-28,Tue,5,,System note,Dead/ColdCall/WrongFit,Ishpreet Sood,6.505,331,"[Pipeline Tracker migration — 2026-07-28] Sheet stage: Dropped Category: Private Codebase Priority: Low Remarks: Codebase was subpar and also it was saved as personal projects on github, we will need custom scripts to get. Initial script results were dissappointing, not worth pursuing Last update: 22-Jul-2026 | Next follow-up: NA",Scraping Algo ( IT services ),Scraped
337067686646,Ultrafly Solutions,2026-07-28 05:30:00,2026-07-28,Tue,5,,System note,Script Shared,Ishpreet Sood,6.512,232,[Pipeline Tracker migration — 2026-07-28] Sheet stage: On Hold · ON HOLD Category: Private Codebase Priority: Medium Remarks: Delayed in running the script; Not picking up phone call Last update: 21-Jul-2026 | Next follow-up: 27-Jul,Private Codebase Tracker sheet ( IT services ),Scraped
337281021633,Cloudberry,2026-07-28 05:30:00,2026-07-28,Tue,5,,System note,Script Shared,Ishpreet Sood,6.507,396,"[Pipeline Tracker migration — 2026-07-28] Sheet stage: Script Shared Category: Private Codebase Priority: Medium Remarks: Cloudberry Founder has another company with 4 code bases. He will share those only after we finalise on Cloudberry Codebases. Cloudberry has 2 with a bad PR:LoC ratio, (pre training) Did not pick up the call/message on 27/07 Last update: 27-Jul-2026 | Next follow-up: 29-Jul",Scraping Algo ( IT services ),Scraped
337281021677,Zensar,2026-07-28 05:30:00,2026-07-28,Tue,5,,System note,Interested,Ishpreet Sood,6.499,304,"[Pipeline Tracker migration — 2026-07-28] Sheet stage: Initial Talk Category: Private Codebase Priority: Medium Remarks: Asked ashish reachout once, will reachout again on 29/07 Status (23 Jul): tried calling, no response, he is intouch with Ashish on WA Last update: 27-Jul-2026 | Next follow-up: 29-Jul",Scraping Algo ( IT services ),Scraped
337281021677,Zensar,2026-08-18 12:50:34,2026-08-18,Tue,12,Ishpreet Sood,Other,Script Shared,Ishpreet Sood,27.805,49,chase him this week or else drop him. hard to get,Scraping Algo ( IT services ),Scraped
337474614006,Innovellent Technologies Pvt. Ltd.,2026-07-22 15:05:07,2026-07-22,Wed,15,Shreyas Boosnoor,Other,Dead - Wrong Fit,Yash Wani,0.053,17,10 people company,Scraping Algo ( IT services ),Scraped
337476431557,Eternal HighTech,2026-07-22 16:55:20,2026-07-22,Wed,16,Shreyas Boosnoor,Other,Cold Call,Shreyas Boosnoor,0.133,17,13 people company,Scraping Algo ( IT services ),Scraped
337478216408,Gird technologies,2026-07-23 15:42:42,2026-07-23,Thu,15,Yash Wani,Bad number,Call Attempted (retired),Yash Wani,1.081,68,"call didnt go through, number mentioned is wrong. Sent him an email.",Scraping Algo ( IT services ),Scraped
337478216408,Gird technologies,2026-08-18 15:47:43,2026-08-18,Tue,15,,Bad number,Cold Call,Yash Wani,27.085,147,Wrong number corrected via Wiza enrichment. Old: +919011912332 (dead). New: +918149173777 for Rohit chinchole. Moved back to Cold Call for re-dial.,Scraping Algo ( IT services ),Scraped
337478216408,Gird technologies,2026-08-19 17:57:41,2026-08-19,Wed,17,Yuktha Anand,No pickup,No Pickup,Yuktha Anand,28.175,11,No response,Scraping Algo ( IT services ),Scraped
337491828432,91social,2026-07-22 16:19:10,2026-07-22,Wed,16,Yash Wani,Other,Call Attempted (retired),Yash Wani,0.114,48,"call didnt go through to sunil, call back again.",Scraping Algo ( IT services ),Scraped
337491831538,Gunadhya Software Solutions,2026-07-22 16:46:18,2026-07-22,Wed,16,Shreyas Boosnoor,Other,Dead - Wrong Fit,Shreyas Boosnoor,0.125,17,25 people company,Scraping Algo ( IT services ),Scraped
337497326279,Business Marketing Solution,2026-07-22 18:34:15,2026-07-22,Wed,18,Shreyas Boosnoor,Other,Dead - Wrong Fit,Shreyas Boosnoor,0.206,27,spoc and comapny dont match,Scraping Algo ( IT services ),Scraped
337497326322,Creant Technologies Private Limited,2026-07-22 18:22:18,2026-07-22,Wed,18,Shreyas Boosnoor,Interested,Interested,Shreyas Boosnoor,0.196,101,"interested , but they work with PSU so worried about legality asked to follow up on tuesday 28th July",Scraping Algo ( IT services ),Scraped
337497326322,Creant Technologies Private Limited,2026-07-29 16:58:59,2026-07-29,Wed,16,Shreyas Boosnoor,Other,Interested,Shreyas Boosnoor,7.138,101,asked to drop a mail as they are still figuring legal issues. he will revert back when it is possible,Scraping Algo ( IT services ),Scraped
337506221804,CodeGama,2026-07-22 17:43:00,2026-07-22,Wed,17,Yash Wani,Other,Call Attempted (retired),Yash Wani,0.169,109,"Reached out to Vithya, she has asked me to follow up tomorrow, and send an email in the meantime. Email sent.",Scraping Algo ( IT services ),Scraped
337506223862,Fibonalabs,2026-07-22 17:19:16,2026-07-22,Wed,17,Shreyas Boosnoor,Other,Cold Call,Shreyas Boosnoor,0.149,17,15 member company,Scraping Algo ( IT services ),Scraped
337508034297,Euphoric Thought Technologies,2026-07-23 11:48:54,2026-07-23,Thu,11,Yash Wani,Other,Cold Call,Yash Wani,0.92,21,call didnt go through,Scraping Algo ( IT services ),Scraped
337508034297,Euphoric Thought Technologies,2026-07-23 15:21:37,2026-07-23,Thu,15,Yash Wani,Chase sent,Call Attempted (retired),Yash Wani,1.068,64,"called twice, didnt go through. Sentwhatsapp text and cold email",Scraping Algo ( IT services ),Scraped
337508034297,Euphoric Thought Technologies,2026-07-23 15:22:38,2026-07-23,Thu,15,Yash Wani,No pickup,Call Attempted (retired),Yash Wani,1.068,58,"called twice, didnt pick up, sent whatsapp and cold email.",Scraping Algo ( IT services ),Scraped
337524844277,cloudmantra,2026-07-22 17:36:50,2026-07-22,Wed,17,Shreyas Boosnoor,Other,Dead - Wrong Fit,Shreyas Boosnoor,0.165,17,16 people company,Scraping Algo ( IT services ),Scraped
337524844278,Codingmart Technologies Private Limited,2026-07-23 16:17:16,2026-07-23,Thu,16,Yash Wani,Other,Call Attempted (retired),Yash Wani,1.109,43,"call didnt go through, call again on Monday",Scraping Algo ( IT services ),Scraped
337524845249,Digiapt Software Technologies Pvt Ltd,2026-07-23 16:11:39,2026-07-23,Thu,16,Yash Wani,Other,Call Attempted (retired),Yash Wani,1.104,63,"call didnt go through, dropped an email - call again on Monday.",Scraping Algo ( IT services ),Scraped
337539255995,Alphalogic Techsys Limited,2026-07-23 11:18:09,2026-07-23,Thu,11,Shreyas Boosnoor,Other,Cold Call,Shreyas Boosnoor,0.905,17,11 people company,Scraping Algo ( IT services ),Scraped
337539255995,Alphalogic Techsys Limited,2026-07-27 14:51:26,2026-07-27,Mon,14,Shreyas Boosnoor,Other,Dead/ColdCall/WrongFit,Shreyas Boosnoor,5.053,17,11 people company,Scraping Algo ( IT services ),Scraped
337557537472,Angular Minds,2026-07-22 16:36:17,2026-07-22,Wed,16,Yash Wani,Other,Call Attempted (retired),Yash Wani,0.125,18,call abhijit again,Scraping Algo ( IT services ),Scraped
337557537472,Angular Minds,2026-07-22 18:17:31,2026-07-22,Wed,18,Yash Wani,Chase sent,Call Attempted (retired),Yash Wani,0.196,34,sent an email and whatsapp to him.,Scraping Algo ( IT services ),Scraped
337557539548,DATAMATO,2026-07-22 18:11:46,2026-07-22,Wed,18,Shreyas Boosnoor,Bad number,Dead - No Response,Shreyas Boosnoor,0.188,42,sudeep no. out of service other foreign no,Scraping Algo ( IT services ),Scraped
337559331563,CognitiveClouds,2026-07-22 18:19:50,2026-07-22,Wed,18,Shreyas Boosnoor,Other,Cold Call,Shreyas Boosnoor,0.194,1,.,Scraping Algo ( IT services ),Scraped
337559331563,CognitiveClouds,2026-07-22 18:46:24,2026-07-22,Wed,18,Shreyas Boosnoor,Chase sent,Call Attempted (retired),Shreyas Boosnoor,0.213,53,"client clled back interested , sent mail and whatsapp",Scraping Algo ( IT services ),Scraped
337559331563,CognitiveClouds,2026-07-29 16:55:06,2026-07-29,Wed,16,Shreyas Boosnoor,No pickup,Interested,Shreyas Boosnoor,7.135,22,calll done no response,Scraping Algo ( IT services ),Scraped
337561116383,Aneka Labs Private Limited,2026-07-23 11:41:03,2026-07-23,Thu,11,Shreyas Boosnoor,Other,Cold Call,Shreyas Boosnoor,0.921,17,19 people company,Scraping Algo ( IT services ),Scraped
337561117431,Exaltare Technologies Pvt Ltd,2026-07-23 16:00:41,2026-07-23,Thu,16,Yash Wani,Callback booked,Call Attempted (retired),Yash Wani,1.095,103,"He was not sure if he can use codebases from client work, to check and get back. Follow up in two days.",Scraping Algo ( IT services ),Scraped
337562917610,Celestiq Datatech Pvt. Ltd,2026-07-23 16:28:55,2026-07-23,Thu,16,Yash Wani,Not interested,Dead/ColdCall/Not Interested,Yash Wani,1.118,72,"Spoke with Vikas, not interested, their codes are owned by BFSI clients.",Scraping Algo ( IT services ),Scraped
337562918594,Codetentacles Technologies,2026-07-22 17:37:43,2026-07-22,Wed,17,Shreyas Boosnoor,Other,Dead - No Response,Shreyas Boosnoor,0.165,18,not enough details,Scraping Algo ( IT services ),Scraped
337562919659,Creware Technologies Pvt,2026-07-23 15:37:30,2026-07-23,Thu,15,Yash Wani,Other,Call Attempted (retired),Yash Wani,1.081,43,"call attempted to GR Soni, didnt go through",Scraping Algo ( IT services ),Scraped
337562921677,iB Arts Pvt. Ltd.,2026-07-23 14:44:36,2026-07-23,Thu,14,Shreyas Boosnoor,Chase sent,Call Attempted (retired),Shreyas Boosnoor,1.039,102,sneta mail and and whatsapp both Sourav and his partner Chandan sourav@ibarts.co and chandan@ibarts.co,Scraping Algo ( IT services ),Scraped
337562921677,iB Arts Pvt. Ltd.,2026-07-29 17:10:44,2026-07-29,Wed,17,Shreyas Boosnoor,No pickup,Interested,Shreyas Boosnoor,7.141,18,called no repsonse,Scraping Algo ( IT services ),Scraped
337566524095,Gloify,2026-07-27 12:29:05,2026-07-27,Mon,12,Ishpreet Sood,Chase sent,Script Shared,Ishpreet Sood,4.947,80,"WA group created, script shared. Will run script on 28/07, BLR it firm, hot lead",Scraping Algo ( IT services ),Scraped
337566524095,Gloify,2026-07-28 05:30:00,2026-07-28,Tue,5,,System note,Script Shared,Ishpreet Sood,5.656,203,[Pipeline Tracker migration — 2026-07-28] Sheet stage: Script Shared Category: Private Code Base Priority: High Remarks: Check back on script result on 29 Jul Last update: 28-Jul | Next follow-up: 29 Jul,Scraping Algo ( IT services ),Scraped
337566527186,Imversion Technologies,2026-07-22 15:45:19,2026-07-22,Wed,15,Yash Wani,Other,Dead - Wrong Fit,Yash Wani,0.081,17,only 12 employees,Scraping Algo ( IT services ),Scraped
337570136779,Fastcurve,2026-07-22 16:11:26,2026-07-22,Wed,16,Yash Wani,Other,Call Attempted (retired),Yash Wani,0.102,24,call Ankit at 6pm today.,Scraping Algo ( IT services ),Scraped
337571931867,DigiQAL Technologies,2026-07-22 18:05:41,2026-07-22,Wed,18,Shreyas Boosnoor,Other,Dead - Wrong Fit,Shreyas Boosnoor,0.183,10,1 employee,Scraping Algo ( IT services ),Scraped
337571931896,GSA Techworld,2026-07-23 17:39:48,2026-07-23,Thu,17,Yash Wani,Other,Call Attempted (retired),Yash Wani,1.162,34,"sent an email, follow up on Monday",Scraping Algo ( IT services ),Scraped
337577161436,iAssure International Technologies Pvt. Ltd,2026-07-22 16:03:21,2026-07-22,Wed,16,Yash Wani,Bad number,Call Attempted (retired),Yash Wani,0.094,72,"Ashish Naik - wrong number, Asheesh Dixit is not related to the company.",Scraping Algo ( IT services ),Scraped
337577163504,Incentius,2026-07-22 16:17:48,2026-07-22,Wed,16,Shreyas Boosnoor,Not interested,Dead - Rejected,Shreyas Boosnoor,0.104,14,not interested,Scraping Algo ( IT services ),Scraped
337580198589,Arieotech,2026-07-22 16:48:40,2026-07-22,Wed,16,Yash Wani,Not interested,Dead - Rejected,Yash Wani,0.134,156,"Had call with Vasant, he mentioned that all IPs are owned by clients and they donot have codebases of any benched projects. Not interested in pursuing this.",Scraping Algo ( IT services ),Scraped
337580202684,Ekfrazo Technologies Private Limited,2026-07-22 17:11:44,2026-07-22,Wed,17,Shreyas Boosnoor,Bad number,Dead - Wrong Fit,Shreyas Boosnoor,0.145,33,Nitesh - wrong no sree foreign no,Scraping Algo ( IT services ),Scraped
337580202696,external experts,2026-07-22 17:02:02,2026-07-22,Wed,17,Shreyas Boosnoor,Other,Dead - No Response,Shreyas Boosnoor,0.137,15,foreign company,Scraping Algo ( IT services ),Scraped
337580202721,Helveticans,2026-07-22 16:37:35,2026-07-22,Wed,16,Shreyas Boosnoor,Other,Dead - Wrong Fit,Shreyas Boosnoor,0.119,20,2024 started company,Scraping Algo ( IT services ),Scraped
337589163710,Edhaas digisoft,2026-07-22 17:09:26,2026-07-22,Wed,17,Shreyas Boosnoor,Other,Dead - Wrong Fit,Shreyas Boosnoor,0.143,10,6 employee,Scraping Algo ( IT services ),Scraped
337592759001,Hexa Solutions,2026-07-22 16:36:46,2026-07-22,Wed,16,Shreyas Boosnoor,Other,Dead - Wrong Fit,Yash Wani,0.118,20,2025 started company,Scraping Algo ( IT services ),Scraped
337592762070,Inceptive Technologies,2026-07-22 15:41:22,2026-07-22,Wed,15,Yash Wani,Other,Cold Call,Yash Wani,0.078,20,call back in morning,Scraping Algo ( IT services ),Scraped
337592762075,Indglobal Digital,2026-07-22 15:35:15,2026-07-22,Wed,15,Yash Wani,Other,Call Attempted (retired),Yash Wani,0.074,9,call back,Scraping Algo ( IT services ),Scraped
337594569457,GigLabz Private Limited,2026-07-22 17:06:04,2026-07-22,Wed,17,Shreyas Boosnoor,Other,Dead - Wrong Fit,Shreyas Boosnoor,0.139,27,less than 25 people company,Scraping Algo ( IT services ),Scraped
337612384967,Evenion Technologies,2026-07-29 17:10:02,2026-07-29,Wed,17,Shreyas Boosnoor,No pickup,Interested,Shreyas Boosnoor,7.143,18,called no response,Scraping Algo ( IT services ),Scraped
337612384978,Gentraf,2026-07-22 17:21:25,2026-07-22,Wed,17,Shreyas Boosnoor,Other,Dead - Wrong Fit,Shreyas Boosnoor,0.15,17,11 member company,Scraping Algo ( IT services ),Scraped
337614161604,Cybersapient,2026-07-23 16:50:50,2026-07-23,Thu,16,Yash Wani,Chase sent,Call Attempted (retired),Yash Wani,1.132,85,"Spoke with Nijin, he has asked for company credentials. Have sent email and whatsapp.",Scraping Algo ( IT services ),Scraped
337633848034,Bpointer Technologies,2026-07-23 13:06:15,2026-07-23,Thu,13,Yash Wani,Other,Call Attempted (retired),Yash Wani,0.978,41,"call didnt go through to Ketki, call back",Scraping Algo ( IT services ),Scraped
337635637994,Associative,2026-07-23 11:13:34,2026-07-23,Thu,11,Shreyas Boosnoor,Other,Cold Call,Shreyas Boosnoor,0.901,20,wrong fit 1 employee,Scraping Algo ( IT services ),Scraped
337635637994,Associative,2026-07-27 14:51:58,2026-07-27,Mon,14,Shreyas Boosnoor,Other,Dead/ColdCall/WrongFit,Shreyas Boosnoor,5.052,16,1 person company,Scraping Algo ( IT services ),Scraped
337635638002,Canarys,2026-07-22 17:52:05,2026-07-22,Wed,17,Shreyas Boosnoor,Other,Call Attempted (retired),Shreyas Boosnoor,0.176,92,Raghu sent me his technical member to call Sudheer - 9066053335 sudheer.chandra@ecanarys.com,Scraping Algo ( IT services ),Scraped
337635638002,Canarys,2026-07-23 15:52:32,2026-07-23,Thu,15,Shreyas Boosnoor,Chase sent,Call Attempted (retired),Shreyas Boosnoor,1.093,71,Sudheer - 9066053335 sudheer.chandra@ecanarys.com sent message and mail,Scraping Algo ( IT services ),Scraped
337635638002,Canarys,2026-08-04 11:25:56,2026-08-04,Tue,11,Shreyas Boosnoor,No pickup,Dead/ColdCall/WrongFit,Shreyas Boosnoor,12.908,21,call done no resposne,Scraping Algo ( IT services ),Scraped
337635638975,Cloute Technologies Pvt Ltd,2026-07-23 16:31:19,2026-07-23,Thu,16,Yash Wani,No pickup,Call Attempted (retired),Yash Wani,1.119,38,"number switched off, reattempt calling",Scraping Algo ( IT services ),Scraped
337635643082,Guruteck Solutions LLP,2026-07-22 16:45:16,2026-07-22,Wed,16,Shreyas Boosnoor,Other,Dead - Wrong Fit,Yash Wani,0.124,16,8 people company,Scraping Algo ( IT services ),Scraped
337635644090,Ideafloats Technologies,2026-07-22 15:49:04,2026-07-22,Wed,15,Yash Wani,Other,Dead - Wrong Fit,Yash Wani,0.084,17,only 10 employees,Scraping Algo ( IT services ),Scraped
337637432044,Infoskaters Technologies Pvt. Ltd.,2026-07-22 15:41:19,2026-07-22,Wed,15,Shreyas Boosnoor,Bad number,Call Attempted (retired),Shreyas Boosnoor,0.078,12,wrong number,Scraping Algo ( IT services ),Scraped
337637432044,Infoskaters Technologies Pvt. Ltd.,2026-08-18 15:47:47,2026-08-18,Tue,15,,Bad number,Cold Call,Shreyas Boosnoor,27.082,144,Wrong number corrected via Wiza enrichment. Old: +918026645500 (dead). New: +919742077749 for Manoj Telang. Moved back to Cold Call for re-dial.,Scraping Algo ( IT services ),Scraped
337637432044,Infoskaters Technologies Pvt. Ltd.,2026-08-19 16:05:31,2026-08-19,Wed,16,Lamiya Saleem,Bad number,Cold Call,Lamiya Saleem,28.095,39,"wrong number, even the one through wiza",Scraping Algo ( IT services ),Scraped
337639224039,Hexanovate,2026-07-22 16:28:52,2026-07-22,Wed,16,Shreyas Boosnoor,Other,Dead - Wrong Fit,Shreyas Boosnoor,0.112,17,20 people company,Scraping Algo ( IT services ),Scraped
337689906935,Kasetti Technologies,2026-07-27 11:39:20,2026-07-27,Mon,11,Shreyas Boosnoor,Bad number,Dead/GMeet/wrong fit,Shreyas Boosnoor,3.837,12,wrong number,Scraping Algo ( IT services ),Scraped
337691767541,Plexusbit Software,2026-07-23 18:42:05,2026-07-23,Thu,18,Shreyas Boosnoor,Other,Dead/GMeet/wrong fit,Shreyas Boosnoor,0.13,17,10 member company,Scraping Algo ( IT services ),Scraped
337697129159,Mindpool Technologies,2026-07-27 12:08:18,2026-07-27,Mon,12,Shreyas Boosnoor,Other,Cold Call,Shreyas Boosnoor,3.9,12,2024 company,Scraping Algo ( IT services ),Scraped
337697150683,Risva,2026-07-23 18:00:06,2026-07-23,Thu,18,Shreyas Boosnoor,Other,Dead/ColdCall/WrongFit,Shreyas Boosnoor,0.1,16,5 people company,Scraping Algo ( IT services ),Scraped
337700696798,Mobicloud Technologies Pvt Ltd,2026-07-27 12:05:25,2026-07-27,Mon,12,Shreyas Boosnoor,Other,Dead/ColdCall/WrongFit,Shreyas Boosnoor,3.898,17,23 people company,Scraping Algo ( IT services ),Scraped
337704022772,Mantra Labs,2026-07-27 13:34:23,2026-07-27,Mon,13,Shreyas Boosnoor,Bad number,Dead/ColdCall/WrongFit,Shreyas Boosnoor,3.96,8,wrong no,Scraping Algo ( IT services ),Scraped
337709446872,Jireh Software Solutions,2026-07-27 14:46:21,2026-07-27,Mon,14,Shreyas Boosnoor,Bad number,Dead/ColdCall/WrongFit,Shreyas Boosnoor,4.011,8,wrong no,Scraping Algo ( IT services ),Scraped
337739491031,Prescient Technologies Pvt Ltd,2026-07-23 18:29:41,2026-07-23,Thu,18,Shreyas Boosnoor,Bad number,Dead/ColdCall/WrongFit,Shreyas Boosnoor,0.122,9,wrong no.,Scraping Algo ( IT services ),Scraped
337739491034,QED42,2026-07-28 12:11:13,2026-07-28,Tue,12,Shreyas Boosnoor,No pickup,Call Attempted (retired),Shreyas Boosnoor,4.859,29,2 nd call attempt no resposne,Scraping Algo ( IT services ),Scraped
337775018722,Mechsoft Digital Technologies Pvt Ltd,2026-07-27 13:23:44,2026-07-27,Mon,13,Shreyas Boosnoor,Chase sent,Interested,Shreyas Boosnoor,3.953,22,sent mail and whatsapp,Scraping Algo ( IT services ),Scraped
337775018722,Mechsoft Digital Technologies Pvt Ltd,2026-07-29 17:13:46,2026-07-29,Wed,17,Shreyas Boosnoor,Interested,Interested,Shreyas Boosnoor,6.113,97,he is interested but will contact me when its possible when they have dormant codebase to license,Scraping Algo ( IT services ),Scraped
337775019727,Nakshatra Namaha Creations,2026-07-27 11:54:26,2026-07-27,Mon,11,Shreyas Boosnoor,Other,Dead/ColdCall/WrongFit,Shreyas Boosnoor,3.89,17,11 people company,Scraping Algo ( IT services ),Scraped
337786036947,KIBA Labs,2026-07-27 14:43:45,2026-07-27,Mon,14,Shreyas Boosnoor,Other,Dead/ColdCall/WrongFit,Shreyas Boosnoor,4.009,21,single person company,Scraping Algo ( IT services ),Scraped
337786039018,Netfotech Solutions,2026-07-27 11:51:45,2026-07-27,Mon,11,Shreyas Boosnoor,Bad number,Dead/GMeet/wrong fit,Shreyas Boosnoor,3.888,12,wrong number,Scraping Algo ( IT services ),Scraped
337795278522,Rede Consulting Services,2026-07-23 18:12:27,2026-07-23,Thu,18,Shreyas Boosnoor,Other,Cold Call,Shreyas Boosnoor,0.109,17,24 people company,Scraping Algo ( IT services ),Scraped
337800358630,Sidhyati Technology Solutions Private Limited,2026-07-23 16:52:54,2026-07-23,Thu,16,Shreyas Boosnoor,Other,Dead/GMeet/wrong fit,Shreyas Boosnoor,0.053,17,22 people company,Scraping Algo ( IT services ),Scraped
337802224375,Rorko,2026-07-23 17:44:46,2026-07-23,Thu,17,Shreyas Boosnoor,Bad number,Dead/ColdCall/WrongFit,Shreyas Boosnoor,0.089,12,wrong number,Scraping Algo ( IT services ),Scraped
337802224377,Rupstech Pvt. Ltd,2026-07-23 17:37:24,2026-07-23,Thu,17,Shreyas Boosnoor,Other,Dead/GMeet/wrong fit,Shreyas Boosnoor,0.084,16,4 people company,Scraping Algo ( IT services ),Scraped
337804739308,Santeware Healthcare Solutions,2026-07-23 17:07:38,2026-07-23,Thu,17,Shreyas Boosnoor,Other,Dead/ColdCall/WrongFit,Shreyas Boosnoor,0.063,17,22 people company,Scraping Algo ( IT services ),Scraped
337806502608,MetroMindz Software Pvt Ltd,2026-07-27 12:08:56,2026-07-27,Mon,12,Shreyas Boosnoor,Other,Dead/ColdCall/WrongFit,Shreyas Boosnoor,3.901,17,26 people company,Scraping Algo ( IT services ),Scraped
337806520040,RailsCarma,2026-07-23 18:19:42,2026-07-23,Thu,18,Shreyas Boosnoor,Other,Dead/GMeet/wrong fit,Shreyas Boosnoor,0.114,29,different company and founder,Scraping Algo ( IT services ),Scraped
337808148182,Kanix InfoTech,2026-07-27 14:44:59,2026-07-27,Mon,14,Shreyas Boosnoor,Bad number,Dead/ColdCall/WrongFit,Shreyas Boosnoor,4.01,8,wrong no,Scraping Algo ( IT services ),Scraped
337808148200,Levon Techno Solutions Pvt Ltd,2026-07-27 13:56:39,2026-07-27,Mon,13,Shreyas Boosnoor,Other,Dead/ColdCall/WrongFit,Shreyas Boosnoor,3.976,19,less people company,Scraping Algo ( IT services ),Scraped
337811733234,Mars Web Solution,2026-07-27 13:47:39,2026-07-27,Mon,13,Shreyas Boosnoor,Chase sent,Interested,Shreyas Boosnoor,3.97,22,sent mail and whatsapp,Scraping Algo ( IT services ),Scraped
337811733234,Mars Web Solution,2026-07-29 17:11:10,2026-07-29,Wed,17,Shreyas Boosnoor,No pickup,Interested,Shreyas Boosnoor,6.111,18,called no repsonse,Scraping Algo ( IT services ),Scraped
337811733234,Mars Web Solution,2026-08-04 12:46:08,2026-08-04,Tue,12,Shreyas Boosnoor,No pickup,Interested,Shreyas Boosnoor,11.927,18,called no repsonse,Scraping Algo ( IT services ),Scraped
337811734234,Movinnza,2026-07-27 11:59:17,2026-07-27,Mon,11,Shreyas Boosnoor,Other,Dead/ColdCall/WrongFit,Shreyas Boosnoor,3.893,17,11 people company,Scraping Algo ( IT services ),Scraped
337813507812,Lollypop Design,2026-07-27 13:36:32,2026-07-27,Mon,13,Shreyas Boosnoor,Bad number,Dead/ColdCall/WrongFit,Shreyas Boosnoor,3.962,18,no does not exists,Scraping Algo ( IT services ),Scraped
337818912480,Samniya Digital Pvt. Ltd.,2026-08-18 12:45:27,2026-08-18,Tue,12,Ishpreet Sood,Other,Dead/ColdCall/WrongFit,Shreyas Boosnoor,25.881,55,"Bad code quality, also work for aviation/defense sector",Scraping Algo ( IT services ),Scraped
337822660311,Moshi Moshi,2026-07-27 12:04:19,2026-07-27,Mon,12,Shreyas Boosnoor,Not interested,Interested,Shreyas Boosnoor,3.897,85,"he doesnt have any dormant codebase and not interested , but asked me to send a mail.",Scraping Algo ( IT services ),Scraped
337822680764,Reach C Onmark Pvt Ltd,2026-07-23 18:13:22,2026-07-23,Thu,18,Shreyas Boosnoor,Other,Dead/GMeet/wrong fit,Shreyas Boosnoor,0.11,16,2 people company,Scraping Algo ( IT services ),Scraped
337822680792,Shivrai technologies,2026-07-23 17:25:39,2026-07-23,Thu,17,Shreyas Boosnoor,Chase sent,Interested,Shreyas Boosnoor,0.075,22,mail and whatsapp sent,Scraping Algo ( IT services ),Scraped
337822680792,Shivrai technologies,2026-07-28 11:51:40,2026-07-28,Tue,11,Shreyas Boosnoor,Other,Call Attempted (retired),Shreyas Boosnoor,4.843,19,call attempt 3 done,Scraping Algo ( IT services ),Scraped
337824163543,REGO Techno Solutions,2026-07-23 18:11:42,2026-07-23,Thu,18,Shreyas Boosnoor,Other,Dead/GMeet/wrong fit,Shreyas Boosnoor,0.108,16,9 people company,Scraping Algo ( IT services ),Scraped
337825876677,Macincode Technologies Private Limited,2026-07-27 13:35:14,2026-07-27,Mon,13,Shreyas Boosnoor,Other,Dead/ColdCall/WrongFit,Shreyas Boosnoor,3.961,16,6 people company,Scraping Algo ( IT services ),Scraped
337831092952,Poscig Technologies,2026-07-23 18:37:11,2026-07-23,Thu,18,Shreyas Boosnoor,Other,Cold Call,Shreyas Boosnoor,0.127,26,17 member and 2024 company,Scraping Algo ( IT services ),Scraped
337832926920,Qwickbit Technologies,2026-07-23 18:20:34,2026-07-23,Thu,18,Shreyas Boosnoor,Other,Dead/ColdCall/WrongFit,Shreyas Boosnoor,0.115,17,12 people company,Scraping Algo ( IT services ),Scraped
337838245621,Relish Development Solutions,2026-07-23 18:11:00,2026-07-23,Thu,18,Shreyas Boosnoor,Other,Dead/GMeet/wrong fit,Shreyas Boosnoor,0.108,16,6 member company,Scraping Algo ( IT services ),Scraped
337843589838,Sarathi,2026-07-23 17:06:52,2026-07-23,Thu,17,Shreyas Boosnoor,Other,Dead/ColdCall/WrongFit,Shreyas Boosnoor,0.063,16,6 people company,Scraping Algo ( IT services ),Scraped
337854325453,Montek Services,2026-07-27 12:04:54,2026-07-27,Mon,12,Shreyas Boosnoor,Other,Dead/ColdCall/WrongFit,Shreyas Boosnoor,3.898,15,foreign company,Scraping Algo ( IT services ),Scraped
337900960483,Krishworks Technology Innovations,2026-07-27 14:43:02,2026-07-27,Mon,14,Shreyas Boosnoor,Other,Dead/ColdCall/WrongFit,Shreyas Boosnoor,4.009,17,20 people company,Scraping Algo ( IT services ),Scraped
337900961503,Mistral Solutions,2026-07-27 12:19:16,2026-07-27,Mon,12,Shreyas Boosnoor,Chase sent,Interested,Shreyas Boosnoor,3.908,22,sent mail and whatsapp,Scraping Algo ( IT services ),Scraped
337900961503,Mistral Solutions,2026-07-29 17:16:36,2026-07-29,Wed,17,Shreyas Boosnoor,Other,Interested,Shreyas Boosnoor,6.114,106,"he has forwdead the mail to person to take care of this, will reply back to us when they decide to proceed",Scraping Algo ( IT services ),Scraped
338193453810,Make Me A Sticker (Alan),2026-07-27 12:09:06,2026-07-27,Mon,12,Shobit Gupta,Other,Commercial Negotiation,Ashish Ranjan,0.003,60,"Intro done by Mailmodo founder, need to setup call with Alan",,Campaign
338570428118,Mobibeans Solution Pvt Ltd.,2026-07-27 14:58:23,2026-07-27,Mon,14,Yash Wani,Interested,GMeet Fixed,Yash Wani,0.001,39,"He is interested, call tomorrow to ask.",Tracxn Sheet ( Startups ),Scraped
338570428118,Mobibeans Solution Pvt Ltd.,2026-07-28 05:30:00,2026-07-28,Tue,5,,System note,GMeet Fixed,Yash Wani,0.606,216,"[Pipeline Tracker migration — 2026-07-28] Sheet stage: Initial Talk Category: Private Code Base Priority: High Remarks: Called him, he said he will revert in few days Last update: 28-Jul-2026 | Next follow-up: 29-Jul",Tracxn Sheet ( Startups ),Scraped
338884120310,Automatrix Innovation,2026-07-28 17:19:12,2026-07-28,Tue,17,Shreyas Boosnoor,Chase sent,Interested,Shreyas Boosnoor,0.2,13,SENT whatsapp,Scraping Algo ( IT services ),Scraped
338884120310,Automatrix Innovation,2026-07-29 17:25:19,2026-07-29,Wed,17,Shreyas Boosnoor,No pickup,Interested,Shreyas Boosnoor,1.204,21,call done no resposne,Scraping Algo ( IT services ),Scraped
338884120310,Automatrix Innovation,2026-08-04 11:23:19,2026-08-04,Tue,11,Shreyas Boosnoor,No pickup,Interested,Shreyas Boosnoor,6.953,21,call done no resposne,Scraping Algo ( IT services ),Scraped
338894972629,Dotcom IoT,2026-07-28 14:01:22,2026-07-28,Tue,14,Shreyas Boosnoor,Callback booked,Cold Call,Shreyas Boosnoor,0.06,39,asked to call this no. 9033533754 - CTO,Scraping Algo ( IT services ),Scraped
338895317724,Bloom CS,2026-07-28 05:30:00,2026-07-28,Tue,5,,System note,,Shobit Gupta,-0.376,313,"[Pipeline Tracker migration — 2026-07-28] Sheet stage: Initial Talk Category: Private Codebase Priority: Medium Remarks: First VC done last week, shared the script over email. Called him today but no response. Dropped a WA text. Status (23 Jul): dropped a WA text Last update: 27-Jul-2026 | Next follow-up: 29-Jul",Scraping Algo ( IT services ),Scraped
338898554581,Cognine,2026-07-31 17:05:38,2026-07-31,Fri,17,Shreyas Boosnoor,Other,Dead/ColdCall/WrongFit,Shreyas Boosnoor,3.189,10,foreign no,Scraping Algo ( IT services ),Scraped
338898921193,Crio.Do,2026-07-28 05:30:00,2026-07-28,Tue,5,,System note,,Ashish Ranjan,-0.376,221,[Pipeline Tracker migration — 2026-07-28] Sheet stage: Script Output Received Category: Private Codebase Priority: High Remarks: - Received sample repo and script response Last update: 23-Jul-2026 | Next follow-up: 27-Jul,Tracxn Sheet ( Startups ),Scraped
338898921193,Crio.Do,2026-08-04 19:03:10,2026-08-04,Tue,19,Shobit Gupta,Other,Dead/GMeet/wrong fit,Ashish Ranjan,7.189,19,Move to company ops,Tracxn Sheet ( Startups ),Scraped
338898922197,Tech Web,2026-07-28 05:30:00,2026-07-28,Tue,5,,System note,,Ishpreet Sood,-0.377,206,[Pipeline Tracker migration — 2026-07-28] Sheet stage: Script Shared Category: Private Code Base Priority: Low Remarks: Setup a call withh harshpal to run script Last update: 28-Jul | Next follow-up: 29 Jul,Scraping Algo ( IT services ),Scraped
338903934670,AIS Pvt Ltd,2026-08-12 16:08:40,2026-08-12,Wed,16,Lamiya Saleem,Not interested,Dead/ColdCall/Not Interested,Lamiya Saleem,15.151,14,not interested,Scraping Algo ( IT services ),Scraped
338917073602,Ennovations Techserv,2026-07-28 13:29:16,2026-07-28,Tue,13,Shreyas Boosnoor,Callback booked,Interested,Shreyas Boosnoor,0.037,29,ASKED TO CALL TMRW post lunch,Scraping Algo ( IT services ),Scraped
338917073602,Ennovations Techserv,2026-07-29 17:41:00,2026-07-29,Wed,17,Shreyas Boosnoor,No pickup,Interested,Shreyas Boosnoor,1.212,18,called no repsonse,Scraping Algo ( IT services ),Scraped
338917325528,Skill Lync,2026-07-28 05:30:00,2026-07-28,Tue,5,,System note,,Ashish Ranjan,-0.376,246,[Pipeline Tracker migration — 2026-07-28] Sheet stage: Script Output Received Category: Private Codebase Priority: High Remarks: - Received sample repo and script response only for the sample repo Last update: 23-Jul-2026 | Next follow-up: 27-Jul,Tracxn Sheet ( Startups ),Scraped
338917325528,Skill Lync,2026-08-04 19:03:24,2026-08-04,Tue,19,Shobit Gupta,Other,Dead/GMeet/wrong fit,Ashish Ranjan,7.189,19,Move to Company Ops,Tracxn Sheet ( Startups ),Scraped
338927907572,Bitstek Consulting,2026-07-28 16:42:12,2026-07-28,Tue,16,Shreyas Boosnoor,Other,Cold Call,Shreyas Boosnoor,0.174,16,9 people compnay,Scraping Algo ( IT services ),Scraped
338927933141,Emorphis Technologies,2026-07-28 13:41:37,2026-07-28,Tue,13,Shreyas Boosnoor,Chase sent,Call Attempted (retired),Shreyas Boosnoor,0.045,25,asked to send WA and mail,Scraping Algo ( IT services ),Scraped
338927933141,Emorphis Technologies,2026-07-29 17:51:58,2026-07-29,Wed,17,Shreyas Boosnoor,No pickup,Interested,Shreyas Boosnoor,1.219,62,"called no response, called back mail sent abhinav@emorphis.com",Scraping Algo ( IT services ),Scraped
338927933141,Emorphis Technologies,2026-08-04 12:56:14,2026-08-04,Tue,12,Shreyas Boosnoor,Chase sent,Interested,Shreyas Boosnoor,7.014,88,asked me to send a mail again to abhinav@emorphis.com / abhinav.shrivastava@emorphis.com,Scraping Algo ( IT services ),Scraped
338951581406,Catalyst Media Integrated LLP,2026-07-31 17:17:58,2026-07-31,Fri,17,Shreyas Boosnoor,Bad number,Dead/ColdCall/WrongFit,Shreyas Boosnoor,3.198,8,wrong no,Scraping Algo ( IT services ),Scraped
338955384547,Serpent Consulting 2,2026-07-28 05:30:00,2026-07-28,Tue,5,,System note,,Shobit Gupta,-0.375,394,"[Pipeline Tracker migration — 2026-07-28] Sheet stage: Script Output Received Category: Private Codebase Priority: High Remarks: Pitched $2k for NETLINKSAF_projects_summary; this project was by his subsidary company, might not accept $2k, he'll come back with how much they want Last update: 27-Jul-2026 | Next follow-up: 27-Jul (Phase-2 deal — sibling of the phase-1 deal of the same company.)",Scraping Algo ( IT services ),Scraped
338955384547,Serpent Consulting 2,2026-07-30 19:45:17,2026-07-30,Thu,19,Shobit Gupta,Other,Commercial Negotiation,Shobit Gupta,2.219,64,Husen to setup call with his partners and do the pitch for $5.5K,Scraping Algo ( IT services ),Scraped
338956974781,DMCS INDIA PRIVATE LIMITED,2026-07-28 15:29:24,2026-07-28,Tue,15,Shreyas Boosnoor,Other,Dead/ColdCall/WrongFit,Shreyas Boosnoor,0.121,16,1 person company,Scraping Algo ( IT services ),Scraped
338957218500,Religent Systems,2026-07-28 05:30:00,2026-07-28,Tue,5,,System note,,Shobit Gupta,-0.375,216,[Pipeline Tracker migration — 2026-07-28] Sheet stage: Initial Talk Category: Private Codebase Priority: Medium Remarks: Awaiting client's response for script sharing Last update: 23-Jul-2026 | Next follow-up: 27-Jul,Private Codebase Tracker sheet ( IT services ),Scraped
338957218501,Doomshell,2026-07-28 05:30:00,2026-07-28,Tue,5,,System note,,Shobit Gupta,-0.375,241,"[Pipeline Tracker migration — 2026-07-28] Sheet stage: Initial Talk Category: Private Codebase Priority: Medium Remarks: Script shared, call setup at 12 on 28/07 Status (23 Jul): meeting tomm Last update: 27-Jul-2026 | Next follow-up: 28-Jul",Private Codebase Tracker sheet ( IT services ),Scraped
338957219532,Alan (YC US connect),2026-07-28 05:30:00,2026-07-28,Tue,5,,System note,,Shobit Gupta,-0.376,215,[Pipeline Tracker migration — 2026-07-28] Sheet stage: Initial Talk Category: Private Code Base Priority: High Remarks: - Mail shared with Alan requesting Gmeet call Last update: 23-Jul-2026 | Next follow-up: 27-Jul,Scraping Algo ( IT services ),Scraped
338958803681,DeoTech Solutions,2026-07-28 15:54:38,2026-07-28,Tue,15,Shreyas Boosnoor,Other,Dead/ColdCall/WrongFit,Shreyas Boosnoor,0.139,10,freelancer,Scraping Algo ( IT services ),Scraped
338959140579,Techweirdo 2,2026-07-28 05:30:00,2026-07-28,Tue,5,,System note,,Shobit Gupta,-0.375,268,"[Pipeline Tracker migration — 2026-07-28] Sheet stage: Initial Talk Category: Private Codebase Priority: High Remarks: - We have already acquired 15 projects from tech Weirdo, next phase of acquisition is in talks Last update: 23-Jul-2026 | Next follow-up: 27-Jul-2026",Scraping Algo ( IT services ),Scraped
338964149981,Dreams Technologies,2026-07-28 15:27:34,2026-07-28,Tue,15,Shreyas Boosnoor,Other,Dead/ColdCall/WrongFit,Shreyas Boosnoor,0.119,15,not an IT firmm,Scraping Algo ( IT services ),Scraped
338965988037,Spine Software Systems Pvt Ltd,2026-07-28 12:40:45,2026-07-28,Tue,12,Shreyas Boosnoor,Chase sent,Interested,Shreyas Boosnoor,0.002,38,"7087002998 called company no., sent WA",Scraping Algo ( IT services ),Scraped
338965988037,Spine Software Systems Pvt Ltd,2026-07-29 17:48:44,2026-07-29,Wed,17,Shreyas Boosnoor,No pickup,Interested,Shreyas Boosnoor,1.216,18,called no response,Scraping Algo ( IT services ),Scraped
338981937884,Beno Support Technologies Pvt. Ltd,2026-08-14 17:40:32,2026-08-14,Fri,17,Yuktha Anand,No pickup,Cold Call,Yuktha Anand,17.214,11,No response,Scraping Algo ( IT services ),Scraped
338982203121,Codevian Technologies,2026-07-28 05:30:00,2026-07-28,Tue,5,,System note,,Ishpreet Sood,-0.375,190,[Pipeline Tracker migration — 2026-07-28] Sheet stage: Dropped Category: Private Codebase Priority: Medium Remarks: has nothing to share now Last update: 21-Jul-2026 | Next follow-up: 27-Jul,Private Codebase Tracker sheet ( IT services ),Scraped
338982204094,Encureit,2026-07-28 05:30:00,2026-07-28,Tue,5,,System note,,Shobit Gupta,-0.376,245,[Pipeline Tracker migration — 2026-07-28] Sheet stage: Initial Talk Category: Private Codebase Priority: Medium Remarks: Awaiting client's response for script sharing Status (23 Jul): unreachable Last update: 27-Jul-2026 | Next follow-up: 29-Jul,Private Codebase Tracker sheet ( IT services ),Scraped
338982204094,Encureit,2026-08-07 12:29:27,2026-08-07,Fri,12,Lamiya Saleem,No pickup,Script Shared,Lamiya Saleem,9.916,15,Did not pick up,Private Codebase Tracker sheet ( IT services ),Scraped
338982204094,Encureit,2026-08-12 15:55:54,2026-08-12,Wed,15,Yuktha Anand,Callback booked,Script Shared,Lamiya Saleem,15.059,72,Mentioned will get back next week as he was caught up with personal work,Private Codebase Tracker sheet ( IT services ),Scraped
338983776971,Expedite Software Services,2026-07-28 13:09:18,2026-07-28,Tue,13,Shreyas Boosnoor,Other,Dead/ColdCall/WrongFit,Shreyas Boosnoor,0.023,17,26 people company,Scraping Algo ( IT services ),Scraped
338984128188,QualeInfoTech,2026-07-28 05:30:00,2026-07-28,Tue,5,,System note,,Shobit Gupta,-0.376,241,"[Pipeline Tracker migration — 2026-07-28] Sheet stage: Script Shared Category: Private Code Base Priority: High Remarks: - Shared NDA, Licensing agreement draft and script, they are reveiwing Last update: 27-Jul-2026 | Next follow-up: 28-Jul",Scraping Algo ( IT services ),Scraped
338984128188,QualeInfoTech,2026-07-28 20:30:25,2026-07-28,Tue,20,Shobit Gupta,Other,Script Shared,Shobit Gupta,0.249,330,"They don't use Git, they use TFS by Microsoft, i've asked to share these data points manually for now and then we sort out data validation post commercials are finalised - Project Name No. of Repos under this Project Total Lines of Code Total Pull Requests Total Commits Languages No. of Contributors in the Project Project Period",Scraping Algo ( IT services ),Scraped
338985559774,eWandzDigital,2026-07-28 13:34:27,2026-07-28,Tue,13,Shreyas Boosnoor,Other,Dead/ColdCall/Not Interested,Shreyas Boosnoor,0.04,114,they will reach out if any dormant codebase or dormant company data also ig the person is in US so no normal calls,Scraping Algo ( IT services ),Scraped
338985560822,Flyers Soft Private Limited,2026-07-28 13:14:13,2026-07-28,Tue,13,Shreyas Boosnoor,Chase sent,Call Attempted (retired),Shreyas Boosnoor,0.026,16,snet mail and wa,Scraping Algo ( IT services ),Scraped
338985560822,Flyers Soft Private Limited,2026-07-29 17:46:02,2026-07-29,Wed,17,Shreyas Boosnoor,Chase sent,Interested,Shreyas Boosnoor,1.215,16,sent mail and wa,Scraping Algo ( IT services ),Scraped
338985803485,FabLead,2026-07-28 05:30:00,2026-07-28,Tue,5,,System note,,Ishpreet Sood,-0.377,206,[Pipeline Tracker migration — 2026-07-28] Sheet stage: Script Shared Category: Private Code Base Priority: High Remarks: schedule a meet with harshpal for script Last update: 28-Jul | Next follow-up: 29 Jul,Scraping Algo ( IT services ),Scraped
338985803486,Tensor Thoughts,2026-07-28 05:30:00,2026-07-28,Tue,5,,System note,,Ishpreet Sood,-0.377,193,[Pipeline Tracker migration — 2026-07-28] Sheet stage: Script Shared Category: Private Code Base Priority: Low Remarks: check if they ran the script Last update: 28-Jul | Next follow-up: 29 Jul,Scraping Algo ( IT services ),Scraped
339009522411,BANDI INFORMATICS PVT. LTD.,2026-08-06 18:07:36,2026-08-06,Thu,18,Lamiya Saleem,Disqualified,Dead/ColdCall/WrongFit,Lamiya Saleem,9.233,15,still operating,Scraping Algo ( IT services ),Scraped
339009526511,Byteridge,2026-07-28 16:59:24,2026-07-28,Tue,16,Shreyas Boosnoor,Other,Dead/ColdCall/WrongFit,Shreyas Boosnoor,0.185,27,company based in california,Scraping Algo ( IT services ),Scraped
339009552062,Finacus Solutions,2026-07-28 13:08:20,2026-07-28,Tue,13,Shreyas Boosnoor,Bad number,Cold Call,Shreyas Boosnoor,0.022,13,both wrong no,Scraping Algo ( IT services ),Scraped
339016734436,ArYuPay Technologies,2026-08-06 18:09:17,2026-08-06,Thu,18,Lamiya Saleem,Disqualified,Cold Call,Lamiya Saleem,9.235,42,still operating. previous company non tech,Scraping Algo ( IT services ),Scraped
339017083583,Brilworks Software,2026-07-28 05:30:00,2026-07-28,Tue,5,,System note,,Shobit Gupta,-0.374,259,"[Pipeline Tracker migration — 2026-07-28] Sheet stage: Dropped Category: Private Code Base Priority: Low Remarks: Dropped the deal, possibly a scam Wanted payment before transfering anything and sounded very fishy Last update: 10-Jul-2026 | Next follow-up: NA",Private Codebase Tracker sheet ( IT services ),Scraped
339018465985,Specbee,2026-07-28 17:11:54,2026-07-28,Tue,17,Shreyas Boosnoor,Other,Dead/ColdCall/WrongFit,Shreyas Boosnoor,0.196,93,"US company, and spoc pri is just part time there| spoc 2 is ceo and there is no no.plus in US",Scraping Algo ( IT services ),Scraped
339018478308,Crescentek,2026-07-28 16:16:35,2026-07-28,Tue,16,Shreyas Boosnoor,Other,Call Attempted (retired),Shreyas Boosnoor,0.154,34,9836900840 rajesh bajaj by Pavitra,Scraping Algo ( IT services ),Scraped
339018484413,DreamzTech Solutions Inc.,2026-07-28 13:53:13,2026-07-28,Tue,13,Shreyas Boosnoor,Other,Dead/ColdCall/WrongFit,Shreyas Boosnoor,0.054,15,foreign country,Scraping Algo ( IT services ),Scraped
339020301018,Bharat Software Solutions,2026-07-30 11:16:39,2026-07-30,Thu,11,Shreyas Boosnoor,Other,Dead/ColdCall/WrongFit,Shreyas Boosnoor,1.948,18,NO company profile,Scraping Algo ( IT services ),Scraped
339020313313,DataCrops Software Pvt. Ltd.,2026-07-28 16:12:40,2026-07-28,Tue,16,Shreyas Boosnoor,Other,Cold Call,Shreyas Boosnoor,0.151,17,13 people company,Scraping Algo ( IT services ),Scraped
339022101182,Ark Newtech,2026-08-06 17:54:30,2026-08-06,Thu,17,Yuktha Anand,Not interested,Dead/ColdCall/Not Interested,Yuktha Anand,9.225,14,Not interested,Scraping Algo ( IT services ),Scraped
339022103235,Atharva System,2026-08-06 17:57:12,2026-08-06,Thu,17,Yuktha Anand,Callback booked,Interested,Yuktha Anand,9.226,52,"Is busy now, asked to call back at 11:30 AM tomorrow",Scraping Algo ( IT services ),Scraped
339022103235,Atharva System,2026-08-07 11:48:43,2026-08-07,Fri,11,Yuktha Anand,No pickup,Interested,Yuktha Anand,9.97,24,"Called back, no response",Scraping Algo ( IT services ),Scraped
339022103235,Atharva System,2026-08-12 13:01:32,2026-08-12,Wed,13,Yuktha Anand,No pickup,No Pickup,Yuktha Anand,15.021,11,No response,Scraping Algo ( IT services ),Scraped
339022363383,WebCodeGenie,2026-07-28 05:30:00,2026-07-28,Tue,5,,System note,,Shobit Gupta,-0.376,208,[Pipeline Tracker migration — 2026-07-28] Sheet stage: Agreement Shared Category: Private Code Base Priority: High Remarks: Acquired 3 projects for $2100 Last update: 27-Jul-2026 | Next follow-up: 28-Jul-2026,Scraping Algo ( IT services ),Scraped
339023869657,Codenomad,2026-07-31 17:07:32,2026-07-31,Fri,17,Shreyas Boosnoor,Bad number,Dead/ColdCall/WrongFit,Shreyas Boosnoor,3.19,8,wrong no,Scraping Algo ( IT services ),Scraped
339023884018,Futiq Technologies Pvt. Ltd.,2026-07-28 13:04:25,2026-07-28,Tue,13,Shreyas Boosnoor,Other,Dead/ColdCall/WrongFit,Shreyas Boosnoor,0.019,16,out ofservice no,Scraping Algo ( IT services ),Scraped
339024151284,QuadB Tech,2026-07-28 05:30:00,2026-07-28,Tue,5,,System note,,Shobit Gupta,-0.376,292,"[Pipeline Tracker migration — 2026-07-28] Sheet stage: Script Output Received Category: Private Code Base Priority: High Remarks: Script output recieved, poor PRs. asked to share more projects with better metircs Status (23 Jul): meeting tomm Last update: 27-Jul-2026 | Next follow-up: 28-Jul",Scraping Algo ( IT services ),Scraped
339168867007,Enaviya,2026-07-28 05:30:00,2026-07-28,Tue,5,,System note,,Shobit Gupta,-0.375,334,[Pipeline Tracker migration — 2026-07-28] Sheet stage: Dropped Category: Private Codebase Priority: Low Remarks: Upneet decided not to pursue the account on the immediate deal as the script outcome was rejected. Shobit Gupta and Harshpalsingh Chauhan were told not to visit the office Last update: 23-Jul-2026 | Next follow-up: 27-Jul,Scraping Algo ( IT services ),Scraped
339170388712,Blobstation,2026-07-31 17:26:59,2026-07-31,Fri,17,Shreyas Boosnoor,Bad number,Dead/ColdCall/WrongFit,Shreyas Boosnoor,3.205,8,wrong no,Scraping Algo ( IT services ),Scraped
339172032217,Devolyt,2026-07-28 15:30:36,2026-07-28,Tue,15,Shreyas Boosnoor,Other,Dead/ColdCall/WrongFit,Shreyas Boosnoor,0.122,17,12 people company,Scraping Algo ( IT services ),Scraped
339175586529,Sun Plus Software Technologies,2026-07-28 16:48:21,2026-07-28,Tue,16,Shreyas Boosnoor,Callback booked,Interested,Shreyas Boosnoor,0.179,48,will call back later until then wa and mail sent,Scraping Algo ( IT services ),Scraped
339175586529,Sun Plus Software Technologies,2026-08-04 12:47:54,2026-08-04,Tue,12,Shreyas Boosnoor,No pickup,Interested,Shreyas Boosnoor,7.012,21,call done no response,Scraping Algo ( IT services ),Scraped
339175623390,Fullestop,2026-07-28 13:05:43,2026-07-28,Tue,13,Shreyas Boosnoor,Bad number,Dead/ColdCall/WrongFit,Shreyas Boosnoor,0.02,8,wrong no,Scraping Algo ( IT services ),Scraped
339175954123,Schrout Software,2026-07-28 05:30:00,2026-07-28,Tue,5,,System note,,Ishpreet Sood,-0.374,229,"[Pipeline Tracker migration — 2026-07-28] Sheet stage: On Hold · ON HOLD Category: Private Codebase Priority: Low Remarks: Cataloguing, asking $3000 we offered $500 for 3 projects Last update: 11-Jul-2026 | Next follow-up: 10-Aug",Scraping Algo ( IT services ),Scraped
339175954123,Schrout Software,2026-07-30 19:45:44,2026-07-30,Thu,19,Shobit Gupta,Other,Commercial Negotiation,Ishpreet Sood,2.22,55,We can't proceed here unless we get zip files from them,Scraping Algo ( IT services ),Scraped
339175954154,Backspace Technologies 2,2026-07-28 05:30:00,2026-07-28,Tue,5,,System note,,Ishpreet Sood,-0.375,284,[Pipeline Tracker migration — 2026-07-28] Sheet stage: Script Shared Category: Private Codebase Priority: High Remarks: Has 5-6 more projects that he wants to sell Last update: 27-Jul-2026 | Next follow-up: 28-Jul-2026 (Phase-2 deal — sibling of the phase-1 deal of the same company.),Scraping Algo ( IT services ),Scraped
339179410111,Codeground,2026-07-28 05:30:00,2026-07-28,Tue,5,,System note,,Shobit Gupta,-0.375,222,[Pipeline Tracker migration — 2026-07-28] Sheet stage: Script Shared Category: Private Codebase Priority: Medium Remarks: Awaiting client's response for script sharing Last update: 21-Jul-2026 | Next follow-up: 28-Jul-2026,Tracxn Sheet ( Startups ),Scraped
339179410111,Codeground,2026-07-31 13:10:00,2026-07-31,Fri,13,Shobit Gupta,Other,Script Shared,Shobit Gupta,2.944,62,Will run the script on weekend and share result by Monday 3/08,Tracxn Sheet ( Startups ),Scraped
339188326100,Puneet Tandon,2026-07-28 05:30:00,2026-07-28,Tue,5,,Other,,Yash Wani,-0.586,98,[OutFlo Outreach — India] Connection: Unknown | Reply: Not Contacted Sender account: ishpreet sood,Outflo Outreach ( Startups ),Campaign
339190596334,Aditya Dwivedi,2026-07-28 05:30:00,2026-07-28,Tue,5,,Callback booked,,Yash Wani,-1.28,269,"[OutFlo Outreach — India] Connection: Connected | Reply: Replied Request sent: 2026-07-23 05:04 Accepted: 2026-07-23 08:27 Replied: 2026-07-24 05:29 Reply: ""Hi Shobit Apologies I couldn’t get back to you, should we connect on the weekend? "" Sender account: Shobit Gupta",Outflo Outreach ( Startups ),Campaign
339190596334,Aditya Dwivedi,2026-08-05 13:00:19,2026-08-05,Wed,13,Yuktha Anand,Vetted - in,Interested,Yuktha Anand,7.032,8,Relevant,Outflo Outreach ( Startups ),Campaign
339190596334,Aditya Dwivedi,2026-08-05 14:46:18,2026-08-05,Wed,14,Yuktha Anand,Callback booked,Call Attempted (retired),Yuktha Anand,7.106,57,Asked to call post 4 to finalise call timing for tomorrow,Outflo Outreach ( Startups ),Campaign
339190596334,Aditya Dwivedi,2026-08-06 16:31:42,2026-08-06,Thu,16,Yuktha Anand,Callback booked,Interested,Yuktha Anand,8.179,40,Getting back with time slots in one hour,Outflo Outreach ( Startups ),Campaign
339190596334,Aditya Dwivedi,2026-08-07 14:31:13,2026-08-07,Fri,14,Yuktha Anand,No pickup,Interested,Yuktha Anand,9.095,11,No response,Outflo Outreach ( Startups ),Campaign
339190596334,Aditya Dwivedi,2026-08-17 15:11:39,2026-08-17,Mon,15,Yuktha Anand,No pickup,Dead/ColdCall/Not Interested,Yuktha Anand,19.123,49,No response and not very relevant as per Linkedin,Outflo Outreach ( Startups ),Campaign
339191216868,Future Profilez Pvt Ltd.,2026-07-30 12:26:34,2026-07-30,Thu,12,Shreyas Boosnoor,Other,Cold Call,Shreyas Boosnoor,0.018,17,post 2025 company,Scraping Algo ( IT services ),Scraped
339191218895,Xponents,2026-08-06 18:15:38,2026-08-06,Thu,18,Lamiya Saleem,Disqualified,Dead/ColdCall/WrongFit,Lamiya Saleem,7.254,13,not a founder,Tracxn Sheet ( Startups ),Scraped
339191431894,BHARAT SYNC TECHNOLOGIES (P) LTD,2026-07-31 13:57:28,2026-07-31,Fri,13,Shreyas Boosnoor,Bad number,Dead/ColdCall/WrongFit,Shreyas Boosnoor,0.991,8,wrong no,Scraping Algo ( IT services ),Scraped
339191432899,Celexsa Technologies Private Limited,2026-07-30 17:14:16,2026-07-30,Thu,17,Shreyas Boosnoor,Chase sent,Call Attempted (retired),Shreyas Boosnoor,0.126,7,sent wa,Scraping Algo ( IT services ),Scraped
339191432899,Celexsa Technologies Private Limited,2026-08-04 13:23:59,2026-08-04,Tue,13,Shreyas Boosnoor,No pickup,Interested,Shreyas Boosnoor,4.966,18,called no response,Scraping Algo ( IT services ),Scraped
339191434981,LightSpeedAI Labs,2026-08-06 17:40:45,2026-08-06,Thu,17,Lamiya Saleem,Disqualified,Dead/ColdCall/WrongFit,Lamiya Saleem,7.138,15,Still operating,Tracxn Sheet ( Startups ),Scraped
339191434983,FrontPage,2026-08-06 17:34:57,2026-08-06,Thu,17,Lamiya Saleem,Disqualified,Dead/ColdCall/WrongFit,Lamiya Saleem,7.134,27,said does not have codebase,Tracxn Sheet ( Startups ),Scraped
339191470808,TMRW House of Brands,2026-08-05 13:38:25,2026-08-05,Wed,13,Lamiya Saleem,Vetted - in,Cold Call,Lamiya Saleem,5.875,13,Relevant lead,Outflo Outreach ( Startups ),Campaign
339194240718,Mahendravijay ♌,2026-07-28 05:30:00,2026-07-28,Tue,5,,Disqualified,,Yash Wani,-1.27,258,"[OutFlo Outreach — India] Connection: Connected | Reply: Replied Request sent: 2026-07-24 07:39 Accepted: 2026-07-24 08:21 Replied: 2026-07-24 08:21 Reply: ""Hi Ashish, how can I help you?"" Sender account: Ashish Ranjan Sheet status: Dead Remarks: No codebase",Outflo Outreach ( Startups ),Campaign
339201402599,Somesh Chaturvedi,2026-07-28 05:30:00,2026-07-28,Tue,5,,Meeting fixed,,Yash Wani,-1.257,280,"[OutFlo Outreach — India] Connection: Connected | Reply: Replied Request sent: 2026-07-27 07:32 Accepted: 2026-07-27 08:16 Replied: 2026-07-28 09:49 Reply: ""hey hey Ashish, I do have a dead repo. Let me book a time. thanks!"" Sender account: Ashish Ranjan Sheet status: GMeet fixed",Outflo Outreach ( Startups ),Campaign
339202035424,Ecovia,2026-08-14 17:39:23,2026-08-14,Fri,17,Yuktha Anand,Other,Dead/ColdCall/WrongFit,Yuktha Anand,15.229,9,Wrong fit,Tracxn Sheet ( Startups ),Scraped
339202035437,BigPhi,2026-08-13 17:40:32,2026-08-13,Thu,17,Yuktha Anand,Other,Dead/ColdCall/WrongFit,Yuktha Anand,14.229,9,Wrong fit,Tracxn Sheet ( Startups ),Scraped
339202215653,Freestone Infotech Pvt Ltd,2026-07-30 16:31:27,2026-07-30,Thu,16,Shreyas Boosnoor,Bad number,Dead/ColdCall/WrongFit,Shreyas Boosnoor,0.096,8,wrong no,Scraping Algo ( IT services ),Scraped
339202217687,ClanConnect,2026-08-03 16:14:02,2026-08-03,Mon,16,Ishpreet Sood,Disqualified,Cold Call,Ishpreet Sood,4.077,14,active company,Tracxn Sheet ( Startups ),Scraped
339202217695,Theremin,2026-08-13 12:20:20,2026-08-13,Thu,12,Yuktha Anand,Chase sent,Interested,Yuktha Anand,13.914,24,Asked to send WA message,Tracxn Sheet ( Startups ),Scraped
339202217695,Theremin,2026-08-17 18:44:02,2026-08-17,Mon,18,Yuktha Anand,No pickup,Interested,Yuktha Anand,18.18,43,"Cross-called no response, sent WA follow up",Tracxn Sheet ( Startups ),Scraped
339202217695,Theremin,2026-08-18 16:03:25,2026-08-18,Tue,16,Yuktha Anand,Not interested,Dead/ColdCall/Not Interested,Yuktha Anand,19.069,14,not interested,Tracxn Sheet ( Startups ),Scraped
339202217696,Stupa Sports Analytics,2026-08-06 16:27:17,2026-08-06,Thu,16,Lamiya Saleem,Vetted - out,Dead/ColdCall/WrongFit,Lamiya Saleem,7.085,27,Irrelevant. Still operating,Tracxn Sheet ( Startups ),Scraped
339202252536,TE Connectivity,2026-08-06 12:25:20,2026-08-06,Thu,12,Lamiya Saleem,Vetted - in,Cold Call,Lamiya Saleem,6.814,8,Relevant,Outflo Outreach ( Startups ),Campaign
339202252536,TE Connectivity,2026-08-06 14:23:53,2026-08-06,Thu,14,Lamiya Saleem,Interested,GMeet Fixed,Lamiya Saleem,6.896,38,Interested. Currently travelling (SG).,Outflo Outreach ( Startups ),Campaign
339202252536,TE Connectivity,2026-08-18 10:41:39,2026-08-18,Tue,10,Lamiya Saleem,Other,GMeet Fixed,Lamiya Saleem,18.742,35,"no show, and also not that relevant",Outflo Outreach ( Startups ),Campaign
339213523673,Sharat Kaul,2026-07-28 05:30:00,2026-07-28,Tue,5,,No pickup,,Yash Wani,-0.583,211,[OutFlo Outreach — India] Connection: Connected | Reply: Awaiting Reply Request sent: 2026-07-24 04:53 Accepted: 2026-07-24 10:21 Sender account: Shobit Gupta Sheet status: Call attempted Remarks: did not pickup,Outflo Outreach ( Startups ),Campaign
339217119936,Scaletech,2026-07-28 05:30:00,2026-07-28,Tue,5,,System note,,Ishpreet Sood,-0.573,223,"[Pipeline Tracker migration — 2026-07-28] Sheet stage: Script Shared Category: Private Code Base Priority: High Remarks: Script shared on 28th, he will run it in a day and revert Last update: 28-Jul | Next follow-up: 29 Jul",Scraping Algo ( IT services ),Scraped
339217119936,Scaletech,2026-07-29 12:05:49,2026-07-29,Wed,12,Ishpreet Sood,Other,Script Shared,Ishpreet Sood,0.702,77,"has 300 repos, running in batches, will get the output by today evening 29/07",Scraping Algo ( IT services ),Scraped
339218923252,Mukesh Alex,2026-07-28 05:30:00,2026-07-28,Tue,5,,Other,,Yash Wani,-0.583,258,"[OutFlo Outreach — India] Connection: Connected | Reply: Replied Request sent: 2026-07-27 06:50 Accepted: 2026-07-27 07:31 Replied: 2026-07-27 07:31 Reply: ""Hey, Ashish"" Sender account: Ashish Ranjan Sheet status: Dead Remarks: Sold source code while exiting",Outflo Outreach ( Startups ),Campaign
339218926293,Ali Moizuddin,2026-07-28 05:30:00,2026-07-28,Tue,5,,Other,,Yash Wani,-0.585,268,"[OutFlo Outreach — India] Connection: Connected | Reply: Replied Request sent: 2026-07-27 04:52 Accepted: 2026-07-27 10:17 Replied: 2026-07-27 10:17 Reply: ""Hi Shobit, how can I help you?"" Sender account: Shobit Gupta Sheet status: Dead Remarks: Not a relevant profile",Outflo Outreach ( Startups ),Campaign
339219461829,Vaibhav Tayal,2026-07-28 05:30:00,2026-07-28,Tue,5,,Meeting fixed,,Yash Wani,-1.273,373,"[OutFlo Outreach — India] Connection: Connected | Reply: Replied Request sent: 2026-07-22 09:38 Accepted: 2026-07-28 08:11 Replied: 2026-07-28 08:11 Reply: ""Hey Ashish, nice to meet you curious to know the use case here, there would be tons of domant public codebases. Why acquire?"" Sender account: Ashish Ranjan Sheet status: GMeet fixed Remarks: Gmeet fixed for Thursday,",Outflo Outreach ( Startups ),Campaign
339219461829,Vaibhav Tayal,2026-07-30 11:24:48,2026-07-30,Thu,11,Yash Wani,Other,Script Shared,Yash Wani,0.973,55,"script shared on 30th, he said he will revert by Monday",Outflo Outreach ( Startups ),Campaign
339219461829,Vaibhav Tayal,2026-08-10 12:22:42,2026-08-10,Mon,12,Shobit Gupta,Other,Script Shared,Yash Wani,12.013,48,"Lead was engaged by Yash, Ishpreet to call again",Outflo Outreach ( Startups ),Campaign
339219974890,eQuest Solutions,2026-07-30 12:36:59,2026-07-30,Thu,12,Shreyas Boosnoor,Chase sent,Cold Call,Shreyas Boosnoor,0.025,60,asked to drop a mail to info@equestsolutions.net and sent WA,Scraping Algo ( IT services ),Scraped
339219976923,Vah Vah,2026-08-13 17:51:38,2026-08-13,Thu,17,Yuktha Anand,Callback booked,Cold Call,Yuktha Anand,14.237,115,"Shared script Has codebases and maintained PR Needs to check if they still have the data on Git, will get back soon",Tracxn Sheet ( Startups ),Scraped
339220185819,Knoewit | The AI Unpacked,2026-08-06 12:27:43,2026-08-06,Thu,12,Yuktha Anand,Vetted - in,Cold Call,Yuktha Anand,6.815,8,Relevant,Outflo Outreach ( Startups ),Campaign
339220185819,Knoewit | The AI Unpacked,2026-08-06 15:07:13,2026-08-06,Thu,15,Yuktha Anand,Bad number,No Pickup,Yuktha Anand,6.926,25,Incoming call not allowed,Outflo Outreach ( Startups ),Campaign
339220726474,Akshay  Waghmare,2026-07-28 05:30:00,2026-07-28,Tue,5,,Other,,Yash Wani,-0.584,219,"[OutFlo Outreach — India] Connection: Connected | Reply: Replied Request sent: 2026-07-22 11:56 Accepted: 2026-07-22 13:26 Replied: 2026-07-23 05:14 Reply: ""Hello, Lets connect in evening "" Sender account: Ashish Ranjan",Outflo Outreach ( Startups ),Campaign
339220726474,Akshay  Waghmare,2026-08-05 12:47:11,2026-08-05,Wed,12,Lamiya Saleem,Vetted - in,Cold Call,Lamiya Saleem,7.72,13,Relevant lead,Outflo Outreach ( Startups ),Campaign
339220726474,Akshay  Waghmare,2026-08-07 17:40:06,2026-08-07,Fri,17,Lamiya Saleem,Callback booked,GMeet Fixed,Lamiya Saleem,9.923,23,Rescheduled the meeting,Outflo Outreach ( Startups ),Campaign
339220726474,Akshay  Waghmare,2026-08-10 18:08:07,2026-08-10,Mon,18,Lamiya Saleem,No pickup,GMeet Fixed,Lamiya Saleem,12.942,44,No show. Did not pick up. Sent a WA message.,Outflo Outreach ( Startups ),Campaign
339221185244,Shanky Munoth,2026-07-28 05:30:00,2026-07-28,Tue,5,,Disqualified,,Yash Wani,-1.277,230,"[OutFlo Outreach — India] Connection: Connected | Reply: Awaiting Reply Request sent: 2026-07-24 08:15 Accepted: 2026-07-24 10:45 Sender account: Shobit Gupta Sheet status: Dead Remarks: All Codebases are still active, can't share",Outflo Outreach ( Startups ),Campaign
339221921526,Fix Health,2026-08-13 17:20:27,2026-08-13,Thu,17,Yuktha Anand,Other,Cold Call,Yuktha Anand,14.124,9,Wrong fit,Tracxn Sheet ( Startups ),Scraped
339221959401,Amazon Web Services (AWS),2026-08-06 12:13:45,2026-08-06,Thu,12,Lamiya Saleem,Vetted - out,Cold Call,Lamiya Saleem,6.804,40,Irrelevant lead. Company still operating,Outflo Outreach ( Startups ),Campaign
339224810189,Shivendra Soni,2026-07-28 05:30:00,2026-07-28,Tue,5,,Other,,Yash Wani,-1.269,332,"[OutFlo Outreach — India] Connection: Connected | Reply: Replied Request sent: 2026-07-28 07:39 Accepted: 2026-07-28 07:45 Replied: 2026-07-28 07:45 Reply: ""Hi Shobhit, When you say you are aquiring pre-2024 codebases are you specifically talking about org level codebases or personal projects as well?"" Sender account: Shobit Gupta",Outflo Outreach ( Startups ),Campaign
339224810189,Shivendra Soni,2026-08-05 12:55:16,2026-08-05,Wed,12,Yuktha Anand,Vetted - in,Interested,Yuktha Anand,7.04,28,Relevant and semi-interested,Outflo Outreach ( Startups ),Campaign
339224810189,Shivendra Soni,2026-08-05 14:41:24,2026-08-05,Wed,14,Yuktha Anand,Bad number,Call Attempted (retired),Yuktha Anand,7.114,25,Incoming call not allowed,Outflo Outreach ( Startups ),Campaign
339224810189,Shivendra Soni,2026-08-18 15:47:08,2026-08-18,Tue,15,,Bad number,Cold Call,Yuktha Anand,20.16,146,Wrong number corrected via Wiza enrichment. Old: +918853265561 (dead). New: +919741240200 for Shivendra Soni. Moved back to Cold Call for re-dial.,Outflo Outreach ( Startups ),Campaign
339224810192,Vibhanshu Chhangani,2026-07-28 05:30:00,2026-07-28,Tue,5,,Other,,Yash Wani,-1.27,217,"[OutFlo Outreach — India] Connection: Connected | Reply: Replied Request sent: 2026-07-28 08:50 Accepted: 2026-07-28 09:06 Replied: 2026-07-28 09:06 Reply: ""And how much you pay for this?"" Sender account: Shobit Gupta",Outflo Outreach ( Startups ),Campaign
339224810192,Vibhanshu Chhangani,2026-08-05 12:41:23,2026-08-05,Wed,12,Lamiya Saleem,Vetted - in,Cold Call,Lamiya Saleem,7.03,13,Relevant lead,Outflo Outreach ( Startups ),Campaign
339224813242,Rahul N.,2026-07-28 05:30:00,2026-07-28,Tue,5,,Other,,Yash Wani,-1.28,99,[OutFlo Outreach — India] Connection: Unknown | Reply: Not Contacted Sender account: Yash Choudhary,Outflo Outreach ( Startups ),Campaign
339224813242,Rahul N.,2026-07-29 17:13:36,2026-07-29,Wed,17,Yash Wani,Bad number,Call Attempted (retired),Yash Wani,0.209,36,number mentioned on apollo is wrong.,Outflo Outreach ( Startups ),Campaign
339226123998,Parth Verma,2026-07-28 05:30:00,2026-07-28,Tue,5,,Not interested,,Yash Wani,-0.584,300,"[OutFlo Outreach — India] Connection: Connected | Reply: Replied Request sent: 2026-07-24 10:18 Accepted: 2026-07-24 10:20 Replied: 2026-07-24 10:20 Reply: ""Hi Shobit, how can i help you"" Sender account: Shobit Gupta Sheet status: Dead Remarks: He asked details over whatsapp, replied not interested.",Outflo Outreach ( Startups ),Campaign
339226126045,Chandrachood Raveendran,2026-07-28 05:30:00,2026-07-28,Tue,5,,Other,,Yash Wani,-0.586,209,[OutFlo Outreach — India] Connection: Connected | Reply: Awaiting Reply Request sent: 2026-07-27 07:58 Accepted: 2026-07-27 08:37 Sender account: Shobit Gupta Sheet status: Dead Remarks: Not a relevant profile,Outflo Outreach ( Startups ),Campaign
339226579674,Ramprasad Subramanian,2026-07-28 05:30:00,2026-07-28,Tue,5,,No pickup,,Yash Wani,-1.269,211,[OutFlo Outreach — India] Connection: Connected | Reply: Awaiting Reply Request sent: 2026-07-23 10:53 Accepted: 2026-07-23 11:17 Sender account: Shobit Gupta Sheet status: Call attempted Remarks: did not pickup,Outflo Outreach ( Startups ),Campaign
339226579692,Gurmukh Singh Chauhan,2026-07-28 05:30:00,2026-07-28,Tue,5,,Other,,Yash Wani,-1.271,228,"[OutFlo Outreach — India] Connection: Connected | Reply: Awaiting Reply Request sent: 2026-07-24 10:25 Accepted: 2026-07-24 17:31 Sender account: Ashish Ranjan Sheet status: Call attempted Remarks: Didnt connect, Call back on 29",Outflo Outreach ( Startups ),Campaign
339227216616,The Woman's Company,2026-08-13 17:39:04,2026-08-13,Thu,17,Yuktha Anand,Other,Dead/ColdCall/WrongFit,Yuktha Anand,14.228,9,Wrong fit,Tracxn Sheet ( Startups ),Scraped
339227368122,CashBook,2026-08-13 17:37:52,2026-08-13,Thu,17,Yuktha Anand,Other,Dead/ColdCall/WrongFit,Yuktha Anand,14.138,9,Wrong fit,Tracxn Sheet ( Startups ),Scraped
339227409128,Agile Robots SE,2026-08-06 12:40:34,2026-08-06,Thu,12,Yuktha Anand,Vetted - in,Cold Call,Yuktha Anand,6.825,8,Relevant,Outflo Outreach ( Startups ),Campaign
339227409128,Agile Robots SE,2026-08-06 15:41:33,2026-08-06,Thu,15,Yuktha Anand,Callback booked,Interested,Yuktha Anand,6.951,35,"Busy, asked to call back at 5:00 PM",Outflo Outreach ( Startups ),Campaign
339227409128,Agile Robots SE,2026-08-06 17:36:57,2026-08-06,Thu,17,Yuktha Anand,No pickup,No Pickup,Yuktha Anand,7.031,11,No response,Outflo Outreach ( Startups ),Campaign
339227924172,Aditya Ganguli,2026-07-28 05:30:00,2026-07-28,Tue,5,,Other,,Yash Wani,-0.583,219,[OutFlo Outreach — India] Connection: Connected | Reply: Awaiting Reply Request sent: 2026-07-24 09:15 Accepted: 2026-07-24 10:52 Sender account: Ashish Ranjan Sheet status: Script shared Remarks: Script shared on 28-07,Outflo Outreach ( Startups ),Campaign
339227925211,Ayush Agarwal,2026-07-28 05:30:00,2026-07-28,Tue,5,,Other,,Yash Wani,-0.584,210,[OutFlo Outreach — India] Connection: Connected | Reply: Awaiting Reply Request sent: 2026-07-24 08:27 Accepted: 2026-07-26 13:48 Sender account: Ashish Ranjan Sheet status: Dead Remarks: Not a relevant profile,Outflo Outreach ( Startups ),Campaign
339228418757,Aadarsh Gupta,2026-07-28 05:30:00,2026-07-28,Tue,5,,Other,,Yash Wani,-1.269,126,[OutFlo Outreach — India] Connection: Unknown | Reply: Not Contacted Sender account: ishpreet sood Sheet status: Script shared,Outflo Outreach ( Startups ),Campaign
339228420825,Sriram Ravichandran,2026-07-28 05:30:00,2026-07-28,Tue,5,,Other,,Yash Wani,-1.279,184,[OutFlo Outreach — India] Connection: Request Sent | Reply: Not Contacted Request sent: 2026-07-27 08:23 Sender account: Shobit Gupta Sheet status: Dead Remarks: Not a relevant profile,Outflo Outreach ( Startups ),Campaign
339228420835,Apoorv Garg,2026-07-28 05:30:00,2026-07-28,Tue,5,,Other,,Yash Wani,-1.28,247,"[OutFlo Outreach — India] Connection: Connected | Reply: Awaiting Reply Request sent: 2026-07-27 07:57 Accepted: 2026-07-27 18:12 Sender account: Ashish Ranjan Sheet status: Dead Remarks: Startup acquired by current company, codebase not available",Outflo Outreach ( Startups ),Campaign
339229726406,Jerwin P.,2026-07-28 05:30:00,2026-07-28,Tue,5,,Other,,Yash Wani,-0.585,200,[OutFlo Outreach — India] Connection: Connected | Reply: Awaiting Reply Request sent: 2026-07-27 06:40 Accepted: 2026-07-27 06:56 Sender account: Ashish Ranjan Sheet status: Dead Remarks: Not relevant,Outflo Outreach ( Startups ),Campaign
339230203630,Vikas Singh,2026-07-28 05:30:00,2026-07-28,Tue,5,,Other,,Yash Wani,-1.274,229,"[OutFlo Outreach — India] Connection: Connected | Reply: Awaiting Reply Request sent: 2026-07-24 08:53 Accepted: 2026-07-26 01:23 Sender account: Shobit Gupta Sheet status: Call attempted Remarks: Didnt connect, Call back on 29th",Outflo Outreach ( Startups ),Campaign
339230788288,Bytes Technolab Inc.,2026-07-30 12:55:39,2026-07-30,Thu,12,Shreyas Boosnoor,Other,Cold Call,Shreyas Boosnoor,0.039,15,foreign company,Scraping Algo ( IT services ),Scraped
339230958282,Albertsons Companies India,2026-08-05 13:18:19,2026-08-05,Wed,13,Lamiya Saleem,Vetted - out,Cold Call,Lamiya Saleem,5.861,42,Irrelevant lead. Not interested in sharing,Outflo Outreach ( Startups ),Campaign
339233319624,Logicloom,2026-07-28 05:30:00,2026-07-28,Tue,5,,System note,,Ishpreet Sood,-0.573,223,"[Pipeline Tracker migration — 2026-07-28] Sheet stage: Script Shared Category: Private Code Base Priority: High Remarks: Script shared on 28th, he will run it in a day and revert Last update: 28-Jul | Next follow-up: 29 Jul",Scraping Algo ( IT services ),Scraped
339233319624,Logicloom,2026-07-29 16:22:44,2026-07-29,Wed,16,Ishpreet Sood,Other,Script Shared,Ishpreet Sood,0.881,174,"most code is post 2024, vibe coded and frontend so very less value. also other projects are on Microsoft AWS. Asking him to share the projects details on sheet for evaluation",Scraping Algo ( IT services ),Scraped
339233872578,Soumy Naman Srivastava,2026-07-28 05:30:00,2026-07-28,Tue,5,,Other,,Yash Wani,-1.272,158,[OutFlo Outreach — India] Connection: Connected | Reply: Awaiting Reply Request sent: 2026-07-22 12:05 Accepted: 2026-07-28 07:11 Sender account: Shobit Gupta,Outflo Outreach ( Startups ),Campaign
339233872578,Soumy Naman Srivastava,2026-07-29 14:17:50,2026-07-29,Wed,14,Yash Wani,Disqualified,Dead/ColdCall/WrongFit,Yash Wani,0.095,14,not a founder.,Outflo Outreach ( Startups ),Campaign
339233875673,Laxmikant Agarwal,2026-07-28 05:30:00,2026-07-28,Tue,5,,Other,,Yash Wani,-1.28,98,[OutFlo Outreach — India] Connection: Unknown | Reply: Not Contacted Sender account: ishpreet sood,Outflo Outreach ( Startups ),Campaign
339235124973,Mahesh Sonker,2026-07-28 05:30:00,2026-07-28,Tue,5,,Other,,Yash Wani,-0.582,228,"[OutFlo Outreach — India] Connection: Connected | Reply: Awaiting Reply Request sent: 2026-07-22 11:10 Accepted: 2026-07-22 11:54 Sender account: Shobit Gupta Sheet status: Interested Remarks: He's interested, call back tomorrow",Outflo Outreach ( Startups ),Campaign
339246336739,Sampath Varma Datla,2026-08-05 12:44:21,2026-08-05,Wed,12,Lamiya Saleem,Vetted - out,Dead/ColdCall/WrongFit,Lamiya Saleem,7.715,34,Irrelevant lead. Post 2024 founder,Outflo Outreach ( Startups ),Campaign
339252173555,Amit Kumar,2026-07-28 05:30:00,2026-07-28,Tue,5,,Other,,Yash Wani,-1.279,134,[OutFlo Outreach — India] Connection: Request Sent | Reply: Not Contacted Request sent: 2026-07-23 08:20 Sender account: Ashish Ranjan,Outflo Outreach ( Startups ),Campaign
339252174529,Kedar Swadi,2026-07-28 05:30:00,2026-07-28,Tue,5,,Other,,Yash Wani,-1.281,99,[OutFlo Outreach — India] Connection: Unknown | Reply: Not Contacted Sender account: Yash Choudhary,Outflo Outreach ( Startups ),Campaign
339252174529,Kedar Swadi,2026-07-29 14:28:58,2026-07-29,Wed,14,Yash Wani,Other,Call Attempted (retired),Yash Wani,0.094,9,call back,Outflo Outreach ( Startups ),Campaign
339253034732,Doosra,2026-08-13 12:10:38,2026-08-13,Thu,12,Yuktha Anand,Bad number,Dead/ColdCall/WrongNumber,Yuktha Anand,13.828,20,Number doesn't exist,Tracxn Sheet ( Startups ),Scraped
339253043947,Olyv,2026-08-06 12:45:57,2026-08-06,Thu,12,Lamiya Saleem,Vetted - in,Cold Call,Lamiya Saleem,6.829,69,Relevant lead. Said needs to check with others. So left a WA message.,Outflo Outreach ( Startups ),Campaign
339253044935,SS Enterprises,2026-08-06 12:14:40,2026-08-06,Thu,12,Yuktha Anand,Vetted - in,Cold Call,Yuktha Anand,6.805,8,Relevant,Outflo Outreach ( Startups ),Campaign
339253044935,SS Enterprises,2026-08-06 14:30:17,2026-08-06,Thu,14,Yuktha Anand,Script shared,Script Shared,Yuktha Anand,6.899,41,Shared script and calendly link over mail,Outflo Outreach ( Startups ),Campaign
339253044935,SS Enterprises,2026-08-10 13:19:01,2026-08-10,Mon,13,Yuktha Anand,No pickup,Script Shared,Yuktha Anand,10.85,69,"Called no response, followed up over WA to check if they are relevent",Outflo Outreach ( Startups ),Campaign
339258840794,Baselit,2026-08-06 16:32:50,2026-08-06,Thu,16,Lamiya Saleem,Disqualified,Dead/ColdCall/WrongFit,Lamiya Saleem,7.089,15,Still operating,Tracxn Sheet ( Startups ),Scraped
339261631215,Mayank Chawla,2026-07-28 05:30:00,2026-07-28,Tue,5,,Callback booked,,Yash Wani,-1.255,267,"[OutFlo Outreach — India] Connection: Connected | Reply: Awaiting Reply Request sent: 2026-07-24 09:49 Accepted: 2026-07-24 09:55 Sender account: Ashish Ranjan Sheet status: Interested Remarks: He has asked for 2 days time to check with his team, to call back on 30th",Outflo Outreach ( Startups ),Campaign
339261631215,Mayank Chawla,2026-08-10 12:25:24,2026-08-10,Mon,12,Shobit Gupta,Other,Script Shared,Yash Wani,12.033,48,"Lead was engaged by Yash, Ishpreet to call again",Outflo Outreach ( Startups ),Campaign
339261632194,Mohit Bhatia,2026-07-28 05:30:00,2026-07-28,Tue,5,,Other,,Yash Wani,-1.257,198,"[OutFlo Outreach — India] Connection: Connected | Reply: Replied Request sent: 2026-07-28 05:39 Accepted: 2026-07-28 07:52 Replied: 2026-07-28 07:52 Reply: ""Hey, Yash"" Sender account: Yash Choudhary",Outflo Outreach ( Startups ),Campaign
339261632194,Mohit Bhatia,2026-08-05 12:51:26,2026-08-05,Wed,12,Yuktha Anand,Vetted - out,Dead/ColdCall/WrongFit,Yuktha Anand,7.049,15,Irrelevant lead,Outflo Outreach ( Startups ),Campaign
339261636299,Niyati Agarwal,2026-07-28 05:30:00,2026-07-28,Tue,5,,Callback booked,,Yash Wani,-1.276,240,"[OutFlo Outreach — India] Connection: Connected | Reply: Awaiting Reply Request sent: 2026-07-24 06:57 Accepted: 2026-07-24 07:45 Sender account: Shobit Gupta Sheet status: Call attempted Remarks: She was busy, she will call back in evening",Outflo Outreach ( Startups ),Campaign
339262169832,Oye Rickshaw,2026-08-13 18:01:42,2026-08-13,Thu,18,Yuktha Anand,No pickup,Cold Call,Yuktha Anand,14.244,11,No response,Tracxn Sheet ( Startups ),Scraped
339262339772,Retail Pulse,2026-08-13 17:25:31,2026-08-13,Thu,17,Yuktha Anand,Other,Dead/ColdCall/WrongNumber,Yuktha Anand,14.128,11,Invalid POC,Tracxn Sheet ( Startups ),Scraped
339262376661,Safe Circle,2026-08-06 12:44:16,2026-08-06,Thu,12,Lamiya Saleem,Vetted - out,Cold Call,Lamiya Saleem,6.827,29,Irrelevant. Post 2024 founder,Outflo Outreach ( Startups ),Campaign
339263356606,Atreya Thapliyal,2026-07-28 05:30:00,2026-07-28,Tue,5,,Disqualified,,Yash Wani,-1.275,658,"[OutFlo Outreach — India] Connection: Connected | Reply: Replied Request sent: 2026-07-24 06:11 Accepted: 2026-07-24 07:11 Replied: 2026-07-24 07:11 Reply: ""Hi Ashish, thanks for reaching out. I appreciate the message. My last venture wasn't a software/codebase business, so I don't have a dormant pre-2024 codebase that would fit your acquisition program. That said, my current work is focused on AI adoption frameworks, enterprise AI implementation, and AI strategy. If your team is exploring collaborations in those areas, I'd be happy to connect and have a conversation. Best, Atreya"" Sender account: Ashish Ranjan Sheet status: Dead Remarks: No codebase",Outflo Outreach ( Startups ),Campaign
339263357647,Ankur Sharma,2026-07-28 05:30:00,2026-07-28,Tue,5,,Other,,Yash Wani,-1.277,195,[OutFlo Outreach — India] Connection: Request Sent | Reply: Not Contacted Request sent: 2026-07-27 07:42 Sender account: Shobit Gupta Sheet status: Dead Remarks: Not relevant - not a tech founder,Outflo Outreach ( Startups ),Campaign
339265267439,Mehar Kaila,2026-07-28 05:30:00,2026-07-28,Tue,5,,Other,,Yash Wani,-1.277,157,[OutFlo Outreach — India] Connection: Unknown | Reply: Not Contacted Sender account: ishpreet sood Sheet status: Script shared Remarks: Script shared on 28th,Outflo Outreach ( Startups ),Campaign
339265267439,Mehar Kaila,2026-08-10 12:21:08,2026-08-10,Mon,12,Shobit Gupta,Other,Script Shared,Ishpreet Sood,12.008,48,"Lead was engaged by Yash, Ishpreet to call again",Outflo Outreach ( Startups ),Campaign
339265267439,Mehar Kaila,2026-08-18 13:29:34,2026-08-18,Tue,13,Ishpreet Sood,Other,Script Shared,Ishpreet Sood,20.056,36,"Post 2024 project, mostly vibe coded",Outflo Outreach ( Startups ),Campaign
339265268417,Aarshay Jain,2026-07-28 05:30:00,2026-07-28,Tue,5,,Other,,Yash Wani,-1.279,158,[OutFlo Outreach — India] Connection: Connected | Reply: Not Contacted Request sent: 2026-07-28 06:35 Accepted: 2026-07-28 11:09 Sender account: ishpreet sood,Outflo Outreach ( Startups ),Campaign
339265268417,Aarshay Jain,2026-08-05 11:27:56,2026-08-05,Wed,11,Lamiya Saleem,Vetted - in,Interested,Lamiya Saleem,6.969,41,Relevant. Sent a message to schedule call,Outflo Outreach ( Startups ),Campaign
339265268417,Aarshay Jain,2026-08-18 10:40:21,2026-08-18,Tue,10,Lamiya Saleem,Other,Dead/GMeet/wrong fit,Lamiya Saleem,19.936,46,"gave a contact: Jatin Arora, quality not great",Outflo Outreach ( Startups ),Campaign
339265955560,EsportsXO,2026-08-06 16:23:49,2026-08-06,Thu,16,Lamiya Saleem,Disqualified,Dead/ColdCall/WrongFit,Lamiya Saleem,7.082,15,Still operating,Tracxn Sheet ( Startups ),Scraped
339265987319,FreeStand,2026-08-05 12:36:01,2026-08-05,Wed,12,Ashish Ranjan,No pickup,Cold Call,Shobit Gupta,5.846,22,DNP for the first call,Tracxn Sheet ( Startups ),Scraped
339265987319,FreeStand,2026-08-12 18:18:06,2026-08-12,Wed,18,Yuktha Anand,No pickup,No Pickup,Yuktha Anand,13.083,11,No response,Tracxn Sheet ( Startups ),Scraped
339272323815,Aman verma,2026-07-28 05:30:00,2026-07-28,Tue,5,,Other,,Yash Wani,-1.255,276,"[OutFlo Outreach — India] Connection: Connected | Reply: Replied Request sent: 2026-07-28 05:38 Accepted: 2026-07-28 09:29 Replied: 2026-07-28 09:29 Reply: ""hey thanks for reaching me out. I would love to know more about your work and LH2. Cheers"" Sender account: Shobit Gupta",Outflo Outreach ( Startups ),Campaign
339272323815,Aman verma,2026-08-05 12:48:59,2026-08-05,Wed,12,Yuktha Anand,Vetted - out,Dead/ColdCall/WrongFit,Yuktha Anand,7.05,18,Irrelevant- no app,Outflo Outreach ( Startups ),Campaign
339272324806,Soumyadeep Biswas,2026-07-28 05:30:00,2026-07-28,Tue,5,,Not interested,,Yash Wani,-1.257,136,[OutFlo Outreach — India] Connection: Connected | Reply: Replied Sender account: Shobit Gupta Sheet status: Dead Remarks: Not interested,Outflo Outreach ( Startups ),Campaign
339272327885,Mudit Aggarwal,2026-07-28 05:30:00,2026-07-28,Tue,5,,Other,,Yash Wani,-1.269,159,[OutFlo Outreach — India] Connection: Connected | Reply: Awaiting Reply Request sent: 2026-07-23 07:58 Accepted: 2026-07-25 14:30 Sender account: Ashish Ranjan,Outflo Outreach ( Startups ),Campaign
339272327885,Mudit Aggarwal,2026-07-29 13:35:27,2026-07-29,Wed,13,Yash Wani,Other,Call Attempted (retired),Yash Wani,0.068,9,call back,Outflo Outreach ( Startups ),Campaign
339272329954,Niteen Shastri,2026-07-28 05:30:00,2026-07-28,Tue,5,,Disqualified,,Yash Wani,-1.278,491,"[OutFlo Outreach — India] Connection: Connected | Reply: Replied Request sent: 2026-07-22 08:01 Accepted: 2026-07-22 08:22 Replied: 2026-07-24 10:44 Reply: ""Hi Ashish, Thanks for reaching out. Your idea is indeed interesting. However, I wanted to let you know that there is no code base with me that I am selling. Whatever that I have stopped is just a pause to rework on the idea with newer perspective. Regards, Niteen"" Sender account: Ashish Ranjan Sheet status: Dead Remarks: No codebase",Outflo Outreach ( Startups ),Campaign
339274694363,Stoa,2026-08-03 17:16:17,2026-08-03,Mon,17,Yuktha Anand,Bad number,Interested,Yuktha Anand,4.224,189,Signal hire number invalid ( +1 323-205-6170) Reached out on 9916367666- he mentioned he was in touch with someone from the team a month ago and nothing happened. Bringing the lead back in.,Tracxn Sheet ( Startups ),Scraped
339274694363,Stoa,2026-08-18 15:47:04,2026-08-18,Tue,15,,Bad number,Cold Call,Ishpreet Sood,19.162,147,Wrong number corrected via Wiza enrichment. Old: +919766787249 (dead). New: +919916367666 for Aditya Kulkarni. Moved back to Cold Call for re-dial.,Tracxn Sheet ( Startups ),Scraped
339274694363,Stoa,2026-08-19 17:04:16,2026-08-19,Wed,17,Lamiya Saleem,Other,Cold Call,Lamiya Saleem,20.215,14,not an IT firm,Tracxn Sheet ( Startups ),Scraped
339274695386,Suventure Services Pvt Ltd,2026-07-30 13:55:58,2026-07-30,Thu,13,Shreyas Boosnoor,Chase sent,Interested,Shreyas Boosnoor,0.081,60,"interested, needs to talk with his partner, sent mail and wa",Scraping Algo ( IT services ),Scraped
339274695413,Beyond Key,2026-07-30 12:27:58,2026-07-30,Thu,12,Shreyas Boosnoor,Other,Dead/ColdCall/WrongFit,Shreyas Boosnoor,0.019,15,foreign comapny,Scraping Algo ( IT services ),Scraped
339274910397,Telyport,2026-08-13 17:35:39,2026-08-13,Thu,17,Yuktha Anand,Bad number,Dead/ColdCall/WrongNumber,Yuktha Anand,14.137,14,Number invalid,Tracxn Sheet ( Startups ),Scraped
339274910408,Ingenium,2026-08-06 17:48:03,2026-08-06,Thu,17,Lamiya Saleem,Disqualified,Dead/ColdCall/WrongFit,Lamiya Saleem,7.145,15,Still operating,Tracxn Sheet ( Startups ),Scraped
339274929901,RefreshMint,2026-08-13 12:12:27,2026-08-13,Thu,12,Yuktha Anand,No pickup,No Pickup,Yuktha Anand,13.847,11,No response,Tracxn Sheet ( Startups ),Scraped
339274946289,KPMG,2026-08-06 12:19:00,2026-08-06,Thu,12,Lamiya Saleem,Vetted - in,Cold Call,Lamiya Saleem,6.809,28,Maybe relevant. Worth a call,Outflo Outreach ( Startups ),Campaign
339275876028,Kapil Tomar,2026-07-28 05:30:00,2026-07-28,Tue,5,,No pickup,,Yash Wani,-1.271,211,[OutFlo Outreach — India] Connection: Connected | Reply: Awaiting Reply Request sent: 2026-07-24 07:31 Accepted: 2026-07-27 16:04 Sender account: Shobit Gupta Sheet status: Call attempted Remarks: did not pickup,Outflo Outreach ( Startups ),Campaign
339276495572,Blue Sky Analytics,2026-08-03 17:05:48,2026-08-03,Mon,17,Yuktha Anand,Bad number,Dead/ColdCall/Not Interested,Yuktha Anand,4.217,145,Call was attempted on +1 917-618-7678 (number taken from signal hire)- number invalid. Apollo also only has international number- +1 203-683-0933,Tracxn Sheet ( Startups ),Scraped
339276495572,Blue Sky Analytics,2026-08-18 15:47:13,2026-08-18,Tue,15,,Bad number,Cold Call,Yuktha Anand,19.162,148,Wrong number corrected via Wiza enrichment. Old: +918800799213 (dead). New: +919022823463 for Abhilasha Purwar. Moved back to Cold Call for re-dial.,Tracxn Sheet ( Startups ),Scraped
339276495572,Blue Sky Analytics,2026-08-19 17:01:05,2026-08-19,Wed,17,Yuktha Anand,Bad number,Dead/ColdCall/WrongNumber,Yuktha Anand,20.213,12,Wrong number,Tracxn Sheet ( Startups ),Scraped
339276496577,Brugu Software Solutions private limited,2026-07-30 13:06:44,2026-07-30,Thu,13,Shreyas Boosnoor,Bad number,Dead/ColdCall/WrongFit,Shreyas Boosnoor,0.046,8,wrong no,Scraping Algo ( IT services ),Scraped
339276496578,Cybernative Technologies Pvt. Ltd.,2026-07-30 12:55:07,2026-07-30,Thu,12,Shreyas Boosnoor,Bad number,Dead/ColdCall/WrongFit,Shreyas Boosnoor,0.038,8,wrong no,Scraping Algo ( IT services ),Scraped
339276497645,H3 Mart,2026-08-14 18:21:51,2026-08-14,Fri,18,Yuktha Anand,Other,Dead/ResultsReceived/WrongFit-Rejected,Yuktha Anand,15.259,9,Wrong fit,Tracxn Sheet ( Startups ),Scraped
339276497649,DIGITAL MALL OF ASIA,2026-08-13 17:59:52,2026-08-13,Thu,17,Yuktha Anand,Other,Dead/ColdCall/WrongFit,Yuktha Anand,14.243,25,Wrong fit and POC invalid,Tracxn Sheet ( Startups ),Scraped
339276633843,Code Calibre,2026-07-31 12:48:13,2026-07-31,Fri,12,Shreyas Boosnoor,Other,Dead/ColdCall/WrongFit,Shreyas Boosnoor,0.943,15,foreign company,Scraping Algo ( IT services ),Scraped
339276634820,Dreamworth Solutions,2026-07-30 16:52:33,2026-07-30,Thu,16,Shreyas Boosnoor,Other,Dead/ColdCall/WrongFit,Shreyas Boosnoor,0.111,17,marketing company,Scraping Algo ( IT services ),Scraped
339276635868,Convosight,2026-08-03 16:03:19,2026-08-03,Mon,16,Ishpreet Sood,No pickup,Cold Call,Ishpreet Sood,4.069,50,"hung up, also both his companies are still running",Tracxn Sheet ( Startups ),Scraped
339276672702,FSS,2026-08-06 12:15:45,2026-08-06,Thu,12,Lamiya Saleem,Vetted - in,Cold Call,Lamiya Saleem,6.806,13,Relevant lead,Outflo Outreach ( Startups ),Campaign
339276672702,FSS,2026-08-18 15:47:17,2026-08-18,Tue,15,,Bad number,Cold Call,Lamiya Saleem,18.953,145,Wrong number corrected via Wiza enrichment. Old: +919717515805 (dead). New: +918971477011 for Sumit Agarwal. Moved back to Cold Call for re-dial.,Outflo Outreach ( Startups ),Campaign
339278206661,Celebyte,2026-08-06 12:38:56,2026-08-06,Thu,12,Lamiya Saleem,Vetted - in,Cold Call,Lamiya Saleem,7.02,13,Relevant lead,Tracxn Sheet ( Startups ),Scraped
339278206661,Celebyte,2026-08-17 14:13:30,2026-08-17,Mon,14,Yuktha Anand,Bad number,Cold Call,Yuktha Anand,18.086,14,Invalid number,Tracxn Sheet ( Startups ),Scraped
339278206672,Tiny Mighty,2026-08-17 14:18:52,2026-08-17,Mon,14,Yuktha Anand,Other,Dead/ColdCall/WrongFit,Yuktha Anand,18.089,9,Wrong fit,Tracxn Sheet ( Startups ),Scraped
339278357218,PayKun,2026-08-06 17:46:46,2026-08-06,Thu,17,Lamiya Saleem,Disqualified,Dead/ColdCall/WrongFit,Lamiya Saleem,7.144,15,Still operating,Tracxn Sheet ( Startups ),Scraped
339278403260,Zscaler,2026-08-06 12:51:03,2026-08-06,Thu,12,Lamiya Saleem,Vetted - in,Cold Call,Lamiya Saleem,6.833,53,Relevant. Said he wouldn't be able to share codebase.,Outflo Outreach ( Startups ),Campaign
339278403283,Consensys,2026-08-06 12:23:48,2026-08-06,Thu,12,Lamiya Saleem,Vetted - out,Cold Call,Lamiya Saleem,6.813,10,Irrelevant,Outflo Outreach ( Startups ),Campaign
339281903345,Flit Webs,2026-07-31 13:01:20,2026-07-31,Fri,13,Shreyas Boosnoor,Other,Dead/ColdCall/WrongFit,Shreyas Boosnoor,0.952,18,10 memeber company,Scraping Algo ( IT services ),Scraped
339281906393,Rizort,2026-08-06 17:44:38,2026-08-06,Thu,17,Lamiya Saleem,Disqualified,Dead/ColdCall/WrongFit,Lamiya Saleem,7.142,40,Still operating and also based out of SG,Tracxn Sheet ( Startups ),Scraped
339281947366,Personal Projects,2026-08-05 13:14:11,2026-08-05,Wed,13,Lamiya Saleem,Vetted - in,Cold Call,Lamiya Saleem,5.858,13,Relevant lead,Outflo Outreach ( Startups ),Campaign
339282848488,Hiranmoy B.,2026-07-28 05:30:00,2026-07-28,Tue,5,,Other,,Yash Wani,-1.271,200,[OutFlo Outreach — India] Connection: Connected | Reply: Awaiting Reply Request sent: 2026-07-27 06:24 Accepted: 2026-07-27 07:07 Sender account: Ashish Ranjan Sheet status: Dead Remarks: Not relevant,Outflo Outreach ( Startups ),Campaign
339282850519,Raghul Gandhi,2026-07-28 05:30:00,2026-07-28,Tue,5,,Other,,Yash Wani,-1.276,210,[OutFlo Outreach — India] Connection: Connected | Reply: Awaiting Reply Request sent: 2026-07-24 11:52 Accepted: 2026-07-24 11:56 Sender account: Ashish Ranjan Sheet status: Dead Remarks: Not a relevant profile,Outflo Outreach ( Startups ),Campaign
339282850544,Sahana Srinivasan,2026-07-28 05:30:00,2026-07-28,Tue,5,,Other,,Yash Wani,-1.28,228,"[OutFlo Outreach — India] Connection: Connected | Reply: Awaiting Reply Request sent: 2026-07-23 10:42 Accepted: 2026-07-25 10:57 Sender account: Ashish Ranjan Sheet status: Call attempted Remarks: Didnt connect, Call back on 29",Outflo Outreach ( Startups ),Campaign
339283365574,Arvaan Technolab,2026-07-30 12:52:08,2026-07-30,Thu,12,Shreyas Boosnoor,Bad number,Dead/ColdCall/WrongFit,Shreyas Boosnoor,0.036,8,wrong no,Scraping Algo ( IT services ),Scraped
339283540712,Sayy AI,2026-08-05 13:06:07,2026-08-05,Wed,13,Lamiya Saleem,Vetted - in,Cold Call,Lamiya Saleem,5.852,98,Relevant lead. Sent a message on whatsapp to share more details. Said he would not run the script.,Outflo Outreach ( Startups ),Campaign
339283540713,Nucleus Software,2026-08-05 13:05:17,2026-08-05,Wed,13,Yuktha Anand,Vetted - in,Interested,Yuktha Anand,5.851,8,Relevant,Outflo Outreach ( Startups ),Campaign
339283540713,Nucleus Software,2026-08-06 16:03:34,2026-08-06,Thu,16,Yuktha Anand,No pickup,No Pickup,Yuktha Anand,6.975,11,No response,Outflo Outreach ( Startups ),Campaign
339283540725,Toptal,2026-08-05 13:07:10,2026-08-05,Wed,13,Yuktha Anand,Vetted - out,Dead/ColdCall/Not Interested,Yuktha Anand,5.852,29,Irrelevant and not interested,Outflo Outreach ( Startups ),Campaign
339283541698,Multiple Global Clients,2026-08-05 13:09:32,2026-08-05,Wed,13,Lamiya Saleem,Vetted - out,Dead/ColdCall/WrongFit,Lamiya Saleem,5.853,15,Irrelevant lead,Outflo Outreach ( Startups ),Campaign
339283543797,Sapiens,2026-08-06 12:45:48,2026-08-06,Thu,12,Yuktha Anand,Vetted - in,Cold Call,Yuktha Anand,6.828,8,Relevant,Outflo Outreach ( Startups ),Campaign
339283543797,Sapiens,2026-08-06 15:34:21,2026-08-06,Thu,15,Yuktha Anand,No pickup,No Pickup,Yuktha Anand,6.945,11,No response,Outflo Outreach ( Startups ),Campaign
339288241913,Vikas Chauhan,2026-07-28 05:30:00,2026-07-28,Tue,5,,Other,,Yash Wani,-1.268,246,"[OutFlo Outreach — India] Connection: Connected | Reply: Replied Request sent: 2026-07-24 06:34 Accepted: 2026-07-24 09:27 Replied: 2026-07-24 09:27 Reply: ""Hi Ashish, Let's connect this weekend if you're available?"" Sender account: Ashish Ranjan",Outflo Outreach ( Startups ),Campaign
339288241913,Vikas Chauhan,2026-08-05 12:53:24,2026-08-05,Wed,12,Yuktha Anand,Vetted - in,Interested,Yuktha Anand,7.04,23,Relevant and Interested,Outflo Outreach ( Startups ),Campaign
339288241913,Vikas Chauhan,2026-08-05 14:32:21,2026-08-05,Wed,14,Yuktha Anand,Callback booked,GMeet Fixed,Yuktha Anand,7.108,72,Asked for a call at 2:00 PM tomorrow (6/08/26) vikas.chauhann7@gmail.com,Outflo Outreach ( Startups ),Campaign
339288241913,Vikas Chauhan,2026-08-06 18:02:37,2026-08-06,Thu,18,Yuktha Anand,Chase sent,Script Shared,Yuktha Anand,8.254,34,WA group created and script shared,Outflo Outreach ( Startups ),Campaign
339288241913,Vikas Chauhan,2026-08-10 13:17:26,2026-08-10,Mon,13,Yuktha Anand,No pickup,Script Shared,Yuktha Anand,12.056,52,Called no response. Followed up on WA for csv output,Outflo Outreach ( Startups ),Campaign
339288241913,Vikas Chauhan,2026-08-12 11:41:56,2026-08-12,Wed,11,Yuktha Anand,Callback booked,Script Shared,Yuktha Anand,13.99,62,"Has been travelling, will get back with script output tomorrow",Outflo Outreach ( Startups ),Campaign
339288242905,Fractal,2026-07-28 05:30:00,2026-07-28,Tue,5,,Chase sent,,Yash Wani,-1.27,237,"[OutFlo Outreach — India] Connection: Connected | Reply: Awaiting Reply Request sent: 2026-07-22 11:10 Accepted: 2026-07-24 02:45 Sender account: Ashish Ranjan Sheet status: Interested Remarks: call back in the evening, dropped a WA text",Outflo Outreach ( Startups ),Campaign
339288247995,Rakesh Mondal,2026-07-28 05:30:00,2026-07-28,Tue,5,,Other,,Yash Wani,-1.28,210,[OutFlo Outreach — India] Connection: Connected | Reply: Awaiting Reply Request sent: 2026-07-24 10:08 Accepted: 2026-07-24 11:19 Sender account: Ashish Ranjan Sheet status: Dead Remarks: Not a relevant profile,Outflo Outreach ( Startups ),Campaign
339288247999,Gaurav Dube,2026-07-28 05:30:00,2026-07-28,Tue,5,,Other,,Yash Wani,-1.28,200,[OutFlo Outreach — India] Connection: Connected | Reply: Awaiting Reply Request sent: 2026-07-27 04:57 Accepted: 2026-07-27 06:09 Sender account: Ashish Ranjan Sheet status: Dead Remarks: Not relevant,Outflo Outreach ( Startups ),Campaign
339288969968,Developers IQ,2026-07-31 11:59:50,2026-07-31,Fri,11,Shreyas Boosnoor,Other,Dead/ColdCall/WrongFit,Shreyas Boosnoor,0.909,15,foreign company,Scraping Algo ( IT services ),Scraped
339289010917,Zepto,2026-08-18 12:48:46,2026-08-18,Tue,12,Ishpreet Sood,Other,Script Shared,Ishpreet Sood,18.832,53,result output will be shared next week. AFK this week,Outflo Outreach ( Startups ),Campaign
339289010931,Takyon Networks Limited,2026-08-06 12:48:53,2026-08-06,Thu,12,Lamiya Saleem,Vetted - out,Cold Call,Lamiya Saleem,6.831,15,Irrelevant lead,Outflo Outreach ( Startups ),Campaign
339289012929,Confidential,2026-08-06 12:20:07,2026-08-06,Thu,12,Lamiya Saleem,Vetted - out,Cold Call,Lamiya Saleem,6.81,15,Irrelevant lead,Outflo Outreach ( Startups ),Campaign
339291843292,Anivar A Aravind,2026-07-28 05:30:00,2026-07-28,Tue,5,,Other,,Yash Wani,-1.255,158,[OutFlo Outreach — India] Connection: Connected | Reply: Awaiting Reply Request sent: 2026-07-24 09:58 Accepted: 2026-07-24 14:44 Sender account: Shobit Gupta,Outflo Outreach ( Startups ),Campaign
339291843292,Anivar A Aravind,2026-07-29 13:26:30,2026-07-29,Wed,13,Yash Wani,Other,Call Attempted (retired),Yash Wani,0.076,24,"not connected, try again",Outflo Outreach ( Startups ),Campaign
339291846357,Varun Nagda,2026-07-28 05:30:00,2026-07-28,Tue,5,,Meeting fixed,,Yash Wani,-1.267,220,[OutFlo Outreach — India] Connection: Connected | Reply: Awaiting Reply Request sent: 2026-07-23 10:23 Accepted: 2026-07-23 12:46 Sender account: Shobit Gupta Sheet status: Script shared Remarks: GMeet fixed for tomorrow,Outflo Outreach ( Startups ),Campaign
339291848418,Tejas Kadam,2026-07-28 05:30:00,2026-07-28,Tue,5,,Other,,Yash Wani,-1.276,210,[OutFlo Outreach — India] Connection: Connected | Reply: Awaiting Reply Request sent: 2026-07-24 10:00 Accepted: 2026-07-24 15:21 Sender account: Ashish Ranjan Sheet status: Script shared Remarks: Script shared,Outflo Outreach ( Startups ),Campaign
339291849408,Paras Nigam,2026-07-28 05:30:00,2026-07-28,Tue,5,,Other,,Yash Wani,-1.279,261,"[OutFlo Outreach — India] Connection: Connected | Reply: Replied Request sent: 2026-07-27 06:32 Accepted: 2026-07-27 06:56 Replied: 2026-07-27 06:56 Reply: ""Hi Ashish Seems like an interesting concept, let me know more about this."" Sender account: Ashish Ranjan",Outflo Outreach ( Startups ),Campaign
339293587168,Tanuj Khurana,2026-07-28 05:30:00,2026-07-28,Tue,5,,Not interested,,Yash Wani,-1.268,246,"[OutFlo Outreach — India] Connection: Connected | Reply: Replied Request sent: 2026-07-23 08:11 Accepted: 2026-07-23 11:40 Replied: 2026-07-24 05:39 Reply: ""Tanuj reacted 👍"" Sender account: Ashish Ranjan Sheet status: Dead Remarks: not interested",Outflo Outreach ( Startups ),Campaign
339293590220,Kushagra Tyagi,2026-07-28 05:30:00,2026-07-28,Tue,5,,Other,,Yash Wani,-1.28,159,[OutFlo Outreach — India] Connection: Connected | Reply: Awaiting Reply Request sent: 2026-07-22 07:29 Accepted: 2026-07-22 09:11 Sender account: Ashish Ranjan,Outflo Outreach ( Startups ),Campaign
339293590220,Kushagra Tyagi,2026-07-29 16:39:07,2026-07-29,Wed,16,Yash Wani,Other,Call Attempted (retired),Yash Wani,0.184,33,"call didnt go through, call back.",Outflo Outreach ( Startups ),Campaign
339309492950,Anurag Kabra,2026-07-28 05:30:00,2026-07-28,Tue,5,,Disqualified,,Yash Wani,-1.258,146,[OutFlo Outreach — India] Connection: Unknown | Reply: Not Contacted Sender account: ishpreet sood Sheet status: Dead Remarks: No codebase present,Outflo Outreach ( Startups ),Campaign
339309499081,Mayank Sheoran,2026-07-28 05:30:00,2026-07-28,Tue,5,,Other,,Yash Wani,-1.277,134,[OutFlo Outreach — India] Connection: Request Sent | Reply: Not Contacted Request sent: 2026-07-28 05:23 Sender account: Ashish Ranjan,Outflo Outreach ( Startups ),Campaign
339309499081,Mayank Sheoran,2026-08-05 11:38:29,2026-08-05,Wed,11,Lamiya Saleem,Vetted - in,Script Shared,Lamiya Saleem,6.979,61,Relevant lead. Asked to share script. So shared via linkedin.,Outflo Outreach ( Startups ),Campaign
339309499081,Mayank Sheoran,2026-08-07 14:39:49,2026-08-07,Fri,14,Lamiya Saleem,Script received,Script Shared,Lamiya Saleem,9.105,16,Received script.,Outflo Outreach ( Startups ),Campaign
339309499081,Mayank Sheoran,2026-08-07 16:24:46,2026-08-07,Fri,16,Lamiya Saleem,Chase sent,Dead/ResultsReceived/WrongFit-Rejected,Lamiya Saleem,9.178,23,Closed loop with Mayank,Outflo Outreach ( Startups ),Campaign
339309499096,Jagdeep Singh,2026-07-28 05:30:00,2026-07-28,Tue,5,,Other,,Yash Wani,-1.278,241,"[OutFlo Outreach — India] Connection: Connected | Reply: Awaiting Reply Request sent: 2026-07-27 07:00 Accepted: 2026-07-27 07:03 Sender account: Shobit Gupta Sheet status: Dead Remarks: Sales & marketing professional, not a relevant profile",Outflo Outreach ( Startups ),Campaign
339310003916,Welly,2026-08-17 14:15:19,2026-08-17,Mon,14,Yuktha Anand,Other,Dead/ColdCall/WrongFit,Yuktha Anand,18.086,9,Wrong fit,Tracxn Sheet ( Startups ),Scraped
339310200560,Kaagaz,2026-08-13 12:09:43,2026-08-13,Thu,12,Yuktha Anand,No pickup,Cold Call,Yuktha Anand,13.828,11,No response,Tracxn Sheet ( Startups ),Scraped
339310206671,Storable,2026-08-06 12:21:32,2026-08-06,Thu,12,Lamiya Saleem,Vetted - out,Cold Call,Lamiya Saleem,6.811,10,Irrelevant,Outflo Outreach ( Startups ),Campaign
339310206711,Surge Classes,2026-08-06 11:57:51,2026-08-06,Thu,11,Lamiya Saleem,Vetted - in,Cold Call,Lamiya Saleem,6.793,13,Relevant lead,Outflo Outreach ( Startups ),Campaign
339310206711,Surge Classes,2026-08-17 18:09:48,2026-08-17,Mon,18,Lamiya Saleem,Not interested,Interested,Lamiya Saleem,18.051,27,"no response, not interested",Outflo Outreach ( Startups ),Campaign
339311295194,Parag Sinha,2026-07-28 05:30:00,2026-07-28,Tue,5,,Other,,Yash Wani,-1.268,343,"[OutFlo Outreach — India] Connection: Connected | Reply: Replied Request sent: 2026-07-22 07:44 Accepted: 2026-07-24 06:29 Replied: 2026-07-24 06:29 Reply: ""Hi Ashish, Hope you're good too. Sure we can discuss. Here's me: 900 8500 227 Cheers Parag"" Sender account: Ashish Ranjan Sheet status: Script shared Remarks: Script shared on 28-07-2026",Outflo Outreach ( Startups ),Campaign
339311934190,Communication Crafts,2026-07-30 12:30:32,2026-07-30,Thu,12,Shreyas Boosnoor,Other,Call Attempted (retired),Shreyas Boosnoor,0.021,19,disturbance in call,Scraping Algo ( IT services ),Scraped
339311937231,Metalstreet,2026-08-06 18:01:41,2026-08-06,Thu,18,Lamiya Saleem,Disqualified,Dead/ColdCall/Not Interested,Lamiya Saleem,7.244,37,sold the company. does not own the IP,Tracxn Sheet ( Startups ),Scraped
339312044756,Kripesh Adwani,2026-07-28 05:30:00,2026-07-28,Tue,5,,Other,,Yash Wani,-1.255,175,[OutFlo Outreach — India] Connection: Request Sent | Reply: Not Contacted Request sent: 2026-07-27 07:45 Sender account: Ashish Ranjan Sheet status: Dead Remarks: Not relevant,Outflo Outreach ( Startups ),Campaign
339312050896,Anubhav Kulshrestha,2026-07-28 05:30:00,2026-07-28,Tue,5,,Disqualified,,Yash Wani,-1.273,246,"[OutFlo Outreach — India] Connection: Connected | Reply: Awaiting Reply Request sent: 2026-07-23 09:14 Accepted: 2026-07-24 05:05 Sender account: Shobit Gupta Sheet status: Dead Remarks: He had a consumer electronics starup, doesn't own codebases",Outflo Outreach ( Startups ),Campaign
339312051916,Anil Kanthi,2026-07-28 05:30:00,2026-07-28,Tue,5,,Disqualified,,Yash Wani,-1.278,318,"[OutFlo Outreach — India] Connection: Connected | Reply: Replied Request sent: 2026-07-27 08:15 Accepted: 2026-07-27 11:18 Replied: 2026-07-27 11:18 Reply: ""Hi Shobit Thanks for reaching out. I did not have a codebase for my last company."" Sender account: Shobit Gupta Sheet status: Dead Remarks: Doesn't have codebase",Outflo Outreach ( Startups ),Campaign
339312051939,Varun Miglani,2026-07-28 05:30:00,2026-07-28,Tue,5,,Other,,Yash Wani,-1.28,215,"[OutFlo Outreach — India] Connection: Connected | Reply: Replied Request sent: 2026-07-24 11:40 Accepted: 2026-07-26 13:34 Replied: 2026-07-27 11:16 Reply: ""How do put value to these ?"" Sender account: Ashish Ranjan",Outflo Outreach ( Startups ),Campaign
339312051939,Varun Miglani,2026-08-05 13:10:38,2026-08-05,Wed,13,Lamiya Saleem,Vetted - in,Cold Call,Lamiya Saleem,7.04,52,Relevant lead. I have sent him the deck on whatsapp.,Outflo Outreach ( Startups ),Campaign
339312051939,Varun Miglani,2026-08-17 18:11:10,2026-08-17,Mon,18,Lamiya Saleem,Other,Dead/ColdCall/WrongFit,Lamiya Saleem,19.249,40,"wrong fit, since he is an angel investor",Outflo Outreach ( Startups ),Campaign
339312051943,Vave Microtech,2026-07-28 05:30:00,2026-07-28,Tue,5,,Other,,Yash Wani,-1.28,158,[OutFlo Outreach — India] Connection: Connected | Reply: Awaiting Reply Request sent: 2026-07-24 07:47 Accepted: 2026-07-24 09:47 Sender account: Shobit Gupta,Outflo Outreach ( Startups ),Campaign
339312051943,Vave Microtech,2026-07-29 13:49:34,2026-07-29,Wed,13,Yash Wani,Other,Script Shared,Yash Wani,0.067,20,call again tomorrow.,Outflo Outreach ( Startups ),Campaign
339312051943,Vave Microtech,2026-07-29 13:50:54,2026-07-29,Wed,13,Yash Wani,Other,Script Shared,Yash Wani,0.068,15,call on friday.,Outflo Outreach ( Startups ),Campaign
339317416652,Akhil Varyani,2026-07-28 05:30:00,2026-07-28,Tue,5,,Disqualified,,Yash Wani,-1.256,153,[OutFlo Outreach — India] Connection: Connected | Reply: Awaiting Reply Sender account: Shobit Gupta Sheet status: Dead Remarks: Does not have a codebase,Outflo Outreach ( Startups ),Campaign
339317422789,Naman Anand,2026-07-28 05:30:00,2026-07-28,Tue,5,,Other,,Yash Wani,-1.277,197,"[OutFlo Outreach — India] Connection: Connected | Reply: Replied Request sent: 2026-07-22 12:18 Accepted: 2026-07-22 13:37 Replied: 2026-07-23 04:06 Reply: ""Hi, Shobit"" Sender account: Shobit Gupta",Outflo Outreach ( Startups ),Campaign
339318247147,NWORX,2026-08-13 17:33:05,2026-08-13,Thu,17,Yuktha Anand,No pickup,Cold Call,Yuktha Anand,14.134,11,No response,Tracxn Sheet ( Startups ),Scraped
339318269638,Biconomy,2026-08-13 12:14:03,2026-08-13,Thu,12,Yuktha Anand,No pickup,No Pickup,Yuktha Anand,13.849,11,No response,Tracxn Sheet ( Startups ),Scraped
339318274778,Alphaa AI,2026-07-31 11:13:56,2026-07-31,Fri,11,Shreyas Boosnoor,Other,Dead/ColdCall/WrongFit,Bhanu Enamala,0.789,38,foreign comany and website not opening,Tracxn Sheet ( Startups ),Scraped
339318284986,Cisco,2026-08-06 12:06:54,2026-08-06,Thu,12,Yuktha Anand,Vetted - out,Dead/ColdCall/WrongFit,Yuktha Anand,6.799,15,Irrelevant lead,Outflo Outreach ( Startups ),Campaign
339322025668,Cambiante Technologies,2026-07-31 14:11:10,2026-07-31,Fri,14,Shreyas Boosnoor,Other,Dead/ColdCall/WrongFit,Shreyas Boosnoor,1.001,17,13 people company,Scraping Algo ( IT services ),Scraped
339322025705,ARM Worldwide,2026-07-30 18:07:21,2026-07-30,Thu,18,Shreyas Boosnoor,Chase sent,Call Attempted (retired),Shreyas Boosnoor,0.164,74,spoc is an employee for now sent WA to be forwaded to the concerned person,Scraping Algo ( IT services ),Scraped
339322029793,StepSetGo,2026-08-13 17:13:07,2026-08-13,Thu,17,Yuktha Anand,Other,Dead/ColdCall/WrongFit,Yuktha Anand,14.119,9,Wrong fit,Tracxn Sheet ( Startups ),Scraped
339322060493,Zoko,2026-08-06 15:52:20,2026-08-06,Thu,15,Lamiya Saleem,Bad number,No Pickup,Lamiya Saleem,6.982,73,wrong number. got another one on apollo: +91 76192 56223. did not pick up,Tracxn Sheet ( Startups ),Scraped
339322060498,DigiBoxx,2026-08-05 12:38:17,2026-08-05,Wed,12,Ashish Ranjan,No pickup,Cold Call,Shobit Gupta,5.847,42,"DNP, the call goes to automated voice chat",Tracxn Sheet ( Startups ),Scraped
339322065635,Naoki International Technologies (P) Limited,2026-08-05 13:36:58,2026-08-05,Wed,13,Lamiya Saleem,Vetted - in,Cold Call,Lamiya Saleem,5.872,47,Relevant lead He shared his number via linkedIn,Outflo Outreach ( Startups ),Campaign
339322065635,Naoki International Technologies (P) Limited,2026-08-11 14:39:14,2026-08-11,Tue,14,Ishpreet Sood,Interested,Interested,Ishpreet Sood,11.915,28,He is interested in refferal,Outflo Outreach ( Startups ),Campaign
339322072766,Salesforce,2026-08-06 12:44:49,2026-08-06,Thu,12,Yuktha Anand,Vetted - in,Cold Call,Yuktha Anand,6.827,8,Relevant,Outflo Outreach ( Startups ),Campaign
339322072766,Salesforce,2026-08-06 15:33:01,2026-08-06,Thu,15,Yuktha Anand,Bad number,Dead/ColdCall/WrongNumber,Yuktha Anand,6.944,12,Wrong number,Outflo Outreach ( Startups ),Campaign
339322993363,Sanjay C.,2026-07-28 05:30:00,2026-07-28,Tue,5,,Other,,Yash Wani,-1.257,152,[OutFlo Outreach — India] Connection: Connected | Reply: Awaiting Reply Sender account: Ashish Ranjan Sheet status: Dead Remarks: Not a relevant profile,Outflo Outreach ( Startups ),Campaign
339322997443,Jeyanthinath M.,2026-07-28 05:30:00,2026-07-28,Tue,5,,Other,,Yash Wani,-1.273,159,[OutFlo Outreach — India] Connection: Connected | Reply: Awaiting Reply Request sent: 2026-07-27 08:04 Accepted: 2026-07-27 15:58 Sender account: Ashish Ranjan,Outflo Outreach ( Startups ),Campaign
339322997443,Jeyanthinath M.,2026-08-05 12:36:01,2026-08-05,Wed,12,Lamiya Saleem,Bad number,Cold Call,Lamiya Saleem,7.023,30,Relevant lead but wrong number,Outflo Outreach ( Startups ),Campaign
339322997443,Jeyanthinath M.,2026-08-17 18:09:10,2026-08-17,Mon,18,Lamiya Saleem,No pickup,Dead/ColdCall/Not Interested,Lamiya Saleem,19.255,40,"no response, taking it as non interested",Outflo Outreach ( Startups ),Campaign
339322998503,Tanmay Pahuja,2026-07-28 05:30:00,2026-07-28,Tue,5,,Other,,Yash Wani,-1.28,134,[OutFlo Outreach — India] Connection: Request Sent | Reply: Not Contacted Request sent: 2026-07-23 09:01 Sender account: Ashish Ranjan,Outflo Outreach ( Startups ),Campaign
339323508439,Kyt,2026-08-03 18:11:03,2026-08-03,Mon,18,Yuktha Anand,Not interested,Cold Call,Yuktha Anand,4.251,30,Not interested to explore this,Tracxn Sheet ( Startups ),Scraped
339324796623,Bikash Dash,2026-07-28 05:30:00,2026-07-28,Tue,5,,Other,,Yash Wani,-1.272,227,"[OutFlo Outreach — India] Connection: Connected | Reply: Awaiting Reply Request sent: 2026-07-27 05:24 Accepted: 2026-07-27 06:16 Sender account: Shobit Gupta Sheet status: Call attempted Remarks: Didnt connect, Call back on 29",Outflo Outreach ( Startups ),Campaign
339324796637,Rahul Bhuraria,2026-07-28 05:30:00,2026-07-28,Tue,5,,Other,,Yash Wani,-1.272,133,[OutFlo Outreach — India] Connection: Request Sent | Reply: Not Contacted Request sent: 2026-07-28 05:00 Sender account: Shobit Gupta,Outflo Outreach ( Startups ),Campaign
339324796637,Rahul Bhuraria,2026-08-05 12:37:03,2026-08-05,Wed,12,Lamiya Saleem,Vetted - in,Cold Call,Lamiya Saleem,7.024,13,Relevant lead,Outflo Outreach ( Startups ),Campaign
339325404913,Sulonya Technologies Private Limited,2026-07-30 14:04:40,2026-07-30,Thu,14,Shreyas Boosnoor,Other,Cold Call,Shreyas Boosnoor,0.087,16,3 people company,Scraping Algo ( IT services ),Scraped
339325556466,Ci4,2026-08-13 17:37:13,2026-08-13,Thu,17,Yuktha Anand,Other,Dead/ColdCall/WrongFit,Yuktha Anand,14.138,9,Wrong fit,Tracxn Sheet ( Startups ),Scraped
339325590220,Omik Dahat,2026-08-05 13:04:00,2026-08-05,Wed,13,Yuktha Anand,Vetted - in,Interested,Yuktha Anand,5.851,23,Relevant and Interested,Outflo Outreach ( Startups ),Campaign
339325590220,Omik Dahat,2026-08-05 15:00:48,2026-08-05,Wed,15,Yuktha Anand,Callback booked,Call Attempted (retired),Yuktha Anand,5.932,103,"number from signal hire is of co-founder, Omik Dahat Was in a meeting, asked to call back after a while",Outflo Outreach ( Startups ),Campaign
339325590220,Omik Dahat,2026-08-17 15:14:26,2026-08-17,Mon,15,Yuktha Anand,No pickup,Interested,Yuktha Anand,17.941,11,No response,Outflo Outreach ( Startups ),Campaign
339325593294,3SC ,2026-08-06 12:53:38,2026-08-06,Thu,12,Lamiya Saleem,Vetted - in,Cold Call,Lamiya Saleem,6.835,68,Relevant. Sahred scripts. Has 2 companies and some projects as well.,Outflo Outreach ( Startups ),Campaign
339326585583,Venkataraghavan Srinivasan,2026-07-28 05:30:00,2026-07-28,Tue,5,,Other,,Yash Wani,-1.258,210,[OutFlo Outreach — India] Connection: Connected | Reply: Awaiting Reply Request sent: 2026-07-27 08:15 Accepted: 2026-07-27 08:23 Sender account: Ashish Ranjan Sheet status: Dead Remarks: Not a relevant profile,Outflo Outreach ( Startups ),Campaign
339328386799,Ashay Tamhane,2026-07-28 05:30:00,2026-07-28,Tue,5,,No pickup,,Yash Wani,-1.274,212,[OutFlo Outreach — India] Connection: Connected | Reply: Awaiting Reply Request sent: 2026-07-24 06:45 Accepted: 2026-07-24 07:57 Sender account: Ashish Ranjan Sheet status: Call attempted Remarks: did not pickup,Outflo Outreach ( Startups ),Campaign
339328388842,Dilshad Hussain,2026-07-28 05:30:00,2026-07-28,Tue,5,,Other,,Yash Wani,-1.281,133,[OutFlo Outreach — India] Connection: Request Sent | Reply: Not Contacted Request sent: 2026-07-28 05:47 Sender account: Shobit Gupta,Outflo Outreach ( Startups ),Campaign
339328388842,Dilshad Hussain,2026-07-29 14:15:29,2026-07-29,Wed,14,Yash Wani,Disqualified,Dead/ColdCall/WrongFit,Yash Wani,0.084,14,not a founder.,Outflo Outreach ( Startups ),Campaign
339338859207,Shivam Chhuneja,2026-07-28 05:30:00,2026-07-28,Tue,5,,Other,,Yash Wani,-1.269,353,"[OutFlo Outreach — India] Connection: Connected | Reply: Replied Request sent: 2026-07-27 07:15 Accepted: 2026-07-27 07:57 Replied: 2026-07-27 07:57 Reply: ""Hi Shobit, interesting idea. Could you explain a bit what you had in mind?"" Sender account: Shobit Gupta Sheet status: Call attempted Remarks: He's not a tech founder, have just dropped him a text",Outflo Outreach ( Startups ),Campaign
339338863353,Manoj Badhe,2026-07-28 05:30:00,2026-07-28,Tue,5,,Other,,Yash Wani,-1.281,98,[OutFlo Outreach — India] Connection: Unknown | Reply: Not Contacted Sender account: ishpreet sood,Outflo Outreach ( Startups ),Campaign
339340655323,Krishnendu Nandi,2026-07-28 05:30:00,2026-07-28,Tue,5,,Not interested,,Yash Wani,-1.257,136,[OutFlo Outreach — India] Connection: Connected | Reply: Replied Sender account: Shobit Gupta Sheet status: Dead Remarks: Not interested,Outflo Outreach ( Startups ),Campaign
339340659435,Ankit Singhal,2026-07-28 05:30:00,2026-07-28,Tue,5,,Other,,Yash Wani,-1.272,199,[OutFlo Outreach — India] Connection: Connected | Reply: Awaiting Reply Request sent: 2026-07-27 05:41 Accepted: 2026-07-27 07:57 Sender account: Shobit Gupta Sheet status: Dead Remarks: Not relevant,Outflo Outreach ( Startups ),Campaign
339340661481,CoinDCX,2026-07-28 05:30:00,2026-07-28,Tue,5,,Chase sent,,Yash Wani,-1.278,237,"[OutFlo Outreach — India] Connection: Connected | Reply: Awaiting Reply Request sent: 2026-07-27 05:10 Accepted: 2026-07-27 16:20 Sender account: Ashish Ranjan Sheet status: Interested Remarks: call back in the evening, dropped a WA text",Outflo Outreach ( Startups ),Campaign
339341257433,Taaffeite Technologies,2026-07-30 14:00:56,2026-07-30,Thu,14,Shreyas Boosnoor,Other,Cold Call,Shreyas Boosnoor,0.085,17,16 people company,Scraping Algo ( IT services ),Scraped
339341259505,10Club,2026-08-06 17:55:25,2026-08-06,Thu,17,Lamiya Saleem,Vetted - out,Dead/ColdCall/WrongFit,Lamiya Saleem,7.239,29,Irrelevant. Post 2024 founder,Tracxn Sheet ( Startups ),Scraped
339341458125,Ethical Intelligent Technologies,2026-07-30 16:58:43,2026-07-30,Thu,16,Shreyas Boosnoor,Chase sent,Cold Call,Shreyas Boosnoor,0.115,42,"his assistant picked up , snet WA this no.",Scraping Algo ( IT services ),Scraped
339341459175,ENSUREDIT,2026-08-06 17:52:08,2026-08-06,Thu,17,Lamiya Saleem,Disqualified,Dead/ColdCall/WrongFit,Lamiya Saleem,7.148,15,still operating,Tracxn Sheet ( Startups ),Scraped
339342448372,Amol Manohar Pardeshi,2026-07-28 05:30:00,2026-07-28,Tue,5,,Other,,Yash Wani,-1.267,134,[OutFlo Outreach — India] Connection: Request Sent | Reply: Not Contacted Request sent: 2026-07-28 05:51 Sender account: Ashish Ranjan,Outflo Outreach ( Startups ),Campaign
339342452413,Anoop N,2026-07-28 05:30:00,2026-07-28,Tue,5,,Other,,Yash Wani,-1.279,158,[OutFlo Outreach — India] Connection: Connected | Reply: Awaiting Reply Request sent: 2026-07-28 06:09 Accepted: 2026-07-28 07:17 Sender account: Shobit Gupta,Outflo Outreach ( Startups ),Campaign
339342452416,Finantic AI,2026-07-28 05:30:00,2026-07-28,Tue,5,,Other,,Yash Wani,-1.279,285,"[OutFlo Outreach — India] Connection: Connected | Reply: Replied Request sent: 2026-07-24 06:21 Accepted: 2026-07-24 06:31 Replied: 2026-07-26 07:40 Reply: ""Hi Ashish Thanks for reaching out. Let’s talk briefly and understand "" Sender account: Ashish Ranjan Sheet status: Script shared",Outflo Outreach ( Startups ),Campaign
339342989014,PokerDangal,2026-08-03 17:24:35,2026-08-03,Mon,17,Yuktha Anand,Callback booked,Call Attempted (retired),Yuktha Anand,4.219,44,Busy- called on alt number ( 91 99303 31031),Tracxn Sheet ( Startups ),Scraped
339343161077,Saarthi Pedagogy,2026-08-13 12:15:33,2026-08-13,Thu,12,Yuktha Anand,Other,No Pickup,Yuktha Anand,13.91,24,"Network issue, call back",Tracxn Sheet ( Startups ),Scraped
339344837326,eBizTrait Technolabs Pvt Ltd,2026-07-30 12:43:14,2026-07-30,Thu,12,Shreyas Boosnoor,Other,Dead/ColdCall/WrongFit,Shreyas Boosnoor,0.03,15,foreign company,Scraping Algo ( IT services ),Scraped
339348272865,DevBay Technologies,2026-07-30 13:20:18,2026-07-30,Thu,13,Shreyas Boosnoor,Other,Cold Call,Shreyas Boosnoor,0.056,16,spoc not founder,Scraping Algo ( IT services ),Scraped
339348468437,"Aruba, a Hewlett Packard Enterprise company",2026-08-05 13:02:47,2026-08-05,Wed,13,Yuktha Anand,Vetted - out,Dead/ColdCall/WrongFit,Yuktha Anand,5.85,10,Irrelevant,Outflo Outreach ( Startups ),Campaign
339348472546,Emergent,2026-08-06 12:47:47,2026-08-06,Thu,12,Yuktha Anand,Vetted - in,Cold Call,Yuktha Anand,6.83,8,Relevant,Outflo Outreach ( Startups ),Campaign
339348472546,Emergent,2026-08-06 15:37:06,2026-08-06,Thu,15,Yuktha Anand,No pickup,No Pickup,Yuktha Anand,6.948,26,Picked up and then hung up,Outflo Outreach ( Startups ),Campaign
339348472553,Cardinal Health,2026-08-05 13:07:27,2026-08-05,Wed,13,Lamiya Saleem,Vetted - out,Dead/ColdCall/WrongFit,Lamiya Saleem,5.843,15,Irrelevant lead,Outflo Outreach ( Startups ),Campaign
339348472556,NVIDIA,2026-08-06 12:25:09,2026-08-06,Thu,12,Yuktha Anand,Vetted - out,Dead/ColdCall/WrongFit,Yuktha Anand,6.813,10,Irrelevant,Outflo Outreach ( Startups ),Campaign
339350244038,Savart,2026-08-06 17:30:28,2026-08-06,Thu,17,Lamiya Saleem,Disqualified,Dead/ColdCall/WrongFit,Lamiya Saleem,7.13,15,still operating,Tracxn Sheet ( Startups ),Scraped
339350244043,BillMart,2026-08-06 16:35:55,2026-08-06,Thu,16,Lamiya Saleem,Disqualified,Dead/ColdCall/WrongFit,Lamiya Saleem,7.092,15,Still operating,Tracxn Sheet ( Startups ),Scraped
339350282958,API Holdings,2026-08-06 12:52:01,2026-08-06,Thu,12,Lamiya Saleem,Vetted - out,Cold Call,Lamiya Saleem,6.834,10,Irrelevant,Outflo Outreach ( Startups ),Campaign
339350282959,techjays,2026-08-06 12:35:23,2026-08-06,Thu,12,Yuktha Anand,Vetted - out,Dead/ColdCall/WrongFit,Yuktha Anand,6.822,10,Irrelevant,Outflo Outreach ( Startups ),Campaign
339351985899,Cashcow,2026-08-06 12:35:59,2026-08-06,Thu,12,Lamiya Saleem,Vetted - in,Cold Call,Lamiya Saleem,7.018,52,"Relevant lead. If number not found, try Gaurav Goyal",Tracxn Sheet ( Startups ),Scraped
339351985899,Cashcow,2026-08-06 18:12:48,2026-08-06,Thu,18,Lamiya Saleem,Bad number,Dead/ColdCall/WrongFit,Lamiya Saleem,7.252,52,number does not exist. but cashcow is worth checking,Tracxn Sheet ( Startups ),Scraped
339352183507,Atishay Limited,2026-07-30 16:39:53,2026-07-30,Thu,16,Shreyas Boosnoor,Bad number,Dead/ColdCall/WrongFit,Shreyas Boosnoor,0.102,8,wrong no,Scraping Algo ( IT services ),Scraped
339352183509,Elovient Software Solutions,2026-07-30 16:27:19,2026-07-30,Thu,16,Shreyas Boosnoor,Other,Cold Call,Shreyas Boosnoor,0.093,12,2-10 company,Scraping Algo ( IT services ),Scraped
339352185547,EdgeGrid,2026-08-13 17:10:43,2026-08-13,Thu,17,Yuktha Anand,Bad number,Dead/ColdCall/WrongNumber,Yuktha Anand,14.117,12,Wrong number,Tracxn Sheet ( Startups ),Scraped
339352218330,Mayur Patki,2026-08-05 13:01:36,2026-08-05,Wed,13,Yuktha Anand,Vetted - in,Interested,Yuktha Anand,5.849,8,Relevant,Outflo Outreach ( Startups ),Campaign
339352218330,Mayur Patki,2026-08-05 14:49:11,2026-08-05,Wed,14,Yuktha Anand,No pickup,Call Attempted (retired),Yuktha Anand,5.924,11,No response,Outflo Outreach ( Startups ),Campaign
339352218330,Mayur Patki,2026-08-06 16:35:58,2026-08-06,Thu,16,Yuktha Anand,No pickup,No Pickup,Yuktha Anand,6.998,39,No response to call- sent message on WA,Outflo Outreach ( Startups ),Campaign
339352218330,Mayur Patki,2026-08-06 17:03:38,2026-08-06,Thu,17,Yuktha Anand,Meeting fixed,GMeet Fixed,Yuktha Anand,7.017,36,Gmeet fixed for Wednesday at 3:00 PM,Outflo Outreach ( Startups ),Campaign
339352218352,Craft Production Group,2026-08-05 13:08:51,2026-08-05,Wed,13,Yuktha Anand,Vetted - out,Dead/ColdCall/WrongFit,Yuktha Anand,5.853,10,Irrelevant,Outflo Outreach ( Startups ),Campaign
339352218354,Multiple Organizations ,2026-08-05 13:10:08,2026-08-05,Wed,13,Yuktha Anand,Vetted - in,Interested,Yuktha Anand,5.854,8,Relevant,Outflo Outreach ( Startups ),Campaign
339352218354,Multiple Organizations ,2026-08-06 16:13:08,2026-08-06,Thu,16,Yuktha Anand,No pickup,No Pickup,Yuktha Anand,6.981,11,No response,Outflo Outreach ( Startups ),Campaign
339357003453,Humalect,2026-08-13 16:39:19,2026-08-13,Thu,16,Yuktha Anand,Chase sent,Script Shared,Yuktha Anand,14.094,21,Script shared over WA,Tracxn Sheet ( Startups ),Scraped
339357003453,Humalect,2026-08-18 12:07:00,2026-08-18,Tue,12,Shobit Gupta,Other,Deal Contract Signed,Yuktha Anand,18.905,22,Data migration ongoing,Tracxn Sheet ( Startups ),Scraped
339358670574,Bacancy Technology,2026-07-30 12:45:12,2026-07-30,Thu,12,Shreyas Boosnoor,Other,Dead/ColdCall/WrongFit,Shreyas Boosnoor,0.031,9,invald no,Tracxn Sheet ( Startups ),Scraped
339360607945,Deorwine Infotech,2026-07-31 15:40:06,2026-07-31,Fri,15,Shreyas Boosnoor,Chase sent,Cold Call,Shreyas Boosnoor,1.063,36,snet mail apurav@deorwine.com and WA,Scraping Algo ( IT services ),Scraped
339360607945,Deorwine Infotech,2026-08-04 13:19:51,2026-08-04,Tue,13,Shreyas Boosnoor,No pickup,Interested,Shreyas Boosnoor,4.965,21,call done no response,Scraping Algo ( IT services ),Scraped
339360611032,Finbingo,2026-08-13 16:40:18,2026-08-13,Thu,16,Yuktha Anand,Bad number,Dead/ColdCall/WrongNumber,Yuktha Anand,14.095,12,Wrong number,Tracxn Sheet ( Startups ),Scraped
339366655675,AltWorld,2026-08-19 18:04:09,2026-08-19,Wed,18,Yuktha Anand,Other,Script Shared,Ishpreet Sood,20.153,124,"He has been caught up with his current company He asked to bump up the mail, said he can work on giving the output next week",Tracxn Sheet ( Startups ),Scraped
339366691561,KlyONIX Tech,2026-08-06 12:32:36,2026-08-06,Thu,12,Yuktha Anand,Vetted - in,Cold Call,Yuktha Anand,6.821,8,Relevant,Outflo Outreach ( Startups ),Campaign
339366691561,KlyONIX Tech,2026-08-06 15:52:24,2026-08-06,Thu,15,Yuktha Anand,Meeting fixed,GMeet Fixed,Yuktha Anand,6.959,43,Call fixed for 12:00 PM on Friday (7th Aug),Outflo Outreach ( Startups ),Campaign
339366691561,KlyONIX Tech,2026-08-10 11:34:35,2026-08-10,Mon,11,Yuktha Anand,Disqualified,Dead/ColdCall/WrongFit,Yuktha Anand,10.78,12,No codebases,Outflo Outreach ( Startups ),Campaign
339366692555,Cimba.ai,2026-08-06 12:28:38,2026-08-06,Thu,12,Yuktha Anand,Vetted - in,Cold Call,Yuktha Anand,6.816,8,Relevant,Outflo Outreach ( Startups ),Campaign
339366692555,Cimba.ai,2026-08-06 15:23:37,2026-08-06,Thu,15,Yuktha Anand,Other,Cold Call,Yuktha Anand,6.938,42,Number of different anubhav garg mentioned,Outflo Outreach ( Startups ),Campaign
339366692572,Kapture CX,2026-08-06 12:18:06,2026-08-06,Thu,12,Yuktha Anand,Vetted - in,Cold Call,Yuktha Anand,6.808,13,Relevant lead,Outflo Outreach ( Startups ),Campaign
339366692572,Kapture CX,2026-08-06 15:05:37,2026-08-06,Thu,15,Yuktha Anand,Disqualified,Dead/ColdCall/WrongFit,Yuktha Anand,6.924,52,Mentioned he has no codebases from shut organisation,Outflo Outreach ( Startups ),Campaign
339369928381,ADTECH Corp.,2026-07-30 13:08:22,2026-07-30,Thu,13,Shreyas Boosnoor,Other,Call Attempted (retired),Shreyas Boosnoor,0.048,15,automated inbox,Scraping Algo ( IT services ),Scraped
339370138357,CodeKing solutions,2026-07-31 12:21:47,2026-07-31,Fri,12,Shreyas Boosnoor,Other,Dead/ColdCall/WrongFit,Shreyas Boosnoor,0.924,16,2 people company,Scraping Algo ( IT services ),Scraped
339370139329,Ackrolix innovations,2026-07-30 17:34:25,2026-07-30,Thu,17,Shreyas Boosnoor,Other,Call Attempted (retired),Shreyas Boosnoor,0.141,10,no website,Scraping Algo ( IT services ),Scraped
339370140403,Questt,2026-08-13 17:28:53,2026-08-13,Thu,17,Yuktha Anand,Chase sent,Cold Call,Yuktha Anand,14.131,41,Asked to mail co founder akhil@questt.com,Tracxn Sheet ( Startups ),Scraped
339370140403,Questt,2026-08-17 18:41:35,2026-08-17,Mon,18,Yuktha Anand,Chase sent,Interested,Yuktha Anand,18.181,21,Followed up over mail,Tracxn Sheet ( Startups ),Scraped
339370140403,Questt,2026-08-18 15:26:03,2026-08-18,Tue,15,Yuktha Anand,No pickup,Interested,Yuktha Anand,19.046,19,No response to call,Tracxn Sheet ( Startups ),Scraped
339370140403,Questt,2026-08-19 12:42:00,2026-08-19,Wed,12,Yuktha Anand,No pickup,Interested,Yuktha Anand,19.932,34,Akhil- +91 88883 12956 No response,Tracxn Sheet ( Startups ),Scraped
339370140403,Questt,2026-08-20 16:13:57,2026-08-20,Thu,16,Yuktha Anand,Other,Dead/ColdCall/Not Interested,Yuktha Anand,21.079,29,Unresponsive to call and mail,Tracxn Sheet ( Startups ),Scraped
339370141381,OpeninApp,2026-08-04 13:06:23,2026-08-04,Tue,13,Ishpreet Sood,Callback booked,Script Shared,Ishpreet Sood,4.947,19,check back on 10/08,Tracxn Sheet ( Startups ),Scraped
339370141381,OpeninApp,2026-08-18 15:00:19,2026-08-18,Tue,15,Ishpreet Sood,No pickup,Script Shared,Ishpreet Sood,19.026,63,"tried calling but no response, will try again with a new number",Tracxn Sheet ( Startups ),Scraped
339370180322,xaults,2026-08-06 12:36:47,2026-08-06,Thu,12,Yuktha Anand,Vetted - in,Cold Call,Yuktha Anand,6.823,8,Relevant,Outflo Outreach ( Startups ),Campaign
339370180322,xaults,2026-08-06 15:45:31,2026-08-06,Thu,15,Yuktha Anand,No pickup,No Pickup,Yuktha Anand,6.954,11,No response,Outflo Outreach ( Startups ),Campaign
339370182363,Stellantis,2026-08-06 12:17:14,2026-08-06,Thu,12,Lamiya Saleem,Vetted - in,Cold Call,Lamiya Saleem,6.807,13,Relevant lead,Outflo Outreach ( Startups ),Campaign
339378384570,AResourcePool,2026-07-31 12:38:36,2026-07-31,Fri,12,Shreyas Boosnoor,Other,Dead/ColdCall/WrongFit,Shreyas Boosnoor,0.936,18,22 people comapany,Scraping Algo ( IT services ),Scraped
339378384587,Bhadani Technologies,2026-07-30 18:22:00,2026-07-30,Thu,18,Shreyas Boosnoor,Other,Dead/ColdCall/WrongFit,Shreyas Boosnoor,0.174,1,.,Scraping Algo ( IT services ),Scraped
339379982070,Galaxycard,2026-08-13 17:00:22,2026-08-13,Thu,17,Yuktha Anand,Other,Dead/ColdCall/WrongFit,Yuktha Anand,14.109,9,Wrong Fit,Tracxn Sheet ( Startups ),Scraped
339380024001,Hiver,2026-08-06 12:21:48,2026-08-06,Thu,12,Yuktha Anand,Vetted - out,Dead/ColdCall/WrongFit,Yuktha Anand,6.811,10,Irrelevant,Outflo Outreach ( Startups ),Campaign
339381777107,BlazeDream Technologies,2026-07-30 17:04:54,2026-07-30,Thu,17,Shreyas Boosnoor,Callback booked,Cold Call,Shreyas Boosnoor,0.12,33,9840190624 asked to call this no.,Scraping Algo ( IT services ),Scraped
339381777109,Bhavitra Technologies Private Limited,2026-07-30 15:51:12,2026-07-30,Thu,15,Shreyas Boosnoor,Other,Cold Call,Shreyas Boosnoor,0.068,16,5 member company,Scraping Algo ( IT services ),Scraped
339390782166,CHL Softech,2026-07-30 17:26:15,2026-07-30,Thu,17,Shreyas Boosnoor,Other,Cold Call,Shreyas Boosnoor,0.135,17,23 PEOPLE Company,Scraping Algo ( IT services ),Scraped
339868428019,EasyReplenish,2026-08-11 14:53:23,2026-08-11,Tue,14,Ishpreet Sood,Other,Dead/ColdCall/WrongFit,Ishpreet Sood,7.827,29,post2024 code with vibecoding,,Scraped
339950954207,ValueCoders,2026-08-03 16:25:23,2026-08-03,Mon,16,Shreyas Boosnoor,Other,Dead/ColdCall/WrongFit,Shreyas Boosnoor,0.25,9,WRONGN NO,Scraping Algo ( IT services ),Scraped
339972589244,Alle,2026-08-03 18:02:52,2026-08-03,Mon,18,Yuktha Anand,No pickup,Cold Call,Yuktha Anand,0.018,77,Signal hire number - international Tried alt number- 7899021114 (no response),Tracxn Sheet ( Startups ),Scraped
339984514749,Marktine Technology Solutions Pvt Ltd,2026-08-03 17:19:50,2026-08-03,Mon,17,Shreyas Boosnoor,Chase sent,Cold Call,Shreyas Boosnoor,0.289,86,"ASKED TO send mai and whatsapp, need to know more about the company. alok@marktine.com",Scraping Algo ( IT services ),Scraped
339984516829,Origin Learning,2026-08-03 13:15:14,2026-08-03,Mon,13,Shreyas Boosnoor,Other,Dead/ColdCall/WrongFit,Shreyas Boosnoor,0.116,37,also company has been bought by other,Scraping Algo ( IT services ),Scraped
340071975653,The NineHertz,2026-08-03 17:25:08,2026-08-03,Mon,17,Shreyas Boosnoor,Chase sent,Cold Call,Shreyas Boosnoor,0.293,48,hemendra.singh@theninehertz.com snet mail and WA,Scraping Algo ( IT services ),Scraped
340080119502,Colan Infotech Private Limited,2026-08-03 13:59:47,2026-08-03,Mon,13,Shreyas Boosnoor,Chase sent,Interested,Shreyas Boosnoor,0.148,7,sent wa,Scraping Algo ( IT services ),Scraped
340080119502,Colan Infotech Private Limited,2026-08-04 11:37:41,2026-08-04,Tue,11,Shreyas Boosnoor,Not interested,Dead/ColdCall/Not Interested,Shreyas Boosnoor,1.049,33,not looking for service right now,Scraping Algo ( IT services ),Scraped
340080247509,BoStreet,2026-08-03 17:50:45,2026-08-03,Mon,17,Yuktha Anand,Bad number,Cold Call,Yuktha Anand,0.01,35,Only International number available,Tracxn Sheet ( Startups ),Scraped
340080250607,Explorex,2026-08-04 12:41:35,2026-08-04,Tue,12,Yuktha Anand,No pickup,Call Attempted (retired),Yuktha Anand,0.786,11,No response,Tracxn Sheet ( Startups ),Scraped
340081994485,Caliber Interconnect Solutions Pvt Ltd,2026-08-03 13:00:16,2026-08-03,Mon,13,Shreyas Boosnoor,Bad number,Cold Call,Shreyas Boosnoor,0.106,38,spoc no longer associated with caliber,Scraping Algo ( IT services ),Scraped
340104715998,AbleCredit,2026-08-04 12:48:11,2026-08-04,Tue,12,Yuktha Anand,No pickup,Call Attempted (retired),Yuktha Anand,0.791,11,No response,Tracxn Sheet ( Startups ),Scraped
340108472052,Engro Technologies,2026-08-03 18:15:28,2026-08-03,Mon,18,Shreyas Boosnoor,Bad number,Dead/ColdCall/WrongFit,Shreyas Boosnoor,0.33,8,wrong no,Private Codebase Tracker sheet ( IT services ),Scraped
340111941345,Commerce Pundit,2026-08-03 17:45:41,2026-08-03,Mon,17,Shreyas Boosnoor,Bad number,Dead/ColdCall/WrongFit,Shreyas Boosnoor,0.308,8,wrong no,Scraping Algo ( IT services ),Scraped
340111949512,Daffodil Software,2026-08-03 16:16:27,2026-08-03,Mon,16,Shreyas Boosnoor,Bad number,Dead/ColdCall/WrongFit,Shreyas Boosnoor,0.244,8,WRONG NO,Scraping Algo ( IT services ),Scraped
340111949523,Softura,2026-08-03 13:30:59,2026-08-03,Mon,13,Shreyas Boosnoor,Bad number,Dead/ColdCall/WrongFit,Shreyas Boosnoor,0.128,7,wrongno,Scraping Algo ( IT services ),Scraped
340111949550,Lapiz Digital Services,2026-08-03 13:09:46,2026-08-03,Mon,13,Shreyas Boosnoor,Bad number,Dead/ColdCall/WrongFit,Shreyas Boosnoor,0.112,8,wrong no,Scraping Algo ( IT services ),Scraped
340111968961,Info Services,2026-08-03 18:14:42,2026-08-03,Mon,18,Shreyas Boosnoor,Bad number,Dead/ColdCall/WrongFit,Shreyas Boosnoor,0.329,8,wrong no,Scraping Algo ( IT services ),Scraped
340111968975,Dash Technologies,2026-08-03 17:46:34,2026-08-03,Mon,17,Shreyas Boosnoor,Bad number,Cold Call,Shreyas Boosnoor,0.309,8,wrong no,Scraping Algo ( IT services ),Scraped
340111983301,Futurism Technologies,2026-08-03 18:17:11,2026-08-03,Mon,18,Shreyas Boosnoor,Bad number,Dead/ColdCall/WrongFit,Shreyas Boosnoor,0.331,8,wrong no,Scraping Algo ( IT services ),Scraped
340112021238,Simform,2026-08-03 17:47:22,2026-08-03,Mon,17,Shreyas Boosnoor,Bad number,Cold Call,Shreyas Boosnoor,0.309,8,wrong no,Scraping Algo ( IT services ),Scraped
340112022221,KiwiTech,2026-08-03 16:42:15,2026-08-03,Mon,16,Shreyas Boosnoor,Bad number,Dead/ColdCall/WrongFit,Shreyas Boosnoor,0.263,8,WRONG NO,Scraping Algo ( IT services ),Scraped
340112022241,Locus Rags,2026-08-03 14:09:49,2026-08-03,Mon,14,Shreyas Boosnoor,Bad number,Dead/ColdCall/WrongFit,Shreyas Boosnoor,0.155,8,WRONG NO,Scraping Algo ( IT services ),Scraped
340112033490,Contus Tech,2026-08-03 13:26:17,2026-08-03,Mon,13,Shreyas Boosnoor,Bad number,Dead/Interested/NoShow,Shreyas Boosnoor,0.124,8,wrong no,Scraping Algo ( IT services ),Scraped
340115921595,Gujarat Infotech Limited,2026-08-03 17:39:43,2026-08-03,Mon,17,Shreyas Boosnoor,Bad number,Dead/ColdCall/WrongFit,Shreyas Boosnoor,0.303,8,wrong no,Scraping Algo ( IT services ),Scraped
340115923672,Ionixx Technologies,2026-08-03 13:13:58,2026-08-03,Mon,13,Shreyas Boosnoor,Bad number,Dead/ColdCall/WrongFit,Shreyas Boosnoor,0.115,10,invalid no,Scraping Algo ( IT services ),Scraped
340116079333,Finnoto,2026-08-06 17:25:07,2026-08-06,Thu,17,Lamiya Saleem,Disqualified,Dead/ColdCall/WrongFit,Lamiya Saleem,2.958,15,still operating,Tracxn Sheet ( Startups ),Scraped
340116079337,Mobilab,2026-08-04 12:52:55,2026-08-04,Tue,12,Lamiya Saleem,Not interested,Dead/ColdCall/Not Interested,Lamiya Saleem,0.768,22,Said wasn't interested,Tracxn Sheet ( Startups ),Scraped
340117735151,ParamInfo,2026-08-03 18:13:05,2026-08-03,Mon,18,Shreyas Boosnoor,Bad number,Dead/ColdCall/WrongFit,Shreyas Boosnoor,0.328,8,wrong no,Scraping Algo ( IT services ),Scraped
340117737162,Indus Net Technologies,2026-08-03 11:41:22,2026-08-03,Mon,11,Shreyas Boosnoor,Bad number,Dead/ColdCall/WrongFit,Shreyas Boosnoor,0.05,10,invlaid no,Scraping Algo ( IT services ),Scraped
340117861059,Zocket,2026-08-04 13:03:48,2026-08-04,Tue,13,Yuktha Anand,Bad number,Call Attempted (retired),Yuktha Anand,0.801,12,Wrong number,Tracxn Sheet ( Startups ),Scraped
340119606002,SPEC INDIA,2026-08-03 18:11:10,2026-08-03,Mon,18,Shreyas Boosnoor,Bad number,Dead/ColdCall/WrongFit,Shreyas Boosnoor,0.326,8,wrong no,Scraping Algo ( IT services ),Scraped
340119622346,PC Solutions,2026-08-03 14:07:13,2026-08-03,Mon,14,Shreyas Boosnoor,Bad number,Dead/ColdCall/WrongFit,Shreyas Boosnoor,0.153,8,WRONGNNO,Scraping Algo ( IT services ),Scraped
340119623354,KeyValue Software Systems,2026-08-03 12:14:27,2026-08-03,Mon,12,Shreyas Boosnoor,Chase sent,Interested,Shreyas Boosnoor,0.073,57,"sent wa TO CEO, there is a meeting with their cto already",Scraping Algo ( IT services ),Scraped
340119633651,LeewayHertz,2026-08-03 16:10:12,2026-08-03,Mon,16,Shreyas Boosnoor,Bad number,Dead/ColdCall/WrongFit,Shreyas Boosnoor,0.239,7,wrongno,Scraping Algo ( IT services ),Scraped
340119634662,ThinkPalm Technologies,2026-08-03 12:26:27,2026-08-03,Mon,12,Shreyas Boosnoor,Chase sent,Cold Call,Shreyas Boosnoor,0.082,54,asked to send WA if they have then they will reach out,Scraping Algo ( IT services ),Scraped
340119782096,Crater,2026-08-03 17:43:28,2026-08-03,Mon,17,Yuktha Anand,Bad number,Call Attempted (retired),Yuktha Anand,0.079,68,Signal hire number invalid. Alternate number 8884047977- No response,Tracxn Sheet ( Startups ),Scraped
340122885864,Satyukt,2026-08-04 12:15:08,2026-08-04,Tue,12,Yuktha Anand,Chase sent,Call Attempted (retired),Yuktha Anand,0.768,24,Asked to sent WA message,Tracxn Sheet ( Startups ),Scraped
340122887899,Kredily,2026-08-04 12:58:38,2026-08-04,Tue,12,Yuktha Anand,Not interested,Dead/ColdCall/Not Interested,Yuktha Anand,0.798,14,Not Interested,Tracxn Sheet ( Startups ),Scraped
340134940356,factors.ai,2026-08-04 13:07:17,2026-08-04,Tue,13,Yuktha Anand,No pickup,Call Attempted (retired),Yuktha Anand,0.803,11,No response,Tracxn Sheet ( Startups ),Scraped
340136731354,Bric Spaces,2026-08-04 11:47:23,2026-08-04,Tue,11,Yuktha Anand,Chase sent,Cold Call,Yuktha Anand,0.757,113,Asked to send WA message. Post message: mentioned that he doesn't have any datasets right now- will stay in touch,Tracxn Sheet ( Startups ),Scraped
340136734440,TraceX,2026-08-04 12:46:17,2026-08-04,Tue,12,Yuktha Anand,No pickup,Call Attempted (retired),Yuktha Anand,0.789,11,No response,Tracxn Sheet ( Startups ),Scraped
340136734445,MarketWolf,2026-08-04 12:51:11,2026-08-04,Tue,12,Yuktha Anand,Bad number,Dead/ColdCall/WrongFit,Yuktha Anand,0.793,36,Number invalid- no alternative found,Tracxn Sheet ( Startups ),Scraped
340138510073,Lido,2026-08-03 17:51:44,2026-08-03,Mon,17,Yuktha Anand,No pickup,Call Attempted (retired),Yuktha Anand,0.084,36,No response to call- +91 98672 33014,Tracxn Sheet ( Startups ),Scraped
340148193014,Propreturns,2026-08-06 17:37:53,2026-08-06,Thu,17,Lamiya Saleem,Callback booked,GMeet Fixed,Lamiya Saleem,3.074,46,Said he would check for resources and get back,Tracxn Sheet ( Startups ),Scraped
340148193014,Propreturns,2026-08-10 15:29:46,2026-08-10,Mon,15,Lamiya Saleem,No pickup,GMeet Fixed,Lamiya Saleem,6.985,36,"called to follow-up, did not pick up",Tracxn Sheet ( Startups ),Scraped
340164380373,NeuroPixel.AI,2026-08-03 17:39:03,2026-08-03,Mon,17,Yuktha Anand,Not interested,Dead/ColdCall/Not Interested,Yuktha Anand,0.076,44,Founder is not interested in exploring this.,Tracxn Sheet ( Startups ),Scraped
340164702946,Crejo.Fun,2026-08-03 17:41:38,2026-08-03,Mon,17,Yuktha Anand,No pickup,Cold Call,Yuktha Anand,0.077,38,Called on +91 80100 61042- no response,Tracxn Sheet ( Startups ),Scraped
340166512346,Resilient AI Solutions,2026-08-04 11:36:45,2026-08-04,Tue,11,Yuktha Anand,No pickup,Call Attempted (retired),Yuktha Anand,0.824,11,No response,Tracxn Sheet ( Startups ),Scraped
340168595170,Xeeed IO,2026-08-04 13:09:49,2026-08-04,Tue,13,Yuktha Anand,Not interested,Call Attempted (retired),Yuktha Anand,0.805,15,Not interested.,Tracxn Sheet ( Startups ),Scraped
340168665828,Gamitronics,2026-08-04 12:38:49,2026-08-04,Tue,12,Yuktha Anand,Chase sent,Cold Call,Yuktha Anand,0.785,34,Asked to mail info@gamitronics.com,Tracxn Sheet ( Startups ),Scraped
340168680123,BridgeUp,2026-08-04 12:07:34,2026-08-04,Tue,12,Yuktha Anand,No pickup,Call Attempted (retired),Yuktha Anand,0.763,11,No response,Tracxn Sheet ( Startups ),Scraped
340168680150,Clik,2026-08-04 12:55:06,2026-08-04,Tue,12,Yuktha Anand,Bad number,Call Attempted (retired),Yuktha Anand,0.795,14,Number invalid,Tracxn Sheet ( Startups ),Scraped
340168680155,Heliware,2026-08-04 13:01:02,2026-08-04,Tue,13,Yuktha Anand,No pickup,Call Attempted (retired),Yuktha Anand,0.799,11,No response,Tracxn Sheet ( Startups ),Scraped
340168707817,REGRIP,2026-08-06 17:23:06,2026-08-06,Thu,17,Lamiya Saleem,Disqualified,Dead/ColdCall/WrongFit,Lamiya Saleem,2.955,15,still operating,Tracxn Sheet ( Startups ),Scraped
340177116882,Medidart,2026-08-04 12:39:36,2026-08-04,Tue,12,Ishpreet Sood,Not interested,Cold Call,Ishpreet Sood,0.036,14,not interested,Scraping Algo ( Startups ),Scraped
340177116882,Medidart,2026-08-04 13:28:56,2026-08-04,Tue,13,,System note,Dead/ColdCall/Not Interested,Yuktha Anand,0.071,755,"DEADPOOL WAVE LEAD — this company is DEAD. Do not pitch it as a live business. Company: Medidart Sector wave: Online Pharmacy Shut down: - Raised: small Status: Dead/dormant Founder(s) on this deal: K P Shravan (Founder & Director) How to open the call: they founded Medidart, which shut down. They have moved on and almost certainly consider the code worthless. That is the opening — we pay for a pre-2024 codebase they have already written off. There is no board, no customers and no ongoing business to protect, so the decision is theirs alone. Be respectful about the shutdown; it is often a sore subject. Contact source: SignalHire-verified mobile (this batch was 100% mobile, no switchboards). Numbers came from SignalHire only, never a spreadsheet.",Scraping Algo ( Startups ),Scraped
340177116894,Parcelled,2026-08-04 13:29:15,2026-08-04,Tue,13,,System note,Cold Call,Yuktha Anand,0.071,773,"DEADPOOL WAVE LEAD — this company is DEAD. Do not pitch it as a live business. Company: Parcelled Sector wave: Hyperlocal Delivery/Logistics Shut down: 2016 Raised: ~$5M Status: Dead (clean) Founder(s) on this deal: Xitij Kothi ⚡️ (Founder and CEO) How to open the call: they founded Parcelled, which shut down. They have moved on and almost certainly consider the code worthless. That is the opening — we pay for a pre-2024 codebase they have already written off. There is no board, no customers and no ongoing business to protect, so the decision is theirs alone. Be respectful about the shutdown; it is often a sore subject. Contact source: SignalHire-verified mobile (this batch was 100% mobile, no switchboards). Numbers came from SignalHire only, never a spreadsheet.",Scraping Algo ( Startups ),Scraped
340177116894,Parcelled,2026-08-04 15:08:44,2026-08-04,Tue,15,Yuktha Anand,No pickup,Call Attempted (retired),Yuktha Anand,0.14,11,No response,Scraping Algo ( Startups ),Scraped
340177225452,Phyt.Health,2026-08-04 16:57:44,2026-08-04,Tue,16,,System note,Cold Call,Yuktha Anand,0.0,1025,"RELEVANCE CHECK — read the LinkedIn profile, then mark relevant or irrelevant. Do not call. There is no phone on this deal yet, on purpose: we enrich only the ones you mark relevant, so no credits are spent on leads that turn out not to fit. Person: Vikram Patil Title: Senior Engineering Manager Company: PwC Location: Pune/Pimpri-Chinchwad Area LinkedIn: https://www.linkedin.com/in/uscpatilvikram Headline: Senior Engineering Manager · Agentic AI & Data Platform Architect · Real-Time Systems · DevSecOps Source: OutFlo India campaign — this person REPLIED to our LinkedIn outreach (sender: Yash Choudhary). Last action: 2026-07-31T11:46:16.661Z. What makes it relevant: an Indian IT-services firm or product company that could own pre-2024 client code, with this person senior enough to decide. I",Outflo Outreach ( Startups ),Campaign
340177225452,Phyt.Health,2026-08-04 19:04:41,2026-08-04,Tue,19,Yuktha Anand,Vetted - in,Interested,Yuktha Anand,0.088,99,Relevant and Interested Yash had shared calendly link on 31/08/2026- need to check if call happened,Outflo Outreach ( Startups ),Campaign
340178977525,Yumist,2026-08-04 13:30:05,2026-08-04,Tue,13,,System note,Cold Call,Lamiya Saleem,0.079,777,"DEADPOOL WAVE LEAD — this company is DEAD. Do not pitch it as a live business. Company: Yumist Sector wave: Foodtech Shut down: 2017 Raised: ~$1M Status: Dead (clean) Founder(s) on this deal: Alok Jain (Founder & CEO); Abhimanyu Maheshwari (Founder & COO) How to open the call: they founded Yumist, which shut down. They have moved on and almost certainly consider the code worthless. That is the opening — we pay for a pre-2024 codebase they have already written off. There is no board, no customers and no ongoing business to protect, so the decision is theirs alone. Be respectful about the shutdown; it is often a sore subject. Contact source: SignalHire-verified mobile (this batch was 100% mobile, no switchboards). Numbers came from SignalHire only, never a spreadsheet.",Scraping Algo ( Startups ),Scraped
340178977525,Yumist,2026-08-04 15:42:07,2026-08-04,Tue,15,Lamiya Saleem,Not interested,Dead/ColdCall/Not Interested,Lamiya Saleem,0.171,75,Abhimanyu asked me to contact Alok Jain. Alok said they are not interested.,Scraping Algo ( Startups ),Scraped
340179096286,Tricentis,2026-08-04 16:58:24,2026-08-04,Tue,16,,System note,Cold Call,Yuktha Anand,0.0,960,"RELEVANCE CHECK — read the LinkedIn profile, then mark relevant or irrelevant. Do not call. There is no phone on this deal yet, on purpose: we enrich only the ones you mark relevant, so no credits are spent on leads that turn out not to fit. Person: Utkarsh Shukla Title: Senior AI Engineer Company: Tricentis Location: Austin, Texas Metropolitan Area LinkedIn: https://www.linkedin.com/in/utkarshcs Headline: Platform Engineer Gen AI and ML. Source: OutFlo India campaign — this person REPLIED to our LinkedIn outreach (sender: Yash Choudhary). Last action: 2026-08-02T17:41:25.182Z. What makes it relevant: an Indian IT-services firm or product company that could own pre-2024 client code, with this person senior enough to decide. Irrelevant: an employee at a large corporate (Accenture, PwC, Shel",Outflo Outreach ( Startups ),Campaign
340179096286,Tricentis,2026-08-04 18:18:28,2026-08-04,Tue,18,Yuktha Anand,Vetted - out,Interested,Yuktha Anand,0.056,15,Irrelevant lead,Outflo Outreach ( Startups ),Campaign
340179620591,Learninga,2026-08-05 11:47:51,2026-08-05,Wed,11,,System note,Cold Call,Yuktha Anand,0.0,1119,"RELEVANCE CHECK — read the LinkedIn profile, then mark relevant or irrelevant. Do not call. There is no phone on this deal yet, on purpose: we enrich only the ones you mark relevant, so no credits are spent on leads that turn out not to fit. Person: Amar deep gupta Title: Senior Software Developer Company: State Bank of India Location: Navi Mumbai, Maharashtra, India LinkedIn: https://www.linkedin.com/in/amar-deep-gupta-7268b62a Headline: Senior Backend Engineer | IIIT-A | Java 17 | Kafka | Distributed Systems | Microservices | System Design (HLD/LLD) | Payments | Event-Driven Systems | High-Scal Source: OutFlo India campaign — this person REPLIED to our LinkedIn outreach (sender: Shobit Gupta). Last action: 2026-08-04T09:47:50.514Z. What makes it relevant: an Indian IT-services firm or pr",Outflo Outreach ( Startups ),Campaign
340179620591,Learninga,2026-08-05 12:11:46,2026-08-05,Wed,12,Yuktha Anand,Vetted - in,Interested,Yuktha Anand,0.017,67,Relevant Asked how much he can earn from this- shobit has responded,Outflo Outreach ( Startups ),Campaign
340179620591,Learninga,2026-08-05 17:19:26,2026-08-05,Wed,17,Yuktha Anand,Meeting fixed,GMeet Fixed,Yuktha Anand,0.23,33,Gmeet fixed for Saturday 11:00 AM,Outflo Outreach ( Startups ),Campaign
340179620591,Learninga,2026-08-17 15:23:49,2026-08-17,Mon,15,Yuktha Anand,Other,Script Shared,Yuktha Anand,12.15,55,"Script shared, but lead is mostly not relevant Less PRs",Outflo Outreach ( Startups ),Campaign
340180836061,TalentNeuron,2026-08-04 16:57:57,2026-08-04,Tue,16,,System note,Cold Call,Yuktha Anand,0.0,1116,"RELEVANCE CHECK — read the LinkedIn profile, then mark relevant or irrelevant. Do not call. There is no phone on this deal yet, on purpose: we enrich only the ones you mark relevant, so no credits are spent on leads that turn out not to fit. Person: Rishav Singh Title: Lead Artificial Intelligence Engineer Company: TalentNeuron Location: Asansol, West Bengal, India LinkedIn: https://www.linkedin.com/in/rishav-singh-0309581b5 Headline: AI @ TalentNeuron || Founder KomfyTrip || AI/GenAI Educator @IISc Bangalore || Corporate Trainer @Accenture || Technical Interviewer @Talentoza || Ex-{Turing,Sc Source: OutFlo India campaign — this person REPLIED to our LinkedIn outreach (sender: Ashish Ranjan). Last action: 2026-07-31T03:26:56.373Z. What makes it relevant: an Indian IT-services firm or produ",Outflo Outreach ( Startups ),Campaign
340180836061,TalentNeuron,2026-08-04 18:49:51,2026-08-04,Tue,18,Yuktha Anand,Interested,Dead/ColdCall/WrongFit,Yuktha Anand,0.078,26,Interested but irrelevant.,Outflo Outreach ( Startups ),Campaign
340186328807,9stacks,2026-08-03 16:15:03,2026-08-03,Mon,16,Bhanu Enamala,Other,Dead/ColdCall/Not Interested,Yuktha Anand,0.01,46,compeltely irrelavnt leadd.. number was wrong.,Tracxn Sheet ( Startups ),Scraped
340186328807,9stacks,2026-08-03 17:45:39,2026-08-03,Mon,17,Yuktha Anand,Other,Commercial Negotiation,Yuktha Anand,0.073,132,"Founder, Rishabh is already in touch with Upneet. They have a larger ask on the commercials, this is being discussed and catalouged.",Tracxn Sheet ( Startups ),Scraped
340186376942,Singularity Automation,2026-08-04 11:41:58,2026-08-04,Tue,11,Yuktha Anand,No pickup,Call Attempted (retired),Yuktha Anand,0.754,11,No response,Tracxn Sheet ( Startups ),Scraped
340188269259,Oga,2026-08-03 17:46:34,2026-08-03,Mon,17,Yuktha Anand,Bad number,Cold Call,Yuktha Anand,0.007,61,SignalHire number is invalid. Alt no: 9003031256- no response,Tracxn Sheet ( Startups ),Scraped
340188285632,The Homework Ap,2026-08-04 12:42:57,2026-08-04,Tue,12,Lamiya Saleem,Disqualified,Dead/ColdCall/WrongFit,Lamiya Saleem,0.778,34,No dormant codebase. Still active.,Tracxn Sheet ( Startups ),Scraped
340188342988,ZeboLive,2026-08-04 12:47:00,2026-08-04,Tue,12,Lamiya Saleem,Disqualified,Dead/ColdCall/WrongFit,Lamiya Saleem,0.764,19,No dormant codebase,Tracxn Sheet ( Startups ),Scraped
340188357353,Prolance,2026-08-06 17:22:19,2026-08-06,Thu,17,Lamiya Saleem,Disqualified,Dead/ColdCall/WrongFit,Lamiya Saleem,2.953,15,still operating,Tracxn Sheet ( Startups ),Scraped
340205664987,TaxiForSure,2026-08-04 13:29:40,2026-08-04,Tue,13,,System note,Cold Call,Yuktha Anand,0.079,819,"DEADPOOL WAVE LEAD — this company is DEAD. Do not pitch it as a live business. Company: TaxiForSure Sector wave: Mobility Shut down: 2016 Raised: ~$40M Status: Acquired-dead (Ola 2015) Founder(s) on this deal: Aprameya Radhakrishna (Founder and Director); Raghunandan G (Founder and Director) How to open the call: they founded TaxiForSure, which shut down. They have moved on and almost certainly consider the code worthless. That is the opening — we pay for a pre-2024 codebase they have already written off. There is no board, no customers and no ongoing business to protect, so the decision is theirs alone. Be respectful about the shutdown; it is often a sore subject. Contact source: SignalHire-verified mobile (this batch was 100% mobile, no switchboards). Numbers came from SignalHire only, n",Scraping Algo ( Startups ),Scraped
340205664987,TaxiForSure,2026-08-04 15:35:27,2026-08-04,Tue,15,Yuktha Anand,Bad number,Call Attempted (retired),Yuktha Anand,0.167,43,Raghu- number invalid Aprameya- No response,Scraping Algo ( Startups ),Scraped
340206270176,Suhash G.,2026-08-05 11:46:50,2026-08-05,Wed,11,,System note,Cold Call,Lamiya Saleem,0.0,1023,"RELEVANCE CHECK — read the LinkedIn profile, then mark relevant or irrelevant. Do not call. There is no phone on this deal yet, on purpose: we enrich only the ones you mark relevant, so no credits are spent on leads that turn out not to fit. Person: Suhash G. Title: Principal Engineer and OSS Author Company: Independent Location: Bengaluru, Karnataka, India LinkedIn: https://www.linkedin.com/in/suhashg1887 Headline: Staff / Principal Engineer · AI & LLM Infrastructure · Distributed Systems · OSS Author Source: OutFlo India campaign — this person REPLIED to our LinkedIn outreach (sender: Shobit Gupta). Last action: 2026-08-04T06:25:52.638Z. What makes it relevant: an Indian IT-services firm or product company that could own pre-2024 client code, with this person senior enough to decide. Irr",Outflo Outreach ( Startups ),Campaign
340206270176,Suhash G.,2026-08-05 11:52:32,2026-08-05,Wed,11,Lamiya Saleem,Vetted - out,Dead/ColdCall/WrongFit,Lamiya Saleem,0.004,33,Irrelevant. Does not own codebase,Outflo Outreach ( Startups ),Campaign
340206270194,Unicommerce,2026-08-05 11:48:11,2026-08-05,Wed,11,,System note,Cold Call,Lamiya Saleem,0.0,973,"RELEVANCE CHECK — read the LinkedIn profile, then mark relevant or irrelevant. Do not call. There is no phone on this deal yet, on purpose: we enrich only the ones you mark relevant, so no credits are spent on leads that turn out not to fit. Person: Rahul Motiyani Title: Product Manager -2 Company: Unicommerce Location: Gurugram, Haryana, India LinkedIn: https://www.linkedin.com/in/rahul452 Headline: Product Manager | AI Products | Ex-SDE | BITS Pilani Source: OutFlo India campaign — this person REPLIED to our LinkedIn outreach (sender: Ishpreet Sood). Last action: 2026-08-04T16:05:27.612Z. What makes it relevant: an Indian IT-services firm or product company that could own pre-2024 client code, with this person senior enough to decide. Irrelevant: an employee at a large corporate (Accentu",Outflo Outreach ( Startups ),Campaign
340206270194,Unicommerce,2026-08-05 11:55:01,2026-08-05,Wed,11,Lamiya Saleem,Vetted - out,Dead/ColdCall/WrongFit,Lamiya Saleem,0.005,66,Irrelevant. Non tech founder. Also did not reply to past messages.,Outflo Outreach ( Startups ),Campaign
340207478493,TinyOwl,2026-08-04 13:29:43,2026-08-04,Tue,13,,System note,Cold Call,Lamiya Saleem,0.071,786,"DEADPOOL WAVE LEAD — this company is DEAD. Do not pitch it as a live business. Company: TinyOwl Sector wave: Foodtech Shut down: 2016 Raised: ~$27.7M Status: Acquired-dead (merged into Runnr->Zomato) Founder(s) on this deal: Harshvardhan Mandad (Co-Founder & CEO) How to open the call: they founded TinyOwl, which shut down. They have moved on and almost certainly consider the code worthless. That is the opening — we pay for a pre-2024 codebase they have already written off. There is no board, no customers and no ongoing business to protect, so the decision is theirs alone. Be respectful about the shutdown; it is often a sore subject. Contact source: SignalHire-verified mobile (this batch was 100% mobile, no switchboards). Numbers came from SignalHire only, never a spreadsheet.",Scraping Algo ( Startups ),Scraped
340207596229,Zuci Systems,2026-08-04 16:58:42,2026-08-04,Tue,16,,System note,Cold Call,Lamiya Saleem,0.0,1100,"RELEVANCE CHECK — read the LinkedIn profile, then mark relevant or irrelevant. Do not call. There is no phone on this deal yet, on purpose: we enrich only the ones you mark relevant, so no credits are spent on leads that turn out not to fit. Person: Ramesh Babu Muthuvel (exPMP) Title: Director Digital Engineering Company: Zuci Systems Location: Chennai, Tamil Nadu, India LinkedIn: https://www.linkedin.com/in/mrbabu Headline: Global Delivery Head – Engineering & Professional Services | AI Champion | GCC Expert | Innovation + Operational Excellence | People. Process. Performance. Source: OutFlo India campaign — this person REPLIED to our LinkedIn outreach (sender: Shobit Gupta). Last action: 2026-08-04T08:53:42.565Z. What makes it relevant: an Indian IT-services firm or product company that ",Outflo Outreach ( Startups ),Campaign
340207596229,Zuci Systems,2026-08-05 13:26:38,2026-08-05,Wed,13,Lamiya Saleem,Vetted - out,Dead/ColdCall/Not Interested,Lamiya Saleem,0.853,41,Irrelevant lead. Not interested as of now,Outflo Outreach ( Startups ),Campaign
340208142031,Procure,2026-08-05 11:47:31,2026-08-05,Wed,11,,System note,Cold Call,Lamiya Saleem,0.0,991,"RELEVANCE CHECK — read the LinkedIn profile, then mark relevant or irrelevant. Do not call. There is no phone on this deal yet, on purpose: we enrich only the ones you mark relevant, so no credits are spent on leads that turn out not to fit. Person: Surya Ranjan Shandil Title: Senior Software Developer Company: Procure Location: Bengaluru, Karnataka, India LinkedIn: https://www.linkedin.com/in/surya-ranjan-shandil-12525213 Headline: Senior Software Developer at Procure Source: OutFlo India campaign — this person REPLIED to our LinkedIn outreach (sender: Yash Choudhary). Last action: 2026-08-04T08:47:39.709Z. What makes it relevant: an Indian IT-services firm or product company that could own pre-2024 client code, with this person senior enough to decide. Irrelevant: an employee at a large ",Outflo Outreach ( Startups ),Campaign
340208142031,Procure,2026-08-05 12:18:49,2026-08-05,Wed,12,Lamiya Saleem,Vetted - out,Dead/ColdCall/WrongFit,Lamiya Saleem,0.022,40,Irrelevant lead. Does not have any repos,Outflo Outreach ( Startups ),Campaign
340211053258,DUX Education,2026-08-04 13:27:50,2026-08-04,Tue,13,,System note,Dead/ColdCall/WrongFit,Lamiya Saleem,0.078,757,"DEADPOOL WAVE LEAD — this company is DEAD. Do not pitch it as a live business. Company: DUX Education Sector wave: Edtech Shut down: 2023 Raised: ~Rs2Cr Status: Dead (clean) Founder(s) on this deal: Rohit Jain (Co-Founder & CEO) How to open the call: they founded DUX Education, which shut down. They have moved on and almost certainly consider the code worthless. That is the opening — we pay for a pre-2024 codebase they have already written off. There is no board, no customers and no ongoing business to protect, so the decision is theirs alone. Be respectful about the shutdown; it is often a sore subject. Contact source: SignalHire-verified mobile (this batch was 100% mobile, no switchboards). Numbers came from SignalHire only, never a spreadsheet.",Scraping Algo ( Startups ),Scraped
340214638319,Baxi,2026-08-04 13:27:40,2026-08-04,Tue,13,,System note,Interested,Yuktha Anand,0.079,805,"DEADPOOL WAVE LEAD — this company is DEAD. Do not pitch it as a live business. Company: Baxi (74 BC Technologies) Sector wave: Mobility Shut down: ~2018 Raised: ~$5-6M Status: Dead (clean) Founder(s) on this deal: Ashutosh Johri (Founder); Manu Rana (Founder, CTO) How to open the call: they founded Baxi (74 BC Technologies), which shut down. They have moved on and almost certainly consider the code worthless. That is the opening — we pay for a pre-2024 codebase they have already written off. There is no board, no customers and no ongoing business to protect, so the decision is theirs alone. Be respectful about the shutdown; it is often a sore subject. Contact source: SignalHire-verified mobile (this batch was 100% mobile, no switchboards). Numbers came from SignalHire only, never a spreads",Scraping Algo ( Startups ),Scraped
340214638319,Baxi,2026-08-17 18:45:17,2026-08-17,Mon,18,Yuktha Anand,No pickup,Interested,Yuktha Anand,13.3,11,No response,Scraping Algo ( Startups ),Scraped
340214639332,Flashdoor,2026-08-04 13:28:22,2026-08-04,Tue,13,,System note,Cold Call,Yuktha Anand,0.078,758,"DEADPOOL WAVE LEAD — this company is DEAD. Do not pitch it as a live business. Company: Flashdoor Sector wave: Hyperlocal Laundry Shut down: ~2016/17 Raised: small Status: Dead Founder(s) on this deal: Ankit Agarwal (Co-Founder, CEO) How to open the call: they founded Flashdoor, which shut down. They have moved on and almost certainly consider the code worthless. That is the opening — we pay for a pre-2024 codebase they have already written off. There is no board, no customers and no ongoing business to protect, so the decision is theirs alone. Be respectful about the shutdown; it is often a sore subject. Contact source: SignalHire-verified mobile (this batch was 100% mobile, no switchboards). Numbers came from SignalHire only, never a spreadsheet.",Scraping Algo ( Startups ),Scraped
340214639332,Flashdoor,2026-08-04 15:12:55,2026-08-04,Tue,15,Yuktha Anand,Callback booked,Call Attempted (retired),Yuktha Anand,0.15,16,Was in a meeting,Scraping Algo ( Startups ),Scraped
340214642416,Roadrunnr/Runnr,2026-08-04 13:29:27,2026-08-04,Tue,13,,System note,Dead/ColdCall/WrongFit,Yuktha Anand,0.071,794,"DEADPOOL WAVE LEAD — this company is DEAD. Do not pitch it as a live business. Company: Roadrunnr/Runnr Sector wave: Hyperlocal Delivery/Logistics Shut down: 2017 Raised: ~$21M Status: Acquired-dead (Zomato, ~$40M) Founder(s) on this deal: Arpit Dave (Co-Founder) How to open the call: they founded Roadrunnr/Runnr, which shut down. They have moved on and almost certainly consider the code worthless. That is the opening — we pay for a pre-2024 codebase they have already written off. There is no board, no customers and no ongoing business to protect, so the decision is theirs alone. Be respectful about the shutdown; it is often a sore subject. Contact source: SignalHire-verified mobile (this batch was 100% mobile, no switchboards). Numbers came from SignalHire only, never a spreadsheet.",Scraping Algo ( Startups ),Scraped
340214758077,ThoughtSpot,2026-08-04 16:58:10,2026-08-04,Tue,16,,System note,Cold Call,Yuktha Anand,0.0,981,"RELEVANCE CHECK — read the LinkedIn profile, then mark relevant or irrelevant. Do not call. There is no phone on this deal yet, on purpose: we enrich only the ones you mark relevant, so no credits are spent on leads that turn out not to fit. Person: Rabi Shah Title: Senior Engineering Manager Company: ThoughtSpot Location: Bengaluru, Karnataka, India LinkedIn: https://www.linkedin.com/in/rabi-shah-b0381b40 Headline: Senior Engineering Manager, Thoughtspot Inc. Source: OutFlo India campaign — this person REPLIED to our LinkedIn outreach (sender: Ishpreet Sood). Last action: 2026-07-31T14:26:57.520Z. What makes it relevant: an Indian IT-services firm or product company that could own pre-2024 client code, with this person senior enough to decide. Irrelevant: an employee at a large corporate ",Outflo Outreach ( Startups ),Campaign
340214758077,ThoughtSpot,2026-08-04 18:37:00,2026-08-04,Tue,18,Yuktha Anand,Vetted - in,Interested,Yuktha Anand,0.069,96,Relevant Asked how he can help. Checking if available for call at 2:00 PM + Shared calendly link,Outflo Outreach ( Startups ),Campaign
340214758077,ThoughtSpot,2026-08-06 16:23:05,2026-08-06,Thu,16,Yuktha Anand,Bad number,Dead/ColdCall/WrongNumber,Yuktha Anand,1.976,14,Number invalid,Outflo Outreach ( Startups ),Campaign
340214758077,ThoughtSpot,2026-08-18 15:47:21,2026-08-18,Tue,15,,Bad number,Cold Call,Yuktha Anand,13.951,141,Wrong number corrected via Wiza enrichment. Old: +919599726660 (dead). New: +919008498419 for Rabi Shah. Moved back to Cold Call for re-dial.,Outflo Outreach ( Startups ),Campaign
340215234254,Eli Lilly and Company,2026-08-05 11:46:28,2026-08-05,Wed,11,,System note,Cold Call,Yuktha Anand,0.0,997,"RELEVANCE CHECK — read the LinkedIn profile, then mark relevant or irrelevant. Do not call. There is no phone on this deal yet, on purpose: we enrich only the ones you mark relevant, so no credits are spent on leads that turn out not to fit. Person: Parth S. Title: Consultant - Dynamic Targeting & Route Optimizer Company: Eli Lilly and Company Location: Bengaluru, Karnataka, India LinkedIn: https://www.linkedin.com/in/parth-saboo Headline: Consultant - Eli Lilly • BITS Pilani Source: OutFlo India campaign — this person REPLIED to our LinkedIn outreach (sender: Ishpreet Sood). Last action: 2026-08-03T12:35:06.658Z. What makes it relevant: an Indian IT-services firm or product company that could own pre-2024 client code, with this person senior enough to decide. Irrelevant: an employee at a ",Outflo Outreach ( Startups ),Campaign
340215234254,Eli Lilly and Company,2026-08-05 12:41:52,2026-08-05,Wed,12,Yuktha Anand,Vetted - out,Dead/ColdCall/WrongFit,Yuktha Anand,0.039,37,Irrelevant lead- never been a founder,Outflo Outreach ( Startups ),Campaign
340215234269,Gateway Group of Companies,2026-08-05 11:46:43,2026-08-05,Wed,11,,System note,Cold Call,Yuktha Anand,0.0,1091,"RELEVANCE CHECK — read the LinkedIn profile, then mark relevant or irrelevant. Do not call. There is no phone on this deal yet, on purpose: we enrich only the ones you mark relevant, so no credits are spent on leads that turn out not to fit. Person: Samik Pandit Title: Senior AI Engineer Company: Gateway Group of Companies Location: Ahmedabad, Gujarat, India LinkedIn: https://www.linkedin.com/in/samikpandit Headline: Experienced AI Engineer | Multi-Agent Systems · LLMOps · RAG | Anthropic Claude Certified Architect | PhD Scholar (CS) | Enterprise GenAI at Gateway Group Source: OutFlo India campaign — this person REPLIED to our LinkedIn outreach (sender: Shobit Gupta). Last action: 2026-08-04T06:37:28.577Z. What makes it relevant: an Indian IT-services firm or product company that could own",Outflo Outreach ( Startups ),Campaign
340215234269,Gateway Group of Companies,2026-08-05 12:40:27,2026-08-05,Wed,12,Yuktha Anand,Vetted - out,Dead/ColdCall/WrongFit,Yuktha Anand,0.037,10,Irrelevant,Outflo Outreach ( Startups ),Campaign
340215298751,Questpond,2026-08-13 11:56:32,2026-08-13,Thu,11,Lamiya Saleem,No pickup,Cold Call,Lamiya Saleem,7.838,15,did not pick up,Linkedin Campaign ( IT Services ),Campaign
340228051665,MyWash,2026-08-04 13:29:03,2026-08-04,Tue,13,,System note,Cold Call,Yuktha Anand,0.081,874,"DEADPOOL WAVE LEAD — this company is DEAD. Do not pitch it as a live business. Company: MyWash Sector wave: Hyperlocal Laundry Shut down: ~2016/17 Raised: small Status: Acquired-dead (Housejoy) Founder(s) on this deal: Vikramsimha Reddy Kallam (Founding Member); Silus Reddy Chintapalli (Co-Founder); Abhinav Pandey (Founding Team Member | Operations ) How to open the call: they founded MyWash, which shut down. They have moved on and almost certainly consider the code worthless. That is the opening — we pay for a pre-2024 codebase they have already written off. There is no board, no customers and no ongoing business to protect, so the decision is theirs alone. Be respectful about the shutdown; it is often a sore subject. Contact source: SignalHire-verified mobile (this batch was 100% mobile,",Scraping Algo ( Startups ),Scraped
340228051665,MyWash,2026-08-04 14:58:36,2026-08-04,Tue,14,Yuktha Anand,Bad number,Call Attempted (retired),Yuktha Anand,0.143,62,Abhinav- no response Silus- Invalid number Vikram- no response,Scraping Algo ( Startups ),Scraped
340228158193,Aegis 🔨,2026-08-04 16:57:05,2026-08-04,Tue,16,,System note,Cold Call,Yuktha Anand,0.0,1007,"RELEVANCE CHECK — read the LinkedIn profile, then mark relevant or irrelevant. Do not call. There is no phone on this deal yet, on purpose: we enrich only the ones you mark relevant, so no credits are spent on leads that turn out not to fit. Person: Dinesh Talwadker Title: Open to Work | Web3 & Growth | Prev: Covalent Company: Aegis 🔨 Location: Ahmedabad, Gujarat, India LinkedIn: https://www.linkedin.com/in/dineshtalwadker Headline: Open to Work | Web3 & Growth | Prev: Covalent, Aegis 🔨 Source: OutFlo India campaign — this person REPLIED to our LinkedIn outreach (sender: Shobit Gupta). Last action: 2026-08-01T13:02:06.785Z. What makes it relevant: an Indian IT-services firm or product company that could own pre-2024 client code, with this person senior enough to decide. Irrelevant: an empl",Outflo Outreach ( Startups ),Campaign
340228158193,Aegis 🔨,2026-08-05 11:42:10,2026-08-05,Wed,11,Yuktha Anand,Vetted - out,Dead/ColdCall/WrongFit,Yuktha Anand,0.781,116,Irrelevant lead. POC only had a generic response. Founder of a company post 2024 for short duration- no past history,Outflo Outreach ( Startups ),Campaign
340228158196,MatchLog Solutions Pvt. Ltd.,2026-08-04 16:57:38,2026-08-04,Tue,16,,System note,Cold Call,Lamiya Saleem,0.0,1028,"RELEVANCE CHECK — read the LinkedIn profile, then mark relevant or irrelevant. Do not call. There is no phone on this deal yet, on purpose: we enrich only the ones you mark relevant, so no credits are spent on leads that turn out not to fit. Person: Mehul Doshi Title: VP Engineering Company: MatchLog Solutions Pvt. Ltd. Location: Mumbai Metropolitan Region LinkedIn: https://www.linkedin.com/in/doshimehul Headline: VP Engineering | CTO | Product & Engineering Leader | SaaS, Logistics & AI-Powered Platforms Source: OutFlo India campaign — this person REPLIED to our LinkedIn outreach (sender: Yash Choudhary). Last action: 2026-07-31T05:13:13.381Z. What makes it relevant: an Indian IT-services firm or product company that could own pre-2024 client code, with this person senior enough to decide",Outflo Outreach ( Startups ),Campaign
340228158196,MatchLog Solutions Pvt. Ltd.,2026-08-05 13:31:23,2026-08-05,Wed,13,Lamiya Saleem,Vetted - in,Interested,Lamiya Saleem,0.857,13,Relevant lead,Outflo Outreach ( Startups ),Campaign
340228158196,MatchLog Solutions Pvt. Ltd.,2026-08-11 10:59:03,2026-08-11,Tue,10,Lamiya Saleem,Other,Script Shared,Lamiya Saleem,6.751,17,No access to code,Outflo Outreach ( Startups ),Campaign
340228158197,Silverpush,2026-08-04 16:57:51,2026-08-04,Tue,16,,System note,Cold Call,Lamiya Saleem,0.0,969,"RELEVANCE CHECK — read the LinkedIn profile, then mark relevant or irrelevant. Do not call. There is no phone on this deal yet, on purpose: we enrich only the ones you mark relevant, so no credits are spent on leads that turn out not to fit. Person: Abin Abraham Title: Team lead Technology Company: Silverpush Location: Delhi, India LinkedIn: https://www.linkedin.com/in/abin107 Headline: Fluent in both AI and common sense | Team Lead • GenAi • AdTech Source: OutFlo India campaign — this person REPLIED to our LinkedIn outreach (sender: Shobit Gupta). Last action: 2026-07-31T06:42:36.538Z. What makes it relevant: an Indian IT-services firm or product company that could own pre-2024 client code, with this person senior enough to decide. Irrelevant: an employee at a large corporate (Accenture, ",Outflo Outreach ( Startups ),Campaign
340228158197,Silverpush,2026-08-05 13:30:31,2026-08-05,Wed,13,Lamiya Saleem,Vetted - out,Cold Call,Lamiya Saleem,0.856,48,Irrelevant lead Does not have post 2024 codebase,Outflo Outreach ( Startups ),Campaign
340231703276,Coindelta,2026-08-04 13:27:47,2026-08-04,Tue,13,,System note,Cold Call,Yuktha Anand,0.079,787,"DEADPOOL WAVE LEAD — this company is DEAD. Do not pitch it as a live business. Company: Coindelta Sector wave: Crypto/Web3 Exchanges Shut down: ~2019 Raised: - Status: Dead (clean) Founder(s) on this deal: Manish K. (Co-Founder); Rajdeep Singh (CEO & Co-founder) How to open the call: they founded Coindelta, which shut down. They have moved on and almost certainly consider the code worthless. That is the opening — we pay for a pre-2024 codebase they have already written off. There is no board, no customers and no ongoing business to protect, so the decision is theirs alone. Be respectful about the shutdown; it is often a sore subject. Contact source: SignalHire-verified mobile (this batch was 100% mobile, no switchboards). Numbers came from SignalHire only, never a spreadsheet.",Scraping Algo ( Startups ),Scraped
340231703276,Coindelta,2026-08-04 16:11:05,2026-08-04,Tue,16,Yuktha Anand,No pickup,Call Attempted (retired),Yuktha Anand,0.193,11,No response,Scraping Algo ( Startups ),Scraped
340231707352,Mebelkart,2026-08-04 13:28:53,2026-08-04,Tue,13,,System note,Cold Call,Lamiya Saleem,0.071,817,"DEADPOOL WAVE LEAD — this company is DEAD. Do not pitch it as a live business. Company: Mebelkart Sector wave: Furniture & Home Decor E-comm Shut down: 2017 Raised: ~$20M (via AskMe) Status: Acquired then collapsed (AskMe shut 2016) Founder(s) on this deal: Rahul Agrawal (Co-Founder and CEO) How to open the call: they founded Mebelkart, which shut down. They have moved on and almost certainly consider the code worthless. That is the opening — we pay for a pre-2024 codebase they have already written off. There is no board, no customers and no ongoing business to protect, so the decision is theirs alone. Be respectful about the shutdown; it is often a sore subject. Contact source: SignalHire-verified mobile (this batch was 100% mobile, no switchboards). Numbers came from SignalHire only, nev",Scraping Algo ( Startups ),Scraped
340231707352,Mebelkart,2026-08-06 15:44:07,2026-08-06,Thu,15,Lamiya Saleem,Not interested,Script Shared,Lamiya Saleem,2.165,86,"said no bandwidth. asking for 2 months time. if someone is available before, will lmk.",Scraping Algo ( Startups ),Scraped
340231707375,Urban Dhobi,2026-08-04 13:30:01,2026-08-04,Tue,13,,System note,Cold Call,Yuktha Anand,0.071,768,"DEADPOOL WAVE LEAD — this company is DEAD. Do not pitch it as a live business. Company: Urban Dhobi Sector wave: Hyperlocal Laundry Shut down: ~2017 Raised: ~$18K Status: Dead/dormant Founder(s) on this deal: Satyam Mishra (CEO & Co Founder) How to open the call: they founded Urban Dhobi, which shut down. They have moved on and almost certainly consider the code worthless. That is the opening — we pay for a pre-2024 codebase they have already written off. There is no board, no customers and no ongoing business to protect, so the decision is theirs alone. Be respectful about the shutdown; it is often a sore subject. Contact source: SignalHire-verified mobile (this batch was 100% mobile, no switchboards). Numbers came from SignalHire only, never a spreadsheet.",Scraping Algo ( Startups ),Scraped
340231707375,Urban Dhobi,2026-08-04 15:04:39,2026-08-04,Tue,15,Yuktha Anand,No pickup,Call Attempted (retired),Yuktha Anand,0.136,11,No response,Scraping Algo ( Startups ),Scraped
340233476823,Zimmber,2026-08-04 13:30:13,2026-08-04,Tue,13,,System note,Cold Call,Lamiya Saleem,0.081,879,"DEADPOOL WAVE LEAD — this company is DEAD. Do not pitch it as a live business. Company: Zimmber Sector wave: Hyperlocal Home Services Shut down: 2017 Raised: ~$11M Status: Acquired-dead (Quikr, ~$10M all-stock) Founder(s) on this deal: Anubhab Goel (Co Founder & CEO); Gaurav Shrivastava (Co-Founder); Amit Kumar Mishra (Sr. Executive-Business Development) How to open the call: they founded Zimmber, which shut down. They have moved on and almost certainly consider the code worthless. That is the opening — we pay for a pre-2024 codebase they have already written off. There is no board, no customers and no ongoing business to protect, so the decision is theirs alone. Be respectful about the shutdown; it is often a sore subject. Contact source: SignalHire-verified mobile (this batch was 100% mo",Scraping Algo ( Startups ),Scraped
340233476823,Zimmber,2026-08-17 14:21:31,2026-08-17,Mon,14,Yuktha Anand,Bad number,Cold Call,Yuktha Anand,13.117,90,"Number invalid Zimmber- wrong fit Founder, Gaurav's other entity Pensieve is relevant lead",Scraping Algo ( Startups ),Scraped
340233491158,MIB Tech Solutions,2026-08-04 12:06:36,2026-08-04,Tue,12,,System note,Cold Call,Shobit Gupta,0.0,617,"LinkedIn Lead-Gen Form — ITservices_targeted_message (SPONSORED), submitted 4 Aug 2026. INBOUND: he filled the form himself. Form answers: • Dormant IT projects he wants to license: 4 • Company operating: under 3 years SignalHire: Founder & CEO, Greater Coimbatore Area. Current companies on his profile: MIB Tech Solutions, M.i.B Tech, Galific Solutions. CONFIRM ON THE CALL which entity holds the 4 dormant projects — the deal is filed under MIB Tech Solutions (his eponymous company); Galific Solutions is the other candidate. Phone +919600631764 is from the form, not SignalHire (SignalHire returned no contacts).",Linkedin Campaign ( IT Services ),Campaign
340242491096,OneClickWash,2026-08-04 13:29:07,2026-08-04,Tue,13,,System note,Cold Call,Lamiya Saleem,0.081,871,"DEADPOOL WAVE LEAD — this company is DEAD. Do not pitch it as a live business. Company: OneClickWash Sector wave: Hyperlocal Laundry Shut down: ~2016/17 Raised: small Status: Acquired-dead (PickMyLaundry) Founder(s) on this deal: Vivek Iyer (Founder and CEO); Saurav Killa (Chief Operating Officer (Co-Founde); Srinivas Nudurupati (Co Founder) How to open the call: they founded OneClickWash, which shut down. They have moved on and almost certainly consider the code worthless. That is the opening — we pay for a pre-2024 codebase they have already written off. There is no board, no customers and no ongoing business to protect, so the decision is theirs alone. Be respectful about the shutdown; it is often a sore subject. Contact source: SignalHire-verified mobile (this batch was 100% mobile, no",Scraping Algo ( Startups ),Scraped
340242492104,1K Kirana,2026-08-04 13:27:37,2026-08-04,Tue,13,,System note,Cold Call,Lamiya Saleem,0.078,811,"DEADPOOL WAVE LEAD — this company is DEAD. Do not pitch it as a live business. Company: 1K Kirana (1K Stores) Sector wave: Quick Commerce Shut down: 2024 Raised: ~$36M Status: Dead (near-bankruptcy) Founder(s) on this deal: Sachin Sharma (Lead (Senior Business Data Analyst) How to open the call: they founded 1K Kirana (1K Stores), which shut down. They have moved on and almost certainly consider the code worthless. That is the opening — we pay for a pre-2024 codebase they have already written off. There is no board, no customers and no ongoing business to protect, so the decision is theirs alone. Be respectful about the shutdown; it is often a sore subject. Contact source: SignalHire-verified mobile (this batch was 100% mobile, no switchboards). Numbers came from SignalHire only, never a s",Scraping Algo ( Startups ),Scraped
340242496198,Taggle,2026-08-04 13:29:34,2026-08-04,Tue,13,,System note,Cold Call,Yuktha Anand,0.071,770,"DEADPOOL WAVE LEAD — this company is DEAD. Do not pitch it as a live business. Company: Taggle Sector wave: Daily Deals / Group Buying Shut down: - Raised: - Status: Dead (clean) Founder(s) on this deal: Rutvik Doshi (CEO and Chief Product Officer) How to open the call: they founded Taggle, which shut down. They have moved on and almost certainly consider the code worthless. That is the opening — we pay for a pre-2024 codebase they have already written off. There is no board, no customers and no ongoing business to protect, so the decision is theirs alone. Be respectful about the shutdown; it is often a sore subject. Contact source: SignalHire-verified mobile (this batch was 100% mobile, no switchboards). Numbers came from SignalHire only, never a spreadsheet.",Scraping Algo ( Startups ),Scraped
340242496198,Taggle,2026-08-04 15:06:33,2026-08-04,Tue,15,Yuktha Anand,No pickup,Call Attempted (retired),Yuktha Anand,0.138,11,No response,Scraping Algo ( Startups ),Scraped
340242620123,Aapilok Softech Pvt. Ltd.,2026-08-04 16:56:58,2026-08-04,Tue,16,,System note,Cold Call,Lamiya Saleem,0.0,1015,"RELEVANCE CHECK — read the LinkedIn profile, then mark relevant or irrelevant. Do not call. There is no phone on this deal yet, on purpose: we enrich only the ones you mark relevant, so no credits are spent on leads that turn out not to fit. Person: Jai Dave Title: Software Consultant Company: Aapilok Softech Pvt. Ltd. Location: Udaipur, Rajasthan, India LinkedIn: https://www.linkedin.com/in/jai-dave Headline: Software Consultant @Founder’sCaffe || Founder @आपि || Aapilok Softech Pvt Ltd || UIG Source: OutFlo India campaign — this person REPLIED to our LinkedIn outreach (sender: Shobit Gupta). Last action: 2026-07-31T12:42:45.763Z. What makes it relevant: an Indian IT-services firm or product company that could own pre-2024 client code, with this person senior enough to decide. Irrelevant:",Outflo Outreach ( Startups ),Campaign
340242620123,Aapilok Softech Pvt. Ltd.,2026-08-05 13:34:42,2026-08-05,Wed,13,Lamiya Saleem,Vetted - in,Cold Call,Lamiya Saleem,0.86,13,Relevant lead,Outflo Outreach ( Startups ),Campaign
340250628800,Truebil,2026-08-04 13:29:55,2026-08-04,Tue,13,,System note,Cold Call,Yuktha Anand,0.082,912,"DEADPOOL WAVE LEAD — this company is DEAD. Do not pitch it as a live business. Company: Truebil Sector wave: Used Car Marketplaces Shut down: 2020 Raised: ~$27M Status: Acquired-dead (Spinny, Aug 2020) Founder(s) on this deal: Rakesh Raman (Co Founder and Chief of Product & ); Shanu Vivek (Co-Founder & Digital Marketing Hea); Suraj Kalwani (Co-founder and CEO); Shubh Bansal (Co-Founder) How to open the call: they founded Truebil, which shut down. They have moved on and almost certainly consider the code worthless. That is the opening — we pay for a pre-2024 codebase they have already written off. There is no board, no customers and no ongoing business to protect, so the decision is theirs alone. Be respectful about the shutdown; it is often a sore subject. Contact source: SignalHire-verifi",Scraping Algo ( Startups ),Scraped
340250628800,Truebil,2026-08-04 14:20:07,2026-08-04,Tue,14,Yuktha Anand,Bad number,Call Attempted (retired),Yuktha Anand,0.117,62,Shubh- Is busy now Suraj- Number is invalid Shanu- No response,Scraping Algo ( Startups ),Scraped
340250628800,Truebil,2026-08-04 14:26:41,2026-08-04,Tue,14,Yuktha Anand,Callback booked,Call Attempted (retired),Yuktha Anand,0.122,68,Shanu- Asked to send message on WA- will get back on timing for call,Scraping Algo ( Startups ),Scraped
340250628800,Truebil,2026-08-06 17:45:02,2026-08-06,Thu,17,Yuktha Anand,No pickup,No Pickup,Yuktha Anand,2.259,33,No response to call or WA message,Scraping Algo ( Startups ),Scraped
340250628800,Truebil,2026-08-18 15:47:26,2026-08-18,Tue,15,,Bad number,Cold Call,Yuktha Anand,14.178,145,Wrong number corrected via Wiza enrichment. Old: +917501378241 (dead). New: +917506144785 for Suraj Kalwani. Moved back to Cold Call for re-dial.,Scraping Algo ( Startups ),Scraped
340250628800,Truebil,2026-08-19 16:58:08,2026-08-19,Wed,16,Yuktha Anand,No pickup,Dead/ColdCall/Not Interested,Yuktha Anand,15.227,7,Hung up,Scraping Algo ( Startups ),Scraped
340250628836,LocalBanya,2026-08-04 13:28:51,2026-08-04,Tue,13,,System note,Cold Call,Yuktha Anand,0.081,847,"DEADPOOL WAVE LEAD — this company is DEAD. Do not pitch it as a live business. Company: LocalBanya Sector wave: Hyperlocal grocery Shut down: 2016 Raised: undisclosed Status: Dead (clean) Founder(s) on this deal: Rashi Choudhary (Director Client Servicing & Retail); Amit Naik (Co-Founder); Karan Mehrotra (CEO & Founder) How to open the call: they founded LocalBanya, which shut down. They have moved on and almost certainly consider the code worthless. That is the opening — we pay for a pre-2024 codebase they have already written off. There is no board, no customers and no ongoing business to protect, so the decision is theirs alone. Be respectful about the shutdown; it is often a sore subject. Contact source: SignalHire-verified mobile (this batch was 100% mobile, no switchboards). Numbers ",Scraping Algo ( Startups ),Scraped
340250628836,LocalBanya,2026-08-04 14:54:07,2026-08-04,Tue,14,Yuktha Anand,Bad number,Dead/ColdCall/WrongNumber,Yuktha Anand,0.14,47,Both the numbers for the founders are incorrect,Scraping Algo ( Startups ),Scraped
340250629845,Dunzo,2026-08-04 13:28:01,2026-08-04,Tue,13,,System note,Cold Call,Yuktha Anand,0.079,802,"DEADPOOL WAVE LEAD — this company is DEAD. Do not pitch it as a live business. Company: Dunzo Sector wave: Quick Commerce Shut down: 2025 Raised: $450M+ (incl. Reliance $200M) Status: Dead (clean, Jan 2025) Founder(s) on this deal: Kabeer Biswas (Works at); Dalvir Suri (Cofounder) How to open the call: they founded Dunzo, which shut down. They have moved on and almost certainly consider the code worthless. That is the opening — we pay for a pre-2024 codebase they have already written off. There is no board, no customers and no ongoing business to protect, so the decision is theirs alone. Be respectful about the shutdown; it is often a sore subject. Contact source: SignalHire-verified mobile (this batch was 100% mobile, no switchboards). Numbers came from SignalHire only, never a spreadshee",Scraping Algo ( Startups ),Scraped
340250629845,Dunzo,2026-08-04 16:09:01,2026-08-04,Tue,16,Yuktha Anand,No pickup,Call Attempted (retired),Yuktha Anand,0.191,11,No response,Scraping Algo ( Startups ),Scraped
340254278347,Pluss,2026-08-04 13:29:21,2026-08-04,Tue,13,,System note,Cold Call,Yuktha Anand,0.079,792,"DEADPOOL WAVE LEAD — this company is DEAD. Do not pitch it as a live business. Company: Pluss Sector wave: Online Pharmacy Shut down: 2016 Raised: ~$1M Status: Acquired-dead (Netmeds) Founder(s) on this deal: Atit Jain (Co-Founder & CEO); Tarun Lawadia (Co Founder & COO) How to open the call: they founded Pluss, which shut down. They have moved on and almost certainly consider the code worthless. That is the opening — we pay for a pre-2024 codebase they have already written off. There is no board, no customers and no ongoing business to protect, so the decision is theirs alone. Be respectful about the shutdown; it is often a sore subject. Contact source: SignalHire-verified mobile (this batch was 100% mobile, no switchboards). Numbers came from SignalHire only, never a spreadsheet.",Scraping Algo ( Startups ),Scraped
340254278347,Pluss,2026-08-04 15:37:21,2026-08-04,Tue,15,Yuktha Anand,Callback booked,Call Attempted (retired),Yuktha Anand,0.168,4,Busy,Scraping Algo ( Startups ),Scraped
340257846000,Koinex,2026-08-04 13:28:40,2026-08-04,Tue,13,,System note,Cold Call,Lamiya Saleem,0.081,832,"DEADPOOL WAVE LEAD — this company is DEAD. Do not pitch it as a live business. Company: Koinex Sector wave: Crypto/Web3 Exchanges Shut down: 2019 Raised: - Status: Dead (clean) Founder(s) on this deal: Rahul Raj (Founder & CEO); Rakesh Yadav (Co-Founder & CTO); Aditya Naik (Co-Founder & Chief Business Office) How to open the call: they founded Koinex, which shut down. They have moved on and almost certainly consider the code worthless. That is the opening — we pay for a pre-2024 codebase they have already written off. There is no board, no customers and no ongoing business to protect, so the decision is theirs alone. Be respectful about the shutdown; it is often a sore subject. Contact source: SignalHire-verified mobile (this batch was 100% mobile, no switchboards). Numbers came from Signa",Scraping Algo ( Startups ),Scraped
340257846000,Koinex,2026-08-11 11:54:55,2026-08-11,Tue,11,Lamiya Saleem,Other,Dead/ColdCall/Not Interested,Lamiya Saleem,7.016,35,already committed to another player,Scraping Algo ( Startups ),Scraped
340257955529,Virtualyyst Tech Private Limited,2026-08-04 16:58:30,2026-08-04,Tue,16,,System note,Cold Call,Lamiya Saleem,0.0,1076,"RELEVANCE CHECK — read the LinkedIn profile, then mark relevant or irrelevant. Do not call. There is no phone on this deal yet, on purpose: we enrich only the ones you mark relevant, so no credits are spent on leads that turn out not to fit. Person: Aditya Patil Title: Head of Artificial Intelligence Company: Virtualyyst Tech Private Limited Location: Mumbai, Maharashtra, India LinkedIn: https://www.linkedin.com/in/adityapatil100 Headline: Innovative Attitude to Make Things Possible | AI Engineer | Ex-Founder SukoonAI | Entrepreneur | Innovator | Mentor Source: OutFlo India campaign — this person REPLIED to our LinkedIn outreach (sender: Ashish Ranjan). Last action: 2026-08-01T04:25:06.509Z. What makes it relevant: an Indian IT-services firm or product company that could own pre-2024 clien",Outflo Outreach ( Startups ),Campaign
340257955529,Virtualyyst Tech Private Limited,2026-08-04 18:32:04,2026-08-04,Tue,18,Lamiya Saleem,Vetted - out,Interested,Lamiya Saleem,0.065,34,Irrelevant lead. Post 2024 founder,Outflo Outreach ( Startups ),Campaign
340259601136,ZuperMeal,2026-08-04 13:30:20,2026-08-04,Tue,13,,System note,Cold Call,Lamiya Saleem,0.081,866,"DEADPOOL WAVE LEAD — this company is DEAD. Do not pitch it as a live business. Company: ZuperMeal Sector wave: Foodtech Shut down: 2016 Raised: seed only Status: Dead (clean) Founder(s) on this deal: Prabhakar Banerjee (Co-Founder, Chief of Product and M); Ramyakant D (Co-founder & CTO); Balasubramanian Anantha Narayanan (Co-founder & COO) How to open the call: they founded ZuperMeal, which shut down. They have moved on and almost certainly consider the code worthless. That is the opening — we pay for a pre-2024 codebase they have already written off. There is no board, no customers and no ongoing business to protect, so the decision is theirs alone. Be respectful about the shutdown; it is often a sore subject. Contact source: SignalHire-verified mobile (this batch was 100% mobile, no swit",Scraping Algo ( Startups ),Scraped
340259717829,Airawath,2026-08-04 16:57:12,2026-08-04,Tue,16,,System note,Cold Call,Lamiya Saleem,0.0,1023,"RELEVANCE CHECK — read the LinkedIn profile, then mark relevant or irrelevant. Do not call. There is no phone on this deal yet, on purpose: we enrich only the ones you mark relevant, so no credits are spent on leads that turn out not to fit. Person: Siddharth Rodrigues Title: AI Engineer / Technical Lead Company: Airawath Location: Mumbai, Maharashtra, India LinkedIn: https://www.linkedin.com/in/siddharth-rodrigues Headline: AI Engineer @ Airawath | Forward Deployed · Applied AI · Multi-Agent Systems Source: OutFlo India campaign — this person REPLIED to our LinkedIn outreach (sender: Yash Choudhary). Last action: 2026-07-31T01:35:55.370Z. What makes it relevant: an Indian IT-services firm or product company that could own pre-2024 client code, with this person senior enough to decide. Irr",Outflo Outreach ( Startups ),Campaign
340259717829,Airawath,2026-08-05 11:02:03,2026-08-05,Wed,11,Lamiya Saleem,Vetted - out,Dead/ColdCall/WrongFit,Lamiya Saleem,0.753,47,Irrelevant lead. Founder of a startup post 2025,Outflo Outreach ( Startups ),Campaign
340266177242,Lakhan Jain,2026-08-18 12:44:05,2026-08-18,Tue,12,Ishpreet Sood,Other,Script Results Received,Ishpreet Sood,7.792,45,"out sick, will connect in 2n half of the week",,Campaign
340269315801,Langhar,2026-08-04 13:28:43,2026-08-04,Tue,13,,System note,Cold Call,Yuktha Anand,0.079,807,"DEADPOOL WAVE LEAD — this company is DEAD. Do not pitch it as a live business. Company: Langhar Sector wave: Foodtech Shut down: ~2016 Raised: small Status: Dead (clean) Founder(s) on this deal: Pankaj Kumar Sharma (Cofounder and CTO); Pawan Saini (Co-founder and Chief Design Office) How to open the call: they founded Langhar, which shut down. They have moved on and almost certainly consider the code worthless. That is the opening — we pay for a pre-2024 codebase they have already written off. There is no board, no customers and no ongoing business to protect, so the decision is theirs alone. Be respectful about the shutdown; it is often a sore subject. Contact source: SignalHire-verified mobile (this batch was 100% mobile, no switchboards). Numbers came from SignalHire only, never a sprea",Scraping Algo ( Startups ),Scraped
340269315801,Langhar,2026-08-04 15:41:41,2026-08-04,Tue,15,Yuktha Anand,Bad number,Dead/ColdCall/WrongNumber,Yuktha Anand,0.172,28,Both the numbers are invalid,Scraping Algo ( Startups ),Scraped
340269318885,ZopNow,2026-08-04 13:30:15,2026-08-04,Tue,13,,System note,Dead/ColdCall/Not Interested,Yuktha Anand,0.071,778,"DEADPOOL WAVE LEAD — this company is DEAD. Do not pitch it as a live business. Company: ZopNow Sector wave: Hyperlocal grocery Shut down: 2019 Raised: ~$10M Status: Dead but messy (assets to ZopSmart/More) Founder(s) on this deal: Bal Krishn Birla (Zopper) How to open the call: they founded ZopNow, which shut down. They have moved on and almost certainly consider the code worthless. That is the opening — we pay for a pre-2024 codebase they have already written off. There is no board, no customers and no ongoing business to protect, so the decision is theirs alone. Be respectful about the shutdown; it is often a sore subject. Contact source: SignalHire-verified mobile (this batch was 100% mobile, no switchboards). Numbers came from SignalHire only, never a spreadsheet.",Scraping Algo ( Startups ),Scraped
340269825775,LearningMate,2026-08-05 11:47:03,2026-08-05,Wed,11,,System note,Cold Call,Lamiya Saleem,0.0,964,"RELEVANCE CHECK — read the LinkedIn profile, then mark relevant or irrelevant. Do not call. There is no phone on this deal yet, on purpose: we enrich only the ones you mark relevant, so no credits are spent on leads that turn out not to fit. Person: Meeth Mehta Title: Technical Lead Company: LearningMate Location: Mumbai, Maharashtra, India LinkedIn: https://www.linkedin.com/in/meeth-mehta-3b47576a Headline: Building Data Frameworks | Data Lead Source: OutFlo India campaign — this person REPLIED to our LinkedIn outreach (sender: Shobit Gupta). Last action: 2026-08-04T21:55:23.602Z. What makes it relevant: an Indian IT-services firm or product company that could own pre-2024 client code, with this person senior enough to decide. Irrelevant: an employee at a large corporate (Accenture, PwC, ",Outflo Outreach ( Startups ),Campaign
340269825775,LearningMate,2026-08-05 12:52:59,2026-08-05,Wed,12,Lamiya Saleem,Vetted - out,Dead/ColdCall/WrongFit,Lamiya Saleem,0.046,15,Irrelevant lead,Outflo Outreach ( Startups ),Campaign
340271196905,Trell,2026-08-04 13:29:50,2026-08-04,Tue,13,,System note,Cold Call,Lamiya Saleem,0.081,915,"DEADPOOL WAVE LEAD — this company is DEAD. Do not pitch it as a live business. Company: Trell Sector wave: Social/Video Commerce Shut down: 2022 Raised: ~$57M Status: Dead (financial-irregularity allegations, Sequoia exit) Founder(s) on this deal: Pulkit Agrawal (Co-Founder and CEO); Prashant Sachan (Co-Founder / Exited the company ); Bimal Kartheek Rebba (Co Founder & Chief Operating Offic) How to open the call: they founded Trell, which shut down. They have moved on and almost certainly consider the code worthless. That is the opening — we pay for a pre-2024 codebase they have already written off. There is no board, no customers and no ongoing business to protect, so the decision is theirs alone. Be respectful about the shutdown; it is often a sore subject. Contact source: SignalHire-ver",Scraping Algo ( Startups ),Scraped
340271196905,Trell,2026-08-04 16:08:26,2026-08-04,Tue,16,Lamiya Saleem,Disqualified,Dead/ColdCall/WrongFit,Lamiya Saleem,0.191,45,The company still operates but is in distress,Scraping Algo ( Startups ),Scraped
340271261409,Gitesh Kund,2026-08-04 15:35:41,2026-08-04,Tue,15,,System note,Cold Call,Shobit Gupta,0.0,836,"LinkedIn Lead-Gen Form — ITservices_targeted_message, 4 Aug 2026. INBOUND. Form answers: company operating 3-10 years ; dormant IT projects to license: ""ai"" (not a number — the answer looks like noise). ⚠ QUALIFY HARD BEFORE SPENDING TIME. SignalHire shows no IT-services company . He is a Mentor of Change at NITI Aayog and a Senior Tech Stack Educator at G.H. Raisoni College of Engineering, Nagpur — an academic/mentor, not a dev-shop owner. Past: Six Phrase | Veranda, Parul University, Kiwano Technologies. There may be no company codebase to buy at all. Establish first: does he own or run a software company, and does it hold client code written before 2024? Deal is named after the person because no company could be identified — the exception, not the rule. Phone +919307817847 is from the f",Linkedin Campaign ( IT Services ),Campaign
340272953075,Townrush,2026-08-04 13:29:46,2026-08-04,Tue,13,,System note,Cold Call,Yuktha Anand,0.079,805,"DEADPOOL WAVE LEAD — this company is DEAD. Do not pitch it as a live business. Company: Townrush (grocery) Sector wave: Hyperlocal grocery Shut down: 2016 Raised: small Status: Dead (clean) Founder(s) on this deal: Tushar Bisht (Co-founder); Nishanth S. (Founding Member) How to open the call: they founded Townrush (grocery), which shut down. They have moved on and almost certainly consider the code worthless. That is the opening — we pay for a pre-2024 codebase they have already written off. There is no board, no customers and no ongoing business to protect, so the decision is theirs alone. Be respectful about the shutdown; it is often a sore subject. Contact source: SignalHire-verified mobile (this batch was 100% mobile, no switchboards). Numbers came from SignalHire only, never a spreads",Scraping Algo ( Startups ),Scraped
340272953075,Townrush,2026-08-04 15:32:52,2026-08-04,Tue,15,Yuktha Anand,No pickup,Call Attempted (retired),Yuktha Anand,0.165,11,No response,Scraping Algo ( Startups ),Scraped
340272956120,Opinio,2026-08-04 13:29:10,2026-08-04,Tue,13,,System note,Cold Call,Yuktha Anand,0.071,813,"DEADPOOL WAVE LEAD — this company is DEAD. Do not pitch it as a live business. Company: Opinio Sector wave: Hyperlocal Delivery/Logistics Shut down: 2016 Raised: ~$8.3M Status: Dead (clean; assets later to Cult.fit) Founder(s) on this deal: Lokesh Jangid (Co-founder/CTO (Acquired by Curefi) How to open the call: they founded Opinio, which shut down. They have moved on and almost certainly consider the code worthless. That is the opening — we pay for a pre-2024 codebase they have already written off. There is no board, no customers and no ongoing business to protect, so the decision is theirs alone. Be respectful about the shutdown; it is often a sore subject. Contact source: SignalHire-verified mobile (this batch was 100% mobile, no switchboards). Numbers came from SignalHire only, never a",Scraping Algo ( Startups ),Scraped
340272956120,Opinio,2026-08-04 15:10:52,2026-08-04,Tue,15,Yuktha Anand,Bad number,Call Attempted (retired),Yuktha Anand,0.141,25,Incoming call not allowed,Scraping Algo ( Startups ),Scraped
340273536751,Justifi.World,2026-08-05 11:16:22,2026-08-05,Wed,11,,System note,Cold Call,Shobit Gupta,0.0,533,"LinkedIn Lead-Gen Form ' Form - Jul 31, 2026 ' (Bhanu split), submitted 5 Aug 2026. INBOUND — he filled the form himself. Co-founder Justifi.World; CEO Dozen Diamonds Technologies; also Logimetrix Techsolutions and B4b.ai. Multiple ventures — ask which entities hold pre-2024 code. Phone +918017506074 is from the form and validates as an Indian mobile. This form asks NO qualifying questions (no company age, no dormant-project count), so qualify on the call: does he own a company, and does it hold client code written before 2024?",Linkedin Campaign ( IT Services ),Campaign
340273536751,Justifi.World,2026-08-05 13:12:29,2026-08-05,Wed,13,Shobit Gupta,Callback booked,Call Attempted (retired),Shobit Gupta,0.081,123,"He's raising external capital for his firm, so can't run this process as of now; we'll have to connect back early September",Linkedin Campaign ( IT Services ),Campaign
340273537753,Cognizant,2026-08-05 11:16:44,2026-08-05,Wed,11,,System note,Cold Call,Shobit Gupta,0.0,687,"LinkedIn Lead-Gen Form ' Form - Jul 31, 2026 ' (Bhanu split), submitted 5 Aug 2026. INBOUND — he filled the form himself. ⚠ LIKELY OUT OF ICP — qualify fast. He is an employee at Cognizant , a large outsourcer, not a company owner. MBA IIM Bodh Gaya '23, PO/PM, CSPO-SAFe. He cannot sell Cognizant's IP. Only worth time if he separately owns a venture with pre-2024 code. Cognizant is on our standing exclusion list of big outsourcers. Phone +917897775159 is from the form and validates as an Indian mobile. This form asks NO qualifying questions (no company age, no dormant-project count), so qualify on the call: does he own a company, and does it hold client code written before 2024?",Linkedin Campaign ( IT Services ),Campaign
340273537753,Cognizant,2026-08-05 13:02:32,2026-08-05,Wed,13,Shobit Gupta,Other,Script Shared,Shobit Gupta,0.074,78,"not talking through cognizant, his friend runs an IT firm talking through that",Linkedin Campaign ( IT Services ),Campaign
340273609433,Credence Digital Health,2026-08-13 12:15:20,2026-08-13,Thu,12,Lamiya Saleem,Script shared,Script Shared,Lamiya Saleem,7.851,13,shared script,Linkedin Campaign ( IT Services ),Campaign
340283081418,Monexo,2026-08-04 13:28:59,2026-08-04,Tue,13,,System note,Cold Call,Lamiya Saleem,0.071,795,"DEADPOOL WAVE LEAD — this company is DEAD. Do not pitch it as a live business. Company: Monexo Sector wave: P2P Lending / Fintech NBFC Shut down: ~2024 Raised: - Status: Dead/wound down (RBI show-cause notice) Founder(s) on this deal: Mukesh Bubna (Founder / Founder & CEO) How to open the call: they founded Monexo, which shut down. They have moved on and almost certainly consider the code worthless. That is the opening — we pay for a pre-2024 codebase they have already written off. There is no board, no customers and no ongoing business to protect, so the decision is theirs alone. Be respectful about the shutdown; it is often a sore subject. Contact source: SignalHire-verified mobile (this batch was 100% mobile, no switchboards). Numbers came from SignalHire only, never a spreadsheet.",Scraping Algo ( Startups ),Scraped
340283081418,Monexo,2026-08-17 14:34:11,2026-08-17,Mon,14,Yuktha Anand,Other,Dead/ColdCall/WrongFit,Yuktha Anand,13.116,9,Wrong fit,Scraping Algo ( Startups ),Scraped
340283081427,PepperTap,2026-08-04 13:29:18,2026-08-04,Tue,13,,System note,Cold Call,Lamiya Saleem,0.071,760,"DEADPOOL WAVE LEAD — this company is DEAD. Do not pitch it as a live business. Company: PepperTap Sector wave: Hyperlocal grocery Shut down: 2016 Raised: ~$51M Status: Dead (clean) Founder(s) on this deal: Navneet Singh (Founder & CEO) How to open the call: they founded PepperTap, which shut down. They have moved on and almost certainly consider the code worthless. That is the opening — we pay for a pre-2024 codebase they have already written off. There is no board, no customers and no ongoing business to protect, so the decision is theirs alone. Be respectful about the shutdown; it is often a sore subject. Contact source: SignalHire-verified mobile (this batch was 100% mobile, no switchboards). Numbers came from SignalHire only, never a spreadsheet.",Scraping Algo ( Startups ),Scraped
340283150066,Compose,2026-08-04 15:35:50,2026-08-04,Tue,15,,System note,Cold Call,Shobit Gupta,0.0,744,"LinkedIn Lead-Gen Form — ITservices_targeted_message, 4 Aug 2026. INBOUND. Form answers: company operating under 3 years ; dormant IT projects to license: 2-3 . ⚠ TWO PROBLEMS — qualify before investing time. 1. Company is under 3 years old , so it was founded ~2024-25. We buy pre-2024 codebases — by her own answer there may be nothing in scope. 2. She is based in San Francisco, USA , not India. The phone is a valid +91 mobile, but the company (Compose, backed by South Park Commons) is a US startup. Background: ex-Sarvam AI, ex-Microsoft. Currently building Compose. Worth one call to check whether the 2-3 projects she means predate 2024 or sit in an earlier venture. Phone +919116015934 is from the form (SignalHire returned no number).",Linkedin Campaign ( IT Services ),Campaign
340283742911,CrowdGatherGo,2026-08-05 11:46:12,2026-08-05,Wed,11,,System note,Cold Call,Yuktha Anand,0.0,1079,"RELEVANCE CHECK — read the LinkedIn profile, then mark relevant or irrelevant. Do not call. There is no phone on this deal yet, on purpose: we enrich only the ones you mark relevant, so no credits are spent on leads that turn out not to fit. Person: Atif Hussain Title: Founder & CEO Company: CrowdGatherGo Location: Hyderabad, Telangana, India LinkedIn: https://www.linkedin.com/in/atif-07 Headline: Founder, CrowdGatherGo | Congestion-free mass mobility on existing infrastructure — rail throughput, junction redesign, last-mile connectivity | IIT Kanpur · II Source: OutFlo India campaign — this person REPLIED to our LinkedIn outreach (sender: Yash Choudhary). Last action: 2026-08-03T07:31:04.994Z. What makes it relevant: an Indian IT-services firm or product company that could own pre-2024 cl",Outflo Outreach ( Startups ),Campaign
340283742911,CrowdGatherGo,2026-08-05 12:44:52,2026-08-05,Wed,12,Yuktha Anand,Vetted - out,Cold Call,Yuktha Anand,0.041,15,Irrelevant lead,Outflo Outreach ( Startups ),Campaign
340283742958,Traveltime Mobility India Pvt Ltd,2026-08-05 11:48:05,2026-08-05,Wed,11,,System note,Cold Call,Yuktha Anand,0.0,1098,"RELEVANCE CHECK — read the LinkedIn profile, then mark relevant or irrelevant. Do not call. There is no phone on this deal yet, on purpose: we enrich only the ones you mark relevant, so no credits are spent on leads that turn out not to fit. Person: Balaji Iyer Title: Chief Executive Officer Company: Traveltime Mobility India Pvt Ltd Location: Pune District, Maharashtra, India LinkedIn: https://www.linkedin.com/in/balaji-iyer-iima Headline: Chief Executive Officer - Traveltime Mobility India Pvt Ltd | Enabling Public Transportation with Rhythm, Presence, Compassion and Trust Source: OutFlo India campaign — this person REPLIED to our LinkedIn outreach (sender: Ashish Ranjan). Last action: 2026-08-04T11:33:32.032Z. What makes it relevant: an Indian IT-services firm or product company that co",Outflo Outreach ( Startups ),Campaign
340283742958,Traveltime Mobility India Pvt Ltd,2026-08-05 12:09:34,2026-08-05,Wed,12,Yuktha Anand,Vetted - out,Dead/ColdCall/WrongFit,Yuktha Anand,0.015,60,Irrelevant Mentioned in the message that he has no codebases,Outflo Outreach ( Startups ),Campaign
340284873464,Fabmart/Indiaplaza,2026-08-04 13:28:08,2026-08-04,Tue,13,,System note,Cold Call,Yuktha Anand,0.078,804,"DEADPOOL WAVE LEAD — this company is DEAD. Do not pitch it as a live business. Company: Fabmart/Indiaplaza Sector wave: Furniture & Home Decor E-comm Shut down: 2013 Raised: angel/VC Status: Dead (clean, historic) Founder(s) on this deal: Vaitheeswaran K (Founder & CEO) How to open the call: they founded Fabmart/Indiaplaza, which shut down. They have moved on and almost certainly consider the code worthless. That is the opening — we pay for a pre-2024 codebase they have already written off. There is no board, no customers and no ongoing business to protect, so the decision is theirs alone. Be respectful about the shutdown; it is often a sore subject. Contact source: SignalHire-verified mobile (this batch was 100% mobile, no switchboards). Numbers came from SignalHire only, never a spreadsh",Scraping Algo ( Startups ),Scraped
340284873464,Fabmart/Indiaplaza,2026-08-04 15:30:03,2026-08-04,Tue,15,Yuktha Anand,Bad number,Dead/ColdCall/WrongNumber,Yuktha Anand,0.162,35,Wrong number; sent Linkedin request,Scraping Algo ( Startups ),Scraped
340285009657,Experian Consumer Services,2026-08-04 16:57:25,2026-08-04,Tue,16,,System note,Cold Call,Lamiya Saleem,0.0,1045,"RELEVANCE CHECK — read the LinkedIn profile, then mark relevant or irrelevant. Do not call. There is no phone on this deal yet, on purpose: we enrich only the ones you mark relevant, so no credits are spent on leads that turn out not to fit. Person: Naveen Valluri Title: Senior Engineering Manager Company: Experian Consumer Services Location: Hyderabad, Telangana, India LinkedIn: https://www.linkedin.com/in/naveen-valluri-81535951 Headline: Senior Engineering Manager | Programmer | Helping build scalable Teams and Products Source: OutFlo India campaign — this person REPLIED to our LinkedIn outreach (sender: Ishpreet Sood). Last action: 2026-07-31T17:14:56.426Z. What makes it relevant: an Indian IT-services firm or product company that could own pre-2024 client code, with this person senior",Outflo Outreach ( Startups ),Campaign
340285009657,Experian Consumer Services,2026-08-05 13:33:18,2026-08-05,Wed,13,Lamiya Saleem,Vetted - out,Dead/ColdCall/WrongFit,Lamiya Saleem,0.858,56,Irrelevant lead. Said might not have repos useful for us,Outflo Outreach ( Startups ),Campaign
340285010621,TheKSquare Group,2026-08-04 16:58:04,2026-08-04,Tue,16,,System note,Cold Call,Lamiya Saleem,0.0,1100,"RELEVANCE CHECK — read the LinkedIn profile, then mark relevant or irrelevant. Do not call. There is no phone on this deal yet, on purpose: we enrich only the ones you mark relevant, so no credits are spent on leads that turn out not to fit. Person: Rahul Dubey Title: Solutions Architect Company: TheKSquare Group Location: Hyderabad, Telangana, India LinkedIn: https://www.linkedin.com/in/rahul-dubey-a1b253104 Headline: Salesforce & Veeva CRM Strategist | Transforming Commercial Excellence | CRM & Digital Health Architect | Global Product Leader | Analytics-Driven Innovator | E Source: OutFlo India campaign — this person REPLIED to our LinkedIn outreach (sender: Ashish Ranjan). Last action: 2026-08-03T04:55:51.033Z. What makes it relevant: an Indian IT-services firm or product company that ",Outflo Outreach ( Startups ),Campaign
340285010621,TheKSquare Group,2026-08-05 12:29:28,2026-08-05,Wed,12,Lamiya Saleem,Vetted - in,Cold Call,Lamiya Saleem,0.813,13,Relevant lead,Outflo Outreach ( Startups ),Campaign
340286684920,Testaing,2026-08-13 12:24:19,2026-08-13,Thu,12,Lamiya Saleem,Chase sent,Interested,Lamiya Saleem,9.063,20,asked to send a mail,Linkedin Campaign ( IT Services ),Campaign
340286823107,Brainstorm Force,2026-08-04 16:57:18,2026-08-04,Tue,16,,System note,Cold Call,Yuktha Anand,0.0,1085,"RELEVANCE CHECK — read the LinkedIn profile, then mark relevant or irrelevant. Do not call. There is no phone on this deal yet, on purpose: we enrich only the ones you mark relevant, so no credits are spent on leads that turn out not to fit. Person: Sandesh Jangam Title: VP of Engineering Company: Brainstorm Force Location: Pune, Maharashtra, India LinkedIn: https://www.linkedin.com/in/sandeshjangam Headline: VP of Engineering | Full-stack Developer | Laravel, React, WordPress, NodeJs, Typescript | ZipWP.com | AI-SaaS Product Development | Engineering Leadership Source: OutFlo India campaign — this person REPLIED to our LinkedIn outreach (sender: Ashish Ranjan). Last action: 2026-07-31T05:34:12.307Z. What makes it relevant: an Indian IT-services firm or product company that could own pre-2",Outflo Outreach ( Startups ),Campaign
340286823107,Brainstorm Force,2026-08-05 11:27:28,2026-08-05,Wed,11,Yuktha Anand,Vetted - in,Cold Call,Yuktha Anand,0.771,87,Relevant Said he will let us know if has any- following up to see if there is any data.,Outflo Outreach ( Startups ),Campaign
340286823107,Brainstorm Force,2026-08-06 16:15:58,2026-08-06,Thu,16,Yuktha Anand,Disqualified,Dead/ColdCall/WrongFit,Yuktha Anand,1.971,12,No codebases,Outflo Outreach ( Startups ),Campaign
340286823112,Flashpoint AI,2026-08-04 16:57:31,2026-08-04,Tue,16,,System note,Cold Call,Yuktha Anand,0.0,957,"RELEVANCE CHECK — read the LinkedIn profile, then mark relevant or irrelevant. Do not call. There is no phone on this deal yet, on purpose: we enrich only the ones you mark relevant, so no credits are spent on leads that turn out not to fit. Person: Raghav Arora Title: Head of Engineering Company: Flashpoint AI Location: Chandigarh, India LinkedIn: https://www.linkedin.com/in/raghavaro Headline: Independent Consultant, Software Developer Source: OutFlo India campaign — this person REPLIED to our LinkedIn outreach (sender: Shobit Gupta). Last action: 2026-07-31T08:30:25.845Z. What makes it relevant: an Indian IT-services firm or product company that could own pre-2024 client code, with this person senior enough to decide. Irrelevant: an employee at a large corporate (Accenture, PwC, Shell, ",Outflo Outreach ( Startups ),Campaign
340286823112,Flashpoint AI,2026-08-05 11:21:04,2026-08-05,Wed,11,Yuktha Anand,Vetted - in,Interested,Yuktha Anand,0.766,92,"Relevant and Interested POC is interested, have asked for call timing + shared calendly link",Outflo Outreach ( Startups ),Campaign
340286823112,Flashpoint AI,2026-08-06 16:17:35,2026-08-06,Thu,16,Yuktha Anand,Meeting fixed,GMeet Fixed,Yuktha Anand,1.972,42,Gmeet fixed for 4:30 PM tomorrow (7th Aug),Outflo Outreach ( Startups ),Campaign
340286823112,Flashpoint AI,2026-08-07 17:24:30,2026-08-07,Fri,17,Yuktha Anand,Chase sent,Script Shared,Yuktha Anand,3.019,81,POC mentioned that he has more commit's compared to PR's- Script shared over mail,Outflo Outreach ( Startups ),Campaign
340286823112,Flashpoint AI,2026-08-12 11:38:57,2026-08-12,Wed,11,Yuktha Anand,No pickup,Script Shared,Yuktha Anand,7.779,61,"No response to call, followed up over mail to check relevance",Outflo Outreach ( Startups ),Campaign
340288400074,SuperLearn,2026-08-04 13:29:31,2026-08-04,Tue,13,,System note,Cold Call,Lamiya Saleem,0.079,787,"DEADPOOL WAVE LEAD — this company is DEAD. Do not pitch it as a live business. Company: SuperLearn Sector wave: Edtech Shut down: 2022 Raised: varies Status: Dead (clean) Founder(s) on this deal: Ricky Gupta (Co-Founder); Akash Suresh (Chief Technology Officer) How to open the call: they founded SuperLearn, which shut down. They have moved on and almost certainly consider the code worthless. That is the opening — we pay for a pre-2024 codebase they have already written off. There is no board, no customers and no ongoing business to protect, so the decision is theirs alone. Be respectful about the shutdown; it is often a sore subject. Contact source: SignalHire-verified mobile (this batch was 100% mobile, no switchboards). Numbers came from SignalHire only, never a spreadsheet.",Scraping Algo ( Startups ),Scraped
340302711490,Finzy,2026-08-04 13:28:19,2026-08-04,Tue,13,,System note,Cold Call,Lamiya Saleem,0.081,876,"DEADPOOL WAVE LEAD — this company is DEAD. Do not pitch it as a live business. Company: Finzy Sector wave: P2P Lending / Fintech NBFC Shut down: ~2024 Raised: - Status: Dead/frozen (RBI show-cause notice) Founder(s) on this deal: Abhinav Sherwal (Founder); Amit More (Founder & CEO); Apoorv Gawde (CIO & Head Of Products); Vishwas Dixit (Co-Founder & CMO) How to open the call: they founded Finzy, which shut down. They have moved on and almost certainly consider the code worthless. That is the opening — we pay for a pre-2024 codebase they have already written off. There is no board, no customers and no ongoing business to protect, so the decision is theirs alone. Be respectful about the shutdown; it is often a sore subject. Contact source: SignalHire-verified mobile (this batch was 100% mobil",Scraping Algo ( Startups ),Scraped
340302716619,mChemist,2026-08-04 12:51:09,2026-08-04,Tue,12,Shobit Gupta,Disqualified,Cold Call,Ishpreet Sood,0.044,23,Company is still active,Scraping Algo ( Startups ),Scraped
340302716619,mChemist,2026-08-04 13:30:23,2026-08-04,Tue,13,,System note,Cold Call,Yuktha Anand,0.071,754,"DEADPOOL WAVE LEAD — this company is DEAD. Do not pitch it as a live business. Company: mChemist Sector wave: Online Pharmacy Shut down: - Raised: small Status: Dead/dormant Founder(s) on this deal: Vikas Singhal (Co-Founder, CTO) How to open the call: they founded mChemist, which shut down. They have moved on and almost certainly consider the code worthless. That is the opening — we pay for a pre-2024 codebase they have already written off. There is no board, no customers and no ongoing business to protect, so the decision is theirs alone. Be respectful about the shutdown; it is often a sore subject. Contact source: SignalHire-verified mobile (this batch was 100% mobile, no switchboards). Numbers came from SignalHire only, never a spreadsheet.",Scraping Algo ( Startups ),Scraped
340302716619,mChemist,2026-08-04 15:00:44,2026-08-04,Tue,15,Yuktha Anand,Callback booked,Call Attempted (retired),Yuktha Anand,0.134,50,Travelling right now- asked to call back on Monday,Scraping Algo ( Startups ),Scraped
340302716619,mChemist,2026-08-19 17:25:07,2026-08-19,Wed,17,Yuktha Anand,No pickup,No Pickup,Yuktha Anand,15.234,11,No response,Scraping Algo ( Startups ),Scraped
340302839498,TransUnion CIBIL Limited,2026-08-04 16:58:17,2026-08-04,Tue,16,,System note,Cold Call,Lamiya Saleem,0.0,1048,"RELEVANCE CHECK — read the LinkedIn profile, then mark relevant or irrelevant. Do not call. There is no phone on this deal yet, on purpose: we enrich only the ones you mark relevant, so no credits are spent on leads that turn out not to fit. Person: Shubham Rai Title: AVP - Data Science and Analytics Company: TransUnion CIBIL Limited Location: Pune/Pimpri-Chinchwad Area LinkedIn: https://www.linkedin.com/in/shubham-rai-b129bb81 Headline: AVP - Data Science and Analytics @ TransUnion CIBIL Limited | AI, ML, Applied Statistics Source: OutFlo India campaign — this person REPLIED to our LinkedIn outreach (sender: Yash Choudhary). Last action: 2026-08-02T15:17:54.000Z. What makes it relevant: an Indian IT-services firm or product company that could own pre-2024 client code, with this person sen",Outflo Outreach ( Startups ),Campaign
340302839498,TransUnion CIBIL Limited,2026-08-04 18:41:29,2026-08-04,Tue,18,Lamiya Saleem,Vetted - out,Dead/ColdCall/WrongFit,Lamiya Saleem,0.072,62,Irrelevant lead Said he is not the right person to speak with.,Outflo Outreach ( Startups ),Campaign
340303341295,C4Scale,2026-08-05 11:16:14,2026-08-05,Wed,11,,System note,Cold Call,Shobit Gupta,0.0,545,"LinkedIn Lead-Gen Form ' Form - Jul 31, 2026 ' (Bhanu split), submitted 5 Aug 2026. INBOUND — he filled the form himself. Founder @C4Scale — AI / SaaS / Cloud-Native / Deep-tech consulting. Ex-GoTo Group, Houghton Mifflin Harcourt. Also runs alpha2x. Owns his own firm — can decide to sell IP. Phone +919080164216 is from the form and validates as an Indian mobile. This form asks NO qualifying questions (no company age, no dormant-project count), so qualify on the call: does he own a company, and does it hold client code written before 2024?",Linkedin Campaign ( IT Services ),Campaign
340303341295,C4Scale,2026-08-17 15:02:39,2026-08-17,Mon,15,Yuktha Anand,Meeting fixed,GMeet Fixed,Yuktha Anand,12.157,28,Call fixed for 4:30 PM today,Linkedin Campaign ( IT Services ),Campaign
340303406796,Minaions,2026-08-18 12:47:48,2026-08-18,Tue,12,Ishpreet Sood,Other,Dead/ResultsReceived/WrongFit-Rejected,Ishpreet Sood,12.873,16,bad quality code,Linkedin Campaign ( IT Services ),Campaign
340312550089,Rang De,2026-08-04 13:29:25,2026-08-04,Tue,13,,System note,Cold Call,Lamiya Saleem,0.079,816,"DEADPOOL WAVE LEAD — this company is DEAD. Do not pitch it as a live business. Company: Rang De Sector wave: P2P Lending / Fintech NBFC Shut down: ~2024 Raised: - Status: Halted withdrawals (RBI action) Founder(s) on this deal: Smita Ram (Co-founder & CEO / Co-founder & Ma); Aroj George (CTO) How to open the call: they founded Rang De, which shut down. They have moved on and almost certainly consider the code worthless. That is the opening — we pay for a pre-2024 codebase they have already written off. There is no board, no customers and no ongoing business to protect, so the decision is theirs alone. Be respectful about the shutdown; it is often a sore subject. Contact source: SignalHire-verified mobile (this batch was 100% mobile, no switchboards). Numbers came from SignalHire only, neve",Scraping Algo ( Startups ),Scraped
340313197252,Vidya,2026-08-17 14:57:33,2026-08-17,Mon,14,Yuktha Anand,No pickup,Cold Call,Yuktha Anand,11.964,11,No response,Linkedin Campaign ( IT Services ),Campaign
340314341090,Fraazo,2026-08-04 13:28:26,2026-08-04,Tue,13,,System note,Cold Call,Lamiya Saleem,0.081,807,"DEADPOOL WAVE LEAD — this company is DEAD. Do not pitch it as a live business. Company: Fraazo Sector wave: Quick Commerce Shut down: 2022 Raised: ~$68M Status: Dead Founder(s) on this deal: Atul Kumar (Co-Founder and CEO); Sumit Rai (Co-Founder & CTO); Aashish Krishnatre (Co-Founder) How to open the call: they founded Fraazo, which shut down. They have moved on and almost certainly consider the code worthless. That is the opening — we pay for a pre-2024 codebase they have already written off. There is no board, no customers and no ongoing business to protect, so the decision is theirs alone. Be respectful about the shutdown; it is often a sore subject. Contact source: SignalHire-verified mobile (this batch was 100% mobile, no switchboards). Numbers came from SignalHire only, never a sprea",Scraping Algo ( Startups ),Scraped
340314341090,Fraazo,2026-08-17 12:39:29,2026-08-17,Mon,12,Lamiya Saleem,Other,Dead/ScriptShared/NoShow,Lamiya Saleem,13.047,68,Not very relevant. also high probability that they wont share output,Scraping Algo ( Startups ),Scraped
340316098269,Dazo,2026-08-04 13:27:54,2026-08-04,Tue,13,,System note,Call Attempted (retired),Yuktha Anand,0.079,824,"DEADPOOL WAVE LEAD — this company is DEAD. Do not pitch it as a live business. Company: Dazo (fka TapCibo) Sector wave: Foodtech Shut down: 2015 Raised: ~$235K+ Status: Dead (clean) Founder(s) on this deal: Shashaank Shekhar Singhal (Co-Founder & CEO); Monica Rastogi (Founder & CTO - DAZO) How to open the call: they founded Dazo (fka TapCibo), which shut down. They have moved on and almost certainly consider the code worthless. That is the opening — we pay for a pre-2024 codebase they have already written off. There is no board, no customers and no ongoing business to protect, so the decision is theirs alone. Be respectful about the shutdown; it is often a sore subject. Contact source: SignalHire-verified mobile (this batch was 100% mobile, no switchboards). Numbers came from SignalHire on",Scraping Algo ( Startups ),Scraped
340316101351,FrontRow,2026-08-04 13:28:29,2026-08-04,Tue,13,,System note,Call Attempted (retired),Yuktha Anand,0.071,776,"DEADPOOL WAVE LEAD — this company is DEAD. Do not pitch it as a live business. Company: FrontRow Sector wave: Edtech Shut down: 2023 Raised: ~$14M Status: Dead (clean, considered returning $2.5M) Founder(s) on this deal: Ishaan Preet Singh (Co-founder) How to open the call: they founded FrontRow, which shut down. They have moved on and almost certainly consider the code worthless. That is the opening — we pay for a pre-2024 codebase they have already written off. There is no board, no customers and no ongoing business to protect, so the decision is theirs alone. Be respectful about the shutdown; it is often a sore subject. Contact source: SignalHire-verified mobile (this batch was 100% mobile, no switchboards). Numbers came from SignalHire only, never a spreadsheet.",Scraping Algo ( Startups ),Scraped
340316102332,Zansaar,2026-08-04 13:30:08,2026-08-04,Tue,13,,System note,Cold Call,Yuktha Anand,0.071,764,"DEADPOOL WAVE LEAD — this company is DEAD. Do not pitch it as a live business. Company: Zansaar Sector wave: Furniture & Home Decor E-comm Shut down: ~2015 Raised: ~$6M Status: Dead (clean) Founder(s) on this deal: Jawad Ayaz (Founder & CEO) How to open the call: they founded Zansaar, which shut down. They have moved on and almost certainly consider the code worthless. That is the opening — we pay for a pre-2024 codebase they have already written off. There is no board, no customers and no ongoing business to protect, so the decision is theirs alone. Be respectful about the shutdown; it is often a sore subject. Contact source: SignalHire-verified mobile (this batch was 100% mobile, no switchboards). Numbers came from SignalHire only, never a spreadsheet.",Scraping Algo ( Startups ),Scraped
340316102332,Zansaar,2026-08-04 15:02:39,2026-08-04,Tue,15,Yuktha Anand,No pickup,Call Attempted (retired),Yuktha Anand,0.135,11,No response,Scraping Algo ( Startups ),Scraped
340317897417,GrocShop,2026-08-04 13:28:33,2026-08-04,Tue,13,,System note,Cold Call,Lamiya Saleem,0.081,809,"DEADPOOL WAVE LEAD — this company is DEAD. Do not pitch it as a live business. Company: GrocShop Sector wave: Hyperlocal grocery Shut down: 2016 Raised: small Status: Dead (clean) Founder(s) on this deal: Ayush Garg (Founder & CEO); Manphul Budania (Founder); Dinesh Meena (Co-Founder) How to open the call: they founded GrocShop, which shut down. They have moved on and almost certainly consider the code worthless. That is the opening — we pay for a pre-2024 codebase they have already written off. There is no board, no customers and no ongoing business to protect, so the decision is theirs alone. Be respectful about the shutdown; it is often a sore subject. Contact source: SignalHire-verified mobile (this batch was 100% mobile, no switchboards). Numbers came from SignalHire only, never a spr",Scraping Algo ( Startups ),Scraped
340317898426,Doormint,2026-08-04 13:27:57,2026-08-04,Tue,13,,System note,Cold Call,Lamiya Saleem,0.079,825,"DEADPOOL WAVE LEAD — this company is DEAD. Do not pitch it as a live business. Company: Doormint Sector wave: Hyperlocal Home Services Shut down: 2016 Raised: Helion/Kalaari-backed Status: Dead (assets -> Wassup) Founder(s) on this deal: Abhinav Agarwal (Co Founder & CEO); Naga Chokkanathan (Founder) How to open the call: they founded Doormint, which shut down. They have moved on and almost certainly consider the code worthless. That is the opening — we pay for a pre-2024 codebase they have already written off. There is no board, no customers and no ongoing business to protect, so the decision is theirs alone. Be respectful about the shutdown; it is often a sore subject. Contact source: SignalHire-verified mobile (this batch was 100% mobile, no switchboards). Numbers came from SignalHire o",Scraping Algo ( Startups ),Scraped
340319696611,Bulbul,2026-08-04 13:27:43,2026-08-04,Tue,13,,System note,Cold Call,Lamiya Saleem,0.078,780,"DEADPOOL WAVE LEAD — this company is DEAD. Do not pitch it as a live business. Company: Bulbul Sector wave: Social/Video Commerce Shut down: 2022 Raised: ~$18M Status: Acquired-dead (Good Glamm Group) Founder(s) on this deal: Sachin Bhatia (CEO & Co-founder) How to open the call: they founded Bulbul, which shut down. They have moved on and almost certainly consider the code worthless. That is the opening — we pay for a pre-2024 codebase they have already written off. There is no board, no customers and no ongoing business to protect, so the decision is theirs alone. Be respectful about the shutdown; it is often a sore subject. Contact source: SignalHire-verified mobile (this batch was 100% mobile, no switchboards). Numbers came from SignalHire only, never a spreadsheet.",Scraping Algo ( Startups ),Scraped
340319696611,Bulbul,2026-08-17 14:33:29,2026-08-17,Mon,14,Yuktha Anand,Other,Dead/ColdCall/WrongFit,Yuktha Anand,13.123,9,Wrong fit,Scraping Algo ( Startups ),Scraped
340319697595,Financepeer,2026-08-04 13:28:11,2026-08-04,Tue,13,,System note,Dead/ColdCall/WrongFit,Lamiya Saleem,0.078,788,"DEADPOOL WAVE LEAD — this company is DEAD. Do not pitch it as a live business. Company: Financepeer Sector wave: P2P Lending / Fintech NBFC Shut down: ~2024 Raised: - Status: Halted withdrawals (RBI action) Founder(s) on this deal: Anmol Agarwal (Founding Team) How to open the call: they founded Financepeer, which shut down. They have moved on and almost certainly consider the code worthless. That is the opening — we pay for a pre-2024 codebase they have already written off. There is no board, no customers and no ongoing business to protect, so the decision is theirs alone. Be respectful about the shutdown; it is often a sore subject. Contact source: SignalHire-verified mobile (this batch was 100% mobile, no switchboards). Numbers came from SignalHire only, never a spreadsheet.",Scraping Algo ( Startups ),Scraped
340321494758,Eatlo,2026-08-04 13:28:05,2026-08-04,Tue,13,,System note,Cold Call,Lamiya Saleem,0.081,818,"DEADPOOL WAVE LEAD — this company is DEAD. Do not pitch it as a live business. Company: Eatlo Sector wave: Foodtech Shut down: 2016 Raised: small Status: Dead (clean) Founder(s) on this deal: Rahul Harkisanka (Co-founder & CEO); Sai Priya Mahajan (Co-Founder & COO); Shashank Aggarwal (Co Founder) How to open the call: they founded Eatlo, which shut down. They have moved on and almost certainly consider the code worthless. That is the opening — we pay for a pre-2024 codebase they have already written off. There is no board, no customers and no ongoing business to protect, so the decision is theirs alone. Be respectful about the shutdown; it is often a sore subject. Contact source: SignalHire-verified mobile (this batch was 100% mobile, no switchboards). Numbers came from SignalHire only, ne",Scraping Algo ( Startups ),Scraped
340330066656,Udayy,2026-08-04 13:29:58,2026-08-04,Tue,13,,System note,Cold Call,Lamiya Saleem,0.079,778,"DEADPOOL WAVE LEAD — this company is DEAD. Do not pitch it as a live business. Company: Udayy Sector wave: Edtech Shut down: 2022 Raised: varies Status: Dead (clean) Founder(s) on this deal: Saumya Yadav (Co-Founder & CEO); Karan Varshney (Co-Founder & CTO) How to open the call: they founded Udayy, which shut down. They have moved on and almost certainly consider the code worthless. That is the opening — we pay for a pre-2024 codebase they have already written off. There is no board, no customers and no ongoing business to protect, so the decision is theirs alone. Be respectful about the shutdown; it is often a sore subject. Contact source: SignalHire-verified mobile (this batch was 100% mobile, no switchboards). Numbers came from SignalHire only, never a spreadsheet.",Scraping Algo ( Startups ),Scraped
340330071756,Otipy,2026-08-04 13:29:12,2026-08-04,Tue,13,,System note,Cold Call,Lamiya Saleem,0.071,741,"DEADPOOL WAVE LEAD — this company is DEAD. Do not pitch it as a live business. Company: Otipy Sector wave: Quick Commerce Shut down: ~2025 Raised: ~$40M Status: Dead Founder(s) on this deal: Varun Khurana (Founder & CEO) How to open the call: they founded Otipy, which shut down. They have moved on and almost certainly consider the code worthless. That is the opening — we pay for a pre-2024 codebase they have already written off. There is no board, no customers and no ongoing business to protect, so the decision is theirs alone. Be respectful about the shutdown; it is often a sore subject. Contact source: SignalHire-verified mobile (this batch was 100% mobile, no switchboards). Numbers came from SignalHire only, never a spreadsheet.",Scraping Algo ( Startups ),Scraped
340330071761,Taskbob,2026-08-04 13:29:36,2026-08-04,Tue,13,,System note,Cold Call,Lamiya Saleem,0.071,759,"DEADPOOL WAVE LEAD — this company is DEAD. Do not pitch it as a live business. Company: Taskbob Sector wave: Hyperlocal Home Services Shut down: 2017 Raised: ~$5M Status: Dead (clean) Founder(s) on this deal: Aseem Khare (CEO & Founder) How to open the call: they founded Taskbob, which shut down. They have moved on and almost certainly consider the code worthless. That is the opening — we pay for a pre-2024 codebase they have already written off. There is no board, no customers and no ongoing business to protect, so the decision is theirs alone. Be respectful about the shutdown; it is often a sore subject. Contact source: SignalHire-verified mobile (this batch was 100% mobile, no switchboards). Numbers came from SignalHire only, never a spreadsheet.",Scraping Algo ( Startups ),Scraped
340331855560,FindYahan,2026-08-04 13:28:14,2026-08-04,Tue,13,,System note,Cold Call,Yuktha Anand,0.079,831,"DEADPOOL WAVE LEAD — this company is DEAD. Do not pitch it as a live business. Company: FindYahan Sector wave: Hyperlocal Home Services Shut down: 2016 Raised: small Status: Acquired-dead (Zimmber) Founder(s) on this deal: Rachit Mathur (Founder and CEO); Snehil Khanor (Co-Founder & Chief Product Officer) How to open the call: they founded FindYahan, which shut down. They have moved on and almost certainly consider the code worthless. That is the opening — we pay for a pre-2024 codebase they have already written off. There is no board, no customers and no ongoing business to protect, so the decision is theirs alone. Be respectful about the shutdown; it is often a sore subject. Contact source: SignalHire-verified mobile (this batch was 100% mobile, no switchboards). Numbers came from Signal",Scraping Algo ( Startups ),Scraped
340331855560,FindYahan,2026-08-04 16:07:02,2026-08-04,Tue,16,Yuktha Anand,No pickup,Cold Call,Yuktha Anand,0.189,19,Snehil- No response,Scraping Algo ( Startups ),Scraped
340333649606,LaundroKart,2026-08-04 13:28:47,2026-08-04,Tue,13,,System note,Cold Call,Lamiya Saleem,0.079,823,"DEADPOOL WAVE LEAD — this company is DEAD. Do not pitch it as a live business. Company: LaundroKart Sector wave: Hyperlocal Laundry Shut down: ~2017 Raised: unfunded Status: Dead/dormant Founder(s) on this deal: Vineet Patil (Co-Founder & Chief Marketing); Ravi Raghav (Founder & Chief Executive) How to open the call: they founded LaundroKart, which shut down. They have moved on and almost certainly consider the code worthless. That is the opening — we pay for a pre-2024 codebase they have already written off. There is no board, no customers and no ongoing business to protect, so the decision is theirs alone. Be respectful about the shutdown; it is often a sore subject. Contact source: SignalHire-verified mobile (this batch was 100% mobile, no switchboards). Numbers came from SignalHire onl",Scraping Algo ( Startups ),Scraped
340333649606,LaundroKart,2026-08-04 15:38:17,2026-08-04,Tue,15,Lamiya Saleem,Disqualified,Dead/ColdCall/WrongFit,Lamiya Saleem,0.169,25,They are still operating.,Scraping Algo ( Startups ),Scraped
340340857578,ShareMoney/ Statements AI,2026-08-04 16:58:36,2026-08-04,Tue,16,,System note,Cold Call,Yuktha Anand,0.0,1232,"RELEVANCE CHECK — read the LinkedIn profile, then mark relevant or irrelevant. Do not call. There is no phone on this deal yet, on purpose: we enrich only the ones you mark relevant, so no credits are spent on leads that turn out not to fit. Person: Vaibhav Arora Title: Software Architect Company: YC|backed stealth | Agentic Software Engineer | Ex|Snorkel AI | Orchestrating agents to ship full|stack products, infra, design, and AI workflows Location: Bengaluru, Karnataka, India LinkedIn: https://www.linkedin.com/in/vaibhav-arora-startupguy Headline: Software Architect @ YC-backed stealth | Agentic Software Engineer | Ex-Snorkel AI | Orchestrating agents to ship full-stack products, infra, design, and AI wor Source: OutFlo India campaign — this person REPLIED to our LinkedIn outreach (sende",Outflo Outreach ( Startups ),Campaign
340340857578,ShareMoney/ Statements AI,2026-08-04 17:55:04,2026-08-04,Tue,17,Yuktha Anand,Not interested,Dead/ColdCall/Not Interested,Yuktha Anand,0.039,41,LinkedIn message response- Not interested,Outflo Outreach ( Startups ),Campaign
340341424843,QSQUARE BIZSOFT Private Limited,2026-08-13 11:54:32,2026-08-13,Thu,11,Lamiya Saleem,No pickup,Cold Call,Lamiya Saleem,7.836,15,did not pick up,Linkedin Campaign ( IT Services ),Campaign
340343170774,Affinity Assurance,2026-08-05 11:46:05,2026-08-05,Wed,11,,System note,Cold Call,Lamiya Saleem,0.0,1022,"RELEVANCE CHECK — read the LinkedIn profile, then mark relevant or irrelevant. Do not call. There is no phone on this deal yet, on purpose: we enrich only the ones you mark relevant, so no credits are spent on leads that turn out not to fit. Person: Aditya Pal Gupta Title: Founder Company: Affinity Assurance Location: Gurugram, Haryana, India LinkedIn: https://www.linkedin.com/in/addy-business-development Headline: Operational Leadership │ Distribution Strategy │ Sales Management - Insurance Industry Source: OutFlo India campaign — this person REPLIED to our LinkedIn outreach (sender: Ashish Ranjan). Last action: 2026-08-04T12:02:31.332Z. What makes it relevant: an Indian IT-services firm or product company that could own pre-2024 client code, with this person senior enough to decide. Irre",Outflo Outreach ( Startups ),Campaign
340343170774,Affinity Assurance,2026-08-05 13:24:19,2026-08-05,Wed,13,Lamiya Saleem,Vetted - in,Cold Call,Lamiya Saleem,0.068,13,Relevant lead,Outflo Outreach ( Startups ),Campaign
340343171782,Userology,2026-08-05 11:48:18,2026-08-05,Wed,11,,System note,Cold Call,Yuktha Anand,0.0,951,"RELEVANCE CHECK — read the LinkedIn profile, then mark relevant or irrelevant. Do not call. There is no phone on this deal yet, on purpose: we enrich only the ones you mark relevant, so no credits are spent on leads that turn out not to fit. Person: Shrey Khokhra Title: Co-Founder Company: Userology Location: India LinkedIn: https://www.linkedin.com/in/shrey-khokhra-8320a7127 Headline: Founder | ex- Revolut, Snapdeal | BITS-pilani Source: OutFlo India campaign — this person REPLIED to our LinkedIn outreach (sender: Ishpreet Sood). Last action: 2026-08-03T09:11:51.327Z. What makes it relevant: an Indian IT-services firm or product company that could own pre-2024 client code, with this person senior enough to decide. Irrelevant: an employee at a large corporate (Accenture, PwC, Shell, Uber a",Outflo Outreach ( Startups ),Campaign
340343171782,Userology,2026-08-05 12:06:51,2026-08-05,Wed,12,Yuktha Anand,Vetted - in,Cold Call,Yuktha Anand,0.013,49,Relevant and Interested Ishpreet already in touch,Outflo Outreach ( Startups ),Campaign
340343171782,Userology,2026-08-05 16:49:17,2026-08-05,Wed,16,Yuktha Anand,Callback booked,Call Attempted (retired),Yuktha Anand,0.209,71,"Open to hopping on a call tomorrow, will get back with time slots today",Outflo Outreach ( Startups ),Campaign
340343171782,Userology,2026-08-06 16:26:30,2026-08-06,Thu,16,Yuktha Anand,No pickup,No Pickup,Yuktha Anand,1.193,74,"No response to call, followed up over text for a call at 12:30 PM tomorrow",Outflo Outreach ( Startups ),Campaign
340345914091,Housejoy,2026-08-04 13:28:36,2026-08-04,Tue,13,,System note,Cold Call,Yuktha Anand,0.079,805,"DEADPOOL WAVE LEAD — this company is DEAD. Do not pitch it as a live business. Company: Housejoy Sector wave: Hyperlocal Home Services Shut down: ~2019 Raised: ~$27M Status: Dead/pivoted (construction) Founder(s) on this deal: Sunil Goel (Founder); Saran Chatterjee (CoFounder/CEO) How to open the call: they founded Housejoy, which shut down. They have moved on and almost certainly consider the code worthless. That is the opening — we pay for a pre-2024 codebase they have already written off. There is no board, no customers and no ongoing business to protect, so the decision is theirs alone. Be respectful about the shutdown; it is often a sore subject. Contact source: SignalHire-verified mobile (this batch was 100% mobile, no switchboards). Numbers came from SignalHire only, never a spreads",Scraping Algo ( Startups ),Scraped
340345914091,Housejoy,2026-08-04 16:03:13,2026-08-04,Tue,16,Yuktha Anand,No pickup,Call Attempted (retired),Yuktha Anand,0.187,11,No response,Scraping Algo ( Startups ),Scraped
340357010142,Manoj Mathur,2026-08-05 11:46:56,2026-08-05,Wed,11,,System note,Cold Call,Yuktha Anand,0.0,1100,"RELEVANCE CHECK — read the LinkedIn profile, then mark relevant or irrelevant. Do not call. There is no phone on this deal yet, on purpose: we enrich only the ones you mark relevant, so no credits are spent on leads that turn out not to fit. Person: Manoj Mathur Title: Independent Consultant Company: Independent Consultant Location: Hyderabad, Telangana, India LinkedIn: https://www.linkedin.com/in/manojmathur Headline: Experienced IT leader in Healthcare, Telecom and e-Governance | Testifying Expert Witness, Arbitrator, Mediator | DPDP Act Implementation & Virtual DPO Advisory Source: OutFlo India campaign — this person REPLIED to our LinkedIn outreach (sender: Ishpreet Sood). Last action: 2026-08-03T09:49:20.640Z. What makes it relevant: an Indian IT-services firm or product company that ",Outflo Outreach ( Startups ),Campaign
340357010142,Manoj Mathur,2026-08-05 13:11:29,2026-08-05,Wed,13,Yuktha Anand,Vetted - in,Cold Call,Yuktha Anand,0.059,8,Relevant,Outflo Outreach ( Startups ),Campaign
340357010142,Manoj Mathur,2026-08-05 17:23:40,2026-08-05,Wed,17,Yuktha Anand,No pickup,Call Attempted (retired),Yuktha Anand,0.234,11,No response,Outflo Outreach ( Startups ),Campaign
340357010142,Manoj Mathur,2026-08-06 17:10:53,2026-08-06,Thu,17,Yuktha Anand,Meeting fixed,No Pickup,Yuktha Anand,1.225,34,Gmeet fixed for 5:00 PM on tuesday,Outflo Outreach ( Startups ),Campaign
340357010149,Methodic,2026-08-05 11:47:17,2026-08-05,Wed,11,,System note,Cold Call,Lamiya Saleem,0.0,994,"RELEVANCE CHECK — read the LinkedIn profile, then mark relevant or irrelevant. Do not call. There is no phone on this deal yet, on purpose: we enrich only the ones you mark relevant, so no credits are spent on leads that turn out not to fit. Person: Lalit M Title: CTO & Co-Founder Company: Methodic Location: Bengaluru, Karnataka, India LinkedIn: https://www.linkedin.com/in/larink Headline: Building Foretell - Methodic AI | Engg Leader | AI | IDP | CV | NLP | CS@IIT Kanpur Source: OutFlo India campaign — this person REPLIED to our LinkedIn outreach (sender: Yash Choudhary). Last action: 2026-08-03T07:14:56.455Z. What makes it relevant: an Indian IT-services firm or product company that could own pre-2024 client code, with this person senior enough to decide. Irrelevant: an employee at a lar",Outflo Outreach ( Startups ),Campaign
340357010149,Methodic,2026-08-05 13:20:29,2026-08-05,Wed,13,Lamiya Saleem,Vetted - out,Dead/ColdCall/WrongFit,Lamiya Saleem,0.065,32,Irrelevant lead No dead codebase,Outflo Outreach ( Startups ),Campaign
340357010151,Recepto,2026-08-05 11:47:38,2026-08-05,Wed,11,,System note,Cold Call,Yuktha Anand,0.0,966,"RELEVANCE CHECK — read the LinkedIn profile, then mark relevant or irrelevant. Do not call. There is no phone on this deal yet, on purpose: we enrich only the ones you mark relevant, so no credits are spent on leads that turn out not to fit. Person: Ketan Kapoor Title: Co-founder and CEO Company: Recepto Location: Bengaluru, Karnataka, India LinkedIn: https://www.linkedin.com/in/ketankapoor Headline: Know who’s in the market for what you offer. Source: OutFlo India campaign — this person REPLIED to our LinkedIn outreach (sender: Yash Choudhary). Last action: 2026-08-03T06:41:21.771Z. What makes it relevant: an Indian IT-services firm or product company that could own pre-2024 client code, with this person senior enough to decide. Irrelevant: an employee at a large corporate (Accenture, PwC",Outflo Outreach ( Startups ),Campaign
340357010151,Recepto,2026-08-05 12:16:51,2026-08-05,Wed,12,Yuktha Anand,Not interested,Dead/ColdCall/WrongFit,Yuktha Anand,0.02,127,Not fully relevant and POC not interested 2 companies founded by him are still running and the first one was acquired by Mercer,Outflo Outreach ( Startups ),Campaign
340358866678,Exemplar Dev,2026-08-05 11:46:36,2026-08-05,Wed,11,,System note,Cold Call,Lamiya Saleem,0.0,1037,"RELEVANCE CHECK — read the LinkedIn profile, then mark relevant or irrelevant. Do not call. There is no phone on this deal yet, on purpose: we enrich only the ones you mark relevant, so no credits are spent on leads that turn out not to fit. Person: Shubhanshu Singh Title: Founder / CEO Company: Exemplar Dev Location: Bangalore Urban, Karnataka, India LinkedIn: https://www.linkedin.com/in/shubhanshusingh Headline: Founder / CEO @ Exemplar.dev | Building AI Harness for Agentic Workflows | ex-CTO (9M users, acquired) Source: OutFlo India campaign — this person REPLIED to our LinkedIn outreach (sender: Ishpreet Sood). Last action: 2026-08-03T05:51:50.738Z. What makes it relevant: an Indian IT-services firm or product company that could own pre-2024 client code, with this person senior enough ",Outflo Outreach ( Startups ),Campaign
340358866678,Exemplar Dev,2026-08-05 12:51:08,2026-08-05,Wed,12,Lamiya Saleem,Vetted - out,Dead/ColdCall/WrongFit,Lamiya Saleem,0.045,15,Irrelevant lead,Outflo Outreach ( Startups ),Campaign
340358867669,NITHILAM.TECH,2026-08-05 11:47:24,2026-08-05,Wed,11,,System note,Cold Call,Yuktha Anand,0.0,1012,"RELEVANCE CHECK — read the LinkedIn profile, then mark relevant or irrelevant. Do not call. There is no phone on this deal yet, on purpose: we enrich only the ones you mark relevant, so no credits are spent on leads that turn out not to fit. Person: Karthikeyan Kasiviswanathan Title: Chief Executive Officer Company: NITHILAM.TECH Location: Greater Coimbatore Area LinkedIn: https://www.linkedin.com/in/kartooz Headline: AI Technologist | AI Strategy | Business Solutions | Software Engineering Source: OutFlo India campaign — this person REPLIED to our LinkedIn outreach (sender: Ishpreet Sood). Last action: 2026-08-03T06:19:25.984Z. What makes it relevant: an Indian IT-services firm or product company that could own pre-2024 client code, with this person senior enough to decide. Irrelevant: an",Outflo Outreach ( Startups ),Campaign
340358867669,NITHILAM.TECH,2026-08-05 12:20:44,2026-08-05,Wed,12,Yuktha Anand,Vetted - in,Dead/ColdCall/Not Interested,Yuktha Anand,0.023,36,Relevant lead but POC not interested,Outflo Outreach ( Startups ),Campaign
340378509020,SustainableX,2026-08-05 11:47:58,2026-08-05,Wed,11,,System note,Cold Call,Lamiya Saleem,0.0,1073,"RELEVANCE CHECK — read the LinkedIn profile, then mark relevant or irrelevant. Do not call. There is no phone on this deal yet, on purpose: we enrich only the ones you mark relevant, so no credits are spent on leads that turn out not to fit. Person: Lokesh Bohra Title: Founder Company: SustainableX Location: Mumbai, Maharashtra, India LinkedIn: https://www.linkedin.com/in/lokeshbohra Headline: Revolutionizing ESG with AI @SustainableX: Digital-first Scalable tech+Sustainability Compliance SaaS |Global CXO’s Digital Advisor Founder, Turning challenges Source: OutFlo India campaign — this person REPLIED to our LinkedIn outreach (sender: Ashish Ranjan). Last action: 2026-08-05T04:05:56.614Z. What makes it relevant: an Indian IT-services firm or product company that could own pre-2024 client c",Outflo Outreach ( Startups ),Campaign
340378509020,SustainableX,2026-08-05 12:07:51,2026-08-05,Wed,12,Lamiya Saleem,Vetted - in,Interested,Lamiya Saleem,0.014,39,Relevant lead. Shared deck on LinkedIn.,Outflo Outreach ( Startups ),Campaign
340390936312,DeepRunner AI,2026-08-05 11:46:20,2026-08-05,Wed,11,,System note,Cold Call,Lamiya Saleem,0.0,1109,"RELEVANCE CHECK — read the LinkedIn profile, then mark relevant or irrelevant. Do not call. There is no phone on this deal yet, on purpose: we enrich only the ones you mark relevant, so no credits are spent on leads that turn out not to fit. Person: Gaurav Rao Title: Senior Business Application Engineer Company: DeepRunner AI Location: Noida, Uttar Pradesh, India LinkedIn: https://www.linkedin.com/in/gaurav-rao-a2380b19 Headline: Sr. Business Application Engineer @ DeepRunner AI | AI-Native Full Stack Engineer & Tech Co-Founder | Claude, OpenAI, LLMs, Next.js, Python, Supabase, Docker Source: OutFlo India campaign — this person REPLIED to our LinkedIn outreach (sender: Yash Choudhary). Last action: 2026-08-04T09:26:22.927Z. What makes it relevant: an Indian IT-services firm or product comp",Outflo Outreach ( Startups ),Campaign
340390936312,DeepRunner AI,2026-08-05 13:02:27,2026-08-05,Wed,13,Lamiya Saleem,Vetted - out,Dead/ColdCall/WrongFit,Lamiya Saleem,0.053,15,Irrelevant lead,Outflo Outreach ( Startups ),Campaign
340390937337,Whirlwind,2026-08-05 11:48:25,2026-08-05,Wed,11,,System note,Cold Call,Lamiya Saleem,0.0,1109,"RELEVANCE CHECK — read the LinkedIn profile, then mark relevant or irrelevant. Do not call. There is no phone on this deal yet, on purpose: we enrich only the ones you mark relevant, so no credits are spent on leads that turn out not to fit. Person: Meet Mehta Title: Manager, Engineering & AI Powered Growth Systems Company: Whirlwind Location: Vadodara, Gujarat, India LinkedIn: https://www.linkedin.com/in/meetmehta-dev Headline: Freelance GrowthOps Engineer | I build the SaaS tools your stack rents (custom Lemlist, Hunter, Pitchbox, Phantombuster,Worksnaps alternatives) | Salesforce Dev Source: OutFlo India campaign — this person REPLIED to our LinkedIn outreach (sender: Shobit Gupta). Last action: 2026-08-04T09:58:39.132Z. What makes it relevant: an Indian IT-services firm or product comp",Outflo Outreach ( Startups ),Campaign
340390937337,Whirlwind,2026-08-05 11:50:41,2026-08-05,Wed,11,Lamiya Saleem,Vetted - out,Dead/ColdCall/WrongFit,Lamiya Saleem,0.002,28,Irrelevant. Not tech startup,Outflo Outreach ( Startups ),Campaign
340394448605,Vincent Karthikeyan,2026-08-05 11:17:28,2026-08-05,Wed,11,,System note,Cold Call,Shobit Gupta,0.0,785,"LinkedIn Lead-Gen Form 'ITservices_targeted_message', submitted 4 Aug 2026. INBOUND — he filled the form himself. Form answers: Company operating: under 3 years Dormant IT projects he wants to license: 18 ← the highest number any inbound lead has given us Not enriched. No company name was looked up, so this deal is named after the person — the exception to our company-name rule, done deliberately. His email domain hints at Chinovibe Healthcare ; confirm on the call rather than assuming. Qualify on two things: 18 dormant projects is a strong claim from a company under 3 years old — establish that they are real client projects, and that any of them predate 2024, which a sub-3-year-old company may not have. Phone +916381764092 is from the form and validates as an Indian mobile.",Linkedin Campaign ( IT Services ),Campaign
340394456794,LiveRamp,2026-08-05 11:47:10,2026-08-05,Wed,11,,System note,Cold Call,Yuktha Anand,0.0,963,"RELEVANCE CHECK — read the LinkedIn profile, then mark relevant or irrelevant. Do not call. There is no phone on this deal yet, on purpose: we enrich only the ones you mark relevant, so no credits are spent on leads that turn out not to fit. Person: Varsha Kota Title: AI Staff Tech Lead Company: LiveRamp Location: India LinkedIn: https://www.linkedin.com/in/varshakota Headline: AI Staff Tech Lead | Agentic AI, LLM Evals, AI Safety | Ex-Founder Source: OutFlo India campaign — this person REPLIED to our LinkedIn outreach (sender: Shobit Gupta). Last action: 2026-08-04T07:17:58.485Z. What makes it relevant: an Indian IT-services firm or product company that could own pre-2024 client code, with this person senior enough to decide. Irrelevant: an employee at a large corporate (Accenture, PwC, S",Outflo Outreach ( Startups ),Campaign
340394456794,LiveRamp,2026-08-05 12:35:27,2026-08-05,Wed,12,Yuktha Anand,Vetted - in,Interested,Yuktha Anand,0.034,40,Relevant and Interested Pushing for call,Outflo Outreach ( Startups ),Campaign
340394456794,LiveRamp,2026-08-05 17:12:29,2026-08-05,Wed,17,Yuktha Anand,Meeting fixed,GMeet Fixed,Yuktha Anand,0.226,46,Gmeet fixed for Friday (7th August) at 3:00 PM,Outflo Outreach ( Startups ),Campaign
340394456794,LiveRamp,2026-08-10 11:30:19,2026-08-10,Mon,11,Yuktha Anand,No pickup,GMeet Fixed,Yuktha Anand,4.988,109,Gmeet was cancelled on friday- called to reschedule no response Have messaged on Whatsapp and mail for timing,Outflo Outreach ( Startups ),Campaign
340394456799,SIDANA VENTURES,2026-08-05 11:47:44,2026-08-05,Wed,11,,System note,Cold Call,Lamiya Saleem,0.0,1051,"RELEVANCE CHECK — read the LinkedIn profile, then mark relevant or irrelevant. Do not call. There is no phone on this deal yet, on purpose: we enrich only the ones you mark relevant, so no credits are spent on leads that turn out not to fit. Person: Rakesh Sidana Title: Founder Company: SIDANA VENTURES Location: Gurugram, Haryana, India LinkedIn: https://www.linkedin.com/in/rakeshsidana Headline: Family Office | DeepTech Venture Studio | Founder of Multiple Businesses | Investor | Director | Author | Mentor | Pre-IPO Investments Source: OutFlo India campaign — this person REPLIED to our LinkedIn outreach (sender: Ashish Ranjan). Last action: 2026-08-04T07:41:51.917Z. What makes it relevant: an Indian IT-services firm or product company that could own pre-2024 client code, with this person ",Outflo Outreach ( Startups ),Campaign
340394456799,SIDANA VENTURES,2026-08-05 12:17:27,2026-08-05,Wed,12,Lamiya Saleem,Vetted - in,Cold Call,Lamiya Saleem,0.021,57,"Relevant lead. messaged him to book slot, no response yet",Outflo Outreach ( Startups ),Campaign
340394456821,Zimo Technologies Pvt. Ltd. (ZimO.One),2026-08-05 11:48:32,2026-08-05,Wed,11,,System note,Cold Call,Yuktha Anand,0.0,1155,"RELEVANCE CHECK — read the LinkedIn profile, then mark relevant or irrelevant. Do not call. There is no phone on this deal yet, on purpose: we enrich only the ones you mark relevant, so no credits are spent on leads that turn out not to fit. Person: Ashutosh Sharma Title: Engineering Systems Architect & Project Lead Company: Zimo Technologies Pvt. Ltd. (ZimO.One) Location: Chandigarh, Chandigarh, India LinkedIn: https://www.linkedin.com/in/ashutosh-sharma-527a7612 Headline: Engineering Systems Architect — CAD, BIM, PLM, MBSE & Digital Twin Automation | AI-Driven Workflows for Regulated Industries | 18+ Yrs — EV · Aerospace · Pharma Source: OutFlo India campaign — this person REPLIED to our LinkedIn outreach (sender: Shobit Gupta). Last action: 2026-08-03T08:42:23.858Z. What makes it releva",Outflo Outreach ( Startups ),Campaign
340394456821,Zimo Technologies Pvt. Ltd. (ZimO.One),2026-08-05 12:04:18,2026-08-05,Wed,12,Yuktha Anand,Vetted - in,Interested,Yuktha Anand,0.011,59,"Relevant and Interested. Checking for call, calendly shared",Outflo Outreach ( Startups ),Campaign
340394456821,Zimo Technologies Pvt. Ltd. (ZimO.One),2026-08-05 15:14:59,2026-08-05,Wed,15,Yuktha Anand,Meeting fixed,GMeet Fixed,Yuktha Anand,0.143,50,Google call fixed for 3:00 PM on 10th Aug (monday),Outflo Outreach ( Startups ),Campaign
340394456821,Zimo Technologies Pvt. Ltd. (ZimO.One),2026-08-10 15:19:27,2026-08-10,Mon,15,Yuktha Anand,Other,Script Shared,Yuktha Anand,5.147,13,Script shared,Outflo Outreach ( Startups ),Campaign
340397948623,Luqa Technologies,2026-08-05 11:16:30,2026-08-05,Wed,11,,System note,Cold Call,Shobit Gupta,0.0,573,"LinkedIn Lead-Gen Form ' Form - Jul 31, 2026 ' (Bhanu split), submitted 5 Aug 2026. INBOUND — he filled the form himself. PMP IT Consultant — 'I build websites, web apps & AI-powered solutions'. Past: Ayfiz Absolutes, Printone DMCC, Tecfuge Business Solutions. Client project work is exactly the dormant-codebase profile. Phone +919895709543 is from the form and validates as an Indian mobile. This form asks NO qualifying questions (no company age, no dormant-project count), so qualify on the call: does he own a company, and does it hold client code written before 2024?",Linkedin Campaign ( IT Services ),Campaign
340397948623,Luqa Technologies,2026-08-05 13:01:59,2026-08-05,Wed,13,Shobit Gupta,Chase sent,Interested,Shobit Gupta,0.073,24,sent details on whatsapp,Linkedin Campaign ( IT Services ),Campaign
340397950652,Nishant Vispute,2026-08-05 11:24:33,2026-08-05,Wed,11,,System note,Cold Call,Lamiya Saleem,0.0,987,"RELEVANCE CHECK — read the LinkedIn profile, then mark relevant or irrelevant. Do not call. There is no phone on this deal yet, on purpose: we enrich only the ones you mark relevant, so no credits are spent on leads that turn out not to fit. Person: Nishant Vispute Title: Senior Software Engineering Manager Company: Optum Location: Mumbai, Maharashtra, India LinkedIn: https://www.linkedin.com/in/nvispute Headline: Sr S/W Engineering Manager | Optum Global Solutions Source: OutFlo India campaign — this person REPLIED to our LinkedIn outreach (sender: Yash Choudhary). Last action: 2026-08-05T05:52:20.493Z. What makes it relevant: an Indian IT-services firm or product company that could own pre-2024 client code, with this person senior enough to decide. Irrelevant: an employee at a large corp",Outflo Outreach ( Startups ),Campaign
340397950652,Nishant Vispute,2026-08-05 11:37:39,2026-08-05,Wed,11,Yuktha Anand,Vetted - in,Interested,Yuktha Anand,0.009,41,Relevant and Interested checking for call,Outflo Outreach ( Startups ),Campaign
340397950652,Nishant Vispute,2026-08-05 17:29:50,2026-08-05,Wed,17,Yuktha Anand,Meeting fixed,GMeet Fixed,Yuktha Anand,0.254,70,Call fixed for 1:00 PM on Friday right contact number: +91 90119 19992,Outflo Outreach ( Startups ),Campaign
340397950652,Nishant Vispute,2026-08-07 14:29:46,2026-08-07,Fri,14,Yuktha Anand,Callback booked,GMeet Fixed,Yuktha Anand,2.129,60,POC will get back with information on codebases by next week,Outflo Outreach ( Startups ),Campaign
340397950652,Nishant Vispute,2026-08-10 13:16:20,2026-08-10,Mon,13,Yuktha Anand,No pickup,Script Shared,Yuktha Anand,5.078,39,"called, no response- chasing for script",Outflo Outreach ( Startups ),Campaign
340397950652,Nishant Vispute,2026-08-12 11:24:30,2026-08-12,Wed,11,Yuktha Anand,No pickup,Script Shared,Yuktha Anand,7.0,42,"No response to call, followed up over mail",Outflo Outreach ( Startups ),Campaign
340399708890,Brandsmashers Tech,2026-08-05 11:16:37,2026-08-05,Wed,11,,System note,Cold Call,Shobit Gupta,0.0,527,"LinkedIn Lead-Gen Form ' Form - Jul 31, 2026 ' (Bhanu split), submitted 5 Aug 2026. INBOUND — he filled the form himself. Entrepreneur & business specialist, 'helping startups & enterprises'. Current: Brandsmashers Tech and Algo Match. Confirm which company he actually owns. Phone +919630168508 is from the form and validates as an Indian mobile. This form asks NO qualifying questions (no company age, no dormant-project count), so qualify on the call: does he own a company, and does it hold client code written before 2024?",Linkedin Campaign ( IT Services ),Campaign
340399708890,Brandsmashers Tech,2026-08-18 12:48:28,2026-08-18,Tue,12,Ishpreet Sood,Not interested,Script Shared,Ishpreet Sood,13.064,95,"hard to catch, not interested in the process. we have a group but never responds/picks up calls",Linkedin Campaign ( IT Services ),Campaign
340450601709,AllysAI,2026-08-06 11:28:48,2026-08-06,Thu,11,Lamiya Saleem,Vetted - out,Cold Call,Lamiya Saleem,0.144,31,Irrelevant lead. Not a founder.,Linkedin Campaign ( IT Services ),Campaign
340451163861,HirePro,2026-08-12 17:49:46,2026-08-12,Wed,17,Yuktha Anand,No pickup,Dead/ColdCall/Not Interested,Yuktha Anand,5.334,7,Hung up,Scraping Algo ( IT services ),Scraped
340451163881,Rapyder Cloud Solutions,2026-08-12 17:13:55,2026-08-12,Wed,17,Yuktha Anand,No pickup,No Pickup,Yuktha Anand,5.309,11,No response,Scraping Algo ( IT services ),Scraped
340451163881,Rapyder Cloud Solutions,2026-08-12 17:20:12,2026-08-12,Wed,17,Yuktha Anand,Other,Dead/ColdCall/WrongNumber,Yuktha Anand,5.313,11,Invalid POC,Scraping Algo ( IT services ),Scraped
340451163885,Narola Infotech,2026-08-10 18:22:22,2026-08-10,Mon,18,Yuktha Anand,No pickup,Cold Call,Yuktha Anand,3.356,7,Hung up,Scraping Algo ( IT services ),Scraped
340451163891,Klaus IT Solutions Pvt Ltd,2026-08-10 18:00:45,2026-08-10,Mon,18,Yuktha Anand,No pickup,Cold Call,Yuktha Anand,3.341,11,No response,Scraping Algo ( IT services ),Scraped
340451163891,Klaus IT Solutions Pvt Ltd,2026-08-10 18:15:39,2026-08-10,Mon,18,Yuktha Anand,No pickup,Dead/ColdCall/WrongNumber,Yuktha Anand,3.351,85,POC mentioned that she exited the company and has no context anymore and then hung up,Scraping Algo ( IT services ),Scraped
340451164882,Krazy Mantra Group of Companies,2026-08-10 16:53:23,2026-08-10,Mon,16,Yuktha Anand,No pickup,No Pickup,Yuktha Anand,3.292,11,No response,Scraping Algo ( IT services ),Scraped
340451164899,FEXLE Services Private Limited,2026-08-10 14:39:26,2026-08-10,Mon,14,Yuktha Anand,No pickup,Cold Call,Yuktha Anand,3.199,11,No response,Scraping Algo ( IT services ),Scraped
340451165888,Kratikal,2026-08-07 15:12:44,2026-08-07,Fri,15,Yuktha Anand,No pickup,Cold Call,Yuktha Anand,0.22,11,No response,Scraping Algo ( IT services ),Scraped
340451165896,Shine Dezign Infonet Pvt. Ltd.,2026-08-07 14:43:39,2026-08-07,Fri,14,Yuktha Anand,Not interested,Dead/ColdCall/Not Interested,Yuktha Anand,0.2,14,Not interested,Scraping Algo ( IT services ),Scraped
340451165898,In2IT Enterprise Business Services,2026-08-07 12:39:49,2026-08-07,Fri,12,Yuktha Anand,Bad number,Dead/ColdCall/WrongNumber,Yuktha Anand,0.114,14,Invalid number,Scraping Algo ( IT services ),Scraped
340451166946,Indovision Services Private Limited,2026-08-12 14:50:29,2026-08-12,Wed,14,Lamiya Saleem,No pickup,No Pickup,Lamiya Saleem,5.204,15,did not pick up,Scraping Algo ( IT services ),Scraped
340451169985,Areteans,2026-08-10 17:45:24,2026-08-10,Mon,17,Lamiya Saleem,Not interested,Dead/ColdCall/Not Interested,Lamiya Saleem,3.325,19,said not interested,Scraping Algo ( IT services ),Scraped
340451170001,OpsTree Global,2026-08-10 17:18:58,2026-08-10,Mon,17,Lamiya Saleem,Chase sent,Interested,Lamiya Saleem,3.306,44,Said he was driving and asked to send a mail,Scraping Algo ( IT services ),Scraped
340451170001,OpsTree Global,2026-08-12 15:57:13,2026-08-12,Wed,15,Lamiya Saleem,Callback booked,Interested,Lamiya Saleem,5.249,23,said he is in a meeting,Scraping Algo ( IT services ),Scraped
340451170001,OpsTree Global,2026-08-12 18:11:35,2026-08-12,Wed,18,Lamiya Saleem,Other,Interested,Lamiya Saleem,5.342,21,sent a follow-up mail,Scraping Algo ( IT services ),Scraped
340451173052,CADOpt Technologies Private Limited,2026-08-10 16:17:09,2026-08-10,Mon,16,Lamiya Saleem,Chase sent,Interested,Lamiya Saleem,3.262,20,Asked to send a mail,Scraping Algo ( IT services ),Scraped
340451173052,CADOpt Technologies Private Limited,2026-08-11 16:55:54,2026-08-11,Tue,16,Lamiya Saleem,No pickup,Interested,Lamiya Saleem,4.288,15,did not pick up,Scraping Algo ( IT services ),Scraped
340451173052,CADOpt Technologies Private Limited,2026-08-12 16:57:54,2026-08-12,Wed,16,Lamiya Saleem,No pickup,Interested,Lamiya Saleem,5.29,38,"did not pick up, sent a follow-up mail",Scraping Algo ( IT services ),Scraped
340451173076,Worxpertise Group,2026-08-10 15:33:31,2026-08-10,Mon,15,Lamiya Saleem,Not interested,Dead/ColdCall/Not Interested,Lamiya Saleem,3.231,14,Not interested,Scraping Algo ( IT services ),Scraped
340451173104,ToXSL Technologies,2026-08-10 15:27:03,2026-08-10,Mon,15,Lamiya Saleem,Bad number,Dead/ColdCall/WrongNumber,Lamiya Saleem,3.226,12,Wrong number,Scraping Algo ( IT services ),Scraped
340451173110,Merino Consulting Services,2026-08-07 17:45:02,2026-08-07,Fri,17,Lamiya Saleem,No pickup,No Pickup,Lamiya Saleem,0.322,12,Switched off,Scraping Algo ( IT services ),Scraped
340451174084,VertexPlus,2026-08-10 15:10:43,2026-08-10,Mon,15,Lamiya Saleem,Chase sent,Cold Call,Lamiya Saleem,3.214,52,Asked to send a mail and then have a VC if relevant.,Scraping Algo ( IT services ),Scraped
340451174084,VertexPlus,2026-08-11 11:27:01,2026-08-11,Tue,11,Lamiya Saleem,No pickup,Interested,Lamiya Saleem,4.058,37,"did not pick up, will follow-up later",Scraping Algo ( IT services ),Scraped
340451174089,Sattrix Information Security,2026-08-07 14:44:12,2026-08-07,Fri,14,Lamiya Saleem,Bad number,Dead/ColdCall/WrongNumber,Lamiya Saleem,0.195,21,number does not exist,Scraping Algo ( IT services ),Scraped
340451174093,NXP India,2026-08-10 15:01:47,2026-08-10,Mon,15,Lamiya Saleem,Chase sent,Interested,Lamiya Saleem,3.207,76,Asked to send a mail with details. Send will forward to the relevant person.,Scraping Algo ( IT services ),Scraped
340451174129,SVARAPPS Technologies Group,2026-08-07 11:28:21,2026-08-07,Fri,11,Lamiya Saleem,No pickup,No Pickup,Lamiya Saleem,0.058,15,Did not pick up,Scraping Algo ( IT services ),Scraped
340452880101,OpenCubicles Technologies Pvt Ltd,2026-08-06 11:21:29,2026-08-06,Thu,11,Lamiya Saleem,Vetted - out,Cold Call,Lamiya Saleem,0.138,62,Irrelevant lead. Said does not own any assets (outflo message),Linkedin Campaign ( IT Services ),Campaign
340453574388,InfraBeat Technologies Pvt. Ltd.,2026-08-12 17:26:02,2026-08-12,Wed,17,Yuktha Anand,No pickup,No Pickup,Yuktha Anand,5.317,11,No response,Scraping Algo ( IT services ),Scraped
340453580530,Paxcom India (P) Ltd - A Paymentus Company,2026-08-10 14:54:56,2026-08-10,Mon,14,Lamiya Saleem,Vetted - out,Dead/ColdCall/WrongFit,Lamiya Saleem,3.206,28,Irrelevant lead. HR director,Scraping Algo ( IT services ),Scraped
340453580532,MicroGenesis TechSoft,2026-08-10 16:46:10,2026-08-10,Mon,16,Lamiya Saleem,No pickup,Cold Call,Lamiya Saleem,3.283,35,"did not pick up, left a voice mail.",Scraping Algo ( IT services ),Scraped
340453583583,PENTOZ,2026-08-07 17:12:51,2026-08-07,Fri,17,Lamiya Saleem,Bad number,Dead/ColdCall/WrongNumber,Lamiya Saleem,0.3,12,Wrong number,Scraping Algo ( IT services ),Scraped
340453585605,Vrinsoft Technology Pvt. Ltd.,2026-08-07 11:30:29,2026-08-07,Fri,11,Lamiya Saleem,Callback booked,No Pickup,Lamiya Saleem,0.06,9,Line busy,Scraping Algo ( IT services ),Scraped
340453585605,Vrinsoft Technology Pvt. Ltd.,2026-08-07 11:36:00,2026-08-07,Fri,11,Lamiya Saleem,Not interested,Dead/ColdCall/Not Interested,Lamiya Saleem,0.063,27,Called back. Not interested,Scraping Algo ( IT services ),Scraped
340465466059,Doon Digital Marketer,2026-08-06 11:35:42,2026-08-06,Thu,11,Lamiya Saleem,Vetted - out,Dead/ColdCall/WrongFit,Lamiya Saleem,0.149,34,Irrelevant lead. Post 2024 founder,Linkedin Campaign ( IT Services ),Campaign
340469586654,Nineleaps,2026-08-12 18:10:45,2026-08-12,Wed,18,Yuktha Anand,Callback booked,Interested,Yuktha Anand,5.349,64,Sent WA message- interested Will check on codebases and get back,Scraping Algo ( IT services ),Scraped
340469586654,Nineleaps,2026-08-17 18:46:10,2026-08-17,Mon,18,Yuktha Anand,Other,Interested,Yuktha Anand,10.373,45,"Asked for more time, will connect on thursday",Scraping Algo ( IT services ),Scraped
340469586665,XtraNet Technologies Limited,2026-08-12 17:47:59,2026-08-12,Wed,17,Yuktha Anand,No pickup,Cold Call,Yuktha Anand,5.333,11,No response,Scraping Algo ( IT services ),Scraped
340469589702,GrayMatter Software,2026-08-07 17:56:23,2026-08-07,Fri,17,Yuktha Anand,Bad number,Dead/ColdCall/WrongNumber,Yuktha Anand,0.335,12,wrong number,Scraping Algo ( IT services ),Scraped
340469593798,Real Time Data Services,2026-08-12 16:44:09,2026-08-12,Wed,16,Lamiya Saleem,No pickup,No Pickup,Lamiya Saleem,5.282,15,did not pick up,Scraping Algo ( IT services ),Scraped
340469593803,Diksha Technologies,2026-08-10 17:36:16,2026-08-10,Mon,17,Lamiya Saleem,No pickup,Cold Call,Lamiya Saleem,3.318,15,did not pick up,Scraping Algo ( IT services ),Scraped
340469593805,Votary Softech Solutions Pvt. Ltd.,2026-08-10 16:43:28,2026-08-10,Mon,16,Lamiya Saleem,No pickup,Cold Call,Lamiya Saleem,3.281,15,did not pick up,Scraping Algo ( IT services ),Scraped
340472056534,izmo ltd,2026-08-12 17:43:16,2026-08-12,Wed,17,Yuktha Anand,Chase sent,Interested,Yuktha Anand,5.329,49,"Invalid POC, but asked to mail teamhr@izmoltd.com",Scraping Algo ( IT services ),Scraped
340472056534,izmo ltd,2026-08-18 16:07:39,2026-08-18,Tue,16,Yuktha Anand,Chase sent,Interested,Yuktha Anand,11.263,21,Followed up over mail,Scraping Algo ( IT services ),Scraped
340472056534,izmo ltd,2026-08-19 12:45:09,2026-08-19,Wed,12,Yuktha Anand,Other,Dead/ColdCall/Not Interested,Yuktha Anand,12.122,12,unresponsive,Scraping Algo ( IT services ),Scraped
340472059589,Tridhya Tech Limited,2026-08-07 17:05:02,2026-08-07,Fri,17,Yuktha Anand,No pickup,No Pickup,Yuktha Anand,0.299,11,No response,Scraping Algo ( IT services ),Scraped
340472063699,SparxIT,2026-08-07 17:52:50,2026-08-07,Fri,17,Lamiya Saleem,Bad number,Dead/ColdCall/WrongNumber,Lamiya Saleem,0.329,12,wrong number,Scraping Algo ( IT services ),Scraped
340472063704,Vasundhara Infotech,2026-08-10 14:44:03,2026-08-10,Mon,14,Lamiya Saleem,No pickup,No Pickup,Lamiya Saleem,3.197,12,switched off,Scraping Algo ( IT services ),Scraped
340472064713,iFlair Web Technologies Pvt. Ltd.,2026-08-10 16:18:15,2026-08-10,Mon,16,Lamiya Saleem,Bad number,Dead/ColdCall/WrongNumber,Lamiya Saleem,3.262,12,Wrong number,Scraping Algo ( IT services ),Scraped
340472065726,WebSenor®,2026-08-07 16:39:36,2026-08-07,Fri,16,Lamiya Saleem,Bad number,Dead/ColdCall/WrongNumber,Lamiya Saleem,0.276,12,Wrong number,Scraping Algo ( IT services ),Scraped
340473275126,Cresol Infoserv Pvt Ltd,2026-08-17 14:46:06,2026-08-17,Mon,14,Yuktha Anand,No pickup,Cold Call,Yuktha Anand,11.281,11,No response,Linkedin Campaign ( IT Services ),Campaign
340473812669,Ganapathi Ram,2026-08-14 17:58:30,2026-08-14,Fri,17,Yuktha Anand,Other,Dead/ColdCall/WrongFit,Yuktha Anand,7.352,37,Wrong fit- very few LOC's and no PR's,Linkedin Campaign ( IT Services ),Campaign
340473832181,Apptunix,2026-08-10 17:56:17,2026-08-10,Mon,17,Yuktha Anand,No pickup,No Pickup,Yuktha Anand,3.337,11,No response,Scraping Algo ( IT services ),Scraped
340473833166,Appzlogic,2026-08-10 14:26:00,2026-08-10,Mon,14,Yuktha Anand,No pickup,Cold Call,Yuktha Anand,3.189,11,No response,Scraping Algo ( IT services ),Scraped
340473833166,Appzlogic,2026-08-10 14:55:20,2026-08-10,Mon,14,Yuktha Anand,Disqualified,Dead/ColdCall/WrongFit,Yuktha Anand,3.21,58,No codebases POC. mentioned he would refer someone over WA,Scraping Algo ( IT services ),Scraped
340485248704,thesischandigarhofficial,2026-08-06 11:34:05,2026-08-06,Thu,11,Lamiya Saleem,Vetted - in,Cold Call,Lamiya Saleem,0.147,13,Relevant lead,Linkedin Campaign ( IT Services ),Campaign
340485333743,Tapas Das,2026-08-13 11:48:22,2026-08-13,Thu,11,Lamiya Saleem,Chase sent,Cold Call,Lamiya Saleem,6.94,135,asked to send a mail since he's travelling and will set up a meeting after speaking with his founder. will be back to office on tuesday,Linkedin Campaign ( IT Services ),Campaign
340485333743,Tapas Das,2026-08-18 10:45:33,2026-08-18,Tue,10,Lamiya Saleem,No pickup,Interested,Lamiya Saleem,11.896,15,did not pick up,Linkedin Campaign ( IT Services ),Campaign
340485789414,Appusamy Subbian,2026-08-13 11:29:14,2026-08-13,Thu,11,Lamiya Saleem,Other,Interested,Lamiya Saleem,6.081,28,said will schedule a meeting,Linkedin Campaign ( IT Services ),Campaign
340485789414,Appusamy Subbian,2026-08-14 16:13:53,2026-08-14,Fri,16,Lamiya Saleem,Other,Interested,Lamiya Saleem,7.279,26,said Monday we can connect,Linkedin Campaign ( IT Services ),Campaign
340485789414,Appusamy Subbian,2026-08-18 16:57:37,2026-08-18,Tue,16,Lamiya Saleem,No pickup,Interested,Lamiya Saleem,11.309,15,did not pick up,Linkedin Campaign ( IT Services ),Campaign
340485797600,ProwessSoft,2026-08-10 18:25:32,2026-08-10,Mon,18,Yuktha Anand,No pickup,Cold Call,Yuktha Anand,3.358,11,No response,Scraping Algo ( IT services ),Scraped
340485797614,Qapitol,2026-08-10 17:33:12,2026-08-10,Mon,17,Yuktha Anand,Bad number,No Pickup,Yuktha Anand,3.321,25,Incoming call not allowed,Scraping Algo ( IT services ),Scraped
340485797624,Verinite,2026-08-10 16:56:43,2026-08-10,Mon,16,Yuktha Anand,Bad number,Cold Call,Yuktha Anand,3.295,12,Wrong number,Scraping Algo ( IT services ),Scraped
340485798592,Quadrafort Technologies,2026-08-10 16:39:50,2026-08-10,Mon,16,Yuktha Anand,Bad number,Dead/ColdCall/WrongNumber,Yuktha Anand,3.283,14,Invalid number,Scraping Algo ( IT services ),Scraped
340485803769,EbizON,2026-08-11 10:51:33,2026-08-11,Tue,10,Lamiya Saleem,Vetted - out,Cold Call,Lamiya Saleem,4.037,30,Irrelevant. Marketing director,Scraping Algo ( IT services ),Scraped
340485806828,IELEKTRON TECHNOLOGIES PVT. LTD.,2026-08-10 16:10:57,2026-08-10,Mon,16,Lamiya Saleem,Bad number,Dead/ColdCall/WrongNumber,Lamiya Saleem,3.257,14,Does not exist,Scraping Algo ( IT services ),Scraped
340485807819,Crestech Software,2026-08-10 15:28:32,2026-08-10,Mon,15,Lamiya Saleem,No pickup,Cold Call,Lamiya Saleem,3.227,15,Did not pick up,Scraping Algo ( IT services ),Scraped
340485809855,Open Network For Digital Commerce (ONDC),2026-08-07 11:18:41,2026-08-07,Fri,11,Lamiya Saleem,No pickup,Cold Call,Lamiya Saleem,0.051,35,Did not pick up. Left a voice mail.,Scraping Algo ( IT services ),Scraped
340499000023,Uday Tanwar,2026-08-14 18:03:53,2026-08-14,Fri,18,Yuktha Anand,Meeting fixed,GMeet Fixed,Yuktha Anand,7.356,30,Gmeet fixed for 4:00 PM monday,Linkedin Campaign ( IT Services ),Campaign
340499000023,Uday Tanwar,2026-08-17 16:22:11,2026-08-17,Mon,16,Yuktha Anand,Chase sent,Script Shared,Yuktha Anand,10.285,23,Script shared over mail,Linkedin Campaign ( IT Services ),Campaign
340499009244,Nice Software Solutions Pvt. Ltd.,2026-08-12 17:23:41,2026-08-12,Wed,17,Yuktha Anand,Bad number,Dead/ColdCall/WrongNumber,Yuktha Anand,5.316,12,Wrong number,Scraping Algo ( IT services ),Scraped
340499009259,DRC Systems,2026-08-10 17:53:31,2026-08-10,Mon,17,Yuktha Anand,Bad number,Cold Call,Yuktha Anand,3.335,21,POC number is invalid,Scraping Algo ( IT services ),Scraped
340499010256,Elfonze Technologies,2026-08-10 16:54:48,2026-08-10,Mon,16,Yuktha Anand,Bad number,Dead/ColdCall/WrongNumber,Yuktha Anand,3.293,12,Wrong number,Scraping Algo ( IT services ),Scraped
340499010261,Softcell Technologies Pvt. Ltd.,2026-08-10 16:51:49,2026-08-10,Mon,16,Yuktha Anand,No pickup,Cold Call,Yuktha Anand,3.291,11,No response,Scraping Algo ( IT services ),Scraped
340499015380,Accops,2026-08-10 14:48:29,2026-08-10,Mon,14,Lamiya Saleem,Bad number,Cold Call,Lamiya Saleem,3.201,12,Wrong number,Scraping Algo ( IT services ),Scraped
340499018463,Blueprint Technologies Pvt Ltd,2026-08-07 17:14:46,2026-08-07,Fri,17,Lamiya Saleem,No pickup,No Pickup,Lamiya Saleem,0.301,15,did not pick up,Scraping Algo ( IT services ),Scraped
340499018469,Auriga IT,2026-08-10 15:21:04,2026-08-10,Mon,15,Lamiya Saleem,Disqualified,Dead/ColdCall/WrongFit,Lamiya Saleem,3.221,35,Said does not have dormant codebase,Scraping Algo ( IT services ),Scraped
340499019504,MountBlue Technologies,2026-08-07 12:15:12,2026-08-07,Fri,12,Lamiya Saleem,Disqualified,Dead/ColdCall/WrongFit,Lamiya Saleem,0.091,35,Said does not have dormant codebase,Scraping Algo ( IT services ),Scraped
340503784169,Nefraa Defense and space technologies LLP,2026-08-06 11:38:06,2026-08-06,Thu,11,Lamiya Saleem,Vetted - in,Cold Call,Lamiya Saleem,0.15,23,Relevant lead. Maybe IT,Linkedin Campaign ( IT Services ),Campaign
340503784169,Nefraa Defense and space technologies LLP,2026-08-14 18:12:04,2026-08-14,Fri,18,Yuktha Anand,Other,Cold Call,Yuktha Anand,8.424,9,Wrong fit,Linkedin Campaign ( IT Services ),Campaign
340506813170,doodleblue Innovations,2026-08-12 17:51:22,2026-08-12,Wed,17,Yuktha Anand,No pickup,Cold Call,Yuktha Anand,5.335,11,No response,Scraping Algo ( IT services ),Scraped
340506814183,Computronics Systems (India) Private Limited,2026-08-07 17:44:58,2026-08-07,Fri,17,Yuktha Anand,No pickup,No Pickup,Yuktha Anand,0.327,11,No response,Scraping Algo ( IT services ),Scraped
340506814183,Computronics Systems (India) Private Limited,2026-08-07 17:51:58,2026-08-07,Fri,17,Yuktha Anand,Disqualified,Dead/ColdCall/WrongFit,Yuktha Anand,0.332,24,Said he has no codebases,Scraping Algo ( IT services ),Scraped
340506815178,XILLIGENCE,2026-08-07 14:39:26,2026-08-07,Fri,14,Yuktha Anand,No pickup,No Pickup,Yuktha Anand,0.197,56,"Network issue, the call got cut Tried again, no response",Scraping Algo ( IT services ),Scraped
340506818296,Reflections Info Systems,2026-08-10 17:47:01,2026-08-10,Mon,17,Lamiya Saleem,No pickup,Cold Call,Lamiya Saleem,3.326,15,Did not pick up,Scraping Algo ( IT services ),Scraped
340506818297,Noventiq India,2026-08-10 14:53:49,2026-08-10,Mon,14,Lamiya Saleem,No pickup,Cold Call,Lamiya Saleem,3.205,15,Did not pick up,Scraping Algo ( IT services ),Scraped
340506819262,Konverge Technologies,2026-08-12 14:56:08,2026-08-12,Wed,14,Lamiya Saleem,No pickup,Cold Call,Lamiya Saleem,5.206,15,did not pick up,Scraping Algo ( IT services ),Scraped
340506819264,VEGA Intellisoft Pvt Ltd,2026-08-07 13:12:37,2026-08-07,Fri,13,Lamiya Saleem,No pickup,No Pickup,Lamiya Saleem,0.133,15,Did not pick up,Scraping Algo ( IT services ),Scraped
340506822365,Truetech,2026-08-07 15:20:11,2026-08-07,Fri,15,Lamiya Saleem,Callback booked,No Pickup,Lamiya Saleem,0.22,13,line was busy,Scraping Algo ( IT services ),Scraped
340506822376,Atidan Technologies,2026-08-07 12:25:50,2026-08-07,Fri,12,Lamiya Saleem,Not interested,Dead/ColdCall/Not Interested,Lamiya Saleem,0.099,19,Said not interested,Scraping Algo ( IT services ),Scraped
340511555274,Qseap Infotech Pvt Ltd,2026-08-12 17:09:41,2026-08-12,Wed,17,Yuktha Anand,Other,Interested,Yuktha Anand,5.305,18,Asked to send mail,Scraping Algo ( IT services ),Scraped
340511555274,Qseap Infotech Pvt Ltd,2026-08-17 18:49:20,2026-08-17,Mon,18,Yuktha Anand,No pickup,Interested,Yuktha Anand,10.375,11,No response,Scraping Algo ( IT services ),Scraped
340511555274,Qseap Infotech Pvt Ltd,2026-08-18 16:12:05,2026-08-18,Tue,16,Yuktha Anand,Chase sent,Interested,Yuktha Anand,11.265,51,"Out of network coverage area, followed up over mail",Scraping Algo ( IT services ),Scraped
340511555277,MPC Cloud Consulting Pvt Ltd,2026-08-10 17:59:17,2026-08-10,Mon,17,Yuktha Anand,Disqualified,Dead/ColdCall/WrongFit,Yuktha Anand,3.34,40,"Only work for Oracle, no IP on codebases",Scraping Algo ( IT services ),Scraped
340511555283,ARK Infosolutions Pvt. Ltd.,2026-08-10 17:47:52,2026-08-10,Mon,17,Yuktha Anand,Other,Dead/ColdCall/WrongNumber,Yuktha Anand,3.331,11,Invalid POC,Scraping Algo ( IT services ),Scraped
340511555301,Craw Security,2026-08-10 17:27:05,2026-08-10,Mon,17,Yuktha Anand,Other,Dead/ColdCall/WrongNumber,Yuktha Anand,3.316,11,POC invalid,Scraping Algo ( IT services ),Scraped
340511556317,Kudzu Infotech,2026-08-07 12:35:15,2026-08-07,Fri,12,Yuktha Anand,Meeting fixed,Cold Call,Yuktha Anand,0.11,34,Gmeet fixed for 12:30 PM on monday,Scraping Algo ( IT services ),Scraped
340511560422,Softtrix Tech Solutions Pvt Ltd,2026-08-10 17:14:48,2026-08-10,Mon,17,Lamiya Saleem,Not interested,Dead/ColdCall/Not Interested,Lamiya Saleem,3.303,14,Not interested,Scraping Algo ( IT services ),Scraped
340511560435,eSec Forte® Technologies,2026-08-10 14:47:31,2026-08-10,Mon,14,Lamiya Saleem,No pickup,No Pickup,Lamiya Saleem,3.2,15,Did not pick up,Scraping Algo ( IT services ),Scraped
340512803541,SRV Technology,2026-08-07 16:44:41,2026-08-07,Fri,16,Lamiya Saleem,Script shared,Script Shared,Ishpreet Sood,1.363,13,Shared script,Linkedin Campaign ( IT Services ),Campaign
340512803541,SRV Technology,2026-08-10 15:50:10,2026-08-10,Mon,15,Lamiya Saleem,Other,Script Shared,Ishpreet Sood,4.326,55,Followed - up. Said will share the result by Wednesday.,Linkedin Campaign ( IT Services ),Campaign
340518196957,BeyondB,2026-08-13 11:51:40,2026-08-13,Thu,11,Lamiya Saleem,Bad number,Cold Call,Lamiya Saleem,7.16,60,"cannot receive incoming calls at the moment, did not pick up",Linkedin Campaign ( IT Services ),Campaign
340518196957,BeyondB,2026-08-18 17:00:58,2026-08-18,Tue,17,Lamiya Saleem,Bad number,No Pickup,Lamiya Saleem,12.374,54,"cannot receive incoming at the moment, did not pick up",Linkedin Campaign ( IT Services ),Campaign
340518754015,Fluper,2026-08-10 14:19:52,2026-08-10,Mon,14,Yuktha Anand,No pickup,No Pickup,Yuktha Anand,3.185,11,No response,Scraping Algo ( IT services ),Scraped
340518754032,DigiValet,2026-08-07 15:25:39,2026-08-07,Fri,15,Yuktha Anand,Bad number,Dead/ColdCall/WrongNumber,Yuktha Anand,0.23,14,Invalid number,Scraping Algo ( IT services ),Scraped
340518754041,Jupitice Justice Technologies,2026-08-07 14:45:51,2026-08-07,Fri,14,Yuktha Anand,Callback booked,Cold Call,Yuktha Anand,0.201,38,"In a meeting, mentioned will call back",Scraping Algo ( IT services ),Scraped
340518754041,Jupitice Justice Technologies,2026-08-07 17:01:18,2026-08-07,Fri,17,Yuktha Anand,No pickup,No Pickup,Yuktha Anand,0.296,24,"Called back, no response",Scraping Algo ( IT services ),Scraped
340518758112,ESSPL,2026-08-12 15:02:56,2026-08-12,Wed,15,Lamiya Saleem,Vetted - out,Dead/ColdCall/WrongFit,Lamiya Saleem,5.212,21,"irrelevant, wrong fit",Scraping Algo ( IT services ),Scraped
340518759099,Yudiz Solutions,2026-08-10 16:41:13,2026-08-10,Mon,16,Lamiya Saleem,Other,Cold Call,Lamiya Saleem,3.279,11,Not audible,Scraping Algo ( IT services ),Scraped
340518760126,Xcaliber Infotech Pvt. Ltd. - A Phoenix Group Company,2026-08-10 14:40:39,2026-08-10,Mon,14,Lamiya Saleem,No pickup,Cold Call,Lamiya Saleem,3.194,15,did not pick up,Scraping Algo ( IT services ),Scraped
340518760142,Pratiti Technologies,2026-08-10 14:38:32,2026-08-10,Mon,14,Lamiya Saleem,Bad number,Dead/ColdCall/WrongNumber,Lamiya Saleem,3.193,12,wrong number,Scraping Algo ( IT services ),Scraped
340518761155,Markup Designs,2026-08-07 16:34:34,2026-08-07,Fri,16,Lamiya Saleem,Vetted - out,Dead/ColdCall/WrongFit,Lamiya Saleem,0.272,36,Irrelevant. Not IT. Not tech founder,Scraping Algo ( IT services ),Scraped
340518762184,WarpDrive Tech Works,2026-08-07 11:41:43,2026-08-07,Fri,11,Lamiya Saleem,No pickup,No Pickup,Lamiya Saleem,0.067,15,Did not pick up,Scraping Algo ( IT services ),Scraped
340518762188,Cynoteck Technology Solutions,2026-08-07 11:24:31,2026-08-07,Fri,11,Lamiya Saleem,Callback booked,No Pickup,Lamiya Saleem,0.055,14,Line was busy.,Scraping Algo ( IT services ),Scraped
340518762188,Cynoteck Technology Solutions,2026-08-11 11:37:01,2026-08-11,Tue,11,Lamiya Saleem,No pickup,No Pickup,Lamiya Saleem,4.064,32,Did not pick up. So sent a mail.,Scraping Algo ( IT services ),Scraped
340524320453,Mitrahsoft Solutions Private Limited,2026-08-10 17:40:57,2026-08-10,Mon,17,Yuktha Anand,Other,Dead/ColdCall/WrongNumber,Yuktha Anand,3.326,14,POC is invalid,Scraping Algo ( IT services ),Scraped
340524320476,Infiflex Technologies Pvt. Ltd.,2026-08-10 16:02:03,2026-08-10,Mon,16,Yuktha Anand,No pickup,Cold Call,Yuktha Anand,3.256,11,No response,Scraping Algo ( IT services ),Scraped
340524320491,Techsaga Corporations,2026-08-07 17:41:03,2026-08-07,Fri,17,Yuktha Anand,No pickup,Cold Call,Yuktha Anand,0.324,116,POC invalid- she is a Director of BD Called Founder- Raj Gaurav (No response) +91 96502 24916 raj.gaurav@techsaga.us,Scraping Algo ( IT services ),Scraped
340524320504,IFI Techsolutions Ltd.,2026-08-07 12:27:35,2026-08-07,Fri,12,Yuktha Anand,Bad number,Cold Call,Yuktha Anand,0.105,12,Wrong number,Scraping Algo ( IT services ),Scraped
340524325580,BCI (Bar Code India),2026-08-10 17:16:44,2026-08-10,Mon,17,Lamiya Saleem,No pickup,Cold Call,Lamiya Saleem,3.303,34,"did not pick up, left a voice mail",Scraping Algo ( IT services ),Scraped
340524326646,Goods And Services Tax Network,2026-08-10 15:18:37,2026-08-10,Mon,15,Lamiya Saleem,Vetted - out,Dead/ColdCall/WrongFit,Lamiya Saleem,3.219,10,Irrelevant,Scraping Algo ( IT services ),Scraped
340525544185,Gofrugal,2026-08-10 17:14:15,2026-08-10,Mon,17,Yuktha Anand,No pickup,Cold Call,Yuktha Anand,3.307,11,No response,Scraping Algo ( IT services ),Scraped
340525544185,Gofrugal,2026-08-10 17:24:06,2026-08-10,Mon,17,Yuktha Anand,Other,Dead/ColdCall/WrongNumber,Yuktha Anand,3.314,37,number mentioned is his wife's number,Scraping Algo ( IT services ),Scraped
340525545158,VividMinds Technologies,2026-08-10 14:21:54,2026-08-10,Mon,14,Yuktha Anand,No pickup,Cold Call,Yuktha Anand,3.186,11,No response,Scraping Algo ( IT services ),Scraped
340525550327,Kran Consulting Pvt. Ltd,2026-08-07 17:19:00,2026-08-07,Fri,17,Lamiya Saleem,Chase sent,Interested,Lamiya Saleem,0.304,86,asked to share details by mail. said will pass on to team and book meeting if relevant,Scraping Algo ( IT services ),Scraped
340525550327,Kran Consulting Pvt. Ltd,2026-08-10 17:29:06,2026-08-10,Mon,17,Lamiya Saleem,Other,Interested,Lamiya Saleem,3.311,40,Sent a follow - up mail; +91 94470 78125,Scraping Algo ( IT services ),Scraped
340525550327,Kran Consulting Pvt. Ltd,2026-08-17 14:36:29,2026-08-17,Mon,14,Lamiya Saleem,No pickup,Interested,Lamiya Saleem,10.191,15,did not pick up,Scraping Algo ( IT services ),Scraped
340525552344,Innovation Incubator Advisory,2026-08-10 14:57:27,2026-08-10,Mon,14,Lamiya Saleem,Other,Dead/ColdCall/WrongFit,Lamiya Saleem,3.204,19,not based in the US,Scraping Algo ( IT services ),Scraped
340529734389,Deliqt,2026-08-07 14:40:42,2026-08-07,Fri,14,Lamiya Saleem,Script shared,Script Shared,Ishpreet Sood,0.215,54,Was in the VC with Ishpreet and shared script after vc,Linkedin Campaign ( IT Services ),Campaign
340529753802,QodeNext,2026-08-10 17:28:52,2026-08-10,Mon,17,Yuktha Anand,No pickup,Cold Call,Yuktha Anand,3.318,11,No response,Scraping Algo ( IT services ),Scraped
340529753816,Vayavya Labs,2026-08-10 17:17:49,2026-08-10,Mon,17,Yuktha Anand,Bad number,No Pickup,Yuktha Anand,3.31,25,Incoming call not allowed,Scraping Algo ( IT services ),Scraped
340529753842,Chimera Technologies Private Limited,2026-08-07 17:11:51,2026-08-07,Fri,17,Yuktha Anand,Bad number,Dead/ColdCall/WrongNumber,Yuktha Anand,0.303,14,Invalid number,Scraping Algo ( IT services ),Scraped
340529754811,Sankey Solutions,2026-08-07 14:58:46,2026-08-07,Fri,14,Yuktha Anand,No pickup,No Pickup,Yuktha Anand,0.211,11,No response,Scraping Algo ( IT services ),Scraped
340529754825,Alphawizz Technologies Pvt. Ltd.,2026-08-07 11:40:57,2026-08-07,Fri,11,Yuktha Anand,Not interested,Dead/ColdCall/Not Interested,Yuktha Anand,0.072,14,Not interested,Scraping Algo ( IT services ),Scraped
340529757882,SSM InfoTech Solutions Pvt. Ltd.,2026-08-12 15:10:51,2026-08-12,Wed,15,Lamiya Saleem,Chase sent,Interested,Lamiya Saleem,5.218,78,"asked to send a WA message, not responsible. will share someone else's number.",Scraping Algo ( IT services ),Scraped
340529757882,SSM InfoTech Solutions Pvt. Ltd.,2026-08-12 15:18:22,2026-08-12,Wed,15,Lamiya Saleem,Chase sent,Interested,Lamiya Saleem,5.223,37,asked to send a mail to jenish chawla,Scraping Algo ( IT services ),Scraped
340529757882,SSM InfoTech Solutions Pvt. Ltd.,2026-08-17 16:20:27,2026-08-17,Mon,16,Lamiya Saleem,Other,Interested,Lamiya Saleem,10.266,70,"spoke to jenish, asked to connect on thursday but looks like wrong POC",Scraping Algo ( IT services ),Scraped
340529757918,GTT Data Solutions Ltd,2026-08-12 14:57:47,2026-08-12,Wed,14,Lamiya Saleem,Other,Dead/ColdCall/WrongNumber,Lamiya Saleem,5.209,9,wrong POC,Scraping Algo ( IT services ),Scraped
340529759964,CYBROSYS Technologies Pvt Ltd,2026-08-10 15:24:48,2026-08-10,Mon,15,Lamiya Saleem,Callback booked,Interested,Lamiya Saleem,3.224,38,Asked to send a mail and will get back,Scraping Algo ( IT services ),Scraped
340529759977,Signity Software Solutions Pvt. Ltd.,2026-08-10 15:07:27,2026-08-10,Mon,15,Lamiya Saleem,No pickup,Cold Call,Lamiya Saleem,3.211,15,Did not pick up,Scraping Algo ( IT services ),Scraped
340529759992,TechChefz Digital,2026-08-07 12:23:05,2026-08-07,Fri,12,Lamiya Saleem,No pickup,No Pickup,Lamiya Saleem,0.097,35,Did not pick up. Left a voice note.,Scraping Algo ( IT services ),Scraped
340529760979,Cientra,2026-08-07 12:17:32,2026-08-07,Fri,12,Lamiya Saleem,No pickup,No Pickup,Lamiya Saleem,0.093,15,Did not pick up,Scraping Algo ( IT services ),Scraped
340538085061,Velumani Selvaraj,2026-08-10 12:43:03,2026-08-10,Mon,12,Yuktha Anand,Other,Script Shared,Ishpreet Sood,3.978,71,Gmeet done and script shared. POC mentioned they have multiple projects,Linkedin Campaign ( IT Services ),Campaign
340538085061,Velumani Selvaraj,2026-08-12 13:04:46,2026-08-12,Wed,13,Yuktha Anand,Other,Dead/ResultsReceived/WrongFit-Rejected,Ishpreet Sood,5.993,25,Healthy LOC's but no PR's,Linkedin Campaign ( IT Services ),Campaign
340540538607,Brilyant,2026-08-12 17:06:31,2026-08-12,Wed,17,Yuktha Anand,No pickup,Cold Call,Yuktha Anand,5.303,11,No response,Scraping Algo ( IT services ),Scraped
340540540630,ITSource Technologies Limited,2026-08-10 17:49:08,2026-08-10,Mon,17,Yuktha Anand,Bad number,Dead/ColdCall/WrongNumber,Yuktha Anand,3.332,12,wrong number,Scraping Algo ( IT services ),Scraped
340540540646,Infopercept,2026-08-10 16:48:40,2026-08-10,Mon,16,Yuktha Anand,No pickup,Cold Call,Yuktha Anand,3.289,11,No response,Scraping Algo ( IT services ),Scraped
340540540654,Shaligram Infotech,2026-08-10 15:54:07,2026-08-10,Mon,15,Yuktha Anand,Meeting fixed,GMeet Fixed,Yuktha Anand,3.25,36,Gmeet fixed for 4:00 PM on Wednesday,Scraping Algo ( IT services ),Scraped
340540540654,Shaligram Infotech,2026-08-13 16:19:37,2026-08-13,Thu,16,Yuktha Anand,Callback booked,Script Shared,Yuktha Anand,6.268,95,"Script shared. low priority, as not many dormant codebases available Will get back on codebases",Scraping Algo ( IT services ),Scraped
340540540664,Teleglobal International,2026-08-07 17:35:04,2026-08-07,Fri,17,Yuktha Anand,No pickup,No Pickup,Yuktha Anand,0.32,11,No response,Scraping Algo ( IT services ),Scraped
340540541639,Northcorp Software,2026-08-07 15:07:11,2026-08-07,Fri,15,Yuktha Anand,No pickup,Dead/ColdCall/WrongFit,Yuktha Anand,0.217,40,LinkedIn ID mismatch No response to call,Scraping Algo ( IT services ),Scraped
340540541639,Northcorp Software,2026-08-07 15:22:53,2026-08-07,Fri,15,Yuktha Anand,Meeting fixed,GMeet Fixed,Yuktha Anand,0.227,34,Gmeet fixed for 10th Aug @ 3:30 PM,Scraping Algo ( IT services ),Scraped
340540541639,Northcorp Software,2026-08-10 18:23:15,2026-08-10,Mon,18,Yuktha Anand,Callback booked,GMeet Fixed,Yuktha Anand,3.353,27,"No show, need to reschedule",Scraping Algo ( IT services ),Scraped
340540541639,Northcorp Software,2026-08-18 10:44:34,2026-08-18,Tue,10,Yuktha Anand,Other,Dead/GMeet/NoShow,Yuktha Anand,11.034,34,Unresponsive to calls and messages,Scraping Algo ( IT services ),Scraped
340540541643,Positka,2026-08-07 14:35:31,2026-08-07,Fri,14,Yuktha Anand,Bad number,Dead/ColdCall/WrongNumber,Yuktha Anand,0.194,12,Wrong number,Scraping Algo ( IT services ),Scraped
340541761237,ideyaLabs,2026-08-10 16:37:54,2026-08-10,Mon,16,Yuktha Anand,Other,Dead/ColdCall/WrongNumber,Yuktha Anand,3.281,16,POC is not valid,Scraping Algo ( IT services ),Scraped
340541761240,WebGuru Infosystems Pvt. Ltd.,2026-08-10 15:57:58,2026-08-10,Mon,15,Yuktha Anand,Bad number,Dead/ColdCall/WrongNumber,Yuktha Anand,3.253,14,Invalid number,Scraping Algo ( IT services ),Scraped
340541761273,EnH,2026-08-07 14:52:48,2026-08-07,Fri,14,Yuktha Anand,No pickup,Cold Call,Yuktha Anand,0.206,11,No response,Scraping Algo ( IT services ),Scraped
340541761273,EnH,2026-08-10 11:31:32,2026-08-10,Mon,11,Yuktha Anand,Disqualified,Dead/ColdCall/WrongFit,Yuktha Anand,3.067,12,No codebases,Scraping Algo ( IT services ),Scraped
340541762280,Moolya,2026-08-10 18:22:46,2026-08-10,Mon,18,Lamiya Saleem,No pickup,Cold Call,Lamiya Saleem,3.351,26,switched off/not reachable,Scraping Algo ( IT services ),Scraped
340541765348,Jconnect Infotech,2026-08-10 16:22:53,2026-08-10,Mon,16,Lamiya Saleem,No pickup,Cold Call,Lamiya Saleem,3.266,15,Did not pick up,Scraping Algo ( IT services ),Scraped
340541766371,Vision Infotech,2026-08-10 16:09:26,2026-08-10,Mon,16,Lamiya Saleem,Chase sent,Interested,Lamiya Saleem,3.256,76,Said he is interested. Asked to send a mail and will schedule a meeting soon,Scraping Algo ( IT services ),Scraped
340541766371,Vision Infotech,2026-08-11 15:07:34,2026-08-11,Tue,15,Lamiya Saleem,Meeting fixed,Script Shared,Lamiya Saleem,4.213,26,Gmeet fixed. Script shared,Scraping Algo ( IT services ),Scraped
340541767372,Perennial Systems,2026-08-10 15:25:38,2026-08-10,Mon,15,Lamiya Saleem,Vetted - out,Dead/ColdCall/WrongFit,Lamiya Saleem,3.225,11,Irrelevant.,Scraping Algo ( IT services ),Scraped
340545240817,Plaxonic,2026-08-10 16:12:06,2026-08-10,Mon,16,Yuktha Anand,Disqualified,Dead/ColdCall/WrongFit,Yuktha Anand,3.263,12,No codebases,Scraping Algo ( IT services ),Scraped
340545241795,CMARIX,2026-08-07 17:55:03,2026-08-07,Fri,17,Yuktha Anand,No pickup,No Pickup,Yuktha Anand,0.334,11,No response,Scraping Algo ( IT services ),Scraped
340545246946,AIT Global India,2026-08-07 17:49:35,2026-08-07,Fri,17,Lamiya Saleem,Other,Dead/ColdCall/WrongFit,Lamiya Saleem,0.328,11,HR Director,Scraping Algo ( IT services ),Scraped
340545246955,Infocus Technologies Pvt ltd,2026-08-10 16:36:48,2026-08-10,Mon,16,Lamiya Saleem,Vetted - out,Dead/ColdCall/WrongFit,Lamiya Saleem,3.276,10,Irrelevant,Scraping Algo ( IT services ),Scraped
340545246958,LinuxWorld Informatics Pvt Ltd,2026-08-10 14:46:01,2026-08-10,Mon,14,Lamiya Saleem,Other,Dead/ColdCall/WrongFit,Lamiya Saleem,3.199,23,"HR leader, not relevant",Scraping Algo ( IT services ),Scraped
340545250026,Soffit Infrastructure Services (P) Ltd,2026-08-07 16:37:21,2026-08-07,Fri,16,Lamiya Saleem,Disqualified,Dead/ColdCall/WrongFit,Lamiya Saleem,0.274,52,Called them. Said they dont do any development work.,Scraping Algo ( IT services ),Scraped
340545251020,SDET Tech,2026-08-07 12:19:34,2026-08-07,Fri,12,Lamiya Saleem,No pickup,No Pickup,Lamiya Saleem,0.094,35,Did not pick up. Left a voice note.,Scraping Algo ( IT services ),Scraped
340547945151,Applied Cloud Computing,2026-08-12 17:22:32,2026-08-12,Wed,17,Yuktha Anand,No pickup,Cold Call,Yuktha Anand,5.315,11,No response,Scraping Algo ( IT services ),Scraped
340547945193,Interstellar Cyber Systems,2026-08-10 16:45:57,2026-08-10,Mon,16,Yuktha Anand,Other,Dead/ColdCall/WrongFit,Yuktha Anand,3.287,48,Mentioned he has gotten rid of dormant codebases,Scraping Algo ( IT services ),Scraped
340547946176,Sterco Digitex Pvt Limited,2026-08-07 17:46:22,2026-08-07,Fri,17,Yuktha Anand,Bad number,Cold Call,Yuktha Anand,0.328,12,Wrong number,Scraping Algo ( IT services ),Scraped
340547951308,Brio Technologies,2026-08-10 15:35:29,2026-08-10,Mon,15,Lamiya Saleem,No pickup,Cold Call,Lamiya Saleem,3.232,33,Did not pick up. Left a voicemail,Scraping Algo ( IT services ),Scraped
340550281920,TeamLease Regtech Pvt. Ltd.,2026-08-12 16:37:59,2026-08-12,Wed,16,Lamiya Saleem,Other,Dead/ColdCall/WrongNumber,Lamiya Saleem,5.278,9,Wrong POC,Scraping Algo ( IT services ),Scraped
340550283985,Decimal Technologies,2026-08-07 17:50:38,2026-08-07,Fri,17,Lamiya Saleem,Bad number,Dead/ColdCall/WrongNumber,Lamiya Saleem,0.328,14,Out of service,Scraping Algo ( IT services ),Scraped
340550286019,R360 Group,2026-08-07 17:09:50,2026-08-07,Fri,17,Lamiya Saleem,Bad number,No Pickup,Lamiya Saleem,0.297,44,Cannot receive incoming calls at the moment.,Scraping Algo ( IT services ),Scraped
340550286039,AtliQ Technologies,2026-08-10 14:22:19,2026-08-10,Mon,14,Lamiya Saleem,No pickup,No Pickup,Lamiya Saleem,3.18,15,Did not pick up,Scraping Algo ( IT services ),Scraped
340550287042,AAPNA Infotheek Pvt. Ltd.,2026-08-07 12:07:17,2026-08-07,Fri,12,Lamiya Saleem,Bad number,Interested,Lamiya Saleem,0.085,141,Wrong number. Got real one from apollo: +91 77990 35904. Said he cannot take the decision but will talk to the right person and call me back.,Scraping Algo ( IT services ),Scraped
340550287042,AAPNA Infotheek Pvt. Ltd.,2026-08-11 11:53:46,2026-08-11,Tue,11,Lamiya Saleem,No pickup,Interested,Lamiya Saleem,4.076,15,did not pick up,Scraping Algo ( IT services ),Scraped
340550287042,AAPNA Infotheek Pvt. Ltd.,2026-08-17 16:36:20,2026-08-17,Mon,16,Lamiya Saleem,No pickup,Interested,Lamiya Saleem,10.272,30,"did not pick up, wrong POC btw",Scraping Algo ( IT services ),Scraped
340550287042,AAPNA Infotheek Pvt. Ltd.,2026-08-18 15:47:30,2026-08-18,Tue,15,,Bad number,Cold Call,Lamiya Saleem,11.238,144,Wrong number corrected via Wiza enrichment. Old: +919619049267 (dead). New: +917799035904 for Girish Kumar. Moved back to Cold Call for re-dial.,Scraping Algo ( IT services ),Scraped
340550287042,AAPNA Infotheek Pvt. Ltd.,2026-08-19 16:40:49,2026-08-19,Wed,16,Lamiya Saleem,Not interested,Dead/ColdCall/Not Interested,Lamiya Saleem,12.275,94,"spoke with girish kumar long back, haven't been responsive at all, taking it as not interested",Scraping Algo ( IT services ),Scraped
340581291707,Aspiring Minds,2026-08-12 17:31:58,2026-08-12,Wed,17,Yuktha Anand,Other,Dead/ColdCall/WrongNumber,Yuktha Anand,5.322,11,Invalid POC,Scraping Algo ( IT services ),Scraped
340581291721,Servosys Solutions,2026-08-10 18:19:40,2026-08-10,Mon,18,Yuktha Anand,Callback booked,Cold Call,Yuktha Anand,3.354,54,Mentioned will ask the concerned POC to get back to me,Scraping Algo ( IT services ),Scraped
340581291752,Xencia Technology Solutions,2026-08-10 17:19:07,2026-08-10,Mon,17,Yuktha Anand,No pickup,Cold Call,Yuktha Anand,3.311,11,No response,Scraping Algo ( IT services ),Scraped
340581297877,Airblack,2026-08-07 17:06:47,2026-08-07,Fri,17,Lamiya Saleem,Disqualified,Dead/ColdCall/WrongFit,Lamiya Saleem,0.296,68,Not an IT firm. Founder of a current startup that is still operating,Scraping Algo ( IT services ),Scraped
340588477157,TechDefence,2026-08-07 17:43:21,2026-08-07,Fri,17,Yuktha Anand,No pickup,Cold Call,Yuktha Anand,0.326,11,No response,Scraping Algo ( IT services ),Scraped
340588482247,Cloud Counselage Pvt. Ltd.,2026-08-10 16:20:43,2026-08-10,Mon,16,Lamiya Saleem,Bad number,Dead/ColdCall/WrongNumber,Lamiya Saleem,3.264,12,Wrong number,Scraping Algo ( IT services ),Scraped
340588483319,Mindstix Software Labs,2026-08-10 15:14:04,2026-08-10,Mon,15,Lamiya Saleem,Bad number,Cold Call,Lamiya Saleem,3.216,14,Out of service,Scraping Algo ( IT services ),Scraped
340588484283,Pi Data Centers,2026-08-07 15:22:37,2026-08-07,Fri,15,Lamiya Saleem,No pickup,No Pickup,Lamiya Saleem,0.222,15,did not pick up,Scraping Algo ( IT services ),Scraped
340588484342,hikeQA,2026-08-10 14:56:20,2026-08-10,Mon,14,Lamiya Saleem,Callback booked,No Pickup,Lamiya Saleem,3.203,9,line busy,Scraping Algo ( IT services ),Scraped
340588485318,enreap,2026-08-07 11:26:27,2026-08-07,Fri,11,Lamiya Saleem,Bad number,Dead/ColdCall/WrongNumber,Lamiya Saleem,0.057,21,Number does not exist,Scraping Algo ( IT services ),Scraped
340590242548,Zimetrics,2026-08-12 18:12:27,2026-08-12,Wed,18,Yuktha Anand,Other,Dead/ColdCall/WrongNumber,Yuktha Anand,5.35,11,Invalid POC,Scraping Algo ( IT services ),Scraped
340590243536,SAVIC Inc.,2026-08-12 17:30:32,2026-08-12,Wed,17,Yuktha Anand,Chase sent,Interested,Yuktha Anand,5.32,20,Asked for WA message,Scraping Algo ( IT services ),Scraped
340590243536,SAVIC Inc.,2026-08-17 18:48:22,2026-08-17,Mon,18,Yuktha Anand,Bad number,Dead/ColdCall/WrongNumber,Yuktha Anand,10.375,12,Wrong number,Scraping Algo ( IT services ),Scraped
340590243538,Blazeclan Technologies,2026-08-12 17:21:07,2026-08-12,Wed,17,Yuktha Anand,Bad number,Dead/ColdCall/WrongNumber,Yuktha Anand,5.314,14,Number invalid,Scraping Algo ( IT services ),Scraped
340590243552,SEQURETEK,2026-08-10 17:54:57,2026-08-10,Mon,17,Yuktha Anand,Bad number,Cold Call,Yuktha Anand,3.336,12,Wrong number,Scraping Algo ( IT services ),Scraped
340590244542,ThoughtWin,2026-08-10 17:12:55,2026-08-10,Mon,17,Yuktha Anand,Script shared,Script Shared,Yuktha Anand,3.306,88,"Shared script over WA, but POC is mostly irrelevant as he mentioned he doesn't have PR's",Scraping Algo ( IT services ),Scraped
340590244542,ThoughtWin,2026-08-12 11:17:15,2026-08-12,Wed,11,Yuktha Anand,Other,Dead/ColdCall/WrongFit,Yuktha Anand,5.059,23,Very few PR's and LOC's,Scraping Algo ( IT services ),Scraped
340590244563,Netwin Infosolutions,2026-08-07 17:28:25,2026-08-07,Fri,17,Yuktha Anand,Callback booked,Cold Call,Yuktha Anand,0.315,65,Correct number: +91 74989 05937 In a meeting- reach out on monday,Scraping Algo ( IT services ),Scraped
340590244563,Netwin Infosolutions,2026-08-10 14:02:16,2026-08-10,Mon,14,Yuktha Anand,No pickup,No Pickup,Yuktha Anand,3.172,19,No response to call,Scraping Algo ( IT services ),Scraped
340590244564,Appiness Interactive,2026-08-07 17:15:44,2026-08-07,Fri,17,Yuktha Anand,Disqualified,Dead/ColdCall/WrongFit,Yuktha Anand,0.306,46,Mentioned he doesn't have IP for the codebases,Scraping Algo ( IT services ),Scraped
340590248659,PROVAB TECHNOSOFT,2026-08-11 11:10:38,2026-08-11,Tue,11,Lamiya Saleem,Bad number,Cold Call,Lamiya Saleem,4.051,76,Did not pick up. Wrong number. Got the real one from apollo: +91 96633 23660,Scraping Algo ( IT services ),Scraped
340590248674,Bankai Infotech,2026-08-10 14:50:23,2026-08-10,Mon,14,Lamiya Saleem,Other,No Pickup,Lamiya Saleem,3.202,23,Call did not go through,Scraping Algo ( IT services ),Scraped
340590248677,SE Mentor Solutions,2026-08-07 17:47:55,2026-08-07,Fri,17,Lamiya Saleem,No pickup,No Pickup,Lamiya Saleem,0.325,15,Did not pick up,Scraping Algo ( IT services ),Scraped
340593801935,ARKANCE IN Private Limited,2026-08-10 17:46:42,2026-08-10,Mon,17,Yuktha Anand,Other,Dead/ColdCall/WrongNumber,Yuktha Anand,3.33,11,Invalid POC,Scraping Algo ( IT services ),Scraped
340593801940,Easyrewardz Software Services,2026-08-10 17:30:00,2026-08-10,Mon,17,Yuktha Anand,No pickup,Cold Call,Yuktha Anand,3.319,11,No response,Scraping Algo ( IT services ),Scraped
340593801940,Easyrewardz Software Services,2026-08-10 17:38:54,2026-08-10,Mon,17,Yuktha Anand,Callback booked,No Pickup,Yuktha Anand,3.325,56,"POC is interested, will get back with time slots over WA",Scraping Algo ( IT services ),Scraped
340593801940,Easyrewardz Software Services,2026-08-12 13:13:22,2026-08-12,Wed,13,Yuktha Anand,No pickup,Interested,Yuktha Anand,5.14,30,"No response to call, sent mail",Scraping Algo ( IT services ),Scraped
340593801940,Easyrewardz Software Services,2026-08-18 16:13:40,2026-08-18,Tue,16,Yuktha Anand,No pickup,Interested,Yuktha Anand,11.265,11,No response,Scraping Algo ( IT services ),Scraped
340593802940,NexusLink Services India Pvt Ltd,2026-08-07 17:03:47,2026-08-07,Fri,17,Yuktha Anand,Disqualified,Dead/ColdCall/WrongFit,Yuktha Anand,0.298,48,Mentioned they don't have any inactive codebases,Scraping Algo ( IT services ),Scraped
340593802952,Divami,2026-08-07 14:54:32,2026-08-07,Fri,14,Yuktha Anand,No pickup,No Pickup,Yuktha Anand,0.208,11,No response,Scraping Algo ( IT services ),Scraped
340593802963,Umbrella Infocare,2026-08-07 12:41:46,2026-08-07,Fri,12,Yuktha Anand,No pickup,Cold Call,Yuktha Anand,0.115,11,No response,Scraping Algo ( IT services ),Scraped
340593806066,Dew Solutions Pvt Ltd,2026-08-10 18:11:11,2026-08-10,Mon,18,Lamiya Saleem,Callback booked,Cold Call,Lamiya Saleem,3.343,9,line busy,Scraping Algo ( IT services ),Scraped
340593810152,Network kings,2026-08-07 11:59:58,2026-08-07,Fri,11,Lamiya Saleem,Bad number,No Pickup,Lamiya Saleem,0.08,125,"The number is wrong. Got another one through apollo: +91 98994 22840. Did not pick up. Asked to leave a message, so sent one.",Scraping Algo ( IT services ),Scraped
340604636867,Moon Technolabs,2026-08-12 17:18:55,2026-08-12,Wed,17,Yuktha Anand,Not interested,Dead/ColdCall/Not Interested,Yuktha Anand,5.312,14,Not interested,Scraping Algo ( IT services ),Scraped
340604636890,orangemantra,2026-08-10 17:31:32,2026-08-10,Mon,17,Yuktha Anand,No pickup,Cold Call,Yuktha Anand,3.32,11,No response,Scraping Algo ( IT services ),Scraped
340604636898,Maruti Techlabs,2026-08-10 17:22:05,2026-08-10,Mon,17,Yuktha Anand,No pickup,Dead/ColdCall/Not Interested,Yuktha Anand,3.313,7,Hung up,Scraping Algo ( IT services ),Scraped
340604637911,HeapTrace Technology,2026-08-07 11:29:44,2026-08-07,Fri,11,Yuktha Anand,Callback booked,Interested,Yuktha Anand,0.065,44,Asked to call back at 2:00 PM- Is interested,Scraping Algo ( IT services ),Scraped
340604637911,HeapTrace Technology,2026-08-18 16:21:36,2026-08-18,Tue,16,Yuktha Anand,No pickup,Interested,Yuktha Anand,11.267,25,No response to cross-call,Scraping Algo ( IT services ),Scraped
340604637911,HeapTrace Technology,2026-08-20 16:27:50,2026-08-20,Thu,16,Yuktha Anand,Not interested,Dead/ColdCall/Not Interested,Yuktha Anand,13.272,14,not interested,Scraping Algo ( IT services ),Scraped
340606431944,CEDCOSS Technologies Private Limited,2026-08-12 17:24:56,2026-08-12,Wed,17,Yuktha Anand,No pickup,No Pickup,Yuktha Anand,5.316,11,No response,Scraping Algo ( IT services ),Scraped
340606431989,Bijak,2026-08-10 16:50:16,2026-08-10,Mon,16,Yuktha Anand,Bad number,Dead/ColdCall/WrongNumber,Yuktha Anand,3.29,12,Wrong number,Scraping Algo ( IT services ),Scraped
340606432988,Allshore Technologies,2026-08-07 12:30:21,2026-08-07,Fri,12,Yuktha Anand,No pickup,Cold Call,Yuktha Anand,0.107,11,No response,Scraping Algo ( IT services ),Scraped
340606435058,inMorphis,2026-08-12 17:23:57,2026-08-12,Wed,17,Lamiya Saleem,Bad number,Cold Call,Lamiya Saleem,5.31,35,"number does not exist, wrong number",Scraping Algo ( IT services ),Scraped
340606441171,Zarthi,2026-08-10 15:21:37,2026-08-10,Mon,15,Lamiya Saleem,Vetted - out,Dead/ColdCall/WrongFit,Lamiya Saleem,3.222,23,Irrelevant. HR Director,Scraping Algo ( IT services ),Scraped
340606441189,techugo,2026-08-10 15:08:41,2026-08-10,Mon,15,Lamiya Saleem,Other,Cold Call,Lamiya Saleem,3.212,22,Call not going through,Scraping Algo ( IT services ),Scraped
340606441191,Enviri Global Service Centre,2026-08-10 15:06:16,2026-08-10,Mon,15,Lamiya Saleem,No pickup,Cold Call,Lamiya Saleem,3.21,16,Did not pick up.,Scraping Algo ( IT services ),Scraped
340606441198,TM Systems,2026-08-07 14:53:21,2026-08-07,Fri,14,Lamiya Saleem,Callback booked,GMeet Fixed,Lamiya Saleem,0.201,54,Fixed gmeet. No show first but rescheduled for Monday.,Scraping Algo ( IT services ),Scraped
340606441198,TM Systems,2026-08-10 14:16:02,2026-08-10,Mon,14,Lamiya Saleem,Other,GMeet Fixed,Lamiya Saleem,3.175,15,Attended the VC,Scraping Algo ( IT services ),Scraped
340609920742,Khushbu Dhiman,2026-08-13 11:31:20,2026-08-13,Thu,11,Lamiya Saleem,Other,Dead/GMeet/wrong fit,Lamiya Saleem,6.083,31,"wrong fit, irrelevant (student)",Linkedin Campaign ( IT Services ),Campaign
340609942207,Ecosmob Technologies,2026-08-10 17:42:32,2026-08-10,Mon,17,Yuktha Anand,Bad number,No Pickup,Yuktha Anand,3.327,14,Out of service,Scraping Algo ( IT services ),Scraped
340609942237,Workcog Inc,2026-08-10 16:24:29,2026-08-10,Mon,16,Yuktha Anand,No pickup,Cold Call,Yuktha Anand,3.272,11,No response,Scraping Algo ( IT services ),Scraped
340609942239,Sagarsoft (India) Ltd,2026-08-10 16:05:49,2026-08-10,Mon,16,Yuktha Anand,Bad number,No Pickup,Yuktha Anand,3.259,14,out of service,Scraping Algo ( IT services ),Scraped
340609949432,Qualitrix,2026-08-12 15:04:52,2026-08-12,Wed,15,Lamiya Saleem,Other,Cold Call,Lamiya Saleem,5.211,9,wrong POC,Scraping Algo ( IT services ),Scraped
340629306096,Rakesh Kumar,2026-08-10 12:15:17,2026-08-10,Mon,12,Lamiya Saleem,Vetted - out,Cold Call,Lamiya Saleem,0.059,10,Irrelevant,Linkedin Campaign ( IT Services ),Campaign
340629306100,Aryan Baadlas,2026-08-10 12:11:43,2026-08-10,Mon,12,Lamiya Saleem,Vetted - out,Cold Call,Lamiya Saleem,0.057,10,Irrelevant,Linkedin Campaign ( IT Services ),Campaign
340644896455,ThoughtSol Infotech Ltd.,2026-08-12 17:11:31,2026-08-12,Wed,17,Yuktha Anand,No pickup,No Pickup,Yuktha Anand,5.307,12,Switched off,Scraping Algo ( IT services ),Scraped
340644896490,Acsia Technologies,2026-08-10 17:25:26,2026-08-10,Mon,17,Yuktha Anand,No pickup,Cold Call,Yuktha Anand,3.315,11,No response,Scraping Algo ( IT services ),Scraped
340644897472,Leegality,2026-08-10 14:16:37,2026-08-10,Mon,14,Yuktha Anand,Not interested,Dead/ColdCall/Not Interested,Yuktha Anand,3.182,14,Not interested,Scraping Algo ( IT services ),Scraped
340644897474,Indexnine Technologies,2026-08-07 18:02:22,2026-08-07,Fri,18,Yuktha Anand,Disqualified,Cold Call,Yuktha Anand,0.339,47,Mentioned they don't have IP to their codebases,Scraping Algo ( IT services ),Scraped
340644897475,Synoverge Technologies Pvt. Ltd.,2026-08-07 17:59:07,2026-08-07,Fri,17,Yuktha Anand,No pickup,No Pickup,Yuktha Anand,0.337,11,No response,Scraping Algo ( IT services ),Scraped
340644897499,Sahana System Limited,2026-08-07 12:47:58,2026-08-07,Fri,12,Yuktha Anand,Chase sent,Cold Call,Yuktha Anand,0.119,170,"Interested by the concept, asked to send a mail to see if he has referrals For his specific organisation, seems unlikely as his work is primarily in the Government sector",Scraping Algo ( IT services ),Scraped
340644898494,Relinns Technologies,2026-08-07 11:17:25,2026-08-07,Fri,11,Yuktha Anand,Bad number,Dead/ColdCall/WrongNumber,Yuktha Anand,0.056,12,Wrong number,Scraping Algo ( IT services ),Scraped
340644901582,Network People Services Technologies Ltd. (NPST- Banking and Payment Solutions),2026-08-12 17:41:40,2026-08-12,Wed,17,Lamiya Saleem,Bad number,Dead/ColdCall/WrongNumber,Lamiya Saleem,5.322,12,wrong number,Scraping Algo ( IT services ),Scraped
340644901586,Webandcrafts,2026-08-10 17:42:10,2026-08-10,Mon,17,Lamiya Saleem,Chase sent,Interested,Lamiya Saleem,3.322,44,Was at an event. Asked to send a WA message.,Scraping Algo ( IT services ),Scraped
340644901586,Webandcrafts,2026-08-12 17:01:08,2026-08-12,Wed,17,Lamiya Saleem,Chase sent,Interested,Lamiya Saleem,5.294,23,Followed up on whatsapp,Scraping Algo ( IT services ),Scraped
340644901591,Orane Consulting Private Limited,2026-08-10 16:54:24,2026-08-10,Mon,16,Lamiya Saleem,Chase sent,Interested,Lamiya Saleem,3.289,145,"Asked to send a whatsapp, will drop mail id and i can reach out there. Sounded interested and said need strategic discussion and set up a meeting",Scraping Algo ( IT services ),Scraped
340644901591,Orane Consulting Private Limited,2026-08-12 13:19:20,2026-08-12,Wed,13,Lamiya Saleem,Callback booked,GMeet Fixed,Lamiya Saleem,5.139,79,attended the VC. Said should speak to the team and will get back in a few hours,Scraping Algo ( IT services ),Scraped
340644901591,Orane Consulting Private Limited,2026-08-13 12:28:45,2026-08-13,Thu,12,Lamiya Saleem,No pickup,Interested,Lamiya Saleem,6.104,36,"did not pick up, called to follow up",Scraping Algo ( IT services ),Scraped
340644901602,Gigmo Solutions,2026-08-10 16:39:03,2026-08-10,Mon,16,Lamiya Saleem,Bad number,Dead/ColdCall/WrongNumber,Lamiya Saleem,3.277,12,wrong number,Scraping Algo ( IT services ),Scraped
340644901604,EMINENTURE,2026-08-07 17:43:39,2026-08-07,Fri,17,Lamiya Saleem,No pickup,No Pickup,Lamiya Saleem,0.322,15,Did not pick up,Scraping Algo ( IT services ),Scraped
340644904642,KogniVera,2026-08-07 14:41:52,2026-08-07,Fri,14,Lamiya Saleem,Disqualified,Dead/ColdCall/WrongFit,Lamiya Saleem,0.193,19,Based out of Mexico,Scraping Algo ( IT services ),Scraped
340646687474,Rudraksh Sharma,2026-08-14 17:45:16,2026-08-14,Fri,17,Yuktha Anand,Other,Dead/ColdCall/WrongFit,Yuktha Anand,7.342,9,Wrong fit,Linkedin Campaign ( IT Services ),Campaign
340646695655,Allscripts India,2026-08-10 17:43:32,2026-08-10,Mon,17,Yuktha Anand,Other,Dead/ColdCall/WrongNumber,Yuktha Anand,3.328,11,Invalid POC,Scraping Algo ( IT services ),Scraped
340646696636,Borzo Wefast,2026-08-10 17:16:45,2026-08-10,Mon,17,Yuktha Anand,Other,Dead/ColdCall/WrongNumber,Yuktha Anand,3.309,14,POC is invalid,Scraping Algo ( IT services ),Scraped
340646696655,WebKorps,2026-08-10 16:18:14,2026-08-10,Mon,16,Yuktha Anand,Other,Cold Call,Yuktha Anand,3.268,18,Asked to send mail,Scraping Algo ( IT services ),Scraped
340646696655,WebKorps,2026-08-12 13:18:22,2026-08-12,Wed,13,Yuktha Anand,No pickup,Interested,Yuktha Anand,5.143,48,No response to call or mail; followed up over WA,Scraping Algo ( IT services ),Scraped
340646696655,WebKorps,2026-08-18 16:18:37,2026-08-18,Tue,16,Yuktha Anand,Chase sent,Interested,Yuktha Anand,11.268,44,Said will loop in the relevant POC over mail,Scraping Algo ( IT services ),Scraped
340646696676,Oak Tree Software,2026-08-07 17:33:07,2026-08-07,Fri,17,Yuktha Anand,No pickup,No Pickup,Yuktha Anand,0.318,11,No response,Scraping Algo ( IT services ),Scraped
340646696693,Myridius x Aethereus,2026-08-07 15:03:59,2026-08-07,Fri,15,Yuktha Anand,Disqualified,Dead/ColdCall/WrongFit,Yuktha Anand,0.214,82,not a relevant POC for Myridius. The venture that was founded by him is irrelevant,Scraping Algo ( IT services ),Scraped
340646700775,Metayb,2026-08-12 17:01:49,2026-08-12,Wed,17,Yuktha Anand,Disqualified,Dead/ColdCall/WrongFit,Yuktha Anand,5.295,12,No codebases,Scraping Algo ( IT services ),Scraped
340646700781,Nethues Technologies,2026-08-10 17:58:25,2026-08-10,Mon,17,Lamiya Saleem,Chase sent,Interested,Lamiya Saleem,3.334,55,Asked to send a whatsapp and also a proposal via email.,Scraping Algo ( IT services ),Scraped
340646700781,Nethues Technologies,2026-08-11 16:02:43,2026-08-11,Tue,16,Lamiya Saleem,No pickup,Interested,Lamiya Saleem,4.253,15,did not pick up,Scraping Algo ( IT services ),Scraped
340646700781,Nethues Technologies,2026-08-12 16:48:25,2026-08-12,Wed,16,Lamiya Saleem,Other,Interested,Lamiya Saleem,5.285,54,"Ishpreet called, said next week someone will reach out",Scraping Algo ( IT services ),Scraped
340646700781,Nethues Technologies,2026-08-17 16:22:26,2026-08-17,Mon,16,Lamiya Saleem,No pickup,Interested,Lamiya Saleem,10.267,15,did not pick up,Scraping Algo ( IT services ),Scraped
340646700781,Nethues Technologies,2026-08-17 18:39:11,2026-08-17,Mon,18,Lamiya Saleem,Not interested,Interested,Lamiya Saleem,10.362,41,said not interested. approached by OpenAI,Scraping Algo ( IT services ),Scraped
340646700785,Lighthouse Info Systems Pvt Ltd,2026-08-10 17:34:41,2026-08-10,Mon,17,Lamiya Saleem,Callback booked,Cold Call,Lamiya Saleem,3.317,9,line busy,Scraping Algo ( IT services ),Scraped
340646703851,XcelTec (A CMMI Level 5 Company),2026-08-10 14:58:54,2026-08-10,Mon,14,Lamiya Saleem,Vetted - out,Cold Call,Lamiya Saleem,3.205,10,Irrelevant,Scraping Algo ( IT services ),Scraped
340717528762,Tarun Anand,2026-08-13 11:21:40,2026-08-13,Thu,11,Lamiya Saleem,No pickup,Cold Call,Lamiya Saleem,3.026,15,did not pick up,Linkedin Campaign ( IT Services ),Campaign
340717528762,Tarun Anand,2026-08-13 11:39:13,2026-08-13,Thu,11,Lamiya Saleem,Other,GMeet Fixed,Lamiya Saleem,3.038,60,"called me back, said he's already fixed a gmeet via campaign",Linkedin Campaign ( IT Services ),Campaign
340759293661,Ashok Medudhula,2026-08-10 12:13:26,2026-08-10,Mon,12,Lamiya Saleem,Vetted - out,Cold Call,Lamiya Saleem,0.058,20,Irrelevant. Employee,Linkedin Campaign ( IT Services ),Campaign
340774699721,IRFAN S,2026-08-10 12:07:43,2026-08-10,Mon,12,Lamiya Saleem,Vetted - out,Cold Call,Lamiya Saleem,0.053,10,Irrelevant,Linkedin Campaign ( IT Services ),Campaign
340776532726,Naman Tiwari,2026-08-10 12:10:04,2026-08-10,Mon,12,Lamiya Saleem,Vetted - out,Cold Call,Lamiya Saleem,0.055,10,Irrelevant,Linkedin Campaign ( IT Services ),Campaign
340776532728,Spoorthi V,2026-08-10 12:09:37,2026-08-10,Mon,12,Lamiya Saleem,Vetted - out,Cold Call,Lamiya Saleem,0.055,10,Irrelevant,Linkedin Campaign ( IT Services ),Campaign
340776533701,Ripul parashar,2026-08-10 12:00:45,2026-08-10,Mon,12,Lamiya Saleem,Vetted - out,Dead/ColdCall/WrongFit,Lamiya Saleem,0.048,10,Irrelevant,Linkedin Campaign ( IT Services ),Campaign
340778328810,shivam verma,2026-08-10 12:07:10,2026-08-10,Mon,12,Lamiya Saleem,Vetted - out,Cold Call,Lamiya Saleem,0.053,10,Irrelevant,Linkedin Campaign ( IT Services ),Campaign
340812586710,neha rawat,2026-08-10 12:08:14,2026-08-10,Mon,12,Lamiya Saleem,Vetted - out,Cold Call,Lamiya Saleem,0.054,10,Irrelevant,Linkedin Campaign ( IT Services ),Campaign
340814483141,Naveen S,2026-08-10 11:55:05,2026-08-10,Mon,11,Lamiya Saleem,Vetted - out,Cold Call,Lamiya Saleem,0.043,10,Irrelevant,Linkedin Campaign ( IT Services ),Campaign
340818911985,Manabendra Pattnaik,2026-08-13 11:24:25,2026-08-13,Thu,11,Lamiya Saleem,No pickup,Cold Call,Lamiya Saleem,3.031,15,did not pick up,Linkedin Campaign ( IT Services ),Campaign
340818918086,Aayush Pareek,2026-08-10 11:54:18,2026-08-10,Mon,11,Lamiya Saleem,Vetted - out,Cold Call,Lamiya Saleem,0.043,10,Irrelevant,Linkedin Campaign ( IT Services ),Campaign
340826647286,Aditya Kiran Nayak,2026-08-10 12:08:57,2026-08-10,Mon,12,Lamiya Saleem,Vetted - out,Cold Call,Lamiya Saleem,0.054,10,Irrelevant,Linkedin Campaign ( IT Services ),Campaign
340830225087,Anwesha Pujhari,2026-08-10 12:11:07,2026-08-10,Mon,12,Lamiya Saleem,Vetted - out,Cold Call,Lamiya Saleem,0.056,10,Irrelevant,Linkedin Campaign ( IT Services ),Campaign
340830225089,Sai Gokul Dhulipudi,2026-08-10 12:12:40,2026-08-10,Mon,12,Lamiya Saleem,Vetted - out,Cold Call,Lamiya Saleem,0.057,11,Irrelevant.,Linkedin Campaign ( IT Services ),Campaign
340830225096,Rathva Bhopin,2026-08-10 12:06:30,2026-08-10,Mon,12,Lamiya Saleem,Vetted - out,Cold Call,Lamiya Saleem,0.052,19,Irrelevant. student,Linkedin Campaign ( IT Services ),Campaign
340835659464,Anurag Pandey,2026-08-10 11:59:47,2026-08-10,Mon,11,Lamiya Saleem,Vetted - out,Cold Call,Lamiya Saleem,0.047,19,Irrelevant. Student,Linkedin Campaign ( IT Services ),Campaign
340845557459,Love Chopra,2026-08-14 17:43:44,2026-08-14,Fri,17,Yuktha Anand,No pickup,Cold Call,Yuktha Anand,4.295,11,No response,Linkedin Campaign ( IT Services ),Campaign
340858654429,Gurpreet Singh Modi,2026-08-13 11:17:12,2026-08-13,Thu,11,Lamiya Saleem,No pickup,Cold Call,Lamiya Saleem,3.017,15,did not pick up,Linkedin Campaign ( IT Services ),Campaign
340858654429,Gurpreet Singh Modi,2026-08-18 16:59:27,2026-08-18,Tue,16,Lamiya Saleem,No pickup,No Pickup,Lamiya Saleem,8.255,15,did not pick up,Linkedin Campaign ( IT Services ),Campaign
340858680024,Pratham Singh,2026-08-10 11:57:41,2026-08-10,Mon,11,Lamiya Saleem,Vetted - out,Cold Call,Lamiya Saleem,0.045,10,Irrelevant,Linkedin Campaign ( IT Services ),Campaign
340999337716,Tecplix Technologies Private Limited,2026-08-12 16:52:30,2026-08-12,Wed,16,Yuktha Anand,Bad number,Dead/ColdCall/WrongNumber,Yuktha Anand,1.24,12,Wrong number,Scraping Algo ( IT services ),Scraped
340999338705,Podium Systems Private Limited,2026-08-11 16:47:29,2026-08-11,Tue,16,Yuktha Anand,Not interested,Dead/ColdCall/WrongFit,Yuktha Anand,0.235,14,Not interested,Scraping Algo ( IT services ),Scraped
340999339714,iAgami,2026-08-11 13:56:06,2026-08-11,Tue,13,Yuktha Anand,Callback booked,No Pickup,Yuktha Anand,0.114,4,Busy,Scraping Algo ( IT services ),Scraped
340999339714,iAgami,2026-08-11 14:41:54,2026-08-11,Tue,14,Yuktha Anand,Chase sent,Interested,Yuktha Anand,0.145,46,"Travelling right now, asked to send WA message",Scraping Algo ( IT services ),Scraped
340999339714,iAgami,2026-08-13 11:37:52,2026-08-13,Thu,11,Yuktha Anand,Other,Interested,Yuktha Anand,2.018,55,"Still travelling, will send a message when back in town",Scraping Algo ( IT services ),Scraped
340999340768,Robotico Digital®,2026-08-11 17:57:29,2026-08-11,Tue,17,Lamiya Saleem,No pickup,Cold Call,Lamiya Saleem,0.278,15,did not pick up,Scraping Algo ( IT services ),Scraped
340999341771,Techdome,2026-08-11 17:05:10,2026-08-11,Tue,17,Lamiya Saleem,Bad number,Cold Call,Lamiya Saleem,0.24,37,"call did not go through, wrong number",Scraping Algo ( IT services ),Scraped
340999341778,Gamemano,2026-08-11 17:03:24,2026-08-11,Tue,17,Lamiya Saleem,Bad number,Dead/ColdCall/WrongNumber,Lamiya Saleem,0.238,12,wrong number,Scraping Algo ( IT services ),Scraped
340999341784,TantranZm,2026-08-11 17:00:56,2026-08-11,Tue,17,Lamiya Saleem,Not interested,Cold Call,Lamiya Saleem,0.236,14,not interested,Scraping Algo ( IT services ),Scraped
341001135856,Shyam Future Tech Private Limited,2026-08-11 16:44:11,2026-08-11,Tue,16,Yuktha Anand,No pickup,Cold Call,Yuktha Anand,0.232,11,No response,Scraping Algo ( IT services ),Scraped
341001135862,Fyllo,2026-08-11 15:44:47,2026-08-11,Tue,15,Yuktha Anand,Disqualified,Dead/ColdCall/WrongFit,Yuktha Anand,0.191,12,No codebases,Scraping Algo ( IT services ),Scraped
341001136839,ArcelorMittal Digital Consulting,2026-08-11 14:53:36,2026-08-11,Tue,14,Yuktha Anand,No pickup,Cold Call,Yuktha Anand,0.154,11,No response,Scraping Algo ( IT services ),Scraped
341001136865,CyRAACS™,2026-08-12 14:26:27,2026-08-12,Wed,14,Lamiya Saleem,Not interested,Dead/ColdCall/Not Interested,Lamiya Saleem,1.133,14,not interested,Scraping Algo ( IT services ),Scraped
341001140924,Get A Job,2026-08-12 14:47:03,2026-08-12,Wed,14,Lamiya Saleem,Bad number,Cold Call,Lamiya Saleem,1.144,12,wrong number,Scraping Algo ( IT services ),Scraped
341001140935,CreateBytes,2026-08-11 18:15:34,2026-08-11,Tue,18,Lamiya Saleem,No pickup,Cold Call,Lamiya Saleem,0.289,15,did not pick up,Scraping Algo ( IT services ),Scraped
341001140936,BIZTECHNOSYS,2026-08-11 15:03:02,2026-08-11,Tue,15,Lamiya Saleem,Bad number,Dead/ColdCall/WrongNumber,Lamiya Saleem,0.155,12,wrong number,Scraping Algo ( IT services ),Scraped
341001140950,Truviq Systems,2026-08-11 13:00:46,2026-08-11,Tue,13,Lamiya Saleem,Callback booked,Interested,Lamiya Saleem,0.069,81,He has to check with his AI lead. so asked to send a mail and will forward to AI.,Scraping Algo ( IT services ),Scraped
341001140950,Truviq Systems,2026-08-12 11:33:42,2026-08-12,Wed,11,Lamiya Saleem,Callback booked,Interested,Lamiya Saleem,1.009,73,said he sent the details to his AI Lead and the lead will get back to me.,Scraping Algo ( IT services ),Scraped
341001140950,Truviq Systems,2026-08-17 16:40:11,2026-08-17,Mon,16,Lamiya Saleem,No pickup,Interested,Lamiya Saleem,6.222,15,did not pick up,Scraping Algo ( IT services ),Scraped
341001140950,Truviq Systems,2026-08-17 18:44:00,2026-08-17,Mon,18,Lamiya Saleem,Other,Interested,Lamiya Saleem,6.308,38,Said the AI lead will connect tomorrow,Scraping Algo ( IT services ),Scraped
341002909406,Impero IT Services Pvt. Ltd.,2026-08-12 16:24:31,2026-08-12,Wed,16,Yuktha Anand,No pickup,Cold Call,Yuktha Anand,1.221,11,No response,Scraping Algo ( IT services ),Scraped
341002910449,Parkhya Solutions Pvt. Ltd.,2026-08-12 14:38:25,2026-08-12,Wed,14,Lamiya Saleem,Other,Interested,Lamiya Saleem,1.142,18,Asked to send mail,Scraping Algo ( IT services ),Scraped
341002910449,Parkhya Solutions Pvt. Ltd.,2026-08-17 14:38:59,2026-08-17,Mon,14,Lamiya Saleem,No pickup,Interested,Lamiya Saleem,6.142,15,did not pick up,Scraping Algo ( IT services ),Scraped
341002910454,ConsultBae,2026-08-12 16:11:34,2026-08-12,Wed,16,Lamiya Saleem,Other,Dead/ColdCall/WrongFit,Lamiya Saleem,1.206,41,wrong fit. they do the same thing as well,Scraping Algo ( IT services ),Scraped
341002911476,SecureLayer7,2026-08-11 17:07:30,2026-08-11,Tue,17,Lamiya Saleem,Callback booked,Cold Call,Lamiya Saleem,0.243,9,line busy,Scraping Algo ( IT services ),Scraped
341002912454,Uptricks Services Pvt. Ltd.,2026-08-11 14:18:56,2026-08-11,Tue,14,Lamiya Saleem,Chase sent,Interested,Lamiya Saleem,0.126,51,"Asked to send a mail, will forward to relevant team",Scraping Algo ( IT services ),Scraped
341002912454,Uptricks Services Pvt. Ltd.,2026-08-12 17:22:24,2026-08-12,Wed,17,Lamiya Saleem,No pickup,Interested,Lamiya Saleem,1.253,15,did not pick up,Scraping Algo ( IT services ),Scraped
341002912454,Uptricks Services Pvt. Ltd.,2026-08-17 16:42:09,2026-08-17,Mon,16,Lamiya Saleem,Not interested,Interested,Lamiya Saleem,6.225,14,not interested,Scraping Algo ( IT services ),Scraped
341002912487,TagSkills® EdTech Private Limited,2026-08-12 16:00:46,2026-08-12,Wed,16,Lamiya Saleem,Other,Dead/GMeet/wrong fit,Lamiya Saleem,1.195,21,"wrong fit, irrelevant",Scraping Algo ( IT services ),Scraped
341004728042,Masstech Business Solutions Pvt. Ltd.,2026-08-11 16:53:20,2026-08-11,Tue,16,Yuktha Anand,Disqualified,Dead/ColdCall/WrongFit,Yuktha Anand,0.239,12,no codebases,Scraping Algo ( IT services ),Scraped
341004729060,NextGen Healthcare India,2026-08-12 15:01:56,2026-08-12,Wed,15,Lamiya Saleem,Not interested,Dead/ColdCall/Not Interested,Lamiya Saleem,1.158,14,not interested,Scraping Algo ( IT services ),Scraped
341004729061,Seqrite,2026-08-12 12:44:36,2026-08-12,Wed,12,Lamiya Saleem,No pickup,Cold Call,Lamiya Saleem,1.063,31,"did not pick up, left a message",Scraping Algo ( IT services ),Scraped
341004730097,Cloud Certitude,2026-08-11 17:54:59,2026-08-11,Tue,17,Lamiya Saleem,Other,Dead/ColdCall/WrongNumber,Lamiya Saleem,0.276,9,wrong POC,Scraping Algo ( IT services ),Scraped
341004731079,Proso.ai,2026-08-12 16:19:22,2026-08-12,Wed,16,Lamiya Saleem,Disqualified,Cold Call,Lamiya Saleem,1.207,30,"wrong fit, no dormant codebase",Scraping Algo ( IT services ),Scraped
341007302352,Solace Infotech Private Limited,2026-08-11 17:49:03,2026-08-11,Tue,17,Yuktha Anand,No pickup,No Pickup,Yuktha Anand,0.278,11,No response,Scraping Algo ( IT services ),Scraped
341007302371,"Signimus Technologies: Hiring PHP, MERN, Java, DotNet and other Dev",2026-08-11 15:02:48,2026-08-11,Tue,15,Yuktha Anand,Meeting fixed,Cold Call,Yuktha Anand,0.161,32,Gmeet fixed for 2:00 PM tomorrow,Scraping Algo ( IT services ),Scraped
341007302377,AbiShar Technologies,2026-08-11 14:48:12,2026-08-11,Tue,14,Yuktha Anand,No pickup,No Pickup,Yuktha Anand,0.15,11,No response,Scraping Algo ( IT services ),Scraped
341007302390,BluePi,2026-08-11 14:17:38,2026-08-11,Tue,14,Yuktha Anand,No pickup,Cold Call,Yuktha Anand,0.129,11,No response,Scraping Algo ( IT services ),Scraped
341007303359,Electronikmedia (EM),2026-08-11 13:57:55,2026-08-11,Tue,13,Yuktha Anand,Bad number,Dead/ColdCall/WrongNumber,Yuktha Anand,0.115,20,Number doesn't exist,Scraping Algo ( IT services ),Scraped
341007305411,DIATOZ: Digital A to Z Solutions,2026-08-11 15:45:08,2026-08-11,Tue,15,Lamiya Saleem,Callback booked,Interested,Lamiya Saleem,0.185,28,asked to call back after 5pm,Scraping Algo ( IT services ),Scraped
341007305411,DIATOZ: Digital A to Z Solutions,2026-08-11 18:02:52,2026-08-11,Tue,18,Lamiya Saleem,No pickup,Interested,Lamiya Saleem,0.281,33,"called after 5pm, did not pick up",Scraping Algo ( IT services ),Scraped
341007305411,DIATOZ: Digital A to Z Solutions,2026-08-12 10:55:01,2026-08-12,Wed,10,Lamiya Saleem,No pickup,Interested,Lamiya Saleem,0.984,15,did not pick up,Scraping Algo ( IT services ),Scraped
341007305450,Talpro India Private Limited,2026-08-11 12:05:44,2026-08-11,Tue,12,Lamiya Saleem,Other,Dead/ColdCall/WrongFit,Lamiya Saleem,0.031,34,Wrong fit. Not IT/nor tech founder,Scraping Algo ( IT services ),Scraped
341009071805,AceNet,2026-08-11 14:10:40,2026-08-11,Tue,14,Yuktha Anand,Disqualified,Cold Call,Yuktha Anand,0.124,20,No dormant codebases,Scraping Algo ( IT services ),Scraped
341009071823,Trailytics AI,2026-08-11 12:24:30,2026-08-11,Tue,12,Yuktha Anand,Callback booked,Cold Call,Yuktha Anand,0.049,38,"In a meeting, asked to send WA message",Scraping Algo ( IT services ),Scraped
341009071823,Trailytics AI,2026-08-13 11:31:38,2026-08-13,Thu,11,Yuktha Anand,Not interested,Dead/ColdCall/Not Interested,Yuktha Anand,2.012,14,Not interested,Scraping Algo ( IT services ),Scraped
341009072845,Rightpoint India,2026-08-11 17:01:48,2026-08-11,Tue,17,Lamiya Saleem,Other,Dead/ColdCall/WrongNumber,Lamiya Saleem,0.239,9,wrong POC,Scraping Algo ( IT services ),Scraped
341009072874,IntelliaTech Solutions Pvt. Ltd.,2026-08-11 14:26:16,2026-08-11,Tue,14,Lamiya Saleem,Chase sent,Interested,Lamiya Saleem,0.129,64,Asked to send a mail. Said will connect on wednesday if relevant,Scraping Algo ( IT services ),Scraped
341009072874,IntelliaTech Solutions Pvt. Ltd.,2026-08-17 16:38:29,2026-08-17,Mon,16,Lamiya Saleem,Callback booked,Interested,Lamiya Saleem,6.221,32,"busy rn, doesn't seem interested",Scraping Algo ( IT services ),Scraped
341012718319,Jamtech Technologies Pvt. Ltd.,2026-08-12 16:38:13,2026-08-12,Wed,16,Yuktha Anand,No pickup,No Pickup,Yuktha Anand,1.23,11,No response,Scraping Algo ( IT services ),Scraped
341012721345,Techify Solutions Pvt Ltd,2026-08-11 14:31:12,2026-08-11,Tue,14,Yuktha Anand,Chase sent,Interested,Yuktha Anand,0.139,24,Asked to send WA message,Scraping Algo ( IT services ),Scraped
341012721345,Techify Solutions Pvt Ltd,2026-08-12 12:52:54,2026-08-12,Wed,12,Yuktha Anand,Meeting fixed,GMeet Fixed,Yuktha Anand,1.07,29,Gmeet fixed for 3:30 PM today,Scraping Algo ( IT services ),Scraped
341012721345,Techify Solutions Pvt Ltd,2026-08-12 16:18:38,2026-08-12,Wed,16,Yuktha Anand,Chase sent,Script Shared,Yuktha Anand,1.213,38,Script shared over mail along with NDA,Scraping Algo ( IT services ),Scraped
341012721353,Montbleu Technologies Pvt Ltd,2026-08-11 14:15:26,2026-08-11,Tue,14,Yuktha Anand,Chase sent,Interested,Yuktha Anand,0.127,27,Asked to send details on WA,Scraping Algo ( IT services ),Scraped
341012721353,Montbleu Technologies Pvt Ltd,2026-08-13 11:43:10,2026-08-13,Thu,11,Yuktha Anand,Disqualified,Dead/ColdCall/WrongFit,Yuktha Anand,2.022,94,Mentioned he has no codebases. Has some connections that he is going to try connecting us with,Scraping Algo ( IT services ),Scraped
341012721385,LiveSalesman,2026-08-11 11:48:48,2026-08-11,Tue,11,Yuktha Anand,No pickup,Cold Call,Yuktha Anand,0.024,11,No response,Scraping Algo ( IT services ),Scraped
341012721393,MINDTEL,2026-08-12 17:26:24,2026-08-12,Wed,17,Lamiya Saleem,Not interested,Dead/ColdCall/Not Interested,Lamiya Saleem,1.258,14,not interested,Scraping Algo ( IT services ),Scraped
341012722363,Think360.ai,2026-08-12 12:12:17,2026-08-12,Wed,12,Lamiya Saleem,No pickup,Cold Call,Lamiya Saleem,1.039,15,did not pick up,Scraping Algo ( IT services ),Scraped
341012722395,Technocolabs Softwares Inc.,2026-08-12 11:41:04,2026-08-12,Wed,11,Lamiya Saleem,Other,Dead/ColdCall/WrongNumber,Lamiya Saleem,1.017,9,wrong POC,Scraping Algo ( IT services ),Scraped
341012723425,AutoFlow Technologies (AutoFlowTech),2026-08-11 15:01:10,2026-08-11,Tue,15,Lamiya Saleem,Bad number,Cold Call,Lamiya Saleem,0.153,21,number does not exist,Scraping Algo ( IT services ),Scraped
341014470368,LOGICWIND,2026-08-11 17:46:22,2026-08-11,Tue,17,Yuktha Anand,No pickup,Cold Call,Yuktha Anand,0.276,11,No response,Scraping Algo ( IT services ),Scraped
341014471372,ScatterPie Analytics,2026-08-11 16:57:23,2026-08-11,Tue,16,Lamiya Saleem,Callback booked,Cold Call,Lamiya Saleem,0.237,13,line was busy,Scraping Algo ( IT services ),Scraped
341014471398,Manuh Technologies,2026-08-11 16:28:08,2026-08-11,Tue,16,Lamiya Saleem,Bad number,Cold Call,Lamiya Saleem,0.217,12,wrong number,Scraping Algo ( IT services ),Scraped
341016298225,Pixel Web Solutions,2026-08-12 14:50:16,2026-08-12,Wed,14,Yuktha Anand,Other,Interested,Yuktha Anand,1.155,18,Asked to send mail,Scraping Algo ( IT services ),Scraped
341016298225,Pixel Web Solutions,2026-08-17 19:24:14,2026-08-17,Mon,19,Yuktha Anand,Other,Interested,Yuktha Anand,6.345,14,Looping in CTO,Scraping Algo ( IT services ),Scraped
341016298226,Technostacks,2026-08-12 14:39:48,2026-08-12,Wed,14,Yuktha Anand,Chase sent,Cold Call,Yuktha Anand,1.147,24,Asked to send WA message,Scraping Algo ( IT services ),Scraped
341016298226,Technostacks,2026-08-17 19:27:23,2026-08-17,Mon,19,Yuktha Anand,Disqualified,Dead/ColdCall/WrongFit,Yuktha Anand,6.347,18,No IP on codebases,Scraping Algo ( IT services ),Scraped
341016299223,Intellismith,2026-08-11 15:41:37,2026-08-11,Tue,15,Yuktha Anand,No pickup,Cold Call,Yuktha Anand,0.188,11,No response,Scraping Algo ( IT services ),Scraped
341016299254,Aequor Information Technologies Pvt. Ltd.,2026-08-11 12:45:48,2026-08-11,Tue,12,Yuktha Anand,Other,Dead/ColdCall/WrongNumber,Yuktha Anand,0.064,11,Invalid POC,Scraping Algo ( IT services ),Scraped
341016300245,Livekeeping (An IndiaMART Company),2026-08-12 17:51:27,2026-08-12,Wed,17,Lamiya Saleem,Other,Dead/ColdCall/WrongFit,Lamiya Saleem,1.275,9,wrong fit,Scraping Algo ( IT services ),Scraped
341016301261,Sankhyana Consultancy Services Pvt. Ltd.,2026-08-11 18:07:54,2026-08-11,Tue,18,Lamiya Saleem,No pickup,Cold Call,Lamiya Saleem,0.285,15,did not pick up,Scraping Algo ( IT services ),Scraped
341016301281,Himflax Group,2026-08-11 17:55:44,2026-08-11,Tue,17,Lamiya Saleem,Bad number,Dead/ColdCall/WrongNumber,Lamiya Saleem,0.276,12,Wrong number,Scraping Algo ( IT services ),Scraped
341016301287,Riskpro India,2026-08-11 16:58:32,2026-08-11,Tue,16,Lamiya Saleem,Bad number,Cold Call,Lamiya Saleem,0.235,12,wrong number,Scraping Algo ( IT services ),Scraped
341016301289,2Base Technologies,2026-08-11 15:16:29,2026-08-11,Tue,15,Lamiya Saleem,No pickup,No Pickup,Lamiya Saleem,0.164,15,did not pick up,Scraping Algo ( IT services ),Scraped
341016302270,Webority Technologies,2026-08-11 11:42:11,2026-08-11,Tue,11,Lamiya Saleem,Other,Dead/ColdCall/WrongFit,Lamiya Saleem,0.014,38,Wrong fit. digital marketing solutions,Scraping Algo ( IT services ),Scraped
341018068673,VAYUZ Technologies,2026-08-11 17:58:54,2026-08-11,Tue,17,Yuktha Anand,Chase sent,Interested,Yuktha Anand,0.285,36,Will loop in concerned POC over mail,Scraping Algo ( IT services ),Scraped
341018068673,VAYUZ Technologies,2026-08-13 12:03:57,2026-08-13,Thu,12,Yuktha Anand,Chase sent,Interested,Yuktha Anand,2.038,21,Followed up over mail,Scraping Algo ( IT services ),Scraped
341018069695,Forcecraver Technologies,2026-08-11 13:46:08,2026-08-11,Tue,13,Yuktha Anand,Bad number,Dead/ColdCall/WrongNumber,Yuktha Anand,0.106,12,Wrong number,Scraping Algo ( IT services ),Scraped
341018069715,Hacker Associate,2026-08-12 12:49:38,2026-08-12,Wed,12,Lamiya Saleem,No pickup,Cold Call,Lamiya Saleem,1.066,15,did not pick up,Scraping Algo ( IT services ),Scraped
341018069737,Apps Business IT Solutions Pvt. Ltd.,2026-08-12 11:54:36,2026-08-12,Wed,11,Lamiya Saleem,Bad number,Dead/ColdCall/WrongNumber,Lamiya Saleem,1.027,12,wrong number,Scraping Algo ( IT services ),Scraped
341018070740,Caizin,2026-08-11 18:04:02,2026-08-11,Tue,18,Lamiya Saleem,Other,Dead/ColdCall/WrongNumber,Lamiya Saleem,0.282,9,wrong POC,Scraping Algo ( IT services ),Scraped
341021670121,XLNC Technologies,2026-08-11 16:49:35,2026-08-11,Tue,16,Yuktha Anand,Bad number,Cold Call,Yuktha Anand,0.236,14,Number invalid,Scraping Algo ( IT services ),Scraped
341021672171,Wyreflow Technologies,2026-08-11 18:17:22,2026-08-11,Tue,18,Lamiya Saleem,No pickup,Cold Call,Lamiya Saleem,0.292,15,did not pick up,Scraping Algo ( IT services ),Scraped
341021673183,MindCrew Technologies Pvt. Ltd.,2026-08-11 15:33:40,2026-08-11,Tue,15,Lamiya Saleem,Callback booked,Interested,Lamiya Saleem,0.177,25,asked to call back later.,Scraping Algo ( IT services ),Scraped
341021673183,MindCrew Technologies Pvt. Ltd.,2026-08-17 16:32:43,2026-08-17,Mon,16,Lamiya Saleem,Callback booked,Interested,Lamiya Saleem,6.218,61,"said will call back and in a meeting, doesn't seem interested",Scraping Algo ( IT services ),Scraped
341021675212,Vays Infotech Pvt Ltd,2026-08-11 14:04:33,2026-08-11,Tue,14,Lamiya Saleem,Other,Interested,Lamiya Saleem,0.114,11,Sent a mail,Scraping Algo ( IT services ),Scraped
341021675212,Vays Infotech Pvt Ltd,2026-08-12 11:38:47,2026-08-12,Wed,11,Lamiya Saleem,No pickup,Interested,Lamiya Saleem,1.013,15,did not pick up,Scraping Algo ( IT services ),Scraped
341021675212,Vays Infotech Pvt Ltd,2026-08-17 18:48:37,2026-08-17,Mon,18,Lamiya Saleem,Chase sent,Interested,Lamiya Saleem,6.311,42,said he will review the mail again and lmk,Scraping Algo ( IT services ),Scraped
341021675212,Vays Infotech Pvt Ltd,2026-08-18 11:32:59,2026-08-18,Tue,11,Lamiya Saleem,Disqualified,Interested,Lamiya Saleem,7.009,34,"does not have codebase, irrelevant",Scraping Algo ( IT services ),Scraped
341023473396,AppXcelerate Solutions Pvt Ltd,2026-08-11 15:16:00,2026-08-11,Tue,15,Yuktha Anand,Other,Dead/ColdCall/WrongNumber,Yuktha Anand,0.17,11,Invalid POC,Scraping Algo ( IT services ),Scraped
341023476453,Immersive Infotech Pvt. Ltd.,2026-08-11 12:16:29,2026-08-11,Tue,12,Lamiya Saleem,Chase sent,Interested,Lamiya Saleem,0.038,54,Asked to send a mail. Cannot take decision immediately,Scraping Algo ( IT services ),Scraped
341023476453,Immersive Infotech Pvt. Ltd.,2026-08-12 12:52:14,2026-08-12,Wed,12,Lamiya Saleem,No pickup,Interested,Lamiya Saleem,1.063,15,did not pick up,Scraping Algo ( IT services ),Scraped
341023476453,Immersive Infotech Pvt. Ltd.,2026-08-13 11:12:44,2026-08-13,Thu,11,Lamiya Saleem,No pickup,Interested,Lamiya Saleem,1.994,15,did not pick up,Scraping Algo ( IT services ),Scraped
341023476453,Immersive Infotech Pvt. Ltd.,2026-08-17 19:13:30,2026-08-17,Mon,19,Lamiya Saleem,Other,Interested,Lamiya Saleem,6.328,49,asked to follow up tomorrow. shared with his team,Scraping Algo ( IT services ),Scraped
341023476453,Immersive Infotech Pvt. Ltd.,2026-08-18 12:26:03,2026-08-18,Tue,12,Lamiya Saleem,Not interested,Dead/ColdCall/Not Interested,Lamiya Saleem,7.045,41,sent a mail saying they're not interested,Scraping Algo ( IT services ),Scraped
341028843235,Bandhan Technologies,2026-08-12 16:57:40,2026-08-12,Wed,16,Yuktha Anand,Callback booked,Cold Call,Yuktha Anand,1.244,49,"Is busy, asked to call back second half on Friday",Scraping Algo ( IT services ),Scraped
341028843235,Bandhan Technologies,2026-08-17 19:16:46,2026-08-17,Mon,19,Yuktha Anand,Callback booked,Interested,Yuktha Anand,6.341,39,Asked to call back at 11:30 AM tomorrow,Scraping Algo ( IT services ),Scraped
341028843245,Task Source,2026-08-12 16:49:02,2026-08-12,Wed,16,Yuktha Anand,Other,Dead/ColdCall/WrongNumber,Yuktha Anand,1.238,11,Invalid POC,Scraping Algo ( IT services ),Scraped
341028844221,QualiTlabs,2026-08-12 15:06:29,2026-08-12,Wed,15,Yuktha Anand,Interested,Cold Call,Yuktha Anand,1.166,51,"Interested, checking if they have dormant codebases",Scraping Algo ( IT services ),Scraped
341028844221,QualiTlabs,2026-08-18 16:37:44,2026-08-18,Tue,16,Yuktha Anand,Other,Interested,Yuktha Anand,7.23,45,"Asked for more time, will reach out on Friday",Scraping Algo ( IT services ),Scraped
341028844240,HNR Tech,2026-08-11 15:48:23,2026-08-11,Tue,15,Yuktha Anand,No pickup,Cold Call,Yuktha Anand,0.193,11,No response,Scraping Algo ( IT services ),Scraped
341028846267,Dolphin Web Solution,2026-08-11 15:30:42,2026-08-11,Tue,15,Yuktha Anand,Other,Cold Call,Yuktha Anand,0.181,25,No incoming calls allowed,Scraping Algo ( IT services ),Scraped
341028846288,Email Mavlers,2026-08-11 14:02:49,2026-08-11,Tue,14,Yuktha Anand,No pickup,No Pickup,Yuktha Anand,0.118,11,No response,Scraping Algo ( IT services ),Scraped
341028846291,TivonaGlobal Technologies,2026-08-11 13:54:27,2026-08-11,Tue,13,Yuktha Anand,Bad number,Dead/ColdCall/WrongNumber,Yuktha Anand,0.112,14,Invalid number,Scraping Algo ( IT services ),Scraped
341028846309,WebGuruz Technologies Pvt Ltd,2026-08-12 14:35:49,2026-08-12,Wed,14,Lamiya Saleem,Other,GMeet Fixed,Lamiya Saleem,1.14,8,fixed VC,Scraping Algo ( IT services ),Scraped
341028846309,WebGuruz Technologies Pvt Ltd,2026-08-13 16:09:08,2026-08-13,Thu,16,Lamiya Saleem,No pickup,GMeet Fixed,Lamiya Saleem,2.204,46,"no show, did not pick up. followed up via mail",Scraping Algo ( IT services ),Scraped
341028846309,WebGuruz Technologies Pvt Ltd,2026-08-13 17:54:23,2026-08-13,Thu,17,Lamiya Saleem,Callback booked,GMeet Fixed,Lamiya Saleem,2.278,26,asked to reschedule the VC,Scraping Algo ( IT services ),Scraped
341028846309,WebGuruz Technologies Pvt Ltd,2026-08-14 16:10:36,2026-08-14,Fri,16,Lamiya Saleem,Callback booked,GMeet Fixed,Lamiya Saleem,3.205,24,rescheduled to wednesday,Scraping Algo ( IT services ),Scraped
341028846309,WebGuruz Technologies Pvt Ltd,2026-08-19 15:13:06,2026-08-19,Wed,15,Lamiya Saleem,No pickup,GMeet Fixed,Lamiya Saleem,8.166,58,"no show, followed up asking to reschedule, no response yet",Scraping Algo ( IT services ),Scraped
341028846318,Hexagon India,2026-08-12 17:53:38,2026-08-12,Wed,17,Lamiya Saleem,No pickup,Cold Call,Lamiya Saleem,1.276,15,did not pick up,Scraping Algo ( IT services ),Scraped
341028847294,Cloud.in,2026-08-12 11:47:34,2026-08-12,Wed,11,Lamiya Saleem,Not interested,Dead/ColdCall/Not Interested,Lamiya Saleem,1.022,14,Not interested,Scraping Algo ( IT services ),Scraped
341028848334,AlgoAnalytics,2026-08-11 12:04:03,2026-08-11,Tue,12,Lamiya Saleem,Callback booked,Cold Call,Lamiya Saleem,0.03,9,line busy,Scraping Algo ( IT services ),Scraped
341028848334,AlgoAnalytics,2026-08-12 18:06:52,2026-08-12,Wed,18,Lamiya Saleem,No pickup,No Pickup,Lamiya Saleem,1.281,15,did not pick up,Scraping Algo ( IT services ),Scraped
341032441562,The One Technologies,2026-08-12 16:50:42,2026-08-12,Wed,16,Yuktha Anand,No pickup,Dead/ColdCall/Not Interested,Yuktha Anand,1.239,7,Hung up,Scraping Algo ( IT services ),Scraped
341032441574,The IT Mind,2026-08-12 14:29:19,2026-08-12,Wed,14,Yuktha Anand,Other,Dead/ColdCall/WrongNumber,Yuktha Anand,1.14,11,Invalid POC,Scraping Algo ( IT services ),Scraped
341032442572,Blacklisted,2026-08-11 14:21:21,2026-08-11,Tue,14,Yuktha Anand,Other,Dead/ColdCall/WrongFit,Yuktha Anand,0.132,9,Wrong fit,Scraping Algo ( IT services ),Scraped
341032442575,Madhees,2026-08-11 14:01:04,2026-08-11,Tue,14,Yuktha Anand,Other,Dead/ColdCall/WrongNumber,Yuktha Anand,0.117,34,Invalid POC- number given is of HR,Scraping Algo ( IT services ),Scraped
341032442593,Meta Scifor Technologies,2026-08-11 12:36:29,2026-08-11,Tue,12,Yuktha Anand,Other,Dead/ColdCall/WrongNumber,Yuktha Anand,0.058,11,Invalid POC,Scraping Algo ( IT services ),Scraped
341032443620,CloudifyOps,2026-08-12 12:46:37,2026-08-12,Wed,12,Lamiya Saleem,No pickup,Cold Call,Lamiya Saleem,1.063,15,did not pick up,Scraping Algo ( IT services ),Scraped
341032443634,OdiTek Solutions,2026-08-12 11:53:35,2026-08-12,Wed,11,Lamiya Saleem,Other,Cold Call,Lamiya Saleem,1.026,32,No incoming calls at this moment,Scraping Algo ( IT services ),Scraped
341034249954,IDCUBE,2026-08-12 16:55:07,2026-08-12,Wed,16,Yuktha Anand,Bad number,Dead/ColdCall/WrongNumber,Yuktha Anand,1.242,14,Number invalid,Scraping Algo ( IT services ),Scraped
341034250942,Codeflies,2026-08-11 17:53:35,2026-08-11,Tue,17,Yuktha Anand,Other,Interested,Yuktha Anand,0.281,11,Mail shared,Scraping Algo ( IT services ),Scraped
341034250942,Codeflies,2026-08-13 11:55:48,2026-08-13,Thu,11,Yuktha Anand,No pickup,Interested,Yuktha Anand,2.033,42,"No response to call, followed up over mail",Scraping Algo ( IT services ),Scraped
341034250942,Codeflies,2026-08-17 19:41:06,2026-08-17,Mon,19,Yuktha Anand,Other,Interested,Yuktha Anand,6.356,14,bumped up mail,Scraping Algo ( IT services ),Scraped
341034250956,CollegeHai,2026-08-11 15:46:50,2026-08-11,Tue,15,Yuktha Anand,Other,Cold Call,Yuktha Anand,0.192,9,Wrong fit,Scraping Algo ( IT services ),Scraped
341034253016,Sage Software Solutions Pvt Ltd,2026-08-11 16:00:52,2026-08-11,Tue,16,Lamiya Saleem,Bad number,Dead/ColdCall/WrongNumber,Lamiya Saleem,0.197,12,Wrong number,Scraping Algo ( IT services ),Scraped
341036059334,Rezo.ai,2026-08-12 16:47:57,2026-08-12,Wed,16,Yuktha Anand,Bad number,Dead/ColdCall/WrongNumber,Yuktha Anand,1.237,12,Wrong number,Scraping Algo ( IT services ),Scraped
341036059341,AvenuesAI,2026-08-12 16:21:18,2026-08-12,Wed,16,Yuktha Anand,Bad number,Dead/ColdCall/WrongNumber,Yuktha Anand,1.218,20,Number doesn't exist,Scraping Algo ( IT services ),Scraped
341036059351,delaware India,2026-08-12 14:26:20,2026-08-12,Wed,14,Yuktha Anand,Bad number,Dead/ColdCall/WrongNumber,Yuktha Anand,1.138,12,Wrong number,Scraping Algo ( IT services ),Scraped
341036061381,Judge India Solutions,2026-08-11 17:04:13,2026-08-11,Tue,17,Yuktha Anand,Callback booked,Interested,Yuktha Anand,0.247,40,"Asked for mail, will get back with slots",Scraping Algo ( IT services ),Scraped
341036061381,Judge India Solutions,2026-08-13 11:52:45,2026-08-13,Thu,11,Yuktha Anand,Chase sent,Interested,Yuktha Anand,2.03,46,Mentioned can't go through with this over mail,Scraping Algo ( IT services ),Scraped
341036061385,Bonami Software,2026-08-11 16:41:10,2026-08-11,Tue,16,Yuktha Anand,No pickup,No Pickup,Yuktha Anand,0.23,11,No response,Scraping Algo ( IT services ),Scraped
341036061423,Techigent Technologies,2026-08-11 14:18:55,2026-08-11,Tue,14,Yuktha Anand,No pickup,Cold Call,Yuktha Anand,0.13,11,No response,Scraping Algo ( IT services ),Scraped
341036061426,CipherByte Technologies,2026-08-11 13:59:25,2026-08-11,Tue,13,Yuktha Anand,Other,Dead/ColdCall/WrongFit,Yuktha Anand,0.116,9,Wrong fit,Scraping Algo ( IT services ),Scraped
341036063450,eReleGo Technologies Pvt Ltd (ETPL),2026-08-12 16:23:09,2026-08-12,Wed,16,Lamiya Saleem,Bad number,Cold Call,Lamiya Saleem,1.212,12,wrong number,Scraping Algo ( IT services ),Scraped
341036064449,Nerve Solutions,2026-08-11 12:52:21,2026-08-11,Tue,12,Lamiya Saleem,Other,Interested,Lamiya Saleem,0.063,98,Does not have dormant but may have companies in his network. Shared an email with Referral details,Scraping Algo ( IT services ),Scraped
341041398486,Payatu,2026-08-12 15:14:40,2026-08-12,Wed,15,Yuktha Anand,No pickup,No Pickup,Yuktha Anand,1.172,11,No response,Scraping Algo ( IT services ),Scraped
341041399501,"phonon, automating outcomes",2026-08-11 15:18:11,2026-08-11,Tue,15,Yuktha Anand,No pickup,Cold Call,Yuktha Anand,0.172,28,No response- +91 92277 28888,Scraping Algo ( IT services ),Scraped
341041399525,Kansoft,2026-08-12 14:21:22,2026-08-12,Wed,14,Lamiya Saleem,Bad number,Cold Call,Lamiya Saleem,1.13,52,"cannot receive incoming calls rn, so did not pick up",Scraping Algo ( IT services ),Scraped
341041401554,Bhavyansh Infotech India Pvt. Ltd.,2026-08-11 15:48:05,2026-08-11,Tue,15,Lamiya Saleem,Chase sent,Interested,Lamiya Saleem,0.187,72,Asked to send a whatsapp and will connect the IT person to speak with me,Scraping Algo ( IT services ),Scraped
341041401554,Bhavyansh Infotech India Pvt. Ltd.,2026-08-12 10:44:05,2026-08-12,Wed,10,Lamiya Saleem,No pickup,Interested,Lamiya Saleem,0.976,23,did not pick up by call,Scraping Algo ( IT services ),Scraped
341043218124,Hacking Articles,2026-08-12 15:11:05,2026-08-12,Wed,15,Yuktha Anand,Callback booked,Interested,Yuktha Anand,1.169,17,Asked to callback,Scraping Algo ( IT services ),Scraped
341043218124,Hacking Articles,2026-08-18 16:27:05,2026-08-18,Tue,16,Yuktha Anand,Other,Dead/ColdCall/WrongFit,Yuktha Anand,7.222,24,Wrong fit-business model,Scraping Algo ( IT services ),Scraped
341043218161,Sydler Technologies,2026-08-11 16:38:56,2026-08-11,Tue,16,Yuktha Anand,No pickup,Cold Call,Yuktha Anand,0.229,11,No response,Scraping Algo ( IT services ),Scraped
341043219160,SD Innovations,2026-08-11 12:44:26,2026-08-11,Tue,12,Yuktha Anand,No pickup,No Pickup,Yuktha Anand,0.063,11,No response,Scraping Algo ( IT services ),Scraped
341043219182,smartSense Consulting Solutions,2026-08-12 13:39:08,2026-08-12,Wed,13,Lamiya Saleem,No pickup,Cold Call,Lamiya Saleem,1.1,15,did not pick up,Scraping Algo ( IT services ),Scraped
341043220214,WORKSENT,2026-08-11 18:06:17,2026-08-11,Tue,18,Lamiya Saleem,Disqualified,Dead/ColdCall/WrongFit,Lamiya Saleem,0.283,43,does not have codebase that can be licensed,Scraping Algo ( IT services ),Scraped
341043221186,de facto Infotech,2026-08-11 15:09:00,2026-08-11,Tue,15,Lamiya Saleem,No pickup,Cold Call,Lamiya Saleem,0.16,15,did not pick up,Scraping Algo ( IT services ),Scraped
341043221186,de facto Infotech,2026-08-12 15:50:18,2026-08-12,Wed,15,Lamiya Saleem,No pickup,No Pickup,Lamiya Saleem,1.189,15,did not pick up,Scraping Algo ( IT services ),Scraped
341043221187,Mechlin Technologies,2026-08-11 16:51:30,2026-08-11,Tue,16,Lamiya Saleem,Chase sent,Interested,Lamiya Saleem,0.231,20,Asked to send a mail,Scraping Algo ( IT services ),Scraped
341043221187,Mechlin Technologies,2026-08-12 16:54:41,2026-08-12,Wed,16,Lamiya Saleem,No pickup,Interested,Lamiya Saleem,1.233,15,did not pick up,Scraping Algo ( IT services ),Scraped
341043221187,Mechlin Technologies,2026-08-12 17:54:59,2026-08-12,Wed,17,Lamiya Saleem,Not interested,Dead/ColdCall/Not Interested,Lamiya Saleem,1.275,38,replied saying they are not interested,Scraping Algo ( IT services ),Scraped
341043221189,Klizo Solutions Pvt Ltd,2026-08-11 15:56:00,2026-08-11,Tue,15,Lamiya Saleem,Vetted - out,Dead/ColdCall/WrongFit,Lamiya Saleem,0.192,27,irrelevant. based in the US,Scraping Algo ( IT services ),Scraped
341043221192,INFOCRATS,2026-08-11 15:25:29,2026-08-11,Tue,15,Lamiya Saleem,Chase sent,Interested,Lamiya Saleem,0.171,25,asked to share a whatsapp,Scraping Algo ( IT services ),Scraped
341045019325,TekPillar®,2026-08-12 16:53:24,2026-08-12,Wed,16,Yuktha Anand,Other,Dead/ColdCall/WrongNumber,Yuktha Anand,1.241,11,Invalid POC,Scraping Algo ( IT services ),Scraped
341045019335,Webvillee Technology Pvt Ltd,2026-08-12 14:23:11,2026-08-12,Wed,14,Yuktha Anand,Other,Interested,Yuktha Anand,1.135,18,Asked to send mail,Scraping Algo ( IT services ),Scraped
341045019376,Versatiletech,2026-08-11 12:42:47,2026-08-11,Tue,12,Yuktha Anand,Callback booked,Interested,Yuktha Anand,0.062,79,Asked to send WA message- will check on if they have any codebases and get back,Scraping Algo ( IT services ),Scraped
341045019376,Versatiletech,2026-08-13 11:36:49,2026-08-13,Thu,11,Yuktha Anand,Other,Interested,Yuktha Anand,2.016,57,still hasn't checked internally on if they have codebases,Scraping Algo ( IT services ),Scraped
341045020403,Airdit Software Services,2026-08-11 16:48:29,2026-08-11,Tue,16,Lamiya Saleem,Other,Dead/ColdCall/WrongNumber,Lamiya Saleem,0.23,9,wrong POC,Scraping Algo ( IT services ),Scraped
341045021375,SOFTSERV INC,2026-08-12 11:27:58,2026-08-12,Wed,11,Lamiya Saleem,Bad number,Cold Call,Lamiya Saleem,1.008,12,wrong number,Scraping Algo ( IT services ),Scraped
341045021424,Techsharks Internet Services Pvt Ltd,2026-08-11 14:13:23,2026-08-11,Tue,14,Lamiya Saleem,No pickup,Cold Call,Lamiya Saleem,0.12,15,Did not pick up,Scraping Algo ( IT services ),Scraped
341045021424,Techsharks Internet Services Pvt Ltd,2026-08-12 18:18:42,2026-08-12,Wed,18,Lamiya Saleem,No pickup,No Pickup,Lamiya Saleem,1.29,15,did not pick up,Scraping Algo ( IT services ),Scraped
341045022409,RapinnoTech - APAC & USA,2026-08-11 11:46:44,2026-08-11,Tue,11,Lamiya Saleem,Other,Dead/ColdCall/WrongFit,Lamiya Saleem,0.017,31,Wrong fit. Employee at the firm,Scraping Algo ( IT services ),Scraped
341045022411,AppWorks Technologies Pvt. Ltd.,2026-08-11 11:44:25,2026-08-11,Tue,11,Lamiya Saleem,Callback booked,Cold Call,Lamiya Saleem,0.015,9,line busy,Scraping Algo ( IT services ),Scraped
341046812404,Techinfini Solutions Pvt. Ltd.,2026-08-11 16:07:19,2026-08-11,Tue,16,Lamiya Saleem,Chase sent,Interested,Lamiya Saleem,0.201,33,"Asked to send a mail, so sent one",Scraping Algo ( IT services ),Scraped
341046812404,Techinfini Solutions Pvt. Ltd.,2026-08-12 10:48:46,2026-08-12,Wed,10,Lamiya Saleem,No pickup,Interested,Lamiya Saleem,0.98,15,did not pick up,Scraping Algo ( IT services ),Scraped
341048621764,Isourse,2026-08-12 16:54:22,2026-08-12,Wed,16,Yuktha Anand,No pickup,No Pickup,Yuktha Anand,1.242,11,No response,Scraping Algo ( IT services ),Scraped
341048621781,Edstem Technologies,2026-08-12 13:36:50,2026-08-12,Wed,13,Yuktha Anand,No pickup,Cold Call,Yuktha Anand,1.103,68,Asked to call Head of Operations: Jerald +91 9048738807- no response,Scraping Algo ( IT services ),Scraped
341048621804,The Scalers 🚀,2026-08-11 15:29:08,2026-08-11,Tue,15,Yuktha Anand,Disqualified,Cold Call,Yuktha Anand,0.179,18,No IP on codebases,Scraping Algo ( IT services ),Scraped
341048622802,ComUnus Technologies Pvt Ltd,2026-08-12 14:43:40,2026-08-12,Wed,14,Lamiya Saleem,No pickup,Cold Call,Lamiya Saleem,1.145,12,switched off,Scraping Algo ( IT services ),Scraped
341048622807,iB Hubs,2026-08-12 13:34:52,2026-08-12,Wed,13,Lamiya Saleem,Other,Dead/GMeet/wrong fit,Lamiya Saleem,1.097,9,wrong fit,Scraping Algo ( IT services ),Scraped
341048622841,ZNet Technologies Private Limited,2026-08-11 18:09:38,2026-08-11,Tue,18,Lamiya Saleem,Bad number,Cold Call,Lamiya Saleem,0.287,12,wrong number,Scraping Algo ( IT services ),Scraped
341050439361,Hash Agile Technologies,2026-08-12 16:22:24,2026-08-12,Wed,16,Yuktha Anand,Bad number,Dead/ColdCall/WrongNumber,Yuktha Anand,1.219,20,Number doesn't exist,Scraping Algo ( IT services ),Scraped
341050440437,iOTA - A Creative Agency (iota.india),2026-08-12 15:59:39,2026-08-12,Wed,15,Lamiya Saleem,Other,Dead/ColdCall/WrongFit,Lamiya Saleem,1.196,21,"wrong fit, irrelevant",Scraping Algo ( IT services ),Scraped
341054039788,bluCursor Infotech Pvt Ltd,2026-08-11 16:02:03,2026-08-11,Tue,16,Yuktha Anand,Callback booked,Cold Call,Yuktha Anand,0.203,62,"Busy now, asked to call at 5:30 PM Sent WA message for context",Scraping Algo ( IT services ),Scraped
341054039788,bluCursor Infotech Pvt Ltd,2026-08-13 11:51:12,2026-08-13,Thu,11,Yuktha Anand,Other,Interested,Yuktha Anand,2.029,52,Needs time till weekend to check if he has codebases,Scraping Algo ( IT services ),Scraped
341054039788,bluCursor Infotech Pvt Ltd,2026-08-19 17:15:47,2026-08-19,Wed,17,Yuktha Anand,No pickup,Interested,Yuktha Anand,8.254,19,No response to call,Scraping Algo ( IT services ),Scraped
341054039789,Giant Eagle GCC,2026-08-11 15:54:21,2026-08-11,Tue,15,Yuktha Anand,Other,Cold Call,Yuktha Anand,0.197,11,Invalid POC,Scraping Algo ( IT services ),Scraped
341054039793,Comprinno,2026-08-11 15:31:46,2026-08-11,Tue,15,Yuktha Anand,Bad number,Dead/ColdCall/WrongNumber,Yuktha Anand,0.181,12,Wrong number,Scraping Algo ( IT services ),Scraped
341054039795,Blackcoffer,2026-08-11 15:25:22,2026-08-11,Tue,15,Yuktha Anand,No pickup,No Pickup,Yuktha Anand,0.177,11,No response,Scraping Algo ( IT services ),Scraped
341054040768,RemoteState,2026-08-11 12:49:17,2026-08-11,Tue,12,Yuktha Anand,No pickup,Cold Call,Yuktha Anand,0.067,11,No response,Scraping Algo ( IT services ),Scraped
341054040793,Sundew,2026-08-12 12:37:53,2026-08-12,Wed,12,Lamiya Saleem,Other,Interested,Lamiya Saleem,1.057,42,sent a mail. said cannot take any decision,Scraping Algo ( IT services ),Scraped
341054040793,Sundew,2026-08-17 16:27:11,2026-08-17,Mon,16,Lamiya Saleem,No pickup,Interested,Lamiya Saleem,6.216,15,did not pick up,Scraping Algo ( IT services ),Scraped
341054041809,null - The Open Security Community,2026-08-12 17:50:11,2026-08-12,Wed,17,Lamiya Saleem,Other,Dead/GMeet/wrong fit,Lamiya Saleem,1.272,21,"wrong fit, irrelevant",Scraping Algo ( IT services ),Scraped
341054041841,TestUnity,2026-08-12 16:25:49,2026-08-12,Wed,16,Lamiya Saleem,No pickup,Cold Call,Lamiya Saleem,1.212,15,did not pick up,Scraping Algo ( IT services ),Scraped
341055838944,Neebal Technologies,2026-08-12 14:30:56,2026-08-12,Wed,14,Yuktha Anand,No pickup,Cold Call,Yuktha Anand,1.141,11,No response,Scraping Algo ( IT services ),Scraped
341055838967,TekWissen India,2026-08-11 15:38:41,2026-08-11,Tue,15,Yuktha Anand,Other,Interested,Yuktha Anand,0.186,18,Asked to send mail,Scraping Algo ( IT services ),Scraped
341055838967,TekWissen India,2026-08-13 11:48:01,2026-08-13,Thu,11,Yuktha Anand,Chase sent,Interested,Yuktha Anand,2.026,21,Followed up over mail,Scraping Algo ( IT services ),Scraped
341055839943,Yum! India Global Services Private Limited,2026-08-11 14:55:27,2026-08-11,Tue,14,Yuktha Anand,Bad number,Dead/ColdCall/WrongNumber,Yuktha Anand,0.156,12,Wrong number,Scraping Algo ( IT services ),Scraped
341055839971,U-SET,2026-08-11 13:49:33,2026-08-11,Tue,13,Yuktha Anand,Other,Dead/ColdCall/WrongNumber,Yuktha Anand,0.109,11,Invalid POC,Scraping Algo ( IT services ),Scraped
341055839982,Nexus Corporate Solution Pvt. Ltd.,2026-08-11 11:52:24,2026-08-11,Tue,11,Yuktha Anand,Bad number,Cold Call,Yuktha Anand,0.027,33,Number temporarily out of service,Scraping Algo ( IT services ),Scraped
341055839992,Rayden Interactive,2026-08-12 12:47:38,2026-08-12,Wed,12,Lamiya Saleem,Bad number,Dead/ColdCall/WrongNumber,Lamiya Saleem,1.064,12,wrong number,Scraping Algo ( IT services ),Scraped
341055840992,CyberNX,2026-08-11 18:10:13,2026-08-11,Tue,18,Lamiya Saleem,Bad number,Cold Call,Lamiya Saleem,0.287,12,wrong number,Scraping Algo ( IT services ),Scraped
341055840999,VIEH Group,2026-08-12 17:28:45,2026-08-12,Wed,17,Lamiya Saleem,Other,Dead/ColdCall/WrongNumber,Lamiya Saleem,1.258,9,wrong POC,Scraping Algo ( IT services ),Scraped
341055841005,MEDIATRENZ,2026-08-12 16:32:35,2026-08-12,Wed,16,Lamiya Saleem,Other,Cold Call,Lamiya Saleem,1.218,138,Ashok said he is not responsible so he gave me another number: 9871181711. This guy asked to send an email. Dont think it's that relevant.,Scraping Algo ( IT services ),Scraped
341055841992,Harrier Information Systems,2026-08-11 16:39:36,2026-08-11,Tue,16,Lamiya Saleem,Other,Cold Call,Lamiya Saleem,0.222,23,call did not go through,Scraping Algo ( IT services ),Scraped
341055842002,LimeTray,2026-08-11 12:01:33,2026-08-11,Tue,12,Lamiya Saleem,No pickup,Cold Call,Lamiya Saleem,0.028,16,Did not pick up.,Scraping Algo ( IT services ),Scraped
341055842003,NetAnalytiks,2026-08-11 11:51:25,2026-08-11,Tue,11,Lamiya Saleem,Other,Cold Call,Lamiya Saleem,0.021,72,Said he is not responsible. He will speak to the one responsible and lmk,Scraping Algo ( IT services ),Scraped
341055842003,NetAnalytiks,2026-08-12 12:51:08,2026-08-12,Wed,12,Lamiya Saleem,No pickup,Interested,Lamiya Saleem,1.062,15,did not pick up,Scraping Algo ( IT services ),Scraped
341055842003,NetAnalytiks,2026-08-19 12:45:49,2026-08-19,Wed,12,Lamiya Saleem,Other,Dead/ColdCall/Not Interested,Lamiya Saleem,8.058,34,does not have any dormant codebase,Scraping Algo ( IT services ),Scraped
341057590996,F13 Technologies,2026-08-11 17:08:36,2026-08-11,Tue,17,Yuktha Anand,No pickup,No Pickup,Yuktha Anand,0.25,11,No response,Scraping Algo ( IT services ),Scraped
341057591007,MobileFirst Applications | Fintegration,2026-08-11 14:52:05,2026-08-11,Tue,14,Yuktha Anand,No pickup,No Pickup,Yuktha Anand,0.153,11,No response,Scraping Algo ( IT services ),Scraped
341057591009,valantic India,2026-08-11 14:36:42,2026-08-11,Tue,14,Yuktha Anand,Meeting fixed,GMeet Fixed,Yuktha Anand,0.142,33,Gmeet fixed for 11:30 AM tomorrow,Scraping Algo ( IT services ),Scraped
341057591009,valantic India,2026-08-13 11:24:53,2026-08-13,Thu,11,Yuktha Anand,No pickup,GMeet Fixed,Yuktha Anand,2.009,44,"Was a no show yesterday, no response to call",Scraping Algo ( IT services ),Scraped
341057591009,valantic India,2026-08-18 10:45:33,2026-08-18,Tue,10,Yuktha Anand,No pickup,Dead/GMeet/NoShow,Yuktha Anand,6.982,26,No response to calls or WA,Scraping Algo ( IT services ),Scraped
341057591027,Zones India,2026-08-12 16:05:36,2026-08-12,Wed,16,Lamiya Saleem,No pickup,No Pickup,Lamiya Saleem,1.202,15,did not pick up,Scraping Algo ( IT services ),Scraped
341057593065,Vish Gyana Technology Solutions,2026-08-11 15:13:16,2026-08-11,Tue,15,Lamiya Saleem,Bad number,Cold Call,Lamiya Saleem,0.162,12,wrong number,Scraping Algo ( IT services ),Scraped
341061247730,Redian Software Global,2026-08-12 14:33:31,2026-08-12,Wed,14,Yuktha Anand,Other,Dead/ColdCall/WrongNumber,Yuktha Anand,1.143,11,Invalid POC,Scraping Algo ( IT services ),Scraped
341061247737,Arminus,2026-08-11 18:03:17,2026-08-11,Tue,18,Yuktha Anand,Not interested,Cold Call,Yuktha Anand,0.288,14,not interested,Scraping Algo ( IT services ),Scraped
341061248698,DevLabs Alliance,2026-08-11 18:00:57,2026-08-11,Tue,18,Yuktha Anand,Bad number,Dead/ColdCall/WrongNumber,Yuktha Anand,0.286,12,Wrong number,Scraping Algo ( IT services ),Scraped
341061248706,DigiLantern,2026-08-11 16:07:14,2026-08-11,Tue,16,Yuktha Anand,No pickup,No Pickup,Yuktha Anand,0.207,11,No response,Scraping Algo ( IT services ),Scraped
341061248742,Sketch Brahma Technologies,2026-08-11 12:05:52,2026-08-11,Tue,12,Yuktha Anand,No pickup,Cold Call,Yuktha Anand,0.036,11,No response,Scraping Algo ( IT services ),Scraped
341061248756,Power Bridge,2026-08-12 11:57:38,2026-08-12,Wed,11,Lamiya Saleem,Bad number,Cold Call,Lamiya Saleem,1.029,12,wrong number,Scraping Algo ( IT services ),Scraped
341061249780,Holcim Global Digital Hub,2026-08-11 16:40:17,2026-08-11,Tue,16,Lamiya Saleem,Other,Dead/ColdCall/WrongNumber,Lamiya Saleem,0.224,9,wrong POC,Scraping Algo ( IT services ),Scraped
341061250775,Infowind Technologies,2026-08-11 12:55:23,2026-08-11,Tue,12,Lamiya Saleem,No pickup,No Pickup,Lamiya Saleem,0.066,33,Did not pick up. left a voicemail,Scraping Algo ( IT services ),Scraped
341061250775,Infowind Technologies,2026-08-12 17:16:16,2026-08-12,Wed,17,Lamiya Saleem,Disqualified,Dead/ColdCall/WrongFit,Lamiya Saleem,1.247,83,Does not have codebase with PRs. But spoke to him about referral and sent doc on WA,Scraping Algo ( IT services ),Scraped
341061250790,Trycon,2026-08-11 11:46:11,2026-08-11,Tue,11,Lamiya Saleem,Other,Dead/ColdCall/WrongFit,Lamiya Saleem,0.017,26,Wrong fit. Based in the US,Scraping Algo ( IT services ),Scraped
341063036654,Valiance Solutions,2026-08-12 16:27:10,2026-08-12,Wed,16,Yuktha Anand,Disqualified,Dead/ColdCall/WrongFit,Yuktha Anand,1.223,20,No dormant codebases,Scraping Algo ( IT services ),Scraped
341063038692,Zeeve,2026-08-11 17:50:16,2026-08-11,Tue,17,Yuktha Anand,No pickup,No Pickup,Yuktha Anand,0.279,11,No response,Scraping Algo ( IT services ),Scraped
341063038702,Careator Technologies,2026-08-12 14:54:36,2026-08-12,Wed,14,Lamiya Saleem,Not interested,Cold Call,Lamiya Saleem,1.156,14,not interested,Scraping Algo ( IT services ),Scraped
341063038710,InCruiter,2026-08-11 15:21:52,2026-08-11,Tue,15,Yuktha Anand,No pickup,Cold Call,Yuktha Anand,0.174,11,No response,Scraping Algo ( IT services ),Scraped
341063039686,DevsLane,2026-08-11 12:08:03,2026-08-11,Tue,12,Yuktha Anand,Callback booked,Interested,Yuktha Anand,0.038,34,"Call back in an hour, in a meeting",Scraping Algo ( IT services ),Scraped
341063039686,DevsLane,2026-08-13 11:26:41,2026-08-13,Thu,11,Yuktha Anand,No pickup,Interested,Yuktha Anand,2.009,27,"No response, sent a message",Scraping Algo ( IT services ),Scraped
341063039686,DevsLane,2026-08-13 11:29:41,2026-08-13,Thu,11,Yuktha Anand,Not interested,Dead/ColdCall/Not Interested,Yuktha Anand,2.011,30,Messaged saying not interested,Scraping Algo ( IT services ),Scraped
341063040704,Acesoft Labs,2026-08-11 15:58:52,2026-08-11,Tue,15,Lamiya Saleem,Callback booked,Interested,Lamiya Saleem,0.195,40,Said is in a meeting and will call later,Scraping Algo ( IT services ),Scraped
341063040704,Acesoft Labs,2026-08-12 15:36:37,2026-08-12,Wed,15,Lamiya Saleem,No pickup,Interested,Lamiya Saleem,1.18,15,did not pick up,Scraping Algo ( IT services ),Scraped
341063040704,Acesoft Labs,2026-08-17 16:43:50,2026-08-17,Mon,16,Lamiya Saleem,No pickup,Interested,Lamiya Saleem,6.226,15,did not pick up,Scraping Algo ( IT services ),Scraped
341063040759,Commergence,2026-08-12 16:24:20,2026-08-12,Wed,16,Lamiya Saleem,Callback booked,Cold Call,Lamiya Saleem,1.211,9,line busy,Scraping Algo ( IT services ),Scraped
341063041724,EbizzInfotech,2026-08-11 12:02:55,2026-08-11,Tue,12,Lamiya Saleem,Other,Cold Call,Lamiya Saleem,0.029,31,No incoming call to this number,Scraping Algo ( IT services ),Scraped
341068422905,75way Technologies Pvt. Ltd.,2026-08-11 16:42:15,2026-08-11,Tue,16,Yuktha Anand,Bad number,Cold Call,Yuktha Anand,0.231,14,out of service,Scraping Algo ( IT services ),Scraped
341068423877,Indian Cyber Security Solutions (CyberSecOps Pvt.Ltd.),2026-08-11 15:15:07,2026-08-11,Tue,15,Yuktha Anand,No pickup,No Pickup,Yuktha Anand,0.169,11,No response,Scraping Algo ( IT services ),Scraped
341068423892,Webgen Technologies,2026-08-11 12:55:30,2026-08-11,Tue,12,Yuktha Anand,Disqualified,Dead/ColdCall/WrongFit,Yuktha Anand,0.071,20,No dormant codebases,Scraping Algo ( IT services ),Scraped
341068423898,Cosette Network Pvt Ltd,2026-08-11 12:10:54,2026-08-11,Tue,12,Yuktha Anand,Not interested,Dead/ColdCall/Not Interested,Yuktha Anand,0.04,14,Not interested,Scraping Algo ( IT services ),Scraped
341068423909,TechVerito,2026-08-12 12:36:44,2026-08-12,Wed,12,Lamiya Saleem,No pickup,No Pickup,Lamiya Saleem,1.057,15,Did not pick up,Scraping Algo ( IT services ),Scraped
341068424927,Somnetics (Som Imaging Informatics Pvt. Ltd.),2026-08-11 17:11:46,2026-08-11,Tue,17,Lamiya Saleem,Other,Interested,Lamiya Saleem,0.246,42,Asked to drop a mail. Looks like a big one,Scraping Algo ( IT services ),Scraped
341068424927,Somnetics (Som Imaging Informatics Pvt. Ltd.),2026-08-14 11:54:51,2026-08-14,Fri,11,Lamiya Saleem,Other,Interested,Lamiya Saleem,3.026,20,following up by mail,Scraping Algo ( IT services ),Scraped
341068425928,OyeLabs,2026-08-11 16:44:40,2026-08-11,Tue,16,Lamiya Saleem,Other,Interested,Lamiya Saleem,0.226,87,Said will discuss with partner and lmk. Did not sound that interested. Sent a mail also,Scraping Algo ( IT services ),Scraped
341068425928,OyeLabs,2026-08-17 17:43:50,2026-08-17,Mon,17,Lamiya Saleem,Other,Dead/ColdCall/Not Interested,Lamiya Saleem,6.267,45,"sent a follow-up, sounded very non interested",Scraping Algo ( IT services ),Scraped
341068425931,Mooofarm,2026-08-12 14:46:10,2026-08-12,Wed,14,Lamiya Saleem,Other,Dead/ColdCall/WrongFit,Lamiya Saleem,1.144,9,wrong fit,Scraping Algo ( IT services ),Scraped
341068425946,Logical Soft Tech Private Limited,2026-08-12 16:01:55,2026-08-12,Wed,16,Lamiya Saleem,Vetted - out,Dead/ColdCall/WrongFit,Lamiya Saleem,1.195,21,"irrelevant, wrong fit",Scraping Algo ( IT services ),Scraped
341074578148,Infoneo Technologies Private Limited,2026-08-12 16:44:10,2026-08-12,Wed,16,Yuktha Anand,Other,Dead/ColdCall/WrongNumber,Yuktha Anand,1.234,22,Call not going through,Scraping Algo ( IT services ),Scraped
341074578157,Ajmera Infotech Inc.,2026-08-12 14:53:55,2026-08-12,Wed,14,Yuktha Anand,Other,Cold Call,Yuktha Anand,1.157,22,Call not going through,Scraping Algo ( IT services ),Scraped
341074578162,Capermint Technologies,2026-08-12 14:27:38,2026-08-12,Wed,14,Yuktha Anand,Bad number,Dead/ColdCall/WrongNumber,Yuktha Anand,1.139,12,Wrong number,Scraping Algo ( IT services ),Scraped
341074578167,Big Oh Tech,2026-08-11 18:13:55,2026-08-11,Tue,18,Yuktha Anand,Other,Interested,Yuktha Anand,0.296,46,"Asked to send mail, will loop in concerned POC",Scraping Algo ( IT services ),Scraped
341074578167,Big Oh Tech,2026-08-13 12:05:12,2026-08-13,Thu,12,Yuktha Anand,Chase sent,Interested,Yuktha Anand,2.039,21,Followed up over mail,Scraping Algo ( IT services ),Scraped
341074578167,Big Oh Tech,2026-08-18 15:42:24,2026-08-18,Tue,15,Yuktha Anand,Chase sent,Script Shared,Yuktha Anand,7.19,23,Script shared over mail,Scraping Algo ( IT services ),Scraped
341074579146,Mango IT Solutions,2026-08-11 15:42:42,2026-08-11,Tue,15,Yuktha Anand,No pickup,Cold Call,Yuktha Anand,0.189,11,No response,Scraping Algo ( IT services ),Scraped
341074579170,Technource,2026-08-11 14:05:57,2026-08-11,Tue,14,Yuktha Anand,Other,Cold Call,Yuktha Anand,0.121,14,Asked for mail,Scraping Algo ( IT services ),Scraped
341074579170,Technource,2026-08-11 15:40:36,2026-08-11,Tue,15,Yuktha Anand,Disqualified,Dead/ColdCall/WrongFit,Yuktha Anand,0.186,18,No IP on codebases,Scraping Algo ( IT services ),Scraped
341074579173,Eternal Robotics,2026-08-11 13:51:22,2026-08-11,Tue,13,Yuktha Anand,Bad number,Cold Call,Yuktha Anand,0.11,12,Wrong number,Scraping Algo ( IT services ),Scraped
341074580159,Geek Informatic & Technologies Private Limited,2026-08-11 18:12:36,2026-08-11,Tue,18,Lamiya Saleem,Not interested,Cold Call,Lamiya Saleem,0.289,57,"did not pick up, then called back and said not interested",Scraping Algo ( IT services ),Scraped
341074580208,Enzigma,2026-08-11 16:00:05,2026-08-11,Tue,16,Lamiya Saleem,Other,Dead/ColdCall/WrongNumber,Lamiya Saleem,0.196,9,wrong POC,Scraping Algo ( IT services ),Scraped
341074580214,Novastrid,2026-08-11 17:08:14,2026-08-11,Tue,17,Lamiya Saleem,Other,Cold Call,Lamiya Saleem,0.243,9,wrong POC,Scraping Algo ( IT services ),Scraped
341074581202,VSquare Systems Pvt. Ltd.,2026-08-11 11:38:42,2026-08-11,Tue,11,Lamiya Saleem,Bad number,Dead/ColdCall/WrongNumber,Lamiya Saleem,0.011,12,Wrong number,Scraping Algo ( IT services ),Scraped
341076320977,Rrootshell Technologiiss Pvt Ltd,2026-08-11 18:22:45,2026-08-11,Tue,18,Yuktha Anand,Disqualified,Dead/ColdCall/WrongFit,Yuktha Anand,0.302,80,"Company is a wrong fit, no IP on codebases POC will stay in touch to refer leads",Scraping Algo ( IT services ),Scraped
341076323056,Hitech Infotech Services Pvt. Ltd,2026-08-11 11:59:12,2026-08-11,Tue,11,Lamiya Saleem,Callback booked,Interested,Lamiya Saleem,0.026,51,Said was in a meeting and asked to call back at 2pm,Scraping Algo ( IT services ),Scraped
341076323056,Hitech Infotech Services Pvt. Ltd,2026-08-11 14:11:05,2026-08-11,Tue,14,Lamiya Saleem,Callback booked,Dead/ColdCall/WrongFit,Lamiya Saleem,0.118,48,called back. they are implementation consultants,Scraping Algo ( IT services ),Scraped
341087557319,Technodysis,2026-08-12 14:34:47,2026-08-12,Wed,14,Yuktha Anand,No pickup,Cold Call,Yuktha Anand,1.144,12,Switched off,Scraping Algo ( IT services ),Scraped
341087558344,Grey Chain AI,2026-08-11 13:53:19,2026-08-11,Tue,13,Yuktha Anand,Bad number,Dead/ColdCall/WrongNumber,Yuktha Anand,0.111,12,Wrong number,Scraping Algo ( IT services ),Scraped
341087558356,CFSS Cyber & Forensics Security Solutions,2026-08-11 13:48:04,2026-08-11,Tue,13,Yuktha Anand,No pickup,No Pickup,Yuktha Anand,0.108,11,No response,Scraping Algo ( IT services ),Scraped
341087558369,Visionyle Solutions,2026-08-12 13:37:14,2026-08-12,Wed,13,Lamiya Saleem,Not interested,Cold Call,Lamiya Saleem,1.099,14,not interested,Scraping Algo ( IT services ),Scraped
341087559394,Neudesic Technologies Private Limited,2026-08-11 16:41:52,2026-08-11,Tue,16,Lamiya Saleem,Other,Dead/ColdCall/WrongNumber,Lamiya Saleem,0.226,9,wrong POC,Scraping Algo ( IT services ),Scraped
341087560385,GenxAI SoftGrid,2026-08-11 15:18:59,2026-08-11,Tue,15,Lamiya Saleem,Callback booked,Cold Call,Lamiya Saleem,0.166,51,Called back. Asked to share email and will get back,Scraping Algo ( IT services ),Scraped
341087560385,GenxAI SoftGrid,2026-08-12 16:52:24,2026-08-12,Wed,16,Lamiya Saleem,No pickup,Interested,Lamiya Saleem,1.231,15,did not pick up,Scraping Algo ( IT services ),Scraped
341087560385,GenxAI SoftGrid,2026-08-17 19:06:58,2026-08-17,Mon,19,Lamiya Saleem,Chase sent,Interested,Lamiya Saleem,6.324,16,asked to send WA,Scraping Algo ( IT services ),Scraped
341778253558,Intimetec Visionsoft Pvt Ltd,2026-08-17 14:04:14,2026-08-17,Mon,14,Lamiya Saleem,Bad number,Cold Call,Lamiya Saleem,4.107,12,wrong number,Scraped ( IT Services ),Scraped
341778254525,CodeTantra Tech Solutions Private Limited,2026-08-13 18:00:06,2026-08-13,Thu,18,Lamiya Saleem,Bad number,Cold Call,Lamiya Saleem,0.27,12,wrong number,Scraped ( IT Services ),Scraped
341778254530,GreatFour Systems Private Limited,2026-08-14 18:07:02,2026-08-14,Fri,18,Lamiya Saleem,Callback booked,Cold Call,Lamiya Saleem,1.275,9,line busy,Scraped ( IT Services ),Scraped
341778265836,Clearwater Analytics India Private Limited,2026-08-13 17:48:02,2026-08-13,Thu,17,Lamiya Saleem,Bad number,Cold Call,Lamiya Saleem,0.229,12,wrong number,NASSCOM ( IT Services ),Scraped
341778265848,Ctrl S Datacenters Limited,2026-08-13 17:37:08,2026-08-13,Thu,17,Lamiya Saleem,Other,Dead/ColdCall/WrongNumber,Lamiya Saleem,0.221,9,wrong POC,NASSCOM ( IT Services ),Scraped
341790549740,Checkmarx India Technology Services Private Limited,2026-08-17 15:52:02,2026-08-17,Mon,15,Lamiya Saleem,Bad number,Cold Call,Lamiya Saleem,4.148,55,"out of service, maybe wrong number or number not in use",NASSCOM ( IT Services ),Scraped
341790549749,DataTracks Services Private Limited,2026-08-13 17:30:51,2026-08-13,Thu,17,Lamiya Saleem,Vetted - out,Dead/ColdCall/WrongFit,Lamiya Saleem,0.217,23,"Irrelevant, not our ICP",NASSCOM ( IT Services ),Scraped
341790550723,OroSoft Solutions Private Limited,2026-08-13 16:12:13,2026-08-13,Thu,16,Lamiya Saleem,No pickup,Cold Call,Lamiya Saleem,0.161,15,did not pick up,NASSCOM ( IT Services ),Scraped
341790550727,Quarks Technosoft Private Limited,2026-08-13 15:18:55,2026-08-13,Thu,15,Lamiya Saleem,No pickup,Cold Call,Lamiya Saleem,0.123,15,did not pick up,NASSCOM ( IT Services ),Scraped
341795965671,Credex Technology Private Limited,2026-08-13 15:23:43,2026-08-13,Thu,15,Yuktha Anand,No pickup,Cold Call,Yuktha Anand,0.129,11,No response,NASSCOM ( IT Services ),Scraped
341795965685,Kairos Technologies Private Limited,2026-08-13 16:09:35,2026-08-13,Thu,16,Lamiya Saleem,Bad number,Cold Call,Lamiya Saleem,0.16,12,wrong number,NASSCOM ( IT Services ),Scraped
341795965687,Pairee Infotech Private Limited,2026-08-13 15:47:08,2026-08-13,Thu,15,Lamiya Saleem,No pickup,No Pickup,Lamiya Saleem,0.144,15,did not pick up,NASSCOM ( IT Services ),Scraped
341799550670,TO THE NEW Private Limited,2026-08-17 11:51:20,2026-08-17,Mon,11,Yuktha Anand,Bad number,Dead/ColdCall/WrongNumber,Yuktha Anand,4.014,12,Wrong number,Scraped ( IT Services ),Scraped
341799566019,ExaThought Technology Consulting Private Limited,2026-08-13 17:27:13,2026-08-13,Thu,17,Lamiya Saleem,Bad number,Cold Call,Lamiya Saleem,0.214,12,wrong number,NASSCOM ( IT Services ),Scraped
341799566024,Insightly Analytics Private Limited,2026-08-13 16:22:34,2026-08-13,Thu,16,Lamiya Saleem,Other,Cold Call,Lamiya Saleem,0.169,9,wrong POC,NASSCOM ( IT Services ),Scraped
341803158220,Arodek Technology Consulting Private Limited,2026-08-17 15:49:36,2026-08-17,Mon,15,Lamiya Saleem,No pickup,Cold Call,Lamiya Saleem,4.147,15,did not pick up,NASSCOM ( IT Services ),Scraped
341803158221,Binmile Technologies Private Limited,2026-08-13 17:53:52,2026-08-13,Thu,17,Lamiya Saleem,Bad number,Cold Call,Lamiya Saleem,0.233,12,wrong number,NASSCOM ( IT Services ),Scraped
341803158223,Cactus Technology Solutions Private Limited,2026-08-13 17:58:16,2026-08-13,Thu,17,Lamiya Saleem,No pickup,Cold Call,Lamiya Saleem,0.236,15,did not pick up,NASSCOM ( IT Services ),Scraped
341803158240,Entain Software Development Services (India) Private Limited,2026-08-13 17:28:20,2026-08-13,Thu,17,Lamiya Saleem,Vetted - out,Dead/ColdCall/WrongFit,Lamiya Saleem,0.215,23,"irrelevant, not our ICP",NASSCOM ( IT Services ),Scraped
341803158243,Goavega Software India Pvt Ltd,2026-08-13 14:52:19,2026-08-13,Thu,14,Yuktha Anand,No pickup,Cold Call,Yuktha Anand,0.106,11,No response,NASSCOM ( IT Services ),Scraped
341803158254,Nivaata Systems Private Limited,2026-08-13 12:22:21,2026-08-13,Thu,12,Yuktha Anand,Bad number,Dead/ColdCall/WrongNumber,Yuktha Anand,0.001,14,number invalid,NASSCOM ( IT Services ),Scraped
341803158255,Plutomen Technologies Private Limited,2026-08-13 15:42:37,2026-08-13,Thu,15,Lamiya Saleem,No pickup,Cold Call,Lamiya Saleem,0.14,29,"switched off, did not pick up",NASSCOM ( IT Services ),Scraped
341803159233,VLink India Private Limited,2026-08-13 13:44:35,2026-08-13,Thu,13,Lamiya Saleem,Other,Dead/ColdCall/WrongNumber,Lamiya Saleem,0.057,9,wrong POC,NASSCOM ( IT Services ),Scraped
341804947146,Briskinfosec Technology and Consulting Private Limited,2026-08-13 15:50:45,2026-08-13,Thu,15,Yuktha Anand,No pickup,Cold Call,Yuktha Anand,0.148,11,No response,NASSCOM ( IT Services ),Scraped
341804947161,Incedo Technology Solutions Limited,2026-08-13 16:33:52,2026-08-13,Thu,16,Lamiya Saleem,Bad number,Cold Call,Lamiya Saleem,0.177,12,wrong number,NASSCOM ( IT Services ),Scraped
341804947175,Signicent Information Solutions LLP,2026-08-13 15:12:54,2026-08-13,Thu,15,Lamiya Saleem,No pickup,Cold Call,Lamiya Saleem,0.119,15,did not pick up,NASSCOM ( IT Services ),Scraped
341804947175,Signicent Information Solutions LLP,2026-08-13 15:37:18,2026-08-13,Thu,15,Lamiya Saleem,Chase sent,Dead/ColdCall/Not Interested,Lamiya Saleem,0.136,72,asked to send a mail to their general id. dont think would be interested,NASSCOM ( IT Services ),Scraped
341806721742,Jitendra Sarangi,2026-08-14 17:42:32,2026-08-14,Fri,17,Yuktha Anand,No pickup,Cold Call,Yuktha Anand,1.292,11,No response,Linkedin Campaign ( IT Services ),Campaign
341806743260,Credentia Verification Technologies Private Limited,2026-08-13 15:24:47,2026-08-13,Thu,15,Yuktha Anand,No pickup,Cold Call,Yuktha Anand,0.129,11,No response,NASSCOM ( IT Services ),Scraped
341806743289,Naico Information Technology Services Private Limited,2026-08-13 16:14:39,2026-08-13,Thu,16,Lamiya Saleem,Bad number,Cold Call,Lamiya Saleem,0.163,12,wrong number,NASSCOM ( IT Services ),Scraped
341806744252,Pipra Solutions Private Limited,2026-08-13 15:44:32,2026-08-13,Thu,15,Lamiya Saleem,No pickup,No Pickup,Lamiya Saleem,0.142,29,"switched off, did not pick up",NASSCOM ( IT Services ),Scraped
341808569023,Cubet Techno Labs Private Limited,2026-08-13 17:34:41,2026-08-13,Thu,17,Lamiya Saleem,No pickup,Cold Call,Lamiya Saleem,0.219,15,did not pick up,NASSCOM ( IT Services ),Scraped
341808569023,Cubet Techno Labs Private Limited,2026-08-14 12:24:42,2026-08-14,Fri,12,Lamiya Saleem,No pickup,No Pickup,Lamiya Saleem,1.004,34,did not pick up. left a voice mail,NASSCOM ( IT Services ),Scraped
341808569031,Epsum Labs Private Limited,2026-08-13 16:46:28,2026-08-13,Thu,16,Lamiya Saleem,Other,Dead/ColdCall/WrongNumber,Lamiya Saleem,0.186,9,wrong POC,NASSCOM ( IT Services ),Scraped
341808569038,Inferenz Tech Private Limited,2026-08-13 16:35:29,2026-08-13,Thu,16,Lamiya Saleem,No pickup,Cold Call,Lamiya Saleem,0.178,42,"temporarily not available, did not pick up",NASSCOM ( IT Services ),Scraped
341808569041,Muvi Entertainment Private Limited,2026-08-13 16:13:58,2026-08-13,Thu,16,Lamiya Saleem,Bad number,Cold Call,Lamiya Saleem,0.162,12,wrong number,NASSCOM ( IT Services ),Scraped
341810375361,Embarkingonvoyage Digital Solutions Private Limited,2026-08-14 17:11:09,2026-08-14,Fri,17,Lamiya Saleem,No pickup,Cold Call,Lamiya Saleem,1.203,15,did not pick up,NASSCOM ( IT Services ),Scraped
341810375364,Hazercloud Infotech LLP,2026-08-17 15:50:50,2026-08-17,Mon,15,Lamiya Saleem,Other,Dead/ColdCall/WrongFit,Lamiya Saleem,4.147,22,"wrong fit, not our ICP",NASSCOM ( IT Services ),Scraped
341810375373,Prime Infoserv Private Limited,2026-08-13 13:47:49,2026-08-13,Thu,13,Yuktha Anand,Disqualified,Dead/ColdCall/WrongFit,Yuktha Anand,0.061,12,No codebases,NASSCOM ( IT Services ),Scraped
341810375399,Zylitix Solutions LLP,2026-08-13 12:51:55,2026-08-13,Thu,12,Lamiya Saleem,Chase sent,Interested,Lamiya Saleem,0.02,21,asked to send a mail.,NASSCOM ( IT Services ),Scraped
341810375399,Zylitix Solutions LLP,2026-08-17 16:15:30,2026-08-17,Mon,16,Lamiya Saleem,Vetted - out,Interested,Lamiya Saleem,4.162,42,"irrelevant, not our ICP, post 2024 IT Firm",NASSCOM ( IT Services ),Scraped
341812163274,Cygnet Infotech Pvt Ltd,2026-08-13 17:21:37,2026-08-13,Thu,17,Lamiya Saleem,Chase sent,Interested,Lamiya Saleem,0.21,51,asked to send a mail (connectivity IT Services btw),NASSCOM ( IT Services ),Scraped
341812163284,MMJS Dataphi Private Limited,2026-08-13 16:17:27,2026-08-13,Thu,16,Lamiya Saleem,No pickup,Cold Call,Lamiya Saleem,0.165,39,"call not going through, did not pick up",NASSCOM ( IT Services ),Scraped
341812163301,Sandhata Technologies Pvt Ltd,2026-08-13 12:52:06,2026-08-13,Thu,12,Yuktha Anand,Bad number,Dead/ColdCall/WrongNumber,Yuktha Anand,0.021,14,Invalid number,NASSCOM ( IT Services ),Scraped
341812163302,Shimento India LLP,2026-08-13 15:14:14,2026-08-13,Thu,15,Lamiya Saleem,Bad number,Dead/ColdCall/WrongNumber,Lamiya Saleem,0.12,12,wrong number,NASSCOM ( IT Services ),Scraped
341812163309,ValueLabs Solutions LLP,2026-08-13 13:43:29,2026-08-13,Thu,13,Lamiya Saleem,Bad number,Cold Call,Lamiya Saleem,0.056,12,wrong number,NASSCOM ( IT Services ),Scraped
341812163310,vCreaTek Consulting Services Private Limited,2026-08-13 13:45:29,2026-08-13,Thu,13,Lamiya Saleem,Bad number,Dead/ColdCall/WrongNumber,Lamiya Saleem,0.058,27,wrong number also wrong POC,NASSCOM ( IT Services ),Scraped
341812409069,10 Decoders Consultancy Services Private Limited,2026-08-13 15:21:04,2026-08-13,Thu,15,Lamiya Saleem,No pickup,Cold Call,Lamiya Saleem,0.16,15,did not pick up,Scraped ( IT Services ),Scraped
341812421329,Ashield Technologies Private Limited,2026-08-13 17:51:53,2026-08-13,Thu,17,Lamiya Saleem,No pickup,Cold Call,Lamiya Saleem,0.232,15,did not pick up,NASSCOM ( IT Services ),Scraped
341812421330,Batoi Systems Pvt Ltd,2026-08-13 17:47:28,2026-08-13,Thu,17,Lamiya Saleem,No pickup,Cold Call,Lamiya Saleem,0.229,33,did not pick up. left a voicemail,NASSCOM ( IT Services ),Scraped
341817819857,Absyz Software Consulting Private Limited,2026-08-17 14:13:24,2026-08-17,Mon,14,Lamiya Saleem,Disqualified,Dead/ColdCall/WrongFit,Lamiya Saleem,4.08,50,"connected but does not have codebase, so wrong fit",NASSCOM ( IT Services ),Scraped
341817819891,GYTWorkz Technologies Private Limited,2026-08-13 14:50:52,2026-08-13,Thu,14,Yuktha Anand,No pickup,Cold Call,Yuktha Anand,0.105,11,No response,NASSCOM ( IT Services ),Scraped
341817819896,MOHS10 Technologies Private Limited,2026-08-13 17:59:10,2026-08-13,Thu,17,Lamiya Saleem,Bad number,Cold Call,Lamiya Saleem,0.235,12,wrong number,NASSCOM ( IT Services ),Scraped
341817820873,Togglenow Software solutions Private Limited,2026-08-17 14:15:28,2026-08-17,Mon,14,Lamiya Saleem,Bad number,Cold Call,Lamiya Saleem,4.079,12,wrong number,NASSCOM ( IT Services ),Scraped
341821404907,Qruize Technologies Private Limited,2026-08-13 15:30:02,2026-08-13,Thu,15,Lamiya Saleem,Callback booked,Interested,Lamiya Saleem,0.131,93,"Said he has dormant codebase, will talk with the delivery head and get back. asked to send WA",NASSCOM ( IT Services ),Scraped
341821404916,YUJ Designs Private Limited,2026-08-13 12:23:33,2026-08-13,Thu,12,Yuktha Anand,No pickup,Cold Call,Yuktha Anand,0.001,11,No response,NASSCOM ( IT Services ),Scraped
341825003200,Arche Global Private Limited,2026-08-13 16:21:50,2026-08-13,Thu,16,Yuktha Anand,No pickup,Cold Call,Yuktha Anand,0.169,11,No response,NASSCOM ( IT Services ),Scraped
341825003254,Zafin Software Centre of Excellence Pvt Ltd,2026-08-13 12:26:01,2026-08-13,Thu,12,Yuktha Anand,Bad number,Dead/ColdCall/WrongNumber,Yuktha Anand,0.002,12,Wrong number,NASSCOM ( IT Services ),Scraped
341826833105,GBSM Consulting Pvt. Ltd. (Business Brio Division),2026-08-13 14:53:45,2026-08-13,Thu,14,Yuktha Anand,Bad number,Dead/ColdCall/WrongNumber,Yuktha Anand,0.107,14,Invalid number,NASSCOM ( IT Services ),Scraped
341828650690,BizAcuity Solutions Private Limited,2026-08-13 16:21:01,2026-08-13,Thu,16,Yuktha Anand,No pickup,Cold Call,Yuktha Anand,0.169,11,No response,NASSCOM ( IT Services ),Scraped
341828650732,Straive Private Limited,2026-08-13 14:36:04,2026-08-13,Thu,14,Lamiya Saleem,Bad number,Dead/ColdCall/WrongNumber,Lamiya Saleem,0.093,12,WRONG NUMBER,NASSCOM ( IT Services ),Scraped
341828650739,Terralogic Software Solutions Private Limited,2026-08-13 15:09:43,2026-08-13,Thu,15,Lamiya Saleem,Other,Dead/GMeet/wrong fit,Lamiya Saleem,0.117,38,"wrong fit, not our ICP (very big firm)",NASSCOM ( IT Services ),Scraped
341828650743,Znifa Technologies Private Limited,2026-08-13 14:55:44,2026-08-13,Thu,14,Lamiya Saleem,Chase sent,Interested,Lamiya Saleem,0.106,18,Asked to send a WA,NASSCOM ( IT Services ),Scraped
341828650743,Znifa Technologies Private Limited,2026-08-14 11:22:11,2026-08-14,Fri,11,Lamiya Saleem,Callback booked,Interested,Lamiya Saleem,0.958,67,"Called to follow up, said will call me back since he's in a meeting",NASSCOM ( IT Services ),Scraped
341828650743,Znifa Technologies Private Limited,2026-08-17 11:39:34,2026-08-17,Mon,11,Lamiya Saleem,Other,Dead/ColdCall/WrongFit,Lamiya Saleem,3.97,6,no PRs,NASSCOM ( IT Services ),Scraped
341837098702,CEDURA Testsol Private Limited,2026-08-13 17:43:50,2026-08-13,Thu,17,Lamiya Saleem,Other,Interested,Lamiya Saleem,0.226,91,said will set up a meeting soon. follow up if not. the number is not suresh but his office.,NASSCOM ( IT Services ),Scraped
341837098703,Celebal Technologies Private Limited,2026-08-13 17:58:39,2026-08-13,Thu,17,Lamiya Saleem,Bad number,Cold Call,Lamiya Saleem,0.236,12,wrong number,NASSCOM ( IT Services ),Scraped
341837098732,Involead Services Private Limited,2026-08-13 16:19:35,2026-08-13,Thu,16,Lamiya Saleem,Bad number,Cold Call,Lamiya Saleem,0.167,12,wrong number,NASSCOM ( IT Services ),Scraped
341838869190,Ankur Gupta,2026-08-13 17:17:37,2026-08-13,Thu,17,Yuktha Anand,No pickup,Cold Call,Yuktha Anand,0.274,11,No response,Linkedin Campaign ( IT Services ),Campaign
341838891751,Qubiqon Consulting India Private Limited,2026-08-13 15:16:49,2026-08-13,Thu,15,Lamiya Saleem,Other,Cold Call,Lamiya Saleem,0.122,54,said we can connect next week since he is on vacation.,NASSCOM ( IT Services ),Scraped
341838891756,TestVagrant Technologies Private Limited,2026-08-13 13:49:32,2026-08-13,Thu,13,Lamiya Saleem,No pickup,No Pickup,Lamiya Saleem,0.061,15,did not pick up,NASSCOM ( IT Services ),Scraped
341840711375,Aaseya IT Services Private Limited,2026-08-14 18:10:10,2026-08-14,Fri,18,Lamiya Saleem,Callback booked,No Pickup,Lamiya Saleem,1.245,9,line busy,NASSCOM ( IT Services ),Scraped
341840711396,Innovative Logic Lab Private Limited,2026-08-13 14:45:08,2026-08-13,Thu,14,Yuktha Anand,No pickup,Cold Call,Yuktha Anand,0.101,11,No response,NASSCOM ( IT Services ),Scraped
341840711401,Pristine Pro Tech Private Limited,2026-08-13 13:44:34,2026-08-13,Thu,13,Yuktha Anand,Other,Cold Call,Yuktha Anand,0.058,18,Asked to send mail,NASSCOM ( IT Services ),Scraped
341840711407,Ranosys Technologies Private Limited,2026-08-13 12:53:12,2026-08-13,Thu,12,Yuktha Anand,Bad number,Dead/ColdCall/WrongNumber,Yuktha Anand,0.022,20,number doesn't exist,NASSCOM ( IT Services ),Scraped
341840711416,Zscaler Softech India Private Limited,2026-08-13 14:25:45,2026-08-13,Thu,14,Lamiya Saleem,Other,Dead/GMeet/wrong fit,Lamiya Saleem,0.086,18,wrong fit. Not ICP,NASSCOM ( IT Services ),Scraped
341846088382,InfoCepts Technologies Private Limited,2026-08-13 14:46:17,2026-08-13,Thu,14,Yuktha Anand,No pickup,Cold Call,Yuktha Anand,0.102,11,No response,NASSCOM ( IT Services ),Scraped
341846088383,iWork Technologies Pvt Ltd,2026-08-13 16:19:05,2026-08-13,Thu,16,Lamiya Saleem,No pickup,Cold Call,Lamiya Saleem,0.166,39,"call not going through, did not pick up",NASSCOM ( IT Services ),Scraped
341846088384,LTM Limited,2026-08-13 14:24:59,2026-08-13,Thu,14,Yuktha Anand,Other,Dead/ColdCall/WrongFit,Yuktha Anand,0.087,17,Too big of a firm,NASSCOM ( IT Services ),Scraped
341847886570,Alpha Plus Technologies Pvt Ltd,2026-08-14 17:34:57,2026-08-14,Fri,17,Lamiya Saleem,Bad number,Cold Call,Lamiya Saleem,1.22,12,wrong number,NASSCOM ( IT Services ),Scraped
341847887556,Input Zero Technologies Private Limited,2026-08-13 16:33:31,2026-08-13,Thu,16,Lamiya Saleem,Callback booked,Cold Call,Lamiya Saleem,0.176,9,line busy,NASSCOM ( IT Services ),Scraped
341847887557,Latent View Analytics Limited,2026-08-13 14:42:49,2026-08-13,Thu,14,Yuktha Anand,No pickup,Cold Call,Yuktha Anand,0.099,11,No response,NASSCOM ( IT Services ),Scraped
341847887592,TopGrep Tech Private Limited,2026-08-13 12:41:52,2026-08-13,Thu,12,Yuktha Anand,Bad number,Dead/ColdCall/WrongNumber,Yuktha Anand,0.014,12,Wrong number,NASSCOM ( IT Services ),Scraped
341856856764,Annova Solutions Private Limited,2026-08-13 17:55:43,2026-08-13,Thu,17,Lamiya Saleem,Not interested,Cold Call,Lamiya Saleem,0.235,14,Not interested,NASSCOM ( IT Services ),Scraped
341856856794,LN Webworks Private Limited,2026-08-13 14:38:13,2026-08-13,Thu,14,Yuktha Anand,Callback booked,Cold Call,Yuktha Anand,0.096,29,Asked to call back at 5:00 PM,NASSCOM ( IT Services ),Scraped
341856856808,Travanleo Info Solutions India Private Limited,2026-08-13 12:39:34,2026-08-13,Thu,12,Yuktha Anand,Chase sent,Script Shared,Yuktha Anand,0.012,23,Script shared over mail,NASSCOM ( IT Services ),Scraped
341860343526,Avaali Solutions Private Limited,2026-08-14 17:44:19,2026-08-14,Fri,17,Lamiya Saleem,Bad number,Dead/ColdCall/WrongNumber,Lamiya Saleem,1.259,36,"wrong number, call not going through",Scraped ( IT Services ),Scraped
341860354767,Anzen Technologies Private Limited,2026-08-13 16:24:52,2026-08-13,Thu,16,Yuktha Anand,Bad number,Dead/ColdCall/WrongNumber,Yuktha Anand,0.172,12,Wrong number,NASSCOM ( IT Services ),Scraped
341860354789,DevAngles Software Private Limited,2026-08-13 15:22:42,2026-08-13,Thu,15,Yuktha Anand,No pickup,Cold Call,Yuktha Anand,0.128,11,No response,NASSCOM ( IT Services ),Scraped
341860354792,Harbinger Systems Private Limited,2026-08-13 16:40:18,2026-08-13,Thu,16,Lamiya Saleem,No pickup,Cold Call,Lamiya Saleem,0.181,15,did not pick up,NASSCOM ( IT Services ),Scraped
341860354806,Qualitykiosk Technologies Private Limited,2026-08-13 15:24:10,2026-08-13,Thu,15,Lamiya Saleem,Bad number,Cold Call,Lamiya Saleem,0.127,12,wrong number,NASSCOM ( IT Services ),Scraped
341863954144,Blockbase Consultants Private Limited,2026-08-13 15:53:03,2026-08-13,Thu,15,Yuktha Anand,Other,Dead/ColdCall/WrongNumber,Yuktha Anand,0.149,11,Invalid POC,NASSCOM ( IT Services ),Scraped
341863954166,Divergent Software Labs Private Limited,2026-08-13 15:03:49,2026-08-13,Thu,15,Yuktha Anand,Chase sent,Interested,Yuktha Anand,0.115,75,"Asked to speak to CEO, Parikshit- 9479714419 he asked to send details on WA",NASSCOM ( IT Services ),Scraped
341863955131,Infintrix Global Limited,2026-08-13 14:48:26,2026-08-13,Thu,14,Yuktha Anand,Bad number,Cold Call,Yuktha Anand,0.103,14,Invalid number,NASSCOM ( IT Services ),Scraped
341863955138,QAAgility Technologies Private Limited,2026-08-17 16:13:58,2026-08-17,Mon,16,Lamiya Saleem,No pickup,Cold Call,Lamiya Saleem,4.162,15,did not pick up,NASSCOM ( IT Services ),Scraped
341863955143,Quocent Private Limited,2026-08-13 12:54:16,2026-08-13,Thu,12,Yuktha Anand,No pickup,Cold Call,Yuktha Anand,0.023,12,Switched off,NASSCOM ( IT Services ),Scraped
341863955146,Tavant Technologies India Pvt Ltd,2026-08-13 12:48:24,2026-08-13,Thu,12,Yuktha Anand,No pickup,No Pickup,Yuktha Anand,0.019,11,No response,NASSCOM ( IT Services ),Scraped
341871006431,Botminds AI Technologies Private Limited,2026-08-17 14:09:03,2026-08-17,Mon,14,Lamiya Saleem,No pickup,No Pickup,Lamiya Saleem,4.11,28,"did not pick up, sent a mail",Scraped ( IT Services ),Scraped
341871018728,Alphaleo Technology Private Limited,2026-08-14 17:40:47,2026-08-14,Fri,17,Lamiya Saleem,No pickup,Cold Call,Lamiya Saleem,1.224,15,did not pick up,NASSCOM ( IT Services ),Scraped
341871020780,NetMonastery Network Security Pvt Ltd,2026-08-13 13:50:42,2026-08-13,Thu,13,Yuktha Anand,Bad number,Dead/ColdCall/WrongNumber,Yuktha Anand,0.063,25,Incoming call not allowed,NASSCOM ( IT Services ),Scraped
341871021756,Tilicho Labs LLP,2026-08-13 13:47:35,2026-08-13,Thu,13,Lamiya Saleem,No pickup,Cold Call,Lamiya Saleem,0.059,15,did not pick up,NASSCOM ( IT Services ),Scraped
341872800476,TCZ Digital Private Limited,2026-08-13 12:43:38,2026-08-13,Thu,12,Yuktha Anand,Bad number,Dead/ColdCall/WrongNumber,Yuktha Anand,0.015,12,Wrong number,NASSCOM ( IT Services ),Scraped
341872800477,TruSpeQ Consulting Private Limited,2026-08-13 12:27:22,2026-08-13,Thu,12,Yuktha Anand,No pickup,Cold Call,Yuktha Anand,0.004,11,No response,NASSCOM ( IT Services ),Scraped
341874583245,zCon Solutions Pvt Ltd,2026-08-13 12:24:41,2026-08-13,Thu,12,Yuktha Anand,Bad number,Dead/ColdCall/WrongNumber,Yuktha Anand,0.002,12,Wrong number,NASSCOM ( IT Services ),Scraped
341876386526,Cogentnext Technologies Private Limited,2026-08-13 15:27:02,2026-08-13,Thu,15,Yuktha Anand,No pickup,Cold Call,Yuktha Anand,0.131,11,No response,NASSCOM ( IT Services ),Scraped
341876386536,Enterprise System Solutions Private Limited,2026-08-13 16:51:00,2026-08-13,Thu,16,Lamiya Saleem,Chase sent,Interested,Lamiya Saleem,0.189,91,Asked to send a mail w proposal. can connect after 8-10 days. (but reach out next week tho),NASSCOM ( IT Services ),Scraped
341878162148,Nichi-In Software Solutions Pvt Ltd,2026-08-13 13:49:21,2026-08-13,Thu,13,Yuktha Anand,Bad number,Dead/ColdCall/WrongNumber,Yuktha Anand,0.062,12,Wrong number,NASSCOM ( IT Services ),Scraped
341878162151,Polestar Solutions and Services India Private Limited,2026-08-13 15:39:39,2026-08-13,Thu,15,Lamiya Saleem,Bad number,Cold Call,Lamiya Saleem,0.138,12,wrong number,NASSCOM ( IT Services ),Scraped
341887943358,Rishabh Software Pvt Ltd,2026-08-13 16:30:39,2026-08-13,Thu,16,Lamiya Saleem,No pickup,Cold Call,Lamiya Saleem,0.208,15,did not pick up,Scraped ( IT Services ),Scraped
341887953655,HummingWave Technologies Private Limited,2026-08-13 16:37:15,2026-08-13,Thu,16,Lamiya Saleem,No pickup,No Pickup,Lamiya Saleem,0.179,39,"call not going through, did not pick up",NASSCOM ( IT Services ),Scraped
341887954621,Monepeak Fintech Private Limited (CARD91),2026-08-13 16:32:11,2026-08-13,Thu,16,Lamiya Saleem,No pickup,Cold Call,Lamiya Saleem,0.175,15,did not pick up,NASSCOM ( IT Services ),Scraped
341889750720,HanuAl Private Limited,2026-08-19 16:43:28,2026-08-19,Wed,16,Lamiya Saleem,Other,Dead/ColdCall/WrongFit,Lamiya Saleem,6.217,22,"wrong fit, not our ICP",Scraped ( IT Services ),Scraped
341889764068,Apt Software Avenues Pvt Ltd,2026-08-13 16:23:23,2026-08-13,Thu,16,Yuktha Anand,No pickup,Cold Call,Yuktha Anand,0.171,11,No response,NASSCOM ( IT Services ),Scraped
341889764083,CrossAsyst Infotech Private Limited,2026-08-13 17:32:12,2026-08-13,Thu,17,Lamiya Saleem,Bad number,Cold Call,Lamiya Saleem,0.218,12,Wrong number,NASSCOM ( IT Services ),Scraped
341889764089,Digital Convergence Technologies Pune Private Limited,2026-08-13 15:21:49,2026-08-13,Thu,15,Yuktha Anand,No pickup,Cold Call,Yuktha Anand,0.127,11,No response,NASSCOM ( IT Services ),Scraped
341889765099,TECHVED Consulting India Private Limited,2026-08-13 15:23:27,2026-08-13,Thu,15,Lamiya Saleem,Other,Cold Call,Lamiya Saleem,0.126,24,number not going through,NASSCOM ( IT Services ),Scraped
341889765105,Xiarch Solutions Pvt Ltd,2026-08-13 15:06:12,2026-08-13,Thu,15,Lamiya Saleem,Chase sent,Interested,Lamiya Saleem,0.114,158,asked to send a WA about the company. mentioned he is not sure if they have access to dormant. so unsure how relevant. Utsav gave Alekh Mittal's (CTO) number.,NASSCOM ( IT Services ),Scraped
341889765105,Xiarch Solutions Pvt Ltd,2026-08-14 17:32:15,2026-08-14,Fri,17,Lamiya Saleem,Other,Dead/ColdCall/WrongFit,Lamiya Saleem,1.215,45,"no requirement, nothing that they can license",NASSCOM ( IT Services ),Scraped
341891535547,Spearhead Technology India Private Limited,2026-08-13 15:10:12,2026-08-13,Thu,15,Lamiya Saleem,Bad number,Dead/ColdCall/WrongNumber,Lamiya Saleem,0.117,12,wrong number,NASSCOM ( IT Services ),Scraped
341891535548,Streamvector Technology Private Limited,2026-08-13 12:51:06,2026-08-13,Thu,12,Yuktha Anand,No pickup,Cold Call,Yuktha Anand,0.02,11,No response,NASSCOM ( IT Services ),Scraped
341893334719,Archimedis Digital Private Limited,2026-08-14 17:34:21,2026-08-14,Fri,17,Lamiya Saleem,Bad number,Cold Call,Lamiya Saleem,1.22,42,"call not going through, maybe wrong number",NASSCOM ( IT Services ),Scraped
341893334766,Source Fuse Technologies India Pvt Ltd,2026-08-13 15:11:06,2026-08-13,Thu,15,Lamiya Saleem,Other,Dead/ColdCall/WrongNumber,Lamiya Saleem,0.118,9,wrong POC,NASSCOM ( IT Services ),Scraped
341893334768,Tyto Software Private Limited,2026-08-13 13:51:10,2026-08-13,Thu,13,Lamiya Saleem,No pickup,Cold Call,Lamiya Saleem,0.062,15,did not pick up,NASSCOM ( IT Services ),Scraped
341947005627,Automaton AI Infosystem Private Limited,2026-08-14 15:00:44,2026-08-14,Fri,15,Lamiya Saleem,Bad number,Cold Call,Lamiya Saleem,0.722,12,wrong number,NASSCOM ( IT Services ),Scraped
341950613228,Ishttaa TechCraft Private Limited,2026-08-14 15:12:53,2026-08-14,Fri,15,Lamiya Saleem,No pickup,Cold Call,Lamiya Saleem,0.731,15,did not pick up,NASSCOM ( IT Services ),Scraped
341955953358,SplendorNet Technologies Private Limited,2026-08-14 17:34:33,2026-08-14,Fri,17,Yuktha Anand,Callback booked,Interested,Yuktha Anand,0.928,34,"In a meeting, call back in an hour",NASSCOM ( IT Services ),Scraped
341955953361,Absolin Software Solutions LLP,2026-08-14 17:16:33,2026-08-14,Fri,17,Lamiya Saleem,Chase sent,Interested,Lamiya Saleem,0.915,57,Asked to send a mail. mid priority (in terms of interest),NASSCOM ( IT Services ),Scraped
341955953368,Rudhra Info Solutions,2026-08-14 15:42:44,2026-08-14,Fri,15,Lamiya Saleem,Chase sent,Interested,Lamiya Saleem,0.85,18,asked to send a WA,NASSCOM ( IT Services ),Scraped
341955953368,Rudhra Info Solutions,2026-08-17 13:08:02,2026-08-17,Mon,13,Lamiya Saleem,No pickup,Interested,Lamiya Saleem,3.742,35,"did not pick up, followed up via WA",NASSCOM ( IT Services ),Scraped
341955953368,Rudhra Info Solutions,2026-08-19 12:51:32,2026-08-19,Wed,12,Lamiya Saleem,Callback booked,Interested,Lamiya Saleem,5.731,18,asked to call back,NASSCOM ( IT Services ),Scraped
341955953368,Rudhra Info Solutions,2026-08-19 16:37:13,2026-08-19,Wed,16,Lamiya Saleem,Not interested,Dead/ColdCall/Not Interested,Lamiya Saleem,5.888,57,"not interested, have been asking to call back for a while",NASSCOM ( IT Services ),Scraped
341957755618,Dev Information Technology Limited,2026-08-14 17:36:26,2026-08-14,Fri,17,Yuktha Anand,No pickup,Cold Call,Yuktha Anand,0.929,11,No response,NASSCOM ( IT Services ),Scraped
341957755624,Indigrators Solutions Private Limited,2026-08-17 14:21:46,2026-08-17,Mon,14,Lamiya Saleem,Chase sent,Interested,Lamiya Saleem,3.794,31,"asked to send a WA, and mail ID",NASSCOM ( IT Services ),Scraped
341957755624,Indigrators Solutions Private Limited,2026-08-19 12:54:31,2026-08-19,Wed,12,Lamiya Saleem,Other,Dead/ColdCall/Not Interested,Lamiya Saleem,5.733,17,not that relevant,NASSCOM ( IT Services ),Scraped
341957818053,Nuvento Systems Private Limited,2026-08-14 15:17:50,2026-08-14,Fri,15,Lamiya Saleem,Bad number,Cold Call,Lamiya Saleem,0.735,12,wrong number,NASSCOM ( IT Services ),Scraped
341957818067,Trigent Software Limited,2026-08-14 16:19:54,2026-08-14,Fri,16,Yuktha Anand,Bad number,Cold Call,Yuktha Anand,0.777,12,Wrong number,NASSCOM ( IT Services ),Scraped
341959622378,Covalense Technologies Private Limited,2026-08-14 16:21:34,2026-08-14,Fri,16,Lamiya Saleem,Callback booked,Interested,Lamiya Saleem,0.779,82,said will check with team but doesn't seem interested. v low priority. sent a mail,NASSCOM ( IT Services ),Scraped
341959622378,Covalense Technologies Private Limited,2026-08-17 13:04:43,2026-08-17,Mon,13,Lamiya Saleem,Other,Interested,Lamiya Saleem,3.642,23,sent a follow - up mail,NASSCOM ( IT Services ),Scraped
341959622383,Drish Infotech Limited,2026-08-14 17:11:46,2026-08-14,Fri,17,Yuktha Anand,No pickup,Cold Call,Yuktha Anand,0.814,11,No response,NASSCOM ( IT Services ),Scraped
341959623355,Sinnonteq IT Consulting LLP,2026-08-14 14:56:52,2026-08-14,Fri,14,Lamiya Saleem,Bad number,Cold Call,Lamiya Saleem,0.719,12,wrong number,NASSCOM ( IT Services ),Scraped
341961414357,Quad One Technologies Private Limited,2026-08-14 17:16:19,2026-08-14,Fri,17,Yuktha Anand,Bad number,Cold Call,Yuktha Anand,0.817,12,Wrong number,NASSCOM ( IT Services ),Scraped
341970405075,Synconics Technologies Private Limited,2026-08-14 16:21:03,2026-08-14,Fri,16,Yuktha Anand,No pickup,No Pickup,Yuktha Anand,0.778,11,No response,NASSCOM ( IT Services ),Scraped
341972220606,Notetech Software,2026-08-14 16:11:10,2026-08-14,Fri,16,Yuktha Anand,Other,Cold Call,Yuktha Anand,0.771,18,asked to send mail,NASSCOM ( IT Services ),Scraped
341993209568,ZeroCodeHR LLP,2026-08-14 15:47:01,2026-08-14,Fri,15,Yuktha Anand,Callback booked,Cold Call,Yuktha Anand,0.754,30,"In a meeting, asked to send WA",NASSCOM ( IT Services ),Scraped
341996748501,WhizHack Technologies Private Limited,2026-08-14 17:29:48,2026-08-14,Fri,17,Yuktha Anand,No pickup,Cold Call,Yuktha Anand,0.924,11,No response,NASSCOM ( IT Services ),Scraped
342003949249,Perigeon Software Private Limited,2026-08-14 17:05:00,2026-08-14,Fri,17,Lamiya Saleem,Other,GMeet Fixed,Lamiya Saleem,0.907,11,fixed gmeet,NASSCOM ( IT Services ),Scraped
342003949249,Perigeon Software Private Limited,2026-08-17 16:09:24,2026-08-17,Mon,16,Lamiya Saleem,Other,GMeet Fixed,Lamiya Saleem,3.868,127,"attended VC / gmeet, does not have any dormant codebase of his own but said will refer to his friend's company: Valcare systems",NASSCOM ( IT Services ),Scraped
342004002535,Soft Suave Technologies Private Limited,2026-08-14 17:09:51,2026-08-14,Fri,17,Yuktha Anand,No pickup,No Pickup,Yuktha Anand,0.812,11,No response,NASSCOM ( IT Services ),Scraped
342023748318,Gadgeon Smart Systems Pvt Ltd,2026-08-14 17:31:25,2026-08-14,Fri,17,Yuktha Anand,Bad number,Dead/ColdCall/WrongNumber,Yuktha Anand,0.925,20,Number doesn't exist,NASSCOM ( IT Services ),Scraped
342023800519,Salt Web Technologies Private Limited,2026-08-14 15:02:14,2026-08-14,Fri,15,Lamiya Saleem,No pickup,Cold Call,Lamiya Saleem,0.724,15,did not pick up,NASSCOM ( IT Services ),Scraped
342023800519,Salt Web Technologies Private Limited,2026-08-14 16:10:08,2026-08-14,Fri,16,Lamiya Saleem,Disqualified,Dead/ColdCall/WrongFit,Lamiya Saleem,0.771,33,"wrong fit, does not have codebase",NASSCOM ( IT Services ),Scraped
342023800521,Codelogicx Technologies Private Limited,2026-08-14 15:11:35,2026-08-14,Fri,15,Lamiya Saleem,No pickup,Cold Call,Lamiya Saleem,0.73,15,did not pick up,NASSCOM ( IT Services ),Scraped
342027347655,InfoBeans Technologies Limited,2026-08-14 17:13:02,2026-08-14,Fri,17,Lamiya Saleem,Other,Dead/ColdCall/WrongFit,Lamiya Saleem,0.913,22,wrong fit. not our ICP,NASSCOM ( IT Services ),Scraped
342027347656,MTAP Technologies Pvt Ltd,2026-08-14 16:23:45,2026-08-14,Fri,16,Lamiya Saleem,Bad number,Cold Call,Lamiya Saleem,0.878,12,wrong number,NASSCOM ( IT Services ),Scraped
342027420357,Nihilent Limited,2026-08-14 17:28:29,2026-08-14,Fri,17,Yuktha Anand,Chase sent,Cold Call,Yuktha Anand,0.826,30,"Network issue, sent WA message",NASSCOM ( IT Services ),Scraped
342027421425,Belinnov Solutions Private Limited,2026-08-14 15:09:25,2026-08-14,Fri,15,Lamiya Saleem,Chase sent,Cold Call,Lamiya Saleem,0.729,75,"v interested. asked to send a WA, will forward to the team and get in touch",NASSCOM ( IT Services ),Scraped
342027421425,Belinnov Solutions Private Limited,2026-08-17 12:37:59,2026-08-17,Mon,12,Lamiya Saleem,No pickup,Interested,Lamiya Saleem,3.623,39,"did not pick up, sent a follow-up on WA",NASSCOM ( IT Services ),Scraped
342027421425,Belinnov Solutions Private Limited,2026-08-17 18:31:49,2026-08-17,Mon,18,Lamiya Saleem,Callback booked,Interested,Lamiya Saleem,3.869,55,"said needs to check internally, will get back in 2 days",NASSCOM ( IT Services ),Scraped
342030949052,PiTangent Analytics And Technology Solutions Private Limited,2026-08-14 17:32:53,2026-08-14,Fri,17,Yuktha Anand,No pickup,Cold Call,Yuktha Anand,0.926,11,No response,NASSCOM ( IT Services ),Scraped
342059605727,Kovaion Consulting India Pvt Ltd,2026-08-14 14:59:31,2026-08-14,Fri,14,Lamiya Saleem,Not interested,Dead/ColdCall/Not Interested,Lamiya Saleem,0.721,14,not interested,NASSCOM ( IT Services ),Scraped
342059605731,TestingXperts Private Limited,2026-08-14 14:55:44,2026-08-14,Fri,14,Lamiya Saleem,Other,Dead/ColdCall/WrongFit,Lamiya Saleem,0.719,22,"not our ICP, wrong fit",NASSCOM ( IT Services ),Scraped
342061401822,StratLytics Consulting Private Limited,2026-08-14 14:54:41,2026-08-14,Fri,14,Lamiya Saleem,No pickup,Cold Call,Lamiya Saleem,0.718,15,did not pick up,NASSCOM ( IT Services ),Scraped
342064988882,Sinergia Media Labs Private Limited,2026-08-14 15:35:42,2026-08-14,Fri,15,Lamiya Saleem,Chase sent,Interested,Lamiya Saleem,0.747,56,sounds very interested. asked to send a WA and an email.,NASSCOM ( IT Services ),Scraped
342064988882,Sinergia Media Labs Private Limited,2026-08-17 14:26:55,2026-08-17,Mon,14,Lamiya Saleem,Callback booked,Interested,Lamiya Saleem,3.699,88,"said he forwarded to his team, they are evaluating. will lmk once they make the decision",NASSCOM ( IT Services ),Scraped
342064988888,InitiateFirst Information Services Private Limited,2026-08-14 16:16:31,2026-08-14,Fri,16,Lamiya Saleem,Callback booked,Cold Call,Lamiya Saleem,0.775,9,line busy,NASSCOM ( IT Services ),Scraped
342074401513,Paltech Consulting Private Limited,2026-08-14 17:18:33,2026-08-14,Fri,17,Yuktha Anand,Bad number,Dead/ColdCall/WrongNumber,Yuktha Anand,0.819,12,Wrong number,NASSCOM ( IT Services ),Scraped
342081597169,Sumanas Technologies Private Limited,2026-08-14 17:17:32,2026-08-14,Fri,17,Yuktha Anand,No pickup,Cold Call,Yuktha Anand,0.818,11,No response,NASSCOM ( IT Services ),Scraped
342085187276,Rysun Labs Private Limited,2026-08-14 15:15:31,2026-08-14,Fri,15,Lamiya Saleem,Bad number,Cold Call,Lamiya Saleem,0.733,12,wrong number,NASSCOM ( IT Services ),Scraped
342085187278,Testrig Technologies Private Limited,2026-08-14 17:13:02,2026-08-14,Fri,17,Yuktha Anand,Bad number,Dead/ColdCall/WrongNumber,Yuktha Anand,0.814,12,Wrong number,NASSCOM ( IT Services ),Scraped
342085187288,Inno Valley Works Private Limited,2026-08-14 15:39:03,2026-08-14,Fri,15,Yuktha Anand,No pickup,Cold Call,Yuktha Anand,0.749,11,No response,NASSCOM ( IT Services ),Scraped
342088773306,Inspirisys Solutions Limited,2026-08-14 16:13:25,2026-08-14,Fri,16,Yuktha Anand,No pickup,No Pickup,Yuktha Anand,0.773,11,No response,NASSCOM ( IT Services ),Scraped
342099563208,Data Xgen Technologies Private Limited,2026-08-14 14:48:56,2026-08-14,Fri,14,Lamiya Saleem,Bad number,Cold Call,Lamiya Saleem,0.627,12,wrong number,NASSCOM ( IT Services ),Scraped
342099922647,Zediant Technologies Private Limited,2026-08-14 17:14:54,2026-08-14,Fri,17,Yuktha Anand,No pickup,Cold Call,Yuktha Anand,0.816,11,No response,NASSCOM ( IT Services ),Scraped
342111010544,AgilizTech Software Services Private Limited,2026-08-14 14:33:16,2026-08-14,Fri,14,Yuktha Anand,No pickup,Cold Call,Yuktha Anand,0.254,11,No response,NASSCOM ( IT Services ),Scraped
342111010549,Drubus Technologies Private Limited,2026-08-14 11:41:02,2026-08-14,Fri,11,Lamiya Saleem,Disqualified,Dead/ColdCall/WrongFit,Lamiya Saleem,0.134,93,"connected but does not have dormant codebase, data processing company. irrelevant - wrong fit",NASSCOM ( IT Services ),Scraped
342112538322,5Sec Cyberpwn Technologies Private Limited,2026-08-14 15:15:23,2026-08-14,Fri,15,Yuktha Anand,Bad number,Dead/ColdCall/WrongNumber,Yuktha Anand,0.645,14,Invalid number,NASSCOM ( IT Services ),Scraped
342112732875,Geekay Infotech,2026-08-14 12:59:00,2026-08-14,Fri,12,Lamiya Saleem,Callback booked,Cold Call,Lamiya Saleem,0.188,9,line busy,NASSCOM ( IT Services ),Scraped
342114577091,Agaram Technologies Private Limited,2026-08-14 12:40:54,2026-08-14,Fri,12,Lamiya Saleem,No pickup,Cold Call,Lamiya Saleem,0.177,15,did not pick up,NASSCOM ( IT Services ),Scraped
342114577096,Credence Redefined Services Private Limited,2026-08-14 12:11:27,2026-08-14,Fri,12,Lamiya Saleem,Disqualified,Cold Call,Lamiya Saleem,0.156,36,"connected but wrong fit, no codebase",NASSCOM ( IT Services ),Scraped
342114577099,Gateway Internet Protocol Management Private Limited,2026-08-14 12:30:12,2026-08-14,Fri,12,Yuktha Anand,No pickup,Cold Call,Yuktha Anand,0.168,11,No response,NASSCOM ( IT Services ),Scraped
342118236861,Addsoft Technologies Private Limited,2026-08-14 14:34:26,2026-08-14,Fri,14,Yuktha Anand,No pickup,Cold Call,Yuktha Anand,0.255,11,No response,NASSCOM ( IT Services ),Scraped
342121541306,PurpleTalk India Pvt Ltd,2026-08-14 15:16:58,2026-08-14,Fri,15,Yuktha Anand,Callback booked,Interested,Yuktha Anand,0.646,45,"Is occupied now, asked to call back on Monday",NASSCOM ( IT Services ),Scraped
342121541306,PurpleTalk India Pvt Ltd,2026-08-19 17:18:35,2026-08-19,Wed,17,Yuktha Anand,Chase sent,Interested,Yuktha Anand,5.731,24,Asked to send WA message,NASSCOM ( IT Services ),Scraped
342121756353,Ejyle Technologies Private Limited,2026-08-14 12:05:28,2026-08-14,Fri,12,Lamiya Saleem,No pickup,Cold Call,Lamiya Saleem,0.151,15,did not pick up,NASSCOM ( IT Services ),Scraped
342123342567,NuCore Software Solutions Pvt Ltd,2026-08-14 15:24:49,2026-08-14,Fri,15,Yuktha Anand,No pickup,No Pickup,Yuktha Anand,0.652,11,No response,NASSCOM ( IT Services ),Scraped
342123632377,Watsoo Express Private Limited,2026-08-14 14:36:35,2026-08-14,Fri,14,Lamiya Saleem,Chase sent,Interested,Lamiya Saleem,0.257,62,"asked to send WA, not sure if actually relevant and interested",NASSCOM ( IT Services ),Scraped
342123633339,Korecent Solutions Private Limited,2026-08-14 14:28:14,2026-08-14,Fri,14,Lamiya Saleem,Bad number,Cold Call,Lamiya Saleem,0.252,12,wrong number,NASSCOM ( IT Services ),Scraped
342123638468,A5E Consulting Private Limited,2026-08-14 14:35:22,2026-08-14,Fri,14,Yuktha Anand,No pickup,Cold Call,Yuktha Anand,0.256,11,No response,NASSCOM ( IT Services ),Scraped
342123638472,Best of Breed Software Solutions India Pvt Ltd,2026-08-14 12:53:47,2026-08-14,Fri,12,Yuktha Anand,Callback booked,Cold Call,Yuktha Anand,0.185,33,"In a meeting, asked to call later",NASSCOM ( IT Services ),Scraped
342127161049,Clari5 (CustomerXPs Software Private Limited),2026-08-14 12:51:24,2026-08-14,Fri,12,Yuktha Anand,Bad number,Dead/ColdCall/WrongNumber,Yuktha Anand,0.184,12,Wrong number,NASSCOM ( IT Services ),Scraped
342128991963,Happiest Minds Technologies Limited,2026-08-14 11:18:14,2026-08-14,Fri,11,Lamiya Saleem,Other,Dead/ColdCall/WrongFit,Lamiya Saleem,0.118,22,"wrong fit, Not our ICP",NASSCOM ( IT Services ),Scraped
342130802423,AQM Technologies Private Limited,2026-08-14 13:01:54,2026-08-14,Fri,13,Yuktha Anand,Bad number,Cold Call,Yuktha Anand,0.191,14,Invalid number,NASSCOM ( IT Services ),Scraped
342132338403,Sparity Soft Technologies Private Limited,2026-08-14 15:30:58,2026-08-14,Fri,15,Yuktha Anand,Bad number,Dead/ColdCall/WrongNumber,Yuktha Anand,0.656,12,Wrong number,NASSCOM ( IT Services ),Scraped
342132338424,Luminous Infoways Private Limited,2026-08-14 15:09:44,2026-08-14,Fri,15,Yuktha Anand,Bad number,Dead/ColdCall/WrongNumber,Yuktha Anand,0.641,12,Wrong number,NASSCOM ( IT Services ),Scraped
342134380272,Safe Software and Integrated Solutions Private Limited,2026-08-14 14:51:35,2026-08-14,Fri,14,Yuktha Anand,No pickup,No Pickup,Yuktha Anand,0.268,11,No response,NASSCOM ( IT Services ),Scraped
342134380275,Secuodsoft Technologies Private Limited,2026-08-14 14:49:11,2026-08-14,Fri,14,Yuktha Anand,No pickup,Cold Call,Yuktha Anand,0.266,11,No response,NASSCOM ( IT Services ),Scraped
342134380275,Secuodsoft Technologies Private Limited,2026-08-14 14:54:52,2026-08-14,Fri,14,Yuktha Anand,Callback booked,Interested,Yuktha Anand,0.27,32,"Call back at 5:30 PM, in meeting",NASSCOM ( IT Services ),Scraped
342134381243,Cyber Square AI and Robotics Private Limited,2026-08-14 12:45:10,2026-08-14,Fri,12,Yuktha Anand,Bad number,Dead/ColdCall/WrongNumber,Yuktha Anand,0.179,12,Wrong number,NASSCOM ( IT Services ),Scraped
342135933678,Cybertech Systems and Software Ltd,2026-08-14 15:27:13,2026-08-14,Fri,15,Yuktha Anand,Bad number,Dead/ColdCall/WrongNumber,Yuktha Anand,0.653,12,Wrong number,NASSCOM ( IT Services ),Scraped
342136159931,4Seer Technologies Private Limited,2026-08-14 14:43:58,2026-08-14,Fri,14,Yuktha Anand,No pickup,Cold Call,Yuktha Anand,0.262,11,No response,NASSCOM ( IT Services ),Scraped
342136159935,EmbedSense Solutions Private Limited,2026-08-14 12:32:28,2026-08-14,Fri,12,Yuktha Anand,Callback booked,Cold Call,Yuktha Anand,0.17,32,"In a meeting, asked to send mail",NASSCOM ( IT Services ),Scraped
342139545298,Mundrisoft Solutions Private Limited,2026-08-14 15:00:51,2026-08-14,Fri,15,Yuktha Anand,Not interested,Dead/ColdCall/Not Interested,Yuktha Anand,0.635,14,not interested,NASSCOM ( IT Services ),Scraped
342139818722,Ebluesoft Infotect Solutions Private Limited,2026-08-14 12:39:03,2026-08-14,Fri,12,Yuktha Anand,No pickup,Cold Call,Yuktha Anand,0.175,11,No response,NASSCOM ( IT Services ),Scraped
342141624016,Agrex Technologies Private Limited,2026-08-14 12:33:37,2026-08-14,Fri,12,Lamiya Saleem,No pickup,Cold Call,Lamiya Saleem,0.171,12,switched off,NASSCOM ( IT Services ),Scraped
342141624017,Alfahive Private Limited,2026-08-14 12:30:58,2026-08-14,Fri,12,Lamiya Saleem,Bad number,Cold Call,Lamiya Saleem,0.169,43,"call did not go through, maybe wrong number",NASSCOM ( IT Services ),Scraped
342141624018,Aurionpro Solutions Limited,2026-08-14 12:31:58,2026-08-14,Fri,12,Lamiya Saleem,Bad number,Cold Call,Lamiya Saleem,0.17,12,wrong number,NASSCOM ( IT Services ),Scraped
342141624023,CloudKaptan Consultancy Services Pvt Ltd,2026-08-14 12:22:38,2026-08-14,Fri,12,Lamiya Saleem,No pickup,Cold Call,Lamiya Saleem,0.164,15,did not pick up,NASSCOM ( IT Services ),Scraped
342142631652,Albatroz (India) Private Limited,2026-08-14 14:31:52,2026-08-14,Fri,14,Yuktha Anand,No pickup,Cold Call,Yuktha Anand,0.253,11,No response,NASSCOM ( IT Services ),Scraped
342142631653,Cosyn Limited,2026-08-14 12:48:16,2026-08-14,Fri,12,Yuktha Anand,No pickup,Cold Call,Yuktha Anand,0.181,11,No response,NASSCOM ( IT Services ),Scraped
342142631656,Exponentia.ai Private Limited,2026-08-14 12:29:40,2026-08-14,Fri,12,Lamiya Saleem,No pickup,Cold Call,Lamiya Saleem,0.168,15,Did not pick up,NASSCOM ( IT Services ),Scraped
342144206571,Prorigo Software Pvt Ltd,2026-08-14 15:29:17,2026-08-14,Fri,15,Yuktha Anand,Bad number,Dead/ColdCall/WrongNumber,Yuktha Anand,0.655,12,Wrong number,NASSCOM ( IT Services ),Scraped
342146009842,Contata Solutions Private Limited,2026-08-14 15:30:09,2026-08-14,Fri,15,Yuktha Anand,No pickup,Cold Call,Yuktha Anand,0.656,11,No response,NASSCOM ( IT Services ),Scraped
342146009842,Contata Solutions Private Limited,2026-08-14 15:34:58,2026-08-14,Fri,15,Yuktha Anand,Chase sent,Interested,Yuktha Anand,0.659,43,"Asked to send WA, will connect with IT team",NASSCOM ( IT Services ),Scraped
342147812072,Intense Technologies Ltd,2026-08-14 15:07:39,2026-08-14,Fri,15,Yuktha Anand,Other,Interested,Yuktha Anand,0.639,58,"Can explore referral angle, Founder has exited the company",NASSCOM ( IT Services ),Scraped
342149603053,Diaspark Infotech Pvt Ltd,2026-08-14 14:53:21,2026-08-14,Fri,14,Lamiya Saleem,Bad number,Cold Call,Lamiya Saleem,0.63,42,"call not going through, maybe wrong number",NASSCOM ( IT Services ),Scraped
342153200326,Talentas Technology Private Limited,2026-08-14 15:37:42,2026-08-14,Fri,15,Yuktha Anand,No pickup,Cold Call,Yuktha Anand,0.661,11,No response,NASSCOM ( IT Services ),Scraped
342153200337,Alumnus Software Limited,2026-08-14 15:22:41,2026-08-14,Fri,15,Yuktha Anand,Callback booked,Interested,Yuktha Anand,0.65,127,"Is interested but don't have many projects where they retain IP Will check if they have codebases, asked to call back on Monday",NASSCOM ( IT Services ),Scraped
342153200337,Alumnus Software Limited,2026-08-19 17:13:50,2026-08-19,Wed,17,Yuktha Anand,No pickup,Interested,Yuktha Anand,5.727,11,No response,NASSCOM ( IT Services ),Scraped
342153200341,Accion Technologies Private Limited,2026-08-14 15:12:53,2026-08-14,Fri,15,Yuktha Anand,Bad number,Cold Call,Yuktha Anand,0.643,12,Wrong number,NASSCOM ( IT Services ),Scraped
342153200346,EWall Solutions Private Limited,2026-08-14 14:48:29,2026-08-14,Fri,14,Lamiya Saleem,No pickup,Cold Call,Lamiya Saleem,0.626,15,Did not pick up,NASSCOM ( IT Services ),Scraped
342154998521,Exclusive-OR (XOR) Labs Private Limited,2026-08-14 15:36:48,2026-08-14,Fri,15,Yuktha Anand,No pickup,Cold Call,Yuktha Anand,0.66,11,No response,NASSCOM ( IT Services ),Scraped
342156807926,Seneca Global IT Services Pvt Ltd,2026-08-14 14:57:52,2026-08-14,Fri,14,Yuktha Anand,Other,Cold Call,Yuktha Anand,0.633,23,Out of network coverage,NASSCOM ( IT Services ),Scraped
342156807927,Tart Labs,2026-08-14 14:43:54,2026-08-14,Fri,14,Lamiya Saleem,Chase sent,Cold Call,Lamiya Saleem,0.623,55,"interested, asked to send a mail will share to the team",NASSCOM ( IT Services ),Scraped
342156807929,Fluentgrid Limited,2026-08-14 14:38:42,2026-08-14,Fri,14,Lamiya Saleem,No pickup,Cold Call,Lamiya Saleem,0.619,15,did not pick up,NASSCOM ( IT Services ),Scraped
342157086457,Business Intelligence Professionals Private Limited,2026-08-14 14:38:22,2026-08-14,Fri,14,Yuktha Anand,No pickup,Cold Call,Yuktha Anand,0.258,11,No response,NASSCOM ( IT Services ),Scraped
342157087419,ABM Knowledgeware Ltd,2026-08-14 12:37:22,2026-08-14,Fri,12,Lamiya Saleem,Bad number,Cold Call,Lamiya Saleem,0.174,12,wrong number,NASSCOM ( IT Services ),Scraped
342158613195,Skyach Software Solutions Pvt Ltd,2026-08-14 15:28:08,2026-08-14,Fri,15,Yuktha Anand,Bad number,Dead/ColdCall/WrongNumber,Yuktha Anand,0.654,12,Wrong number,NASSCOM ( IT Services ),Scraped
342158869225,Crecientech InfoSytem Private Limited,2026-08-14 12:46:21,2026-08-14,Fri,12,Yuktha Anand,Bad number,Dead/ColdCall/WrongNumber,Yuktha Anand,0.18,12,Wrong number,NASSCOM ( IT Services ),Scraped
342160404184,Consint Solutions Private Limited,2026-08-14 15:25:59,2026-08-14,Fri,15,Yuktha Anand,No pickup,Cold Call,Yuktha Anand,0.652,11,No response,NASSCOM ( IT Services ),Scraped
342162430675,3i Infotech Ltd,2026-08-14 14:50:12,2026-08-14,Fri,14,Yuktha Anand,Bad number,Cold Call,Yuktha Anand,0.267,14,Invalid number,NASSCOM ( IT Services ),Scraped
342165808882,MetaSys Software Private Limited,2026-08-14 14:50:23,2026-08-14,Fri,14,Lamiya Saleem,No pickup,Cold Call,Lamiya Saleem,0.628,15,did not pick up,NASSCOM ( IT Services ),Scraped
342166086363,Aeonix Research and Innovations LLP,2026-08-14 12:37:01,2026-08-14,Fri,12,Lamiya Saleem,Not interested,Dead/ColdCall/Not Interested,Lamiya Saleem,0.174,14,not interested,NASSCOM ( IT Services ),Scraped
342167894730,A One Salasar Private Limited,2026-08-14 13:05:54,2026-08-14,Fri,13,Lamiya Saleem,Disqualified,Dead/ColdCall/WrongFit,Lamiya Saleem,0.194,63,connected but does not have codebase. so irrelevant / wrong fit,NASSCOM ( IT Services ),Scraped
342167894739,Datamorphosis Technologies Private Limited,2026-08-14 12:43:43,2026-08-14,Fri,12,Yuktha Anand,No pickup,Cold Call,Yuktha Anand,0.178,11,No response,NASSCOM ( IT Services ),Scraped
342188474066,Heuristics Informatics Pvt Ltd,2026-08-14 11:36:40,2026-08-14,Fri,11,Yuktha Anand,Bad number,Cold Call,Yuktha Anand,0.131,14,Invalid number,NASSCOM ( IT Services ),Scraped
342192078523,Orange Technolab Pvt Ltd,2026-08-14 14:39:26,2026-08-14,Fri,14,Yuktha Anand,Bad number,Dead/ColdCall/WrongNumber,Yuktha Anand,0.259,14,Invalid number,NASSCOM ( IT Services ),Scraped
342192078533,Global Groupware Solutions Ltd,2026-08-14 12:28:40,2026-08-14,Fri,12,Yuktha Anand,No pickup,No Pickup,Yuktha Anand,0.167,11,No response,NASSCOM ( IT Services ),Scraped
342195617499,Discovery Communications India,2026-08-14 12:42:03,2026-08-14,Fri,12,Yuktha Anand,Other,Dead/ColdCall/WrongFit,Yuktha Anand,0.177,9,Wrong fit,NASSCOM ( IT Services ),Scraped
342200931036,OrangeScape Technologies Private Limited,2026-08-19 16:42:38,2026-08-19,Wed,16,Lamiya Saleem,No pickup,Cold Call,Lamiya Saleem,5.344,15,did not pick up,NASSCOM ( IT Services ),Scraped
342212538075,Netweb Software Pvt Ltd,2026-08-14 14:19:11,2026-08-14,Fri,14,Lamiya Saleem,Chase sent,Interested,Lamiya Saleem,0.245,73,"sounded interested. unsure if he has dormant codebase, asked to send a WA",NASSCOM ( IT Services ),Scraped
342212538075,Netweb Software Pvt Ltd,2026-08-17 12:59:49,2026-08-17,Mon,12,Lamiya Saleem,No pickup,Interested,Lamiya Saleem,3.19,41,"wrong POC, founder number is switched off",NASSCOM ( IT Services ),Scraped
342212538076,Inference Labs Private Limited,2026-08-14 14:42:46,2026-08-14,Fri,14,Yuktha Anand,Bad number,Dead/ColdCall/WrongNumber,Yuktha Anand,0.261,12,Wrong number,NASSCOM ( IT Services ),Scraped
342216206012,Course5 Intelligence Limited,2026-08-14 12:06:47,2026-08-14,Fri,12,Lamiya Saleem,Bad number,Cold Call,Lamiya Saleem,0.152,12,wrong number,NASSCOM ( IT Services ),Scraped
342221541104,Delostyle Studio Private Limited,2026-08-14 12:05:52,2026-08-14,Fri,12,Lamiya Saleem,Bad number,Cold Call,Lamiya Saleem,0.152,12,wrong number,NASSCOM ( IT Services ),Scraped
342223342293,NotionMindz Technology LLP,2026-08-14 12:59:21,2026-08-14,Fri,12,Lamiya Saleem,Chase sent,Interested,Lamiya Saleem,0.19,20,asked to send a mail,NASSCOM ( IT Services ),Scraped
342223342293,NotionMindz Technology LLP,2026-08-17 12:43:12,2026-08-17,Mon,12,Lamiya Saleem,Other,Interested,Lamiya Saleem,3.178,35,"asked to connect tomorrow, 12:45 pm",NASSCOM ( IT Services ),Scraped
342223342298,CitiusTech Healthcare Technology Pvt Ltd,2026-08-14 12:32:24,2026-08-14,Fri,12,Lamiya Saleem,Bad number,Cold Call,Lamiya Saleem,0.17,12,wrong number,NASSCOM ( IT Services ),Scraped
342225118943,Datamatics Global Services Ltd,2026-08-14 12:06:21,2026-08-14,Fri,12,Lamiya Saleem,Bad number,Cold Call,Lamiya Saleem,0.152,12,wrong number,NASSCOM ( IT Services ),Scraped
342225118948,Inntot Technologies Private Limited,2026-08-14 12:02:30,2026-08-14,Fri,12,Lamiya Saleem,Disqualified,Cold Call,Lamiya Saleem,0.149,41,"no dormant codebase, irrelevant/wrong fit",NASSCOM ( IT Services ),Scraped
342228563680,Techno Tackle Software Solutions,2026-08-14 14:26:24,2026-08-14,Fri,14,Lamiya Saleem,Interested,Interested,Lamiya Saleem,0.25,66,interested. said will check w team availability and schedule gmeet,NASSCOM ( IT Services ),Scraped
342228563680,Techno Tackle Software Solutions,2026-08-17 14:00:09,2026-08-17,Mon,14,Lamiya Saleem,Other,GMeet Fixed,Lamiya Saleem,3.232,16,Fixed gmeet / VC,NASSCOM ( IT Services ),Scraped
342228563680,Techno Tackle Software Solutions,2026-08-18 10:43:35,2026-08-18,Tue,10,Lamiya Saleem,Other,Dead/GMeet/wrong fit,Lamiya Saleem,4.095,41,does not have PRs so irrelevant/wrong fit,NASSCOM ( IT Services ),Scraped
342228563680,Techno Tackle Software Solutions,2026-08-21 11:05:25,2026-08-21,Fri,11,Lamiya Saleem,Script shared,Script Shared,Lamiya Saleem,7.111,13,shared script,NASSCOM ( IT Services ),Scraped
342228563689,iPrime Services Private Limited,2026-08-14 11:35:51,2026-08-14,Fri,11,Yuktha Anand,No pickup,Cold Call,Yuktha Anand,0.13,12,Switched off,NASSCOM ( IT Services ),Scraped
342230357708,ThoughtSpheres Technologies Private Limited,2026-08-14 14:45:35,2026-08-14,Fri,14,Yuktha Anand,Bad number,Cold Call,Yuktha Anand,0.263,12,Wrong number,NASSCOM ( IT Services ),Scraped
342335641287,Shanti Infosoft LLP,2026-08-19 16:36:51,2026-08-19,Wed,16,Yuktha Anand,Callback booked,Interested,Yuktha Anand,2.13,38,"In a meeting, asked to send WA message",Founder Search ( IT Services ),Scraped
342335641290,M-Square Technologies,2026-08-19 16:16:52,2026-08-19,Wed,16,Yuktha Anand,Bad number,Dead/ColdCall/WrongNumber,Yuktha Anand,2.116,28,Sales number; number invalid,Founder Search ( IT Services ),Scraped
342335661763,BlueEra Softech,2026-08-18 14:43:09,2026-08-18,Tue,14,Yuktha Anand,Chase sent,No Pickup,Yuktha Anand,1.001,22,"Network issue, sent WA",Founder Search ( IT Services ),Scraped
342335661767,iApp Technologies,2026-08-18 12:37:21,2026-08-18,Tue,12,Lamiya Saleem,Bad number,Cold Call,Lamiya Saleem,0.913,36,"wrong number, call not going through",Founder Search ( IT Services ),Scraped
342335661799,Zerone Consulting,2026-08-18 11:15:26,2026-08-18,Tue,11,Yuktha Anand,Not interested,Dead/ColdCall/Not Interested,Yuktha Anand,0.855,14,Not interested,Founder Search ( IT Services ),Scraped
342389449410,Codezilla Technology and Consultancy Pvt Ltd.,2026-08-17 14:32:20,2026-08-17,Mon,14,Yuktha Anand,Bad number,Dead/ColdCall/WrongNumber,Yuktha Anand,0.112,14,Invalid number,Scraping Algo ( IT services ),Scraped
342389453539,Krish Software Services (India) Private Limited,2026-08-17 12:24:31,2026-08-17,Mon,12,Lamiya Saleem,No pickup,Cold Call,Lamiya Saleem,0.006,26,"Line busy, did not pick up",NASSCOM ( IT Services ),Scraped
342389454540,Lingo Solution Private Limited,2026-08-17 12:22:41,2026-08-17,Mon,12,Lamiya Saleem,Other,Dead/ColdCall/WrongNumber,Lamiya Saleem,0.004,9,Wrong POC,Scraping Algo ( IT services ),Scraped
342389504737,Primewayz Infotech Pvt. Ltd.,2026-08-18 12:31:23,2026-08-18,Tue,12,Yuktha Anand,Disqualified,Cold Call,Yuktha Anand,0.909,88,"No dormant codebases, have sent a mail to POC as he was not the founder Mostly irrelvant",Founder Search ( IT Services ),Scraped
342389504740,RipenApps,2026-08-18 12:06:46,2026-08-18,Tue,12,Yuktha Anand,No pickup,No Pickup,Yuktha Anand,0.892,11,No response,Founder Search ( IT Services ),Scraped
342399007457,Designoweb Technologies Pvt. Ltd.,2026-08-17 13:00:46,2026-08-17,Mon,13,Yuktha Anand,Disqualified,Dead/ColdCall/WrongFit,Yuktha Anand,0.048,18,No IP On codebases,Scraping Algo ( IT services ),Scraped
342399007470,Tesseract Learning Inc,2026-08-17 12:00:12,2026-08-17,Mon,12,Yuktha Anand,No pickup,No Pickup,Yuktha Anand,0.005,11,No response,Scraping Algo ( IT services ),Scraped
342399016643,Mindrops,2026-08-17 12:27:31,2026-08-17,Mon,12,Lamiya Saleem,Other,Dead/ColdCall/WrongNumber,Lamiya Saleem,0.008,9,wrong POC,Scraping Algo ( IT services ),Scraped
342399016683,FinByz Tech Pvt Ltd,2026-08-17 12:23:20,2026-08-17,Mon,12,Lamiya Saleem,Other,Dead/ColdCall/WrongNumber,Lamiya Saleem,0.005,9,Wrong POC,Scraping Algo ( IT services ),Scraped
342399016689,LIFO Technologies Pvt. Ltd.,2026-08-17 12:31:50,2026-08-17,Mon,12,Yuktha Anand,Other,Dead/ColdCall/WrongNumber,Yuktha Anand,0.011,11,Invalid POC,Scraping Algo ( IT services ),Scraped
342399057646,Digital Web Weaver,2026-08-19 15:48:00,2026-08-19,Wed,15,Lamiya Saleem,Not interested,Dead/ColdCall/Not Interested,Lamiya Saleem,2.096,14,not interested,Founder Search ( IT Services ),Scraped
342399059686,Shadow infosystem,2026-08-18 14:48:17,2026-08-18,Tue,14,Lamiya Saleem,No pickup,Cold Call,Lamiya Saleem,1.054,15,did not pick up,Founder Search ( IT Services ),Scraped
342399088338,Scriptshub Technologies,2026-08-18 12:42:06,2026-08-18,Tue,12,Yuktha Anand,Other,Cold Call,Yuktha Anand,0.917,75,"Not the relevant POC, asked to send mail so that right POC can be looped in",Founder Search ( IT Services ),Scraped
342399088343,Ouranos Technologies Pvt Ltd,2026-08-18 12:16:24,2026-08-18,Tue,12,Yuktha Anand,Callback booked,Cold Call,Yuktha Anand,0.898,109,"Needs to check on codebases, mostly everything is active Mentioned will call back- will follow up in two days",Founder Search ( IT Services ),Scraped
342399088351,Webzent Technologies,2026-08-18 11:48:13,2026-08-18,Tue,11,Yuktha Anand,Not interested,Dead/ColdCall/Not Interested,Yuktha Anand,0.878,14,not interested,Founder Search ( IT Services ),Scraped
342400594659,Xornor Technologies Pvt. Ltd.,2026-08-17 15:08:41,2026-08-17,Mon,15,Lamiya Saleem,Disqualified,Cold Call,Lamiya Saleem,0.137,34,connected but no codebase with PRs,Scraping Algo ( IT services ),Scraped
342400594676,Webner,2026-08-17 11:55:40,2026-08-17,Mon,11,Lamiya Saleem,Bad number,No Pickup,Lamiya Saleem,0.002,43,"temporarily out of service, did not pick up",Scraping Algo ( IT services ),Scraped
342400599751,Ayasya Digital Solutions LLP,2026-08-17 12:39:52,2026-08-17,Mon,12,Yuktha Anand,Callback booked,Interested,Yuktha Anand,0.016,20,Call back at 2:00 PM,NASSCOM ( IT Services ),Scraped
342400599751,Ayasya Digital Solutions LLP,2026-08-17 18:26:00,2026-08-17,Mon,18,Yuktha Anand,Meeting fixed,GMeet Fixed,Yuktha Anand,0.257,32,Gmeet fixed for 2:30 PM tomorrow,NASSCOM ( IT Services ),Scraped
342400601845,Manektech,2026-08-17 12:25:57,2026-08-17,Mon,12,Lamiya Saleem,Bad number,Dead/ColdCall/WrongNumber,Lamiya Saleem,0.002,12,wrong number,Scraping Algo ( IT services ),Scraped
342400623346,Asset Telematics Pvt Ltd,2026-08-17 17:55:40,2026-08-17,Mon,17,Lamiya Saleem,No pickup,Cold Call,Lamiya Saleem,0.184,15,did not pick up,Founder Search ( IT Services ),Scraped
342402417348,Xinthe Technologies Private Limited,2026-08-17 14:47:25,2026-08-17,Mon,14,Lamiya Saleem,Callback booked,Cold Call,Lamiya Saleem,0.123,79,"said will call me back, but does not sound interested. sent a mail just in case",NASSCOM ( IT Services ),Scraped
342402417357,ProtoTech Solutions,2026-08-17 14:52:14,2026-08-17,Mon,14,Lamiya Saleem,Bad number,Cold Call,Lamiya Saleem,0.126,12,wrong number,Scraping Algo ( IT services ),Scraped
342404367069,Siddhatech Software Services Pvt. Ltd.,2026-08-17 11:47:36,2026-08-17,Mon,11,Yuktha Anand,No pickup,No Pickup,Yuktha Anand,0.132,11,No response,Scraping Algo ( IT services ),Scraped
342404431608,Walking Tree Technologies,2026-08-17 14:35:45,2026-08-17,Mon,14,Yuktha Anand,Bad number,Dead/ColdCall/WrongNumber,Yuktha Anand,0.114,20,number doesn't exist,Scraping Algo ( IT services ),Scraped
342404483830,TechAhead,2026-08-19 15:16:54,2026-08-19,Wed,15,Lamiya Saleem,No pickup,Cold Call,Lamiya Saleem,2.075,15,did not pick up,Founder Search ( IT Services ),Scraped
342404516565,Metizsoft Solutions,2026-08-18 12:33:03,2026-08-18,Tue,12,Lamiya Saleem,Chase sent,Interested,Lamiya Saleem,0.91,60,"asked to send. a WA, doesn't sound interested (low priority)",Founder Search ( IT Services ),Scraped
342405967580,Emizen Tech Pvt Ltd,2026-08-17 15:24:47,2026-08-17,Mon,15,Lamiya Saleem,Bad number,Cold Call,Lamiya Saleem,0.148,26,temporarily out of service,Scraping Algo ( IT services ),Scraped
342405992138,Quickensol,2026-08-19 15:44:56,2026-08-19,Wed,15,Lamiya Saleem,Not interested,Cold Call,Lamiya Saleem,2.094,14,not interested,Founder Search ( IT Services ),Scraped
342406009577,iBaseIT,2026-08-18 11:29:10,2026-08-18,Tue,11,Lamiya Saleem,Chase sent,Cold Call,Lamiya Saleem,0.865,146,"wrong POC mentioned, but got founder (Ram) through apollo: +91 99661 11166 Sounded interested, asked to send a WA. will check about LH2 then reply",Founder Search ( IT Services ),Scraped
342406009577,iBaseIT,2026-08-19 12:41:11,2026-08-19,Wed,12,Lamiya Saleem,Callback booked,Interested,Lamiya Saleem,1.915,51,"Ram said he has shared with the team, will get back",Founder Search ( IT Services ),Scraped
342409518803,Genesis Technologies,2026-08-17 11:41:23,2026-08-17,Mon,11,Lamiya Saleem,Other,Dead/ColdCall/WrongFit,Lamiya Saleem,0.127,32,"US Based, irrelevant - wrong fit",Scraping Algo ( IT services ),Scraped
342409572061,System Logic Solution,2026-08-17 12:55:14,2026-08-17,Mon,12,Yuktha Anand,Disqualified,Cold Call,Yuktha Anand,0.044,11,No codebase,Scraping Algo ( IT services ),Scraped
342409604851,Zluck Solutions,2026-08-19 16:50:28,2026-08-19,Wed,16,Yuktha Anand,Other,Dead/ColdCall/WrongNumber,Yuktha Anand,2.14,22,General company number,Founder Search ( IT Services ),Scraped
342412862141,Henceforth Solutions Pvt Ltd,2026-08-17 11:59:19,2026-08-17,Mon,11,Lamiya Saleem,No pickup,Cold Call,Lamiya Saleem,0.005,72,gave another number : 8418866099 - Omji Pandey (sales) ; did not pick up,Scraping Algo ( IT services ),Scraped
342412903133,Natural,2026-08-19 17:03:50,2026-08-19,Wed,17,Lamiya Saleem,Other,Dead/ColdCall/WrongFit,Lamiya Saleem,2.148,22,"not our ICP, wrong fit",Founder Search ( IT Services ),Scraped
342420078266,Tech Prastish Software solutions Pvt. Ltd .,2026-08-17 14:42:40,2026-08-17,Mon,14,Lamiya Saleem,No pickup,Cold Call,Lamiya Saleem,0.119,15,did not pick up,Scraping Algo ( IT services ),Scraped
342420078267,Velotio,2026-08-17 17:57:52,2026-08-17,Mon,17,Lamiya Saleem,Bad number,Cold Call,Lamiya Saleem,0.254,43,"temporarily out of service, did not pick up",Scraping Algo ( IT services ),Scraped
342420078270,Zetagile,2026-08-17 12:43:28,2026-08-17,Mon,12,Yuktha Anand,No pickup,Cold Call,Yuktha Anand,0.036,11,No response,Scraping Algo ( IT services ),Scraped
342420136686,Orion eSolutions Pvt. Ltd.,2026-08-18 14:47:14,2026-08-18,Tue,14,Yuktha Anand,Bad number,No Pickup,Yuktha Anand,1.004,26,Temporarily out of service,Founder Search ( IT Services ),Scraped
342421845709,Dev Technosys LLC,2026-08-17 14:29:07,2026-08-17,Mon,14,Yuktha Anand,Callback booked,Interested,Yuktha Anand,0.11,36,"In a meeting, call back post 4:00 PM",Scraping Algo ( IT services ),Scraped
342421845715,Pattem Digital Technologies Private Limited,2026-08-17 17:47:56,2026-08-17,Mon,17,Lamiya Saleem,Not interested,Cold Call,Lamiya Saleem,0.247,14,not interested,Scraping Algo ( IT services ),Scraped
342421852916,Codewave,2026-08-17 12:30:51,2026-08-17,Mon,12,Yuktha Anand,Other,Dead/ColdCall/WrongNumber,Yuktha Anand,0.005,11,Invalid POC,Scraping Algo ( IT services ),Scraped
342421897959,Inbox Infotech,2026-08-18 11:15:32,2026-08-18,Tue,11,Lamiya Saleem,No pickup,Cold Call,Lamiya Saleem,0.855,15,did not pick up,Founder Search ( IT Services ),Scraped
342428680934,Innostax,2026-08-17 12:29:48,2026-08-17,Mon,12,Lamiya Saleem,Bad number,Cold Call,Lamiya Saleem,0.026,12,Wrong number,Scraping Algo ( IT services ),Scraped
342428687081,Techspawn Solutions,2026-08-17 12:29:27,2026-08-17,Mon,12,Yuktha Anand,Bad number,Cold Call,Yuktha Anand,0.004,25,Incoming call not allowed,Scraping Algo ( IT services ),Scraped
342439360228,Codelynks Software Solutions,2026-08-17 11:46:33,2026-08-17,Mon,11,Yuktha Anand,Other,Interested,Yuktha Anand,0.131,80,"Office number, POC mentioned she will share my number with him Need to call back",Scraping Algo ( IT services ),Scraped
342439427820,SolutionChamps Technologies,2026-08-17 15:14:47,2026-08-17,Mon,15,Lamiya Saleem,Other,Dead/ColdCall/Not Interested,Lamiya Saleem,0.142,102,"said wouldn't want to license their dormant codebase but anyway asked to send mail, in case for future",Scraping Algo ( IT services ),Scraped
342439427825,Smartify Software Solutions LLP,2026-08-17 14:38:04,2026-08-17,Mon,14,Yuktha Anand,Not interested,Dead/ColdCall/Not Interested,Yuktha Anand,0.116,14,not interested,Scraping Algo ( IT services ),Scraped
342439427831,ANGLER Technologies India Pvt Ltd,2026-08-17 13:06:55,2026-08-17,Mon,13,Yuktha Anand,Chase sent,Interested,Yuktha Anand,0.052,63,"number given is wife's, she is sharing the right number over WA",Scraping Algo ( IT services ),Scraped
342439428796,inoday,2026-08-17 15:21:31,2026-08-17,Mon,15,Lamiya Saleem,Vetted - out,Dead/ColdCall/WrongFit,Lamiya Saleem,0.146,34,"Irrelevant, not our ICP, Wrong fit",Scraping Algo ( IT services ),Scraped
342439475931,Esferasoft Solutions Pvt. Ltd.,2026-08-18 14:46:50,2026-08-18,Tue,14,Lamiya Saleem,No pickup,Cold Call,Lamiya Saleem,1.053,15,did not pick up,Founder Search ( IT Services ),Scraped
342439499487,SUPER WEB DEVELOPMENT LLP,2026-08-19 15:41:57,2026-08-19,Wed,15,Lamiya Saleem,Bad number,Cold Call,Lamiya Saleem,2.042,26,temporarily out of service,Founder Search ( IT Services ),Scraped
342439499489,Web Techno Experts,2026-08-18 12:40:42,2026-08-18,Tue,12,Lamiya Saleem,Other,Dead/ColdCall/WrongFit,Lamiya Saleem,0.916,22,"wrong fit, not our ICP",Founder Search ( IT Services ),Scraped
342439499497,Virasat Solutions,2026-08-18 12:22:24,2026-08-18,Tue,12,Lamiya Saleem,No pickup,Cold Call,Lamiya Saleem,0.902,29,"Switched off, did not pick up",Founder Search ( IT Services ),Scraped
342439499504,jiWeb Technologies,2026-08-18 11:20:00,2026-08-18,Tue,11,Lamiya Saleem,No pickup,Cold Call,Lamiya Saleem,0.858,44,"not reachable at the moment, did not pick up",Founder Search ( IT Services ),Scraped
342456376012,XongoLab Technologies LLP,2026-08-17 14:49:01,2026-08-17,Mon,14,Lamiya Saleem,No pickup,Cold Call,Lamiya Saleem,0.124,15,did not pick up,Scraping Algo ( IT services ),Scraped
342456376044,IT Path Solutions,2026-08-17 11:57:18,2026-08-17,Mon,11,Yuktha Anand,Bad number,Dead/ColdCall/WrongNumber,Yuktha Anand,0.003,20,number doesn't exist,Scraping Algo ( IT services ),Scraped
342456412879,Concept Infoway,2026-08-18 14:52:41,2026-08-18,Tue,14,Lamiya Saleem,Bad number,Cold Call,Lamiya Saleem,1.058,12,wrong number,Founder Search ( IT Services ),Scraped
342456428236,GVM Technologies,2026-08-18 12:08:40,2026-08-18,Tue,12,Yuktha Anand,Other,No Pickup,Yuktha Anand,0.893,23,Out of network coverage,Founder Search ( IT Services ),Scraped
342456428239,Wisdomleaf Technologies,2026-08-18 11:53:29,2026-08-18,Tue,11,Yuktha Anand,Chase sent,Interested,Yuktha Anand,0.882,20,Asked to send a mail,Founder Search ( IT Services ),Scraped
342459925199,HashStudioz Technologies Private Limited,2026-08-17 11:58:30,2026-08-17,Mon,11,Yuktha Anand,Bad number,Dead/ColdCall/WrongNumber,Yuktha Anand,0.004,20,Number doesn't exist,Scraping Algo ( IT services ),Scraped
342459929335,Intellial Solutions Pvt Ltd,2026-08-17 12:33:15,2026-08-17,Mon,12,Yuktha Anand,Other,Dead/ColdCall/WrongNumber,Yuktha Anand,0.012,11,Invalid POC,Scraping Algo ( IT services ),Scraped
342459953897,Bloom Consulting Services,2026-08-19 15:40:51,2026-08-19,Wed,15,Yuktha Anand,No pickup,No Pickup,Yuktha Anand,2.09,11,No response,Founder Search ( IT Services ),Scraped
342459972334,Revolux Solutions,2026-08-18 14:51:34,2026-08-18,Tue,14,Yuktha Anand,Disqualified,Dead/ColdCall/WrongFit,Yuktha Anand,1.007,20,No dormant codebases,Founder Search ( IT Services ),Scraped
342459973312,Averta Strategy Pvt LTd.,2026-08-17 15:43:57,2026-08-17,Mon,15,Yuktha Anand,Other,Interested,Yuktha Anand,0.041,46,"Asked to send mail, will loop in CTO for gmeet",Founder Search ( IT Services ),Scraped
342467618527,Invezza Technologies,2026-08-17 12:47:01,2026-08-17,Mon,12,Yuktha Anand,Bad number,No Pickup,Yuktha Anand,0.038,25,Incoming call not allowed,Scraping Algo ( IT services ),Scraped
342467618543,Ubmatic,2026-08-17 11:55:28,2026-08-17,Mon,11,Yuktha Anand,Disqualified,Dead/ColdCall/WrongFit,Yuktha Anand,0.002,11,No codebase,Scraping Algo ( IT services ),Scraped
342467657456,Tagline Infotech,2026-08-19 14:42:04,2026-08-19,Wed,14,Lamiya Saleem,Bad number,Dead/ColdCall/Not Interested,Lamiya Saleem,2.05,48,hung up right after hi. not sure if wrong number,Founder Search ( IT Services ),Scraped
342467681014,Rebin Infotech,2026-08-18 13:05:51,2026-08-18,Tue,13,Yuktha Anand,Other,Script Shared,Yuktha Anand,0.933,13,Script shared,Founder Search ( IT Services ),Scraped
342467681982,BESOLVE,2026-08-18 12:10:42,2026-08-18,Tue,12,Yuktha Anand,Bad number,Dead/ColdCall/WrongNumber,Yuktha Anand,0.894,12,Wrong number,Founder Search ( IT Services ),Scraped
342472702667,Gavista Tech,2026-08-17 11:48:57,2026-08-17,Mon,11,Yuktha Anand,Bad number,Dead/ColdCall/WrongNumber,Yuktha Anand,0.133,20,number doesn't exist,Scraping Algo ( IT services ),Scraped
342472768234,Queppelin,2026-08-17 12:16:51,2026-08-17,Mon,12,Yuktha Anand,Callback booked,Script Shared,Yuktha Anand,0.017,83,"Has projects with PR's, have shared script Will look over details and get back soon",Scraping Algo ( IT services ),Scraped
342472768234,Queppelin,2026-08-18 16:43:35,2026-08-18,Tue,16,Ishpreet Sood,Other,Script Shared,Yuktha Anand,1.202,43,he will check if he wants to do this or not,Scraping Algo ( IT services ),Scraped
342472768241,Sumedha Softech Pvt. Ltd.,2026-08-17 12:02:47,2026-08-17,Mon,12,Lamiya Saleem,Not interested,Cold Call,Lamiya Saleem,0.007,14,not interested,Scraping Algo ( IT services ),Scraped
342472825560,Optimum Infosystem Private Limited,2026-08-18 12:26:17,2026-08-18,Tue,12,Yuktha Anand,Other,Dead/ColdCall/WrongNumber,Yuktha Anand,0.906,11,Invalid POC,Founder Search ( IT Services ),Scraped
342474567415,BCITS PVT LTD,2026-08-17 11:39:57,2026-08-17,Mon,11,Yuktha Anand,Bad number,Dead/ColdCall/WrongNumber,Yuktha Anand,0.126,20,Number doesn't exist,Scraping Algo ( IT services ),Scraped
342474680013,VcareAll Solution Pvt. Ltd.,2026-08-18 14:53:09,2026-08-18,Tue,14,Yuktha Anand,No pickup,No Pickup,Yuktha Anand,1.057,11,No response,Founder Search ( IT Services ),Scraped
342474700518,GyanMatrix Technologies Pvt Ltd,2026-08-18 12:36:07,2026-08-18,Tue,12,Lamiya Saleem,No pickup,Cold Call,Lamiya Saleem,0.912,15,did not pick up,Founder Search ( IT Services ),Scraped
342474701501,Illuminz,2026-08-17 17:56:03,2026-08-17,Mon,17,Yuktha Anand,No pickup,Cold Call,Yuktha Anand,0.133,11,No response,Founder Search ( IT Services ),Scraped
342497726138,Digisoft Solution,2026-08-19 16:13:01,2026-08-19,Wed,16,Yuktha Anand,Disqualified,Dead/ColdCall/Not Interested,Yuktha Anand,2.113,20,No dormant codebases,Founder Search ( IT Services ),Scraped
342497726174,InspironLabs,2026-08-18 13:02:20,2026-08-18,Tue,13,Lamiya Saleem,Chase sent,Interested,Lamiya Saleem,0.98,57,"asked to send WA, does not seem interested (low priority)",Founder Search ( IT Services ),Scraped
342497745608,SpireHub Softwares Pvt Ltd.,2026-08-18 12:24:13,2026-08-18,Tue,12,Lamiya Saleem,Not interested,Dead/ColdCall/Not Interested,Lamiya Saleem,0.904,14,not interested,Founder Search ( IT Services ),Scraped
342497745609,Zethic Technologies,2026-08-18 11:55:15,2026-08-18,Tue,11,Yuktha Anand,No pickup,Cold Call,Yuktha Anand,0.883,11,No response,Founder Search ( IT Services ),Scraped
342501101276,"Finoit Technologies, Inc",2026-08-17 14:50:30,2026-08-17,Mon,14,Lamiya Saleem,No pickup,Cold Call,Lamiya Saleem,0.125,26,"line busy, did not pick up",Scraping Algo ( IT services ),Scraped
342501101284,ByteCipher Pvt Ltd,2026-08-17 15:55:02,2026-08-17,Mon,15,Lamiya Saleem,Other,Dead/ColdCall/WrongNumber,Lamiya Saleem,0.169,9,wrong POC,Scraping Algo ( IT services ),Scraped
342501131993,iauro systems pvt ltd,2026-08-18 14:49:40,2026-08-18,Tue,14,Lamiya Saleem,No pickup,Cold Call,Lamiya Saleem,1.055,15,did not pick up,Founder Search ( IT Services ),Scraped
342501148375,Galaxy Weblinks,2026-08-17 17:53:56,2026-08-17,Mon,17,Lamiya Saleem,No pickup,Cold Call,Lamiya Saleem,0.133,15,Did not pick up,Founder Search ( IT Services ),Scraped
342505000675,Jellyfish Technologies,2026-08-17 11:52:42,2026-08-17,Mon,11,Yuktha Anand,Other,Dead/ColdCall/WrongNumber,Yuktha Anand,0.001,22,Call not going through,Scraping Algo ( IT services ),Scraped
342505009905,Pixelstat,2026-08-17 12:22:52,2026-08-17,Mon,12,Yuktha Anand,Callback booked,Interested,Yuktha Anand,0.004,53,"In a meeting, asked to send mail to ceo@pixelstat.com",Scraping Algo ( IT services ),Scraped
342505009905,Pixelstat,2026-08-18 17:40:58,2026-08-18,Tue,17,Yuktha Anand,No pickup,Interested,Yuktha Anand,1.225,42,"No response to call, followed up over mail",Scraping Algo ( IT services ),Scraped
342505075443,UniConverge Technologies,2026-08-18 12:04:33,2026-08-18,Tue,12,Lamiya Saleem,Chase sent,Cold Call,Lamiya Saleem,0.89,16,asked to send WA,Founder Search ( IT Services ),Scraped
342511638217,Concetto Labs,2026-08-17 11:47:36,2026-08-17,Mon,11,Lamiya Saleem,Bad number,Dead/ColdCall/WrongNumber,Lamiya Saleem,0.132,12,wrong number,Scraping Algo ( IT services ),Scraped
342511709913,Turain Software Pvt. Ltd.,2026-08-17 12:08:20,2026-08-17,Mon,12,Lamiya Saleem,No pickup,Cold Call,Lamiya Saleem,0.011,15,did not pick up,Scraping Algo ( IT services ),Scraped
342511780539,The Dezine,2026-08-18 12:23:00,2026-08-18,Tue,12,Yuktha Anand,Other,Dead/ColdCall/WrongFit,Yuktha Anand,0.903,9,Wrong fit,Founder Search ( IT Services ),Scraped
342511780551,Squash Apps Private Limited,2026-08-17 15:34:32,2026-08-17,Mon,15,Yuktha Anand,No pickup,Cold Call,Yuktha Anand,0.035,11,No response,Founder Search ( IT Services ),Scraped
342523933406,Inncrewin Technologies,2026-08-17 12:05:18,2026-08-17,Mon,12,Lamiya Saleem,Bad number,Cold Call,Lamiya Saleem,0.009,47,"number not going through, guessing wrong number",Scraping Algo ( IT services ),Scraped
342523939561,Concinnity Media,2026-08-17 12:28:17,2026-08-17,Mon,12,Lamiya Saleem,Other,Dead/ColdCall/WrongNumber,Lamiya Saleem,0.003,9,Wrong POC,Scraping Algo ( IT services ),Scraped
342523966143,Verve Systems Pvt. Ltd.,2026-08-19 14:43:08,2026-08-19,Wed,14,Lamiya Saleem,No pickup,Cold Call,Lamiya Saleem,2.051,15,did not pick up,Founder Search ( IT Services ),Scraped
342523966150,QDev Technolab,2026-08-18 13:17:31,2026-08-18,Tue,13,Lamiya Saleem,Chase sent,Interested,Lamiya Saleem,0.991,107,"founder shared CTO (Dhivyan) no: 9825416795. sounded interested, asked to send WA reg company and proposal.",Founder Search ( IT Services ),Scraped
342523966150,QDev Technolab,2026-08-19 17:15:07,2026-08-19,Wed,17,Lamiya Saleem,No pickup,Interested,Lamiya Saleem,2.156,51,"called Dhivyan did not pick up, sent a WA follow up",Founder Search ( IT Services ),Scraped
342523966161,WebGarh Solutions,2026-08-19 15:42:40,2026-08-19,Wed,15,Yuktha Anand,No pickup,No Pickup,Yuktha Anand,2.092,11,No response,Founder Search ( IT Services ),Scraped
342523966167,SSTech System,2026-08-18 18:01:29,2026-08-18,Tue,18,Yuktha Anand,No pickup,No Pickup,Yuktha Anand,1.188,11,No response,Founder Search ( IT Services ),Scraped
342523966167,SSTech System,2026-08-19 13:09:33,2026-08-19,Wed,13,Yuktha Anand,Not interested,Dead/ColdCall/Not Interested,Yuktha Anand,1.985,14,Not interested,Founder Search ( IT Services ),Scraped
342523984590,WagerGeeks Private Limited,2026-08-18 11:30:01,2026-08-18,Tue,11,Yuktha Anand,Callback booked,Interested,Yuktha Anand,0.866,43,"In a meeting, asked to connect post 2:30 PM",Founder Search ( IT Services ),Scraped
342523984590,WagerGeeks Private Limited,2026-08-18 17:39:59,2026-08-18,Tue,17,Yuktha Anand,No pickup,Interested,Yuktha Anand,1.123,42,"called no response, will followup tomorrow",Founder Search ( IT Services ),Scraped
342544324335,Planet Web Solutions Pvt. Ltd,2026-08-17 11:46:09,2026-08-17,Mon,11,Lamiya Saleem,No pickup,No Pickup,Lamiya Saleem,0.131,15,did not pick up,Scraping Algo ( IT services ),Scraped
342544324338,Techasoft Pvt. Ltd.,2026-08-17 11:53:40,2026-08-17,Mon,11,Lamiya Saleem,Other,Cold Call,Lamiya Saleem,0.136,72,"asked to send proposal via mail, not high priority in terms of interest.",Scraping Algo ( IT services ),Scraped
342544388846,Procedure Technologies,2026-08-17 14:26:42,2026-08-17,Mon,14,Yuktha Anand,No pickup,Cold Call,Yuktha Anand,0.108,11,No response,Scraping Algo ( IT services ),Scraped
342544389834,Mass Software Solutions Pvt Ltd,2026-08-17 12:01:10,2026-08-17,Mon,12,Yuktha Anand,Other,Cold Call,Yuktha Anand,0.006,10,No reponse,Scraping Algo ( IT services ),Scraped
342544443128,Start Designs,2026-08-19 15:27:43,2026-08-19,Wed,15,Lamiya Saleem,Other,Dead/ColdCall/WrongFit,Lamiya Saleem,2.082,9,wrong fit,Founder Search ( IT Services ),Scraped
342544445152,Mindbowser InfoSolutions,2026-08-19 16:19:59,2026-08-19,Wed,16,Yuktha Anand,No pickup,No Pickup,Yuktha Anand,2.118,11,No response,Founder Search ( IT Services ),Scraped
342544445177,SilverSky Technology,2026-08-18 12:50:26,2026-08-18,Tue,12,Lamiya Saleem,Script shared,Interested,Lamiya Saleem,0.972,97,"asked to share script and said will check if he has PRs (not fully sure), then will connect on WA",Founder Search ( IT Services ),Scraped
342544445177,SilverSky Technology,2026-08-19 17:12:39,2026-08-19,Wed,17,Lamiya Saleem,Other,Dead/ColdCall/Not Interested,Lamiya Saleem,2.154,20,"no PRs, so wrong fit",Founder Search ( IT Services ),Scraped
342544476884,Green Apex,2026-08-18 12:13:21,2026-08-18,Tue,12,Lamiya Saleem,Callback booked,Cold Call,Lamiya Saleem,0.896,113,Very relevant and very interested. said will have to check with CTO and get back on thursday. sent proposal on WA,Founder Search ( IT Services ),Scraped
342544476884,Green Apex,2026-08-20 12:41:03,2026-08-20,Thu,12,Lamiya Saleem,Other,Interested,Lamiya Saleem,2.915,61,said will talk to the team and reach out to me in the evening,Founder Search ( IT Services ),Scraped
342544476888,Ably Soft Pvt Ltd,2026-08-18 11:23:12,2026-08-18,Tue,11,Yuktha Anand,No pickup,No Pickup,Yuktha Anand,0.861,11,No response,Founder Search ( IT Services ),Scraped
342544476891,Imenso Software,2026-08-17 15:35:29,2026-08-17,Mon,15,Yuktha Anand,No pickup,Cold Call,Yuktha Anand,0.036,11,No response,Founder Search ( IT Services ),Scraped
342544476892,Simplior Technologies Pvt Ltd.,2026-08-17 15:32:55,2026-08-17,Mon,15,Yuktha Anand,No pickup,Cold Call,Yuktha Anand,0.034,11,No response,Founder Search ( IT Services ),Scraped
342546196197,QalbIT Infotech Pvt Ltd.,2026-08-17 14:30:49,2026-08-17,Mon,14,Yuktha Anand,No pickup,No Pickup,Yuktha Anand,0.111,12,Switched off,Scraping Algo ( IT services ),Scraped
342546197185,Max Mobility,2026-08-17 12:45:00,2026-08-17,Mon,12,Yuktha Anand,No pickup,Cold Call,Yuktha Anand,0.037,11,No response,Scraping Algo ( IT services ),Scraped
342546197188,VTNetzwelt,2026-08-17 12:02:13,2026-08-17,Mon,12,Yuktha Anand,No pickup,No Pickup,Yuktha Anand,0.007,11,No response,Scraping Algo ( IT services ),Scraped
342546251455,VD Hosts,2026-08-19 16:14:54,2026-08-19,Wed,16,Yuktha Anand,Bad number,Dead/ColdCall/WrongNumber,Yuktha Anand,2.115,12,Wrong number,Founder Search ( IT Services ),Scraped
342546251461,Webmyne Systems,2026-08-19 16:08:32,2026-08-19,Wed,16,Yuktha Anand,Chase sent,Interested,Yuktha Anand,2.11,24,Asked to send WA message,Founder Search ( IT Services ),Scraped
342546251480,Overseas Web Solution,2026-08-18 14:45:27,2026-08-18,Tue,14,Lamiya Saleem,Other,Dead/ColdCall/WrongFit,Lamiya Saleem,1.052,40,connected but does not codebase with PRs,Founder Search ( IT Services ),Scraped
342546251502,Comval IT Solutions PVT Ltd,2026-08-18 12:58:23,2026-08-18,Tue,12,Lamiya Saleem,Other,Dead/ColdCall/WrongFit,Lamiya Saleem,0.977,39,"connected but not our ICP, so wrong fit",Founder Search ( IT Services ),Scraped
342546279114,TechnoCrackers,2026-08-19 16:27:58,2026-08-19,Wed,16,Lamiya Saleem,Not interested,Dead/ColdCall/Not Interested,Lamiya Saleem,2.074,14,not interested,Founder Search ( IT Services ),Scraped
342546279120,Vriksha Techno Solutions,2026-08-18 12:20:54,2026-08-18,Tue,12,Lamiya Saleem,Other,Dead/ColdCall/WrongNumber,Lamiya Saleem,0.901,9,wrong POC,Founder Search ( IT Services ),Scraped
342553236209,Vortex Infosolutions LLP,2026-08-17 13:08:48,2026-08-17,Mon,13,Yuktha Anand,Bad number,No Pickup,Yuktha Anand,0.054,26,Temporarily out of service,NASSCOM ( IT Services ),Scraped
342553236213,Bluebash Consulting Private Limited,2026-08-17 12:48:42,2026-08-17,Mon,12,Yuktha Anand,Bad number,Dead/ColdCall/WrongNumber,Yuktha Anand,0.039,12,Wrong number,NASSCOM ( IT Services ),Scraped
342553236215,OMNIST TECHHUB SOLUTIONS PRIVATE LIMITED,2026-08-17 12:21:08,2026-08-17,Mon,12,Lamiya Saleem,Chase sent,Interested,Lamiya Saleem,0.02,18,Asked to send a WA,Scraping Algo ( IT services ),Scraped
342553293505,Pyramidion Solutions,2026-08-18 12:05:01,2026-08-18,Tue,12,Yuktha Anand,No pickup,No Pickup,Yuktha Anand,0.89,11,No response,Founder Search ( IT Services ),Scraped
342553293512,Raga Designers,2026-08-18 11:52:04,2026-08-18,Tue,11,Lamiya Saleem,Other,Cold Call,Lamiya Saleem,0.881,22,"Not our ICP, wrong fit",Founder Search ( IT Services ),Scraped
342564057811,Jabit Soft,2026-08-17 12:14:20,2026-08-17,Mon,12,Lamiya Saleem,Chase sent,Interested,Lamiya Saleem,0.015,18,asked to send a WA,Scraping Algo ( IT services ),Scraped
342564057811,Jabit Soft,2026-08-18 16:46:43,2026-08-18,Tue,16,Lamiya Saleem,Other,Interested,Lamiya Saleem,1.204,42,"asked to reconnect on friday, low priority",Scraping Algo ( IT services ),Scraped
342564098757,Codemech Solutions,2026-08-19 16:52:01,2026-08-19,Wed,16,Yuktha Anand,No pickup,Cold Call,Yuktha Anand,2.141,11,No response,Founder Search ( IT Services ),Scraped
342564122339,Gary Global Solutions,2026-08-18 11:59:03,2026-08-18,Tue,11,Lamiya Saleem,Chase sent,Interested,Lamiya Saleem,0.886,60,asked to send a WA with proposal. said will connect tomorrow,Founder Search ( IT Services ),Scraped
342564122339,Gary Global Solutions,2026-08-19 17:07:00,2026-08-19,Wed,17,Lamiya Saleem,No pickup,Interested,Lamiya Saleem,2.1,48,called back (did not pick up); followed up on WA,Founder Search ( IT Services ),Scraped
342564122340,Agnito Technologies Pvt Ltd,2026-08-18 11:53:25,2026-08-18,Tue,11,Lamiya Saleem,No pickup,Cold Call,Lamiya Saleem,0.882,15,did not pick up,Founder Search ( IT Services ),Scraped
342564122346,Tycho Technologies Pvt Ltd,2026-08-18 11:40:33,2026-08-18,Tue,11,Lamiya Saleem,Other,Dead/ColdCall/Not Interested,Lamiya Saleem,0.873,21,not open to licensing,Founder Search ( IT Services ),Scraped
342564122350,Upside Learning Solutions,2026-08-18 11:18:48,2026-08-18,Tue,11,Yuktha Anand,Other,Dead/ColdCall/WrongNumber,Yuktha Anand,0.858,11,Invalid POC,Founder Search ( IT Services ),Scraped
342564122351,Renu SB Creation Software Pvt Ltd (SB Creation),2026-08-17 17:36:32,2026-08-17,Mon,17,Yuktha Anand,Callback booked,Interested,Yuktha Anand,0.12,39,Asked to call back at 12:00 PM tomorrow,Founder Search ( IT Services ),Scraped
342565887706,SAG Infotech,2026-08-18 12:39:24,2026-08-18,Tue,12,Lamiya Saleem,Not interested,Cold Call,Lamiya Saleem,0.915,14,not interested,Founder Search ( IT Services ),Scraped
342565887711,Tuvoc Technologies Pvt Ltd,2026-08-18 11:38:10,2026-08-18,Tue,11,Yuktha Anand,No pickup,Dead/ColdCall/Not Interested,Yuktha Anand,0.871,7,hung up,Founder Search ( IT Services ),Scraped
342569006792,KritiKal Solutions Pvt. Ltd.,2026-08-17 15:32:12,2026-08-17,Mon,15,Lamiya Saleem,No pickup,Cold Call,Lamiya Saleem,0.153,15,did not pick up,Scraping Algo ( IT services ),Scraped
342569006794,OweBest Technologies,2026-08-17 14:11:17,2026-08-17,Mon,14,Yuktha Anand,Disqualified,Dead/ColdCall/WrongFit,Yuktha Anand,0.097,18,No IP On codebases,Scraping Algo ( IT services ),Scraped
342569006804,TecOrb Technologies,2026-08-17 12:41:58,2026-08-17,Mon,12,Yuktha Anand,Bad number,Dead/ColdCall/WrongNumber,Yuktha Anand,0.035,20,number doesn't exist,Scraping Algo ( IT services ),Scraped
342569048772,Direction Software LLP,2026-08-19 16:53:52,2026-08-19,Wed,16,Yuktha Anand,Bad number,Dead/ColdCall/WrongNumber,Yuktha Anand,2.142,12,Wrong number,Founder Search ( IT Services ),Scraped
342569048776,Aexonic Technologies,2026-08-19 16:28:31,2026-08-19,Wed,16,Yuktha Anand,Meeting fixed,GMeet Fixed,Yuktha Anand,2.124,32,Gmeet fixed for 9:30 AM tomorrow,Founder Search ( IT Services ),Scraped
342569064185,Cerillion Technologies,2026-08-18 12:34:16,2026-08-18,Tue,12,Lamiya Saleem,Other,Dead/ColdCall/WrongNumber,Lamiya Saleem,0.911,9,wrong POC,Founder Search ( IT Services ),Scraped
342569065152,Scideas Solutions Pvt Ltd,2026-08-18 11:36:32,2026-08-18,Tue,11,Lamiya Saleem,Not interested,Dead/ColdCall/Not Interested,Lamiya Saleem,0.87,14,not interested,Founder Search ( IT Services ),Scraped
342569065157,Rheal Software,2026-08-18 11:14:10,2026-08-18,Tue,11,Lamiya Saleem,No pickup,Cold Call,Lamiya Saleem,0.854,29,"switched off, did not pick up",Founder Search ( IT Services ),Scraped
342570806977,Ahex Technologies Pvt. Ltd.,2026-08-17 15:22:50,2026-08-17,Mon,15,Lamiya Saleem,Callback booked,Cold Call,Lamiya Saleem,0.147,9,line busy,Scraping Algo ( IT services ),Scraped
342570806983,Thirdessential IT Solutions Pvt. Ltd,2026-08-17 15:02:20,2026-08-17,Mon,15,Lamiya Saleem,Other,Interested,Lamiya Saleem,0.132,81,"sounded interested, said will review our proposal once and book a meetinf for wed",Scraping Algo ( IT services ),Scraped
342570806983,Thirdessential IT Solutions Pvt. Ltd,2026-08-18 15:30:15,2026-08-18,Tue,15,Lamiya Saleem,Other,GMeet Fixed,Lamiya Saleem,1.152,11,fixed gmeet,Scraping Algo ( IT services ),Scraped
342570861248,JSM InfoSoft Pvt Ltd,2026-08-18 12:29:10,2026-08-18,Tue,12,Lamiya Saleem,Disqualified,Dead/ColdCall/WrongFit,Lamiya Saleem,0.907,70,"connected but wrong fit, does not have codebase, in the finance domain",Founder Search ( IT Services ),Scraped
342570861254,gNxt Systems,2026-08-18 11:20:50,2026-08-18,Tue,11,Yuktha Anand,Bad number,Dead/ColdCall/WrongNumber,Yuktha Anand,0.859,12,Wrong number,Founder Search ( IT Services ),Scraped
342572592888,DreamSoft4u Private Limited,2026-08-17 15:05:31,2026-08-17,Mon,15,Lamiya Saleem,Bad number,Cold Call,Lamiya Saleem,0.134,12,wrong number,Scraping Algo ( IT services ),Scraped
342572634863,Rejoicehub,2026-08-18 18:00:02,2026-08-18,Tue,18,Yuktha Anand,Chase sent,Interested,Yuktha Anand,1.187,44,"Asked to share details over WA, message sent",Founder Search ( IT Services ),Scraped
342572649175,Cylsys software solutions pvt ltd,2026-08-18 12:45:55,2026-08-18,Tue,12,Yuktha Anand,No pickup,No Pickup,Yuktha Anand,0.92,11,No response,Founder Search ( IT Services ),Scraped
342572649178,Sigmen Technologies Solutions,2026-08-18 12:20:59,2026-08-18,Tue,12,Yuktha Anand,Bad number,Dead/ColdCall/WrongNumber,Yuktha Anand,0.902,20,Number doesn't exist,Founder Search ( IT Services ),Scraped
342572649182,iTechnoSol Inc,2026-08-18 11:28:09,2026-08-18,Tue,11,Yuktha Anand,Chase sent,Interested,Yuktha Anand,0.864,24,Asked to send WA message,Founder Search ( IT Services ),Scraped
342572649184,Scientific Web Solutions,2026-08-19 15:14:19,2026-08-19,Wed,15,Lamiya Saleem,Bad number,Cold Call,Lamiya Saleem,2.021,12,wrong number,Founder Search ( IT Services ),Scraped
342574423781,WhiteStone Infotech,2026-08-18 13:16:51,2026-08-18,Tue,13,Yuktha Anand,Callback booked,Interested,Yuktha Anand,0.941,43,"Is driving now, asked to call back tomorrow",Founder Search ( IT Services ),Scraped
342574423787,Haatch Interactive,2026-08-18 12:25:19,2026-08-18,Tue,12,Yuktha Anand,Bad number,No Pickup,Yuktha Anand,0.905,25,Incoming call not allowed,Founder Search ( IT Services ),Scraped
342574423789,TI Infotech Pvt. Ltd.,2026-08-18 12:19:26,2026-08-18,Tue,12,Yuktha Anand,Bad number,Dead/ColdCall/WrongNumber,Yuktha Anand,0.901,20,Number doesn't exist,Founder Search ( IT Services ),Scraped
342574423795,DigitalOpeners,2026-08-18 11:32:18,2026-08-18,Tue,11,Lamiya Saleem,Not interested,Cold Call,Lamiya Saleem,0.867,54,"sounded very not interested, said middle of something.",Founder Search ( IT Services ),Scraped
342574423796,Infynno Solutions,2026-08-17 17:52:07,2026-08-17,Mon,17,Lamiya Saleem,Chase sent,Interested,Lamiya Saleem,0.131,18,asked to send a WA,Founder Search ( IT Services ),Scraped
342574423796,Infynno Solutions,2026-08-17 18:13:54,2026-08-17,Mon,18,Lamiya Saleem,Other,GMeet Fixed,Lamiya Saleem,0.146,15,fixed gmeet/ vc,Founder Search ( IT Services ),Scraped
342574423796,Infynno Solutions,2026-08-18 16:24:08,2026-08-18,Tue,16,Lamiya Saleem,Callback booked,GMeet Fixed,Lamiya Saleem,1.07,32,"no show, rescheduled to next day",Founder Search ( IT Services ),Scraped
342576236275,Wizard Communications Pvt Ltd.,2026-08-18 12:42:24,2026-08-18,Tue,12,Lamiya Saleem,No pickup,Cold Call,Lamiya Saleem,0.917,15,Did not pick up,Founder Search ( IT Services ),Scraped
342576236281,OptimumBrew Technology,2026-08-18 12:24:15,2026-08-18,Tue,12,Yuktha Anand,No pickup,No Pickup,Yuktha Anand,0.904,12,Switched off,Founder Search ( IT Services ),Scraped
342576237257,Bitrix Infotech Pvt Ltd,2026-08-18 11:49:38,2026-08-18,Tue,11,Lamiya Saleem,Not interested,Dead/ColdCall/Not Interested,Lamiya Saleem,0.879,14,NOT interested,Founder Search ( IT Services ),Scraped
342576237259,InovarTech,2026-08-18 11:42:13,2026-08-18,Tue,11,Lamiya Saleem,Other,Dead/ColdCall/WrongNumber,Lamiya Saleem,0.874,9,wrong POC,Founder Search ( IT Services ),Scraped
342576237262,Stark Digital Media Services Pvt Ltd,2026-08-17 17:52:17,2026-08-17,Mon,17,Yuktha Anand,No pickup,Cold Call,Yuktha Anand,0.131,11,No response,Founder Search ( IT Services ),Scraped
342578476737,Xicom,2026-08-19 16:45:45,2026-08-19,Wed,16,Yuktha Anand,Bad number,Dead/ColdCall/WrongNumber,Yuktha Anand,2.136,20,Number doesn't exist,Founder Search ( IT Services ),Scraped
342578500296,AI Software LLC,2026-08-18 12:50:59,2026-08-18,Tue,12,Yuktha Anand,Other,Dead/ColdCall/WrongFit,Yuktha Anand,0.923,34,Not allowed to share any codebases,Founder Search ( IT Services ),Scraped
342578500299,Zerozilla,2026-08-17 15:19:54,2026-08-17,Mon,15,Lamiya Saleem,Callback booked,Interested,Lamiya Saleem,0.026,59,"asked to send a WA, will lmk if they'd like to move forward",Founder Search ( IT Services ),Scraped
342578500299,Zerozilla,2026-08-19 14:48:28,2026-08-19,Wed,14,Lamiya Saleem,Other,Interested,Lamiya Saleem,2.004,20,asked to resend mail,Founder Search ( IT Services ),Scraped
342578500303,Tech Exactly,2026-08-18 12:18:16,2026-08-18,Tue,12,Yuktha Anand,No pickup,Cold Call,Yuktha Anand,0.9,11,No response,Founder Search ( IT Services ),Scraped
342578500324,Froiden Technologies,2026-08-18 11:17:24,2026-08-18,Tue,11,Lamiya Saleem,Callback booked,Cold Call,Lamiya Saleem,0.856,29,asked to call back at 12:15pm,Founder Search ( IT Services ),Scraped
342578500324,Froiden Technologies,2026-08-19 16:49:15,2026-08-19,Wed,16,Lamiya Saleem,Disqualified,Dead/ColdCall/Not Interested,Lamiya Saleem,2.087,30,"no dormant codebase, wrong fit",Founder Search ( IT Services ),Scraped
342596460280,Shine Infosoft,2026-08-19 16:47:36,2026-08-19,Wed,16,Yuktha Anand,Bad number,Dead/ColdCall/WrongNumber,Yuktha Anand,2.138,20,Number doesn't exist,Founder Search ( IT Services ),Scraped
342596461255,Ittiam Systems Pvt Ltd,2026-08-19 15:47:12,2026-08-19,Wed,15,Yuktha Anand,Bad number,Dead/ColdCall/WrongNumber,Yuktha Anand,2.095,20,Number doesn't exist,Founder Search ( IT Services ),Scraped
342596479720,Netclues,2026-08-18 11:50:48,2026-08-18,Tue,11,Lamiya Saleem,Other,Cold Call,Lamiya Saleem,0.88,9,wrong POC,Founder Search ( IT Services ),Scraped
342596479723,The Tech Clouds,2026-08-18 11:33:19,2026-08-18,Tue,11,Yuktha Anand,Callback booked,Cold Call,Yuktha Anand,0.868,42,"Asked to call back in an hour, driving now",Founder Search ( IT Services ),Scraped
342596479723,The Tech Clouds,2026-08-18 12:37:01,2026-08-18,Tue,12,Yuktha Anand,Callback booked,Interested,Yuktha Anand,0.912,46,Asked to send mail; will get back on codebases,Founder Search ( IT Services ),Scraped
342596479728,iSkylar Technologies,2026-08-17 15:47:01,2026-08-17,Mon,15,Yuktha Anand,Bad number,Dead/ColdCall/WrongNumber,Yuktha Anand,0.044,12,Wrong number,Founder Search ( IT Services ),Scraped
342654288601,Ruth Haephrati - Upwork,2026-08-19 14:09:54,2026-08-19,Wed,14,Shobit Gupta,Chase sent,Script Shared,Shobit Gupta,0.885,225,"She'll have good quality projects, currently vacationing, have connected via whatsapp with her, she'll connect her team with me to run the script; she told me that they had an offer from a data lab for $30k for their projects",,Campaign
342725889731,AAA 2 Innovate Pvt Ltd,2026-08-19 16:30:54,2026-08-19,Wed,16,Lamiya Saleem,No pickup,Cold Call,Lamiya Saleem,1.052,15,Did not pick up,Founder Search ( IT Services ),Scraped
342725889766,Fervid Smart Solutions Private Limited,2026-08-18 17:10:16,2026-08-18,Tue,17,Yuktha Anand,Disqualified,Cold Call,Yuktha Anand,0.079,12,No codebases,Founder Search ( IT Services ),Scraped
342750759634,SISGAIN,2026-08-18 18:13:06,2026-08-18,Tue,18,Lamiya Saleem,Chase sent,Interested,Lamiya Saleem,0.14,72,"asked to send a mail, doesn't really seem that interested (low priority)",Founder Search ( IT Services ),Scraped
342761055972,SharePoint Designs,2026-08-19 15:25:46,2026-08-19,Wed,15,Lamiya Saleem,Not interested,Dead/ColdCall/Not Interested,Lamiya Saleem,1.007,24,not interested as of now,Founder Search ( IT Services ),Scraped
342764784371,Rlogical Techsoft pvt ltd.,2026-08-18 17:16:44,2026-08-18,Tue,17,Lamiya Saleem,Bad number,Cold Call,Lamiya Saleem,0.1,52,wrong number but i sent a mail to rahul@rlogical.com,Founder Search ( IT Services ),Scraped
342766592714,Webcraft IT,2026-08-18 15:10:11,2026-08-18,Tue,15,Yuktha Anand,Bad number,Dead/ColdCall/WrongNumber,Yuktha Anand,0.013,20,Number doesn't exist,Founder Search ( IT Services ),Scraped
342766598852,GeekyBones,2026-08-18 16:57:51,2026-08-18,Tue,16,Yuktha Anand,Other,Cold Call,Yuktha Anand,0.07,57,"Asked to send mail, needs to check if they have codebases",Founder Search ( IT Services ),Scraped
342771973821,Alphonic Network Solutions Pvt. Ltd.,2026-08-18 15:25:48,2026-08-18,Tue,15,Lamiya Saleem,Script shared,Script Shared,Lamiya Saleem,0.023,13,shared script,Founder Search ( IT Services ),Scraped
342771978999,Misha Infotech Private Limited,2026-08-18 17:54:48,2026-08-18,Tue,17,Yuktha Anand,Callback booked,Interested,Yuktha Anand,0.111,64,"In back to back meetings, asked to call back first half tomorrow",Founder Search ( IT Services ),Scraped
342771978999,Misha Infotech Private Limited,2026-08-19 17:12:20,2026-08-19,Wed,17,Yuktha Anand,Not interested,Dead/ColdCall/Not Interested,Yuktha Anand,1.081,14,not interested,Founder Search ( IT Services ),Scraped
342771979962,arth infosoft pvt ltd,2026-08-18 17:25:13,2026-08-18,Tue,17,Yuktha Anand,Other,Cold Call,Yuktha Anand,0.09,22,Founder exited company,Founder Search ( IT Services ),Scraped
342772018931,Sciflare Technologies Pvt Ltd,2026-08-18 17:52:07,2026-08-18,Tue,17,Yuktha Anand,Bad number,Dead/ColdCall/WrongNumber,Yuktha Anand,0.109,12,Wrong number,Founder Search ( IT Services ),Scraped
342772020961,Pixlogix Infotech Pvt. Ltd,2026-08-18 16:51:17,2026-08-18,Tue,16,Yuktha Anand,No pickup,Cold Call,Yuktha Anand,0.066,11,No response,Founder Search ( IT Services ),Scraped
342786313964,Webline India,2026-08-18 19:01:13,2026-08-18,Tue,19,Shobit Gupta,Other,Interested,Shobit Gupta,0.002,54,"Talked to Head of Sales, he'll be forwarding it to CEO",,Campaign
342790276856,Tenup Software Services,2026-08-18 17:09:27,2026-08-18,Tue,17,Lamiya Saleem,Disqualified,Cold Call,Lamiya Saleem,0.095,84,"did not pick up, then called back. connected nut wrong fit since no dormant codebase",Founder Search ( IT Services ),Scraped
342790277819,Variance InfoTech Pvt Ltd,2026-08-18 14:55:44,2026-08-18,Tue,14,Lamiya Saleem,No pickup,Cold Call,Lamiya Saleem,0.002,15,did not pick up,Founder Search ( IT Services ),Scraped
342790277822,Mariox Software,2026-08-18 14:54:22,2026-08-18,Tue,14,Lamiya Saleem,No pickup,Cold Call,Lamiya Saleem,0.001,15,did not pick up,Founder Search ( IT Services ),Scraped
342790281944,Walkwel Technology,2026-08-18 17:49:51,2026-08-18,Tue,17,Yuktha Anand,Bad number,Dead/ColdCall/WrongNumber,Yuktha Anand,0.107,12,Wrong number,Founder Search ( IT Services ),Scraped
342793899768,Scalent Infotech Pvt. Ltd.,2026-08-18 17:12:40,2026-08-18,Tue,17,Yuktha Anand,Bad number,Cold Call,Yuktha Anand,0.081,25,Incoming call not allowed,Founder Search ( IT Services ),Scraped
342793899769,Odan Infotech,2026-08-18 17:02:51,2026-08-18,Tue,17,Lamiya Saleem,No pickup,Cold Call,Lamiya Saleem,0.074,15,did not pick up,Founder Search ( IT Services ),Scraped
342795584244,Digicuro,2026-08-18 17:11:49,2026-08-18,Tue,17,Yuktha Anand,No pickup,Cold Call,Yuktha Anand,0.08,11,No response,Founder Search ( IT Services ),Scraped
342799298268,Nexevo Technologies.,2026-08-18 17:15:43,2026-08-18,Tue,17,Yuktha Anand,Other,Interested,Yuktha Anand,0.083,91,Number given is of an employee of the company Follow up needed tomorrow to speak to founder,Founder Search ( IT Services ),Scraped
342802922172,Sky Productivity,2026-08-18 15:15:11,2026-08-18,Tue,15,Yuktha Anand,No pickup,Cold Call,Yuktha Anand,0.016,11,No response,Founder Search ( IT Services ),Scraped
342802927346,Webpristine Technologies Pvt Ltd,2026-08-18 15:46:20,2026-08-18,Tue,15,Yuktha Anand,Disqualified,Dead/ColdCall/WrongFit,Yuktha Anand,0.021,12,No codebases,Founder Search ( IT Services ),Scraped
342807683807,Render Infotech,2026-08-18 15:41:41,2026-08-18,Tue,15,Lamiya Saleem,No pickup,Cold Call,Lamiya Saleem,0.018,26,"line busy, did not pick up",Founder Search ( IT Services ),Scraped
342807683832,NGFO Technologies,2026-08-18 15:37:46,2026-08-18,Tue,15,Yuktha Anand,No pickup,Cold Call,Yuktha Anand,0.015,11,No response,Founder Search ( IT Services ),Scraped
342809466600,MNB SOFT SOLUTION,2026-08-18 15:43:20,2026-08-18,Tue,15,Lamiya Saleem,Bad number,Cold Call,Lamiya Saleem,0.019,45,"call not going through, assuming wrong number",Founder Search ( IT Services ),Scraped
342809467597,PERKMINDS,2026-08-19 16:45:40,2026-08-19,Wed,16,Lamiya Saleem,No pickup,Cold Call,Lamiya Saleem,1.062,15,did not pick up,Founder Search ( IT Services ),Scraped
342811294407,Pavans Group,2026-08-18 17:03:00,2026-08-18,Tue,17,Yuktha Anand,Callback booked,Interested,Yuktha Anand,0.074,44,"Asked to call back in 30 minutes, is driving",Founder Search ( IT Services ),Scraped
342811294407,Pavans Group,2026-08-18 17:22:33,2026-08-18,Tue,17,Yuktha Anand,Bad number,Dead/ColdCall/WrongFit,Yuktha Anand,0.087,70,"No IP On codebases number wrong from SH, right number: +91 90161 90112",Founder Search ( IT Services ),Scraped
342811294412,Techhelper Technologies,2026-08-18 15:36:09,2026-08-18,Tue,15,Yuktha Anand,No pickup,Cold Call,Yuktha Anand,0.013,11,No response,Founder Search ( IT Services ),Scraped
342811294412,Techhelper Technologies,2026-08-18 15:39:58,2026-08-18,Tue,15,Yuktha Anand,Disqualified,Dead/ColdCall/WrongFit,Yuktha Anand,0.016,20,No dormant codebases,Founder Search ( IT Services ),Scraped
342812942031,Naapbooks Limited,2026-08-18 18:09:19,2026-08-18,Tue,18,Lamiya Saleem,No pickup,Cold Call,Lamiya Saleem,0.137,15,did not pick up,Founder Search ( IT Services ),Scraped
342812946166,Guava Trees Softech Pvt. Ltd.,2026-08-18 16:27:04,2026-08-18,Tue,16,Lamiya Saleem,Disqualified,Cold Call,Lamiya Saleem,0.049,33,connected but no dormant codebase,Founder Search ( IT Services ),Scraped
342814757600,Aarvi Technology,2026-08-18 15:38:54,2026-08-18,Tue,15,Lamiya Saleem,Not interested,Dead/ColdCall/Not Interested,Lamiya Saleem,0.016,14,not interested,Founder Search ( IT Services ),Scraped
342816663281,Xmplar Management Solutions,2026-08-19 15:00:37,2026-08-19,Wed,15,Lamiya Saleem,Bad number,Cold Call,Lamiya Saleem,1.006,12,wrong number,Founder Search ( IT Services ),Scraped
342816663282,Nivida,2026-08-18 17:32:52,2026-08-18,Tue,17,Lamiya Saleem,Chase sent,Cold Call,Lamiya Saleem,0.112,216,"sounded interested, passed the phone to a lady. she shared her number: 8140088833. said will speak to the team and connect tomorrow (around 3pm). sent a WA to her. but she is the HR. considering this as low priority.",Founder Search ( IT Services ),Scraped
342816663285,Techpapa,2026-08-18 15:08:19,2026-08-18,Tue,15,Yuktha Anand,Other,Cold Call,Yuktha Anand,0.011,30,not willing to share codebases,Founder Search ( IT Services ),Scraped
342816670428,SCS Tech India,2026-08-18 15:40:18,2026-08-18,Tue,15,Lamiya Saleem,Callback booked,Cold Call,Lamiya Saleem,0.016,9,line busy,Founder Search ( IT Services ),Scraped
342818458348,Logzero Technologies Pvt. Ltd,2026-08-18 17:57:07,2026-08-18,Tue,17,Yuktha Anand,No pickup,No Pickup,Yuktha Anand,0.129,11,No response,Founder Search ( IT Services ),Scraped
342818458350,Innotical Solutions Pvt. Ltd.,2026-08-18 15:18:44,2026-08-18,Tue,15,Yuktha Anand,Chase sent,Cold Call,Yuktha Anand,0.019,78,"Needs to check on codebases, asked to connect next week Details shared over WA",Founder Search ( IT Services ),Scraped
342818465472,Snowtint Technologies,2026-08-18 17:53:09,2026-08-18,Tue,17,Yuktha Anand,Bad number,Dead/ColdCall/WrongNumber,Yuktha Anand,0.109,20,Number doesn't exist,Founder Search ( IT Services ),Scraped
342820153025,Supersourcing,2026-08-19 15:35:21,2026-08-19,Wed,15,Lamiya Saleem,Other,Dead/ColdCall/WrongFit,Lamiya Saleem,1.03,22,"wrong fit, not our ICP",Founder Search ( IT Services ),Scraped
342820156129,Empiric Infotech LLP,2026-08-18 15:58:14,2026-08-18,Tue,15,Lamiya Saleem,Other,GMeet Fixed,Lamiya Saleem,0.029,15,fixed gmeet/ VC,Founder Search ( IT Services ),Scraped
342827354840,Vistaura,2026-08-18 15:12:14,2026-08-18,Tue,15,Yuktha Anand,Callback booked,Cold Call,Yuktha Anand,0.014,37,"In a meeting, call back in 30 minutes",Founder Search ( IT Services ),Scraped
342827354841,Cloud Odyssey,2026-08-18 14:57:36,2026-08-18,Tue,14,Yuktha Anand,Not interested,Cold Call,Yuktha Anand,0.004,14,Not interested,Founder Search ( IT Services ),Scraped
342827359935,Tntra,2026-08-18 17:50:45,2026-08-18,Tue,17,Yuktha Anand,Bad number,Cold Call,Yuktha Anand,0.108,14,Out of service,Founder Search ( IT Services ),Scraped
342828844793,KMTEQ,2026-08-19 15:20:09,2026-08-19,Wed,15,Lamiya Saleem,Bad number,Cold Call,Lamiya Saleem,1.019,12,wrong number,Founder Search ( IT Services ),Scraped
342832323278,Peerbits,2026-08-18 17:56:02,2026-08-18,Tue,17,Yuktha Anand,No pickup,Cold Call,Yuktha Anand,0.128,11,No response,Founder Search ( IT Services ),Scraped
342834120408,SIEORA,2026-08-19 14:30:22,2026-08-19,Wed,14,Lamiya Saleem,No pickup,Cold Call,Lamiya Saleem,0.969,15,did not pick up,Founder Search ( IT Services ),Scraped
342834120413,Crown Hill IT Solutions,2026-08-18 17:27:19,2026-08-18,Tue,17,Yuktha Anand,Callback booked,Interested,Yuktha Anand,0.091,24,Asked to call back in 30,Founder Search ( IT Services ),Scraped
342839458535,Inextrix Technologies Pvt Ltd,2026-08-18 17:18:36,2026-08-18,Tue,17,Lamiya Saleem,Callback booked,Interested,Lamiya Saleem,0.102,37,"said in a meeting, asked to send a WA",Founder Search ( IT Services ),Scraped
342839458535,Inextrix Technologies Pvt Ltd,2026-08-19 17:17:25,2026-08-19,Wed,17,Lamiya Saleem,Chase sent,Interested,Lamiya Saleem,1.101,17,followed up on WA,Founder Search ( IT Services ),Scraped
342839464649,Ucodice Technologies Pvt. Ltd.,2026-08-19 15:15:42,2026-08-19,Wed,15,Lamiya Saleem,Bad number,Dead/ColdCall/WrongNumber,Lamiya Saleem,1.0,46,"no incoming calls to this number, wrong number",Founder Search ( IT Services ),Scraped
342839464668,Techtaru Digital,2026-08-18 15:35:11,2026-08-18,Tue,15,Yuktha Anand,No pickup,Cold Call,Yuktha Anand,0.013,11,No response,Founder Search ( IT Services ),Scraped
342841195215,Netclues,2026-08-18 17:21:55,2026-08-18,Tue,17,Lamiya Saleem,No pickup,Cold Call,Lamiya Saleem,0.104,15,Did not pick up,Founder Search ( IT Services ),Scraped
342841195217,Launchship Technology Solutions Pvt Ltd,2026-08-18 15:14:08,2026-08-18,Tue,15,Yuktha Anand,No pickup,Cold Call,Yuktha Anand,0.015,11,No response,Founder Search ( IT Services ),Scraped
342841195219,PTS Systems & Solutions Pvt. Ltd.,2026-08-18 14:54:40,2026-08-18,Tue,14,Yuktha Anand,No pickup,Cold Call,Yuktha Anand,0.002,11,No response,Founder Search ( IT Services ),Scraped
342841204424,Posibolt Solutions Pvt Ltd,2026-08-18 17:12:27,2026-08-18,Tue,17,Lamiya Saleem,Disqualified,Dead/ColdCall/WrongFit,Lamiya Saleem,0.081,19,no dormant codebase,Founder Search ( IT Services ),Scraped
342841204432,BM Consulting,2026-08-19 15:40:42,2026-08-19,Wed,15,Lamiya Saleem,No pickup,Cold Call,Lamiya Saleem,1.017,15,did not pick up,Founder Search ( IT Services ),Scraped
342841204432,BM Consulting,2026-08-19 16:12:45,2026-08-19,Wed,16,Lamiya Saleem,Chase sent,Interested,Lamiya Saleem,1.039,32,"Asked to send a WA, low priority",Founder Search ( IT Services ),Scraped
342857043661,iFour Technolab Pvt. Ltd.,2026-08-18 15:04:20,2026-08-18,Tue,15,Lamiya Saleem,Other,Cold Call,Lamiya Saleem,0.008,11,fixed gmeet,Founder Search ( IT Services ),Scraped
342858793694,Techpearl,2026-08-18 17:37:24,2026-08-18,Tue,17,Yuktha Anand,No pickup,Cold Call,Yuktha Anand,0.098,11,No response,Founder Search ( IT Services ),Scraped
342858794710,Zaapr,2026-08-18 17:07:55,2026-08-18,Tue,17,Lamiya Saleem,Disqualified,Dead/ColdCall/WrongFit,Lamiya Saleem,0.078,46,connected but no dormant codebase so wrong fit,Founder Search ( IT Services ),Scraped
342858794718,Neuvo WebTech LLP,2026-08-19 15:07:57,2026-08-19,Wed,15,Lamiya Saleem,Chase sent,Cold Call,Lamiya Saleem,0.994,54,asked to send company details via WA before proceeding,Founder Search ( IT Services ),Scraped
342858794730,Hi Tech Enterprises,2026-08-18 17:05:57,2026-08-18,Tue,17,Yuktha Anand,Other,Dead/ColdCall/WrongFit,Yuktha Anand,0.076,26,Wrong fit- business models,Founder Search ( IT Services ),Scraped
342916723386,Thoughtcoders,2026-08-19 14:59:47,2026-08-19,Wed,14,Lamiya Saleem,No pickup,Cold Call,Lamiya Saleem,0.299,15,did not pick up,Founder Search ( IT Services ),Scraped
342918475513,Fresa Technologies,2026-08-19 11:26:29,2026-08-19,Wed,11,Yuktha Anand,No pickup,No Pickup,Yuktha Anand,0.15,11,No response,Founder Search ( IT Services ),Scraped
342920275664,Prakash Software Solutions Pvt Ltd,2026-08-19 15:18:06,2026-08-19,Wed,15,Yuktha Anand,Bad number,Dead/ColdCall/WrongNumber,Yuktha Anand,0.313,20,number doesn't exist,Founder Search ( IT Services ),Scraped
342927476466,LahaGora,2026-08-19 14:27:48,2026-08-19,Wed,14,Lamiya Saleem,Disqualified,Dead/ColdCall/Not Interested,Lamiya Saleem,0.278,42,"does not have dormant codebases, wrong fit",Founder Search ( IT Services ),Scraped
342936488697,Deuglo Infosystem Pvt Lmt,2026-08-19 14:36:58,2026-08-19,Wed,14,Yuktha Anand,No pickup,No Pickup,Yuktha Anand,0.284,11,No response,Founder Search ( IT Services ),Scraped
342949289660,Olivier HABIMANA - Upwork,2026-08-19 15:01:13,2026-08-19,Wed,15,Shobit Gupta,Other,Dead/GMeet/wrong fit,Shobit Gupta,0.0,68,"All projects done are post 2024, have pitched for referral in Africa",,Campaign
342956261103,Floatinity Systems LLP,2026-08-19 12:00:24,2026-08-19,Wed,12,Yuktha Anand,Other,Script Shared,Yuktha Anand,0.174,75,"Script shared Has a shut down company as well, mentioned he should have PRs",Founder Search ( IT Services ),Scraped
342956522212,Innovative Solution Technologies,2026-08-19 18:03:41,2026-08-19,Wed,18,Lamiya Saleem,Not interested,Dead/ColdCall/Not Interested,Lamiya Saleem,0.031,14,not interested,Founder Search ( IT Services ),Scraped
342958108373,Live Deftsoft Informatics Private Limited,2026-08-19 11:20:05,2026-08-19,Wed,11,Yuktha Anand,No pickup,Cold Call,Yuktha Anand,0.146,11,No response,Founder Search ( IT Services ),Scraped
342963489509,BEEU Infotech Private Limited,2026-08-19 15:34:01,2026-08-19,Wed,15,Lamiya Saleem,Chase sent,Cold Call,Lamiya Saleem,0.323,45,"asked to send a mail, doesnt sound interested",Founder Search ( IT Services ),Scraped
342965324498,Kriyatec IT Systems Pvt Ltd,2026-08-19 14:55:27,2026-08-19,Wed,14,Lamiya Saleem,No pickup,Cold Call,Lamiya Saleem,0.297,16,did. not pick up,Founder Search ( IT Services ),Scraped
342965324503,Reckonsys Tech labs Private Limited,2026-08-19 15:16:05,2026-08-19,Wed,15,Yuktha Anand,No pickup,No Pickup,Yuktha Anand,0.311,11,No response,Founder Search ( IT Services ),Scraped
342965324509,Pronteff IT Solutions,2026-08-19 14:39:50,2026-08-19,Wed,14,Lamiya Saleem,Not interested,Dead/ColdCall/Not Interested,Lamiya Saleem,0.286,14,not interested,Founder Search ( IT Services ),Scraped
342965324511,Zed-Axis Technologies Pvt. Ltd.,2026-08-19 14:39:59,2026-08-19,Wed,14,Yuktha Anand,Bad number,No Pickup,Yuktha Anand,0.286,25,Incoming call not allowed,Founder Search ( IT Services ),Scraped
342965324531,Digital Innovations,2026-08-19 14:15:46,2026-08-19,Wed,14,Lamiya Saleem,Chase sent,Cold Call,Lamiya Saleem,0.269,16,asked to send WA,Founder Search ( IT Services ),Scraped
342967085803,Mobio Solutions,2026-08-19 11:52:40,2026-08-19,Wed,11,Lamiya Saleem,Bad number,Cold Call,Lamiya Saleem,0.169,12,wrong number,Founder Search ( IT Services ),Scraped
342967085805,mokSa Technologies India Pvt Ltd,2026-08-19 15:30:21,2026-08-19,Wed,15,Lamiya Saleem,No pickup,Cold Call,Lamiya Saleem,0.32,15,did not pick up,Founder Search ( IT Services ),Scraped
342968903390,DigiPay.Guru,2026-08-19 14:54:01,2026-08-19,Wed,14,Lamiya Saleem,No pickup,Cold Call,Lamiya Saleem,0.296,15,did not pick up,Founder Search ( IT Services ),Scraped
342970821353,Mobrilz,2026-08-19 15:19:16,2026-08-19,Wed,15,Yuktha Anand,No pickup,Cold Call,Yuktha Anand,0.314,11,No response,Founder Search ( IT Services ),Scraped
342970821358,Aheadrace Software Development Services Private Limited,2026-08-19 15:28:39,2026-08-19,Wed,15,Lamiya Saleem,Bad number,Cold Call,Lamiya Saleem,0.32,12,wrong number,Founder Search ( IT Services ),Scraped
342970822335,Debugged Pro Pvt. Ltd.,2026-08-19 12:22:49,2026-08-19,Wed,12,Yuktha Anand,No pickup,No Pickup,Yuktha Anand,0.19,11,No response,Founder Search ( IT Services ),Scraped
342970822360,The Intellify,2026-08-19 11:39:04,2026-08-19,Wed,11,Lamiya Saleem,Bad number,Cold Call,Lamiya Saleem,0.159,12,wrong number,Founder Search ( IT Services ),Scraped
342970822362,Prometteur Solutions Private Limited,2026-08-19 11:34:03,2026-08-19,Wed,11,Yuktha Anand,Chase sent,Interested,Yuktha Anand,0.156,31,"Asked to send a mail, mail sent",Founder Search ( IT Services ),Scraped
342970822362,Prometteur Solutions Private Limited,2026-08-20 17:00:11,2026-08-20,Thu,17,Yuktha Anand,Other,Interested,Yuktha Anand,1.382,15,Needs more time,Founder Search ( IT Services ),Scraped
342970822368,Cloudi5 Technologies,2026-08-19 11:16:35,2026-08-19,Wed,11,Yuktha Anand,No pickup,No Pickup,Yuktha Anand,0.143,11,No response,Founder Search ( IT Services ),Scraped
342974480121,Siddhi Infosoft,2026-08-19 12:21:23,2026-08-19,Wed,12,Yuktha Anand,Chase sent,Interested,Yuktha Anand,0.189,15,WA message sent,Founder Search ( IT Services ),Scraped
342974481091,AHOM Technologies,2026-08-19 11:48:52,2026-08-19,Wed,11,Lamiya Saleem,Callback booked,Interested,Lamiya Saleem,0.166,71,"said in a meeting, asked to send WA. will connect in 2 days if relevant",Founder Search ( IT Services ),Scraped
342974481093,Think201,2026-08-19 11:39:33,2026-08-19,Wed,11,Yuktha Anand,No pickup,Cold Call,Yuktha Anand,0.16,11,No response,Founder Search ( IT Services ),Scraped
342974481094,Ansi ByteCode LLP,2026-08-19 11:31:57,2026-08-19,Wed,11,Lamiya Saleem,No pickup,Cold Call,Lamiya Saleem,0.154,85,"line busy, did not pick up but Hetal texted on WA. reached out, unsure if interested.",Founder Search ( IT Services ),Scraped
342974481095,IDEATE SYSTEMS INDIA PRIVATE LIMITED,2026-08-19 11:25:01,2026-08-19,Wed,11,Yuktha Anand,No pickup,No Pickup,Yuktha Anand,0.149,39,No Response Founder's name: Anand Lagad,Founder Search ( IT Services ),Scraped
342976212680,Infozion Technologies,2026-08-19 14:16:48,2026-08-19,Wed,14,Yuktha Anand,Chase sent,Interested,Yuktha Anand,0.27,37,Is driving asked to send a WA message,Founder Search ( IT Services ),Scraped
342976212713,iProgrammer Solutions Private Limited,2026-08-19 11:46:11,2026-08-19,Wed,11,Yuktha Anand,Bad number,Cold Call,Yuktha Anand,0.164,42,Wrong number +91 98906 79170- right number,Founder Search ( IT Services ),Scraped
342976212717,Ysquare,2026-08-19 12:03:00,2026-08-19,Wed,12,Lamiya Saleem,Chase sent,Interested,Lamiya Saleem,0.176,117,"does not have much tech knowledge (PRs), said will talk to the tech guy and see if relevant. Sent a WA. Low priority.",Founder Search ( IT Services ),Scraped
342976212723,PEANUT SQUARE LLP,2026-08-19 11:30:52,2026-08-19,Wed,11,Yuktha Anand,No pickup,No Pickup,Yuktha Anand,0.153,37,Network issue/hung up Sent WA message,Founder Search ( IT Services ),Scraped
342976212729,Moreyeahs,2026-08-19 11:11:33,2026-08-19,Wed,11,Lamiya Saleem,Not interested,Dead/ColdCall/Not Interested,Lamiya Saleem,0.14,14,not interested,Founder Search ( IT Services ),Scraped
342978023135,Xieno,2026-08-19 14:58:11,2026-08-19,Wed,14,Lamiya Saleem,Other,Cold Call,Lamiya Saleem,0.299,16,call in sometime,Founder Search ( IT Services ),Scraped
342978023135,Xieno,2026-08-19 16:39:39,2026-08-19,Wed,16,Lamiya Saleem,Other,Dead/ColdCall/Not Interested,Lamiya Saleem,0.369,14,cannot license,Founder Search ( IT Services ),Scraped
342978023157,Transcend Infosystems Private Limited,2026-08-19 12:31:17,2026-08-19,Wed,12,Lamiya Saleem,Callback booked,Interested,Lamiya Saleem,0.196,85,"said in a meeting, asked to drop a WA and then have a call if relevant (low priority)",Founder Search ( IT Services ),Scraped
342978023159,"Webwiders Software Solutions, Indore",2026-08-19 12:10:13,2026-08-19,Wed,12,Yuktha Anand,No pickup,No Pickup,Yuktha Anand,0.181,11,No response,Founder Search ( IT Services ),Scraped
342978024126,Devstree IT Solutions,2026-08-19 11:40:33,2026-08-19,Wed,11,Yuktha Anand,Bad number,No Pickup,Yuktha Anand,0.16,26,Temporarily out of service,Founder Search ( IT Services ),Scraped
342978024131,Expertinasia Pvt. Ltd.,2026-08-19 11:13:17,2026-08-19,Wed,11,Lamiya Saleem,Callback booked,Cold Call,Lamiya Saleem,0.141,40,"asked to call back, unsure if interested",Founder Search ( IT Services ),Scraped
342978024131,Expertinasia Pvt. Ltd.,2026-08-19 16:47:06,2026-08-19,Wed,16,Lamiya Saleem,No pickup,Cold Call,Lamiya Saleem,0.373,15,did not pick up,Founder Search ( IT Services ),Scraped
342978024132,Yaali Bizappln Solutions,2026-08-19 11:08:57,2026-08-19,Wed,11,Lamiya Saleem,Other,Dead/ColdCall/WrongFit,Lamiya Saleem,0.138,22,"not our ICP, wrong fit",Founder Search ( IT Services ),Scraped
342983460553,STEMROBO Technologies Private Limited,2026-08-19 15:29:06,2026-08-19,Wed,15,Yuktha Anand,Bad number,Dead/ColdCall/WrongNumber,Yuktha Anand,0.321,12,Wrong number,Founder Search ( IT Services ),Scraped
342983460579,Tech Celerity Global Solutions Pvt. Ltd.,2026-08-19 12:14:46,2026-08-19,Wed,12,Yuktha Anand,No pickup,Cold Call,Yuktha Anand,0.185,11,No response,Founder Search ( IT Services ),Scraped
342983460582,Hatch2web IT Solutions,2026-08-19 12:12:09,2026-08-19,Wed,12,Yuktha Anand,Callback booked,Interested,Yuktha Anand,0.183,34,"In a meeting, call back at 2:30 PM",Founder Search ( IT Services ),Scraped
342983460582,Hatch2web IT Solutions,2026-08-19 14:33:51,2026-08-19,Wed,14,Yuktha Anand,No pickup,Interested,Yuktha Anand,0.281,24,"called back, no response",Founder Search ( IT Services ),Scraped
342983460584,Waytowebs,2026-08-19 16:15:44,2026-08-19,Wed,16,Lamiya Saleem,No pickup,Cold Call,Lamiya Saleem,0.352,15,did not pick up,Founder Search ( IT Services ),Scraped
342983460584,Waytowebs,2026-08-19 17:01:52,2026-08-19,Wed,17,Lamiya Saleem,Disqualified,Dead/ColdCall/Not Interested,Lamiya Saleem,0.384,49,"called me back, no dormant codebase, so wrong fit",Founder Search ( IT Services ),Scraped
342985230045,TechZarInfo Software & Consulting Services,2026-08-19 14:24:29,2026-08-19,Wed,14,Yuktha Anand,Meeting fixed,GMeet Fixed,Yuktha Anand,0.275,23,Gmeet fixed for 3:30 PM,Founder Search ( IT Services ),Scraped
342985230045,TechZarInfo Software & Consulting Services,2026-08-19 15:49:19,2026-08-19,Wed,15,Shobit Gupta,Other,Script Shared,Yuktha Anand,0.334,41,Follow up Monday 24 Aug for script output,Founder Search ( IT Services ),Scraped
342985230046,CodiFly IT Solutions,2026-08-19 12:18:55,2026-08-19,Wed,12,Lamiya Saleem,Other,GMeet Fixed,Lamiya Saleem,0.188,25,fixed gmeet/vc for friday,Founder Search ( IT Services ),Scraped
342985230046,CodiFly IT Solutions,2026-08-21 16:37:31,2026-08-21,Fri,16,Lamiya Saleem,No pickup,GMeet Fixed,Lamiya Saleem,2.367,53,"no show, texted asking to reschedule, no response yet",Founder Search ( IT Services ),Scraped
342985231045,Telsys Web Infotech,2026-08-19 11:21:33,2026-08-19,Wed,11,Yuktha Anand,Other,Interested,Yuktha Anand,0.147,20,Call back in an hour,Founder Search ( IT Services ),Scraped
342985231045,Telsys Web Infotech,2026-08-19 15:00:00,2026-08-19,Wed,15,Yuktha Anand,Not interested,Dead/ColdCall/Not Interested,Yuktha Anand,0.299,14,Not interested,Founder Search ( IT Services ),Scraped
342985470698,Infoz Software Solution,2026-08-19 11:44:10,2026-08-19,Wed,11,Yuktha Anand,No pickup,Cold Call,Yuktha Anand,0.163,11,No response,Founder Search ( IT Services ),Scraped
342985470706,WEQ Technologies LLP,2026-08-19 11:30:11,2026-08-19,Wed,11,Lamiya Saleem,No pickup,Cold Call,Lamiya Saleem,0.153,15,did not pick up,Founder Search ( IT Services ),Scraped
342987257541,Posidex Technologies Pvt Ltd,2026-08-19 12:31:57,2026-08-19,Wed,12,Yuktha Anand,No pickup,No Pickup,Yuktha Anand,0.197,11,No response,Founder Search ( IT Services ),Scraped
342987257566,Web Idea Solution LLP,2026-08-19 14:12:10,2026-08-19,Wed,14,Lamiya Saleem,Callback booked,Cold Call,Lamiya Saleem,0.266,22,asked to call in 2 hrs,Founder Search ( IT Services ),Scraped
342987257567,Silicon IT Hub,2026-08-19 12:06:10,2026-08-19,Wed,12,Yuktha Anand,No pickup,No Pickup,Yuktha Anand,0.179,11,No response,Founder Search ( IT Services ),Scraped
342990911168,Pixel Values Technolabs,2026-08-19 14:22:48,2026-08-19,Wed,14,Lamiya Saleem,Chase sent,Interested,Lamiya Saleem,0.275,91,"asked to WA, said should check out LH2 before they can proceed. sounds interested (has PRs)",Founder Search ( IT Services ),Scraped
342990911172,keylines,2026-08-19 15:37:41,2026-08-19,Wed,15,Yuktha Anand,Callback booked,Script Shared,Yuktha Anand,0.326,48,"Script shared, will review the mail and get back",Founder Search ( IT Services ),Scraped
342990911184,Multipz Technology,2026-08-19 14:09:01,2026-08-19,Wed,14,Yuktha Anand,Bad number,Cold Call,Yuktha Anand,0.264,12,Wrong number,Founder Search ( IT Services ),Scraped
342990911196,Web Media Tricks Pvt. Ltd.,2026-08-19 15:44:19,2026-08-19,Wed,15,Yuktha Anand,Callback booked,Interested,Yuktha Anand,0.33,53,Is interested. Will get back on Gmeet timings over WA,Founder Search ( IT Services ),Scraped
342992673521,Lemolite,2026-08-19 11:40:42,2026-08-19,Wed,11,Lamiya Saleem,No pickup,Cold Call,Lamiya Saleem,0.16,15,did not pick up,Founder Search ( IT Services ),Scraped
342992674493,Trident Spark,2026-08-19 11:12:14,2026-08-19,Wed,11,Yuktha Anand,Bad number,Cold Call,Yuktha Anand,0.14,12,Wrong number,Founder Search ( IT Services ),Scraped
342996270806,InfyOm Technologies,2026-08-19 15:20:43,2026-08-19,Wed,15,Yuktha Anand,No pickup,No Pickup,Yuktha Anand,0.315,11,No response,Founder Search ( IT Services ),Scraped
342996270812,Mahalasa Infotech,2026-08-19 14:42:08,2026-08-19,Wed,14,Yuktha Anand,No pickup,Cold Call,Yuktha Anand,0.288,11,No response,Founder Search ( IT Services ),Scraped
342996271811,Brainstack Technologies,2026-08-19 12:27:39,2026-08-19,Wed,12,Lamiya Saleem,No pickup,Cold Call,Lamiya Saleem,0.193,15,did not pick up,Founder Search ( IT Services ),Scraped
342996271831,Kapil IT Solutions Private Limited,2026-08-19 11:14:34,2026-08-19,Wed,11,Yuktha Anand,No pickup,Cold Call,Yuktha Anand,0.142,11,No response,Founder Search ( IT Services ),Scraped
342998032093,TGSane Technologies,2026-08-19 14:10:46,2026-08-19,Wed,14,Yuktha Anand,No pickup,No Pickup,Yuktha Anand,0.266,11,No response,Founder Search ( IT Services ),Scraped
342998032093,TGSane Technologies,2026-08-19 14:46:11,2026-08-19,Wed,14,Yuktha Anand,Other,Dead/ColdCall/Not Interested,Yuktha Anand,0.29,34,Not willing to share any codebases,Founder Search ( IT Services ),Scraped
342998033084,Acwits Solutions LLP,2026-08-19 11:41:54,2026-08-19,Wed,11,Yuktha Anand,No pickup,Cold Call,Yuktha Anand,0.161,11,No response,Founder Search ( IT Services ),Scraped
342998033094,Cibirix Digital Marketing Agency,2026-08-19 11:13:31,2026-08-19,Wed,11,Yuktha Anand,No pickup,Cold Call,Yuktha Anand,0.141,11,No response,Founder Search ( IT Services ),Scraped
343010481878,Prismberry Technologies,2026-08-19 14:32:08,2026-08-19,Wed,14,Lamiya Saleem,No pickup,Cold Call,Lamiya Saleem,0.281,15,did not pick up,Founder Search ( IT Services ),Scraped
343010481886,ManpraX Software LLP,2026-08-19 14:34:21,2026-08-19,Wed,14,Lamiya Saleem,No pickup,Cold Call,Lamiya Saleem,0.282,15,did not pick up,Founder Search ( IT Services ),Scraped
343010482888,SwaaS Systems Private Limited,2026-08-19 14:32:57,2026-08-19,Wed,14,Lamiya Saleem,No pickup,Cold Call,Lamiya Saleem,0.28,26,"line busy, did not pick up",Founder Search ( IT Services ),Scraped
343010482892,Quantumsoftech,2026-08-19 16:32:05,2026-08-19,Wed,16,Lamiya Saleem,Bad number,Cold Call,Lamiya Saleem,0.362,26,temporarily out of service,Founder Search ( IT Services ),Scraped
343017644782,BuzzyBrains software (I) Pvt. Ltd,2026-08-19 13:12:35,2026-08-19,Wed,13,Lamiya Saleem,No pickup,Cold Call,Lamiya Saleem,0.225,26,"line busy, did not pick up",Founder Search ( IT Services ),Scraped
343017645780,RND Experts,2026-08-19 11:37:15,2026-08-19,Wed,11,Lamiya Saleem,Not interested,Dead/ColdCall/Not Interested,Lamiya Saleem,0.158,14,not interested,Founder Search ( IT Services ),Scraped
343021211332,Flexible Softwares,2026-08-19 11:45:22,2026-08-19,Wed,11,Lamiya Saleem,Callback booked,Interested,Lamiya Saleem,0.164,121,has to discuss w CTO coz he is in sales and does not know much about the tech part. said will call me back (low priority),Founder Search ( IT Services ),Scraped
343021211335,Esight Business Solutions,2026-08-19 16:29:19,2026-08-19,Wed,16,Lamiya Saleem,Other,Dead/ColdCall/WrongFit,Lamiya Saleem,0.361,22,"wrong fit, not our ICP",Founder Search ( IT Services ),Scraped
343023021788,LaMinds,2026-08-19 14:07:28,2026-08-19,Wed,14,Yuktha Anand,No pickup,Cold Call,Yuktha Anand,0.263,11,No response,Founder Search ( IT Services ),Scraped
343023021791,Digitalyuga IT Services,2026-08-19 16:03:24,2026-08-19,Wed,16,Lamiya Saleem,Bad number,Dead/ColdCall/WrongNumber,Lamiya Saleem,0.344,12,wrong number,Founder Search ( IT Services ),Scraped
343023021811,SavvyonWeb Private Limited,2026-08-19 15:19:19,2026-08-19,Wed,15,Lamiya Saleem,Callback booked,Cold Call,Lamiya Saleem,0.313,24,asked to call back later,Founder Search ( IT Services ),Scraped
343023021811,SavvyonWeb Private Limited,2026-08-19 15:39:04,2026-08-19,Wed,15,Lamiya Saleem,Disqualified,Cold Call,Lamiya Saleem,0.326,41,"Does not have dormant codebase, wrong fit",Founder Search ( IT Services ),Scraped
343023021814,Zessta Software Services,2026-08-19 12:08:47,2026-08-19,Wed,12,Yuktha Anand,No pickup,Cold Call,Yuktha Anand,0.18,11,No response,Founder Search ( IT Services ),Scraped
343023022790,Sword Software N Technologies Pvt. Ltd.,2026-08-19 11:28:52,2026-08-19,Wed,11,Lamiya Saleem,No pickup,Cold Call,Lamiya Saleem,0.152,15,did not pick up,Founder Search ( IT Services ),Scraped
343023022794,Feedback Business Insights Private Limited,2026-08-19 11:17:27,2026-08-19,Wed,11,Yuktha Anand,Bad number,Dead/ColdCall/WrongNumber,Yuktha Anand,0.144,20,Number doesn't exist,Founder Search ( IT Services ),Scraped
343031107319,Knoxpo Solutions,2026-08-19 14:24:30,2026-08-19,Wed,14,Lamiya Saleem,No pickup,Cold Call,Lamiya Saleem,0.275,15,did not pick up,Founder Search ( IT Services ),Scraped
343031108308,Sarvadhi Solutions Pvt Ltd,2026-08-19 12:03:58,2026-08-19,Wed,12,Yuktha Anand,No pickup,Dead/ColdCall/Not Interested,Yuktha Anand,0.177,7,hung up,Founder Search ( IT Services ),Scraped
343034616523,HashRoot Technologies,2026-08-19 14:36:30,2026-08-19,Wed,14,Lamiya Saleem,Bad number,Dead/ColdCall/WrongNumber,Lamiya Saleem,0.284,12,wrong number,Founder Search ( IT Services ),Scraped
343034616524,Ditstek Innovations,2026-08-19 15:14:35,2026-08-19,Wed,15,Yuktha Anand,No pickup,No Pickup,Yuktha Anand,0.31,11,No response,Founder Search ( IT Services ),Scraped
343036422875,Tricore Infotech PVT LTD,2026-08-19 12:05:58,2026-08-19,Wed,12,Lamiya Saleem,Disqualified,Dead/ColdCall/Not Interested,Lamiya Saleem,0.179,30,"No dormant codebase, wrong fit",Founder Search ( IT Services ),Scraped
343036422900,Technoloader Pvt Ltd,2026-08-19 11:42:59,2026-08-19,Wed,11,Yuktha Anand,Bad number,No Pickup,Yuktha Anand,0.162,25,Incoming call not allowed,Founder Search ( IT Services ),Scraped
343036424928,Siva Cerulean Technologies (SCT),2026-08-19 11:18:36,2026-08-19,Wed,11,Yuktha Anand,Bad number,No Pickup,Yuktha Anand,0.145,25,Incoming call not allowed,Founder Search ( IT Services ),Scraped
343036424929,Brand Metrics Fintech Pvt Ltd,2026-08-19 11:15:12,2026-08-19,Wed,11,Lamiya Saleem,Interested,Cold Call,Lamiya Saleem,0.142,67,"interested, said he will review LH2 and book a meeting. sent a mail",Founder Search ( IT Services ),Scraped
343072282320,Skynats Technologies,2026-08-19 16:35:19,2026-08-19,Wed,16,Lamiya Saleem,Disqualified,Dead/ColdCall/Not Interested,Lamiya Saleem,0.366,30,"no dormant codebase, wrong fit",Founder Search ( IT Services ),Scraped
343091554017,Akash TechnoLabs,2026-08-21 15:05:37,2026-08-21,Fri,15,Lamiya Saleem,Bad number,Cold Call,Lamiya Saleem,1.035,12,wrong number,LinkedIn Sales Nav ( IT Services ),Scraped
343091555016,Vitara.Ai,2026-08-21 11:50:04,2026-08-21,Fri,11,Lamiya Saleem,No pickup,Cold Call,Lamiya Saleem,0.898,15,did not pick up,LinkedIn Sales Nav ( IT Services ),Scraped
343091555038,Citrusbug Technolabs,2026-08-21 16:10:32,2026-08-21,Fri,16,Lamiya Saleem,Other,GMeet Fixed,Lamiya Saleem,1.078,14,fixed gmeet/vc,LinkedIn Sales Nav ( IT Services ),Scraped
343091555054,NopAdvance LLP,2026-08-20 15:27:02,2026-08-20,Thu,15,Lamiya Saleem,Not interested,Dead/ColdCall/Not Interested,Lamiya Saleem,0.046,14,not interested,LinkedIn Sales Nav ( IT Services ),Scraped
343096846063,NYL Technology,2026-08-20 12:33:21,2026-08-20,Thu,12,Yuktha Anand,No pickup,No Pickup,Yuktha Anand,0.196,11,No response,Founder Search ( IT Services ),Scraped
343096902336,Rytsense Technologies,2026-08-20 10:45:01,2026-08-20,Thu,10,Lamiya Saleem,No pickup,Cold Call,Lamiya Saleem,0.034,15,did not pick up,Founder Search ( IT Services ),Scraped
343096932028,Step2gen Technologies Pvt. Ltd.,2026-08-20 13:01:08,2026-08-20,Thu,13,Lamiya Saleem,Not interested,Cold Call,Lamiya Saleem,0.044,14,not interested,Founder Search ( IT Services ),Scraped
343096932030,Meentosys Private Limited,2026-08-20 12:02:06,2026-08-20,Thu,12,Yuktha Anand,No pickup,Dead/ColdCall/WrongNumber,Yuktha Anand,0.003,69,"No response, looks like this is only company's number and not founder",Founder Search ( IT Services ),Scraped
343096972990,Silicon Signals Pvt. Ltd.,2026-08-20 18:15:32,2026-08-20,Thu,18,Lamiya Saleem,No pickup,Cold Call,Lamiya Saleem,0.166,15,did not pick up,LinkedIn Sales Nav ( IT Services ),Scraped
343096974020,Susamp Infotech,2026-08-21 11:20:26,2026-08-21,Fri,11,Lamiya Saleem,Bad number,Cold Call,Lamiya Saleem,0.876,35,"number does not exist, wrong number",LinkedIn Sales Nav ( IT Services ),Scraped
343096974028,Significant Infotech,2026-08-20 16:10:35,2026-08-20,Thu,16,Yuktha Anand,No pickup,Cold Call,Yuktha Anand,0.077,11,no response,LinkedIn Sales Nav ( IT Services ),Scraped
343096974034,White Orange Software,2026-08-20 16:02:19,2026-08-20,Thu,16,Lamiya Saleem,Callback booked,Interested,Lamiya Saleem,0.071,58,"asked to send WA, will get back if relevant (low priority)",LinkedIn Sales Nav ( IT Services ),Scraped
343096974053,IQ Infinite Technologies,2026-08-20 15:10:01,2026-08-20,Thu,15,Yuktha Anand,No pickup,No Pickup,Yuktha Anand,0.034,11,No response,LinkedIn Sales Nav ( IT Services ),Scraped
343096974056,WebsTrail LLP,2026-08-20 14:52:52,2026-08-20,Thu,14,Yuktha Anand,No pickup,No Pickup,Yuktha Anand,0.022,11,No response,LinkedIn Sales Nav ( IT Services ),Scraped
343098554065,LiberatedIT,2026-08-20 13:07:31,2026-08-20,Thu,13,Lamiya Saleem,Callback booked,Interested,Lamiya Saleem,0.334,60,"very low priority, said will think about it and call me back",Founder Search ( IT Services ),Scraped
343098651326,Planet PCI Infotech,2026-08-20 11:36:00,2026-08-20,Thu,11,Yuktha Anand,No pickup,No Pickup,Yuktha Anand,0.156,11,No response,Founder Search ( IT Services ),Scraped
343098687195,Quytech,2026-08-20 10:50:58,2026-08-20,Thu,10,Yuktha Anand,No pickup,No Pickup,Yuktha Anand,0.038,11,No response,Founder Search ( IT Services ),Scraped
343098687195,Quytech,2026-08-20 10:51:55,2026-08-20,Thu,10,Yuktha Anand,Callback booked,No Pickup,Yuktha Anand,0.038,85,"Called back anotherPOC responded Founder is OOO for one week, to call again next week",Founder Search ( IT Services ),Scraped
343098751703,Nexgits Pvt Ltd,2026-08-21 17:21:42,2026-08-21,Fri,17,Yuktha Anand,No pickup,Cold Call,Yuktha Anand,1.13,11,No response,LinkedIn Sales Nav ( IT Services ),Scraped
343098752756,August Infotech,2026-08-20 15:40:24,2026-08-20,Thu,15,Yuktha Anand,No pickup,Dead/ColdCall/Not Interested,Yuktha Anand,0.055,7,Hung up,LinkedIn Sales Nav ( IT Services ),Scraped
343102369513,Dhyey Consulting,2026-08-21 16:19:50,2026-08-21,Fri,16,Yuktha Anand,Bad number,Dead/ColdCall/WrongNumber,Yuktha Anand,1.086,12,wrong number,LinkedIn Sales Nav ( IT Services ),Scraped
343102369514,Vnnovate Solutions Pvt Ltd,2026-08-21 16:18:03,2026-08-21,Fri,16,Yuktha Anand,No pickup,Cold Call,Yuktha Anand,1.085,11,No response,LinkedIn Sales Nav ( IT Services ),Scraped
343102370531,Corenet Tech India,2026-08-20 18:21:15,2026-08-20,Thu,18,Yuktha Anand,Other,Interested,Yuktha Anand,0.168,18,Call back tomorrow,LinkedIn Sales Nav ( IT Services ),Scraped
343102370532,Qodic Technosoft LLP,2026-08-20 17:46:22,2026-08-20,Thu,17,Yuktha Anand,No pickup,Cold Call,Yuktha Anand,0.143,11,No response,LinkedIn Sales Nav ( IT Services ),Scraped
343102370545,White Orange Software PVT LTD,2026-08-20 15:35:14,2026-08-20,Thu,15,Yuktha Anand,Callback booked,Interested,Yuktha Anand,0.052,14,Will call back,LinkedIn Sales Nav ( IT Services ),Scraped
343102370548,Rayo Innovations,2026-08-20 15:29:15,2026-08-20,Thu,15,Lamiya Saleem,Not interested,Dead/ColdCall/Not Interested,Lamiya Saleem,0.047,14,not interested,LinkedIn Sales Nav ( IT Services ),Scraped
343102371517,Santushti Infotech Private Limited,2026-08-20 15:05:30,2026-08-20,Thu,15,Yuktha Anand,Callback booked,Interested,Yuktha Anand,0.03,46,"Boarding a flight, asked to call back around 6",LinkedIn Sales Nav ( IT Services ),Scraped
343102723776,Easy Design Systems Private Limited,2026-08-21 11:08:09,2026-08-21,Fri,11,Lamiya Saleem,No pickup,Cold Call,Lamiya Saleem,0.132,15,did not pick up,Founder Search ( IT Services ),Scraped
343102846685,Go Brilliant Technologies Private Limited,2026-08-21 17:13:50,2026-08-21,Fri,17,Lamiya Saleem,Other,Dead/ColdCall/Not Interested,Lamiya Saleem,0.207,30,"said they dont have, wrong fit",Founder Search ( IT Services ),Scraped
343103772404,Stalcon Solutions,2026-08-19 17:39:47,2026-08-19,Wed,17,Lamiya Saleem,Other,Dead/ColdCall/WrongFit,Lamiya Saleem,0.015,9,wrong fit,Founder Search ( IT Services ),Scraped
343109452534,zimo.one,2026-08-20 12:29:57,2026-08-20,Thu,12,Yuktha Anand,Other,Dead/ColdCall/Not Interested,Yuktha Anand,0.194,40,"Lead repeated, this was dropped by brand",Founder Search ( IT Services ),Scraped
343109453498,Bizita Technologies,2026-08-20 11:47:19,2026-08-20,Thu,11,Yuktha Anand,Other,Interested,Yuktha Anand,0.164,19,call back in 1 hour,Founder Search ( IT Services ),Scraped
343109511885,reverseBits,2026-08-20 10:56:06,2026-08-20,Thu,10,Yuktha Anand,No pickup,No Pickup,Yuktha Anand,0.041,11,No response,Founder Search ( IT Services ),Scraped
343109530303,WebPlanex InfoTech Pvt. Ltd.,2026-08-20 11:22:54,2026-08-20,Thu,11,Yuktha Anand,Other,Interested,Yuktha Anand,0.006,25,Asked for details on mail,Founder Search ( IT Services ),Scraped
343109530306,Millipixels Interactive LLP,2026-08-20 11:32:35,2026-08-20,Thu,11,Lamiya Saleem,Other,Dead/ColdCall/WrongNumber,Lamiya Saleem,0.012,9,wrong POC,Founder Search ( IT Services ),Scraped
343109549815,Maven Cluster,2026-08-20 12:38:48,2026-08-20,Thu,12,Yuktha Anand,No pickup,No Pickup,Yuktha Anand,0.005,11,No response,Founder Search ( IT Services ),Scraped
343109583564,The Special Character,2026-08-21 17:04:57,2026-08-21,Fri,17,Yuktha Anand,Other,Cold Call,Yuktha Anand,1.118,35,"wrong fit- started only in Aug,2023",LinkedIn Sales Nav ( IT Services ),Scraped
343109583576,LittleDrops,2026-08-21 15:22:06,2026-08-21,Fri,15,Yuktha Anand,No pickup,No Pickup,Yuktha Anand,1.046,11,No response,LinkedIn Sales Nav ( IT Services ),Scraped
343109583607,DioneApps Private Limited,2026-08-21 12:17:35,2026-08-21,Fri,12,Yuktha Anand,Other,Dead/ColdCall/WrongFit,Yuktha Anand,0.917,18,No contact details,LinkedIn Sales Nav ( IT Services ),Scraped
343109584628,AIS Technolabs,2026-08-21 15:49:09,2026-08-21,Fri,15,Lamiya Saleem,No pickup,Cold Call,Lamiya Saleem,1.06,55,"immediately hung up after hi, considering as no pick up",LinkedIn Sales Nav ( IT Services ),Scraped
343110117107,Jointworks Solutions LLP,2026-08-21 17:05:38,2026-08-21,Fri,17,Lamiya Saleem,No pickup,Cold Call,Lamiya Saleem,0.201,15,did not pick up,Founder Search ( IT Services ),Scraped
343111281378,Space Inventive,2026-08-20 10:56:27,2026-08-20,Thu,10,Lamiya Saleem,Bad number,Cold Call,Lamiya Saleem,0.075,12,wrong number,Founder Search ( IT Services ),Scraped
343111374558,TilesWale ,2026-08-21 14:39:27,2026-08-21,Fri,14,Yuktha Anand,Other,Dead/ColdCall/WrongFit,Yuktha Anand,1.016,9,wrong fit,LinkedIn Sales Nav ( IT Services ),Scraped
343111374582,Agentix Tech Private Limited,2026-08-20 14:34:11,2026-08-20,Thu,14,Lamiya Saleem,Other,Script Shared,Lamiya Saleem,0.012,94,"asked to send proposal as well as script (not 100% sure if he'll run it, might have to chase).",LinkedIn Sales Nav ( IT Services ),Scraped
343111374583,Tibicle LLP,2026-08-21 12:36:54,2026-08-21,Fri,12,Yuktha Anand,Disqualified,Dead/ColdCall/WrongFit,Yuktha Anand,0.93,22,No IP on any codebases,LinkedIn Sales Nav ( IT Services ),Scraped
343111375571,AppleTech,2026-08-20 17:50:20,2026-08-20,Thu,17,Lamiya Saleem,Not interested,Dead/ColdCall/Not Interested,Lamiya Saleem,0.147,14,not interested,LinkedIn Sales Nav ( IT Services ),Scraped
343111375595,Find Medicine,2026-08-20 17:06:30,2026-08-20,Thu,17,Lamiya Saleem,Chase sent,Interested,Lamiya Saleem,0.115,82,"sounded pretty interested. asked to send a WA, will schedule a meeting if relevant",LinkedIn Sales Nav ( IT Services ),Scraped
343111376579,Book Donate.Official,2026-08-20 15:11:49,2026-08-20,Thu,15,Yuktha Anand,Callback booked,Interested,Yuktha Anand,0.035,24,Asked to call in 30 mins,LinkedIn Sales Nav ( IT Services ),Scraped
343111376579,Book Donate.Official,2026-08-20 16:58:17,2026-08-20,Thu,16,Yuktha Anand,No pickup,No Pickup,Yuktha Anand,0.109,11,No response,LinkedIn Sales Nav ( IT Services ),Scraped
343111376606,DioneApps Private Limited,2026-08-20 14:48:36,2026-08-20,Thu,14,Lamiya Saleem,No pickup,Cold Call,Lamiya Saleem,0.018,15,did not pick up,LinkedIn Sales Nav ( IT Services ),Scraped
343129127641,Rubixe,2026-08-20 12:54:21,2026-08-20,Thu,12,Lamiya Saleem,No pickup,Cold Call,Lamiya Saleem,0.325,15,did not pick up,Founder Search ( IT Services ),Scraped
343129127644,Kaspon Techworks,2026-08-20 12:24:03,2026-08-20,Thu,12,Lamiya Saleem,Chase sent,Cold Call,Lamiya Saleem,0.304,142,"sounded interested, but not fully sure on the technicals. said will speak to the tech person to check their codebases. sent a WA with proposal",Founder Search ( IT Services ),Scraped
343129256652,UpNext Software Private Limited,2026-08-20 13:06:25,2026-08-20,Thu,13,Yuktha Anand,No pickup,No Pickup,Yuktha Anand,0.22,11,No response,Founder Search ( IT Services ),Scraped
343129353926,Weboconnect,2026-08-20 12:51:36,2026-08-20,Thu,12,Lamiya Saleem,No pickup,Cold Call,Lamiya Saleem,0.014,29,"switched off, did not pick up",Founder Search ( IT Services ),Scraped
343129382618,TechnoComet Solutions,2026-08-21 17:25:28,2026-08-21,Fri,17,Yuktha Anand,Other,Cold Call,Yuktha Anand,1.132,28,Out of network coverage area,LinkedIn Sales Nav ( IT Services ),Scraped
343129383657,Prectech,2026-08-21 11:17:58,2026-08-21,Fri,11,Yuktha Anand,Other,No Pickup,Yuktha Anand,0.874,9,no pickup,LinkedIn Sales Nav ( IT Services ),Scraped
343130958543,Finlark Technologies,2026-08-20 13:10:35,2026-08-20,Thu,13,Lamiya Saleem,Disqualified,Cold Call,Lamiya Saleem,0.337,42,"does not have dormant codebases, wrong fit",Founder Search ( IT Services ),Scraped
343131149011,Konstant Infosolutions,2026-08-20 12:53:00,2026-08-20,Thu,12,Lamiya Saleem,No pickup,Cold Call,Lamiya Saleem,0.015,15,did not pick up,Founder Search ( IT Services ),Scraped
343131175625,NowOnline Tech India Pvt ltd,2026-08-21 12:15:29,2026-08-21,Fri,12,Yuktha Anand,No pickup,Cold Call,Yuktha Anand,0.915,11,No response,LinkedIn Sales Nav ( IT Services ),Scraped
343131175642,Cypherox Technologies Pvt Ltd,2026-08-21 11:35:27,2026-08-21,Fri,11,Lamiya Saleem,No pickup,Cold Call,Lamiya Saleem,0.886,15,did not pick up,LinkedIn Sales Nav ( IT Services ),Scraped
343131175644,Webclues Infotech,2026-08-20 18:17:12,2026-08-20,Thu,18,Yuktha Anand,No pickup,Cold Call,Yuktha Anand,0.165,11,No response,LinkedIn Sales Nav ( IT Services ),Scraped
343131175652,AliteProjects,2026-08-20 16:56:57,2026-08-20,Thu,16,Lamiya Saleem,No pickup,Cold Call,Lamiya Saleem,0.109,15,did not pick up,LinkedIn Sales Nav ( IT Services ),Scraped
343131176634,WPS Technologies PVT LTD,2026-08-20 14:47:43,2026-08-20,Thu,14,Yuktha Anand,Disqualified,Script Shared,Yuktha Anand,0.017,79,Script shared Founder is open to also giving codebases where they don't have IP,Founder Search ( IT Services ),Scraped
343134672618,App Developers India,2026-08-20 11:28:46,2026-08-20,Thu,11,Yuktha Anand,No pickup,No Pickup,Yuktha Anand,0.098,11,No response,Founder Search ( IT Services ),Scraped
343134767845,Blurbee Solutions,2026-08-21 14:57:40,2026-08-21,Fri,14,Lamiya Saleem,No pickup,Cold Call,Lamiya Saleem,1.03,15,did not pick up,LinkedIn Sales Nav ( IT Services ),Scraped
343134767856,Webosphere,2026-08-21 12:49:45,2026-08-21,Fri,12,Lamiya Saleem,Bad number,Cold Call,Lamiya Saleem,0.94,12,WRONG NUMBER,LinkedIn Sales Nav ( IT Services ),Scraped
343134768836,WebClues Infotech - A CMMI Level 5 Certified Company,2026-08-21 12:38:51,2026-08-21,Fri,12,Lamiya Saleem,Bad number,Cold Call,Lamiya Saleem,0.932,35,"number does not exist, wrong number",LinkedIn Sales Nav ( IT Services ),Scraped
343134768880,Webunity Infotech,2026-08-21 11:07:30,2026-08-21,Fri,11,Yuktha Anand,Callback booked,Cold Call,Yuktha Anand,0.867,32,"Driving now, asked to call later",LinkedIn Sales Nav ( IT Services ),Scraped
343134768880,Webunity Infotech,2026-08-21 15:52:57,2026-08-21,Fri,15,Yuktha Anand,Not interested,Dead/ColdCall/Not Interested,Yuktha Anand,1.065,47,"not interested, also not the most relevant lead",LinkedIn Sales Nav ( IT Services ),Scraped
343135275732,MatrixOne Tech Solutions,2026-08-21 17:10:59,2026-08-21,Fri,17,Lamiya Saleem,Other,Dead/ColdCall/Not Interested,Lamiya Saleem,0.205,36,"connected but not our ICP, WRONG FIT",Founder Search ( IT Services ),Scraped
343136493270,Tudo Technologies Pvt Ltd,2026-08-20 10:50:12,2026-08-20,Thu,10,Lamiya Saleem,Other,Dead/ColdCall/WrongNumber,Lamiya Saleem,0.037,9,wrong POC,Founder Search ( IT Services ),Scraped
343136546494,Toshal Infotech Pvt. Ltd.,2026-08-21 15:32:32,2026-08-21,Fri,15,Lamiya Saleem,Chase sent,Interested,Lamiya Saleem,1.054,53,asked to send a WA (mid to high in terms of interest),LinkedIn Sales Nav ( IT Services ),Scraped
343136546503,Digital Auxilio Technologies,2026-08-21 15:42:37,2026-08-21,Fri,15,Yuktha Anand,No pickup,No Pickup,Yuktha Anand,1.06,11,No response,LinkedIn Sales Nav ( IT Services ),Scraped
343136546541,NetizensLab,2026-08-20 18:18:34,2026-08-20,Thu,18,Lamiya Saleem,No pickup,Cold Call,Lamiya Saleem,0.167,15,did not pick up,LinkedIn Sales Nav ( IT Services ),Scraped
343136547538,Rain Infotech,2026-08-20 17:13:35,2026-08-20,Thu,17,Lamiya Saleem,No pickup,Cold Call,Lamiya Saleem,0.121,26,"line busy, did not pick up",LinkedIn Sales Nav ( IT Services ),Scraped
343142653684,Proeffico Solutions,2026-08-20 11:26:07,2026-08-20,Thu,11,Yuktha Anand,Other,Dead/ColdCall/WrongFit,Yuktha Anand,0.008,25,"Started in 2024, February",Founder Search ( IT Services ),Scraped
343142667978,Megh Technologies,2026-08-20 12:01:24,2026-08-20,Thu,12,Lamiya Saleem,Bad number,Cold Call,Lamiya Saleem,0.002,12,wrong number,Founder Search ( IT Services ),Scraped
343142667979,VS Online Services,2026-08-20 12:13:56,2026-08-20,Thu,12,Yuktha Anand,No pickup,No Pickup,Yuktha Anand,0.011,11,No response,Founder Search ( IT Services ),Scraped
343142709952,Kombee,2026-08-21 14:59:15,2026-08-21,Fri,14,Lamiya Saleem,Bad number,Cold Call,Lamiya Saleem,1.031,12,wrong number,LinkedIn Sales Nav ( IT Services ),Scraped
343142710003,Webforest LLP,2026-08-21 12:11:22,2026-08-21,Fri,12,Yuktha Anand,No pickup,Cold Call,Yuktha Anand,0.912,11,No response,LinkedIn Sales Nav ( IT Services ),Scraped
343142710003,Webforest LLP,2026-08-21 13:09:00,2026-08-21,Fri,13,Yuktha Anand,Chase sent,Interested,Yuktha Anand,0.952,23,Asked for details on WA,LinkedIn Sales Nav ( IT Services ),Scraped
343142710991,Miracle Cloud ERP Private Limited,2026-08-20 18:22:52,2026-08-20,Thu,18,Yuktha Anand,No pickup,No Pickup,Yuktha Anand,0.169,11,No response,LinkedIn Sales Nav ( IT Services ),Scraped
343142711012,Prometheas Technologies Private Limited,2026-08-20 15:19:24,2026-08-20,Thu,15,Lamiya Saleem,Other,No Pickup,Lamiya Saleem,0.04,34,"call not going through, no pick up",LinkedIn Sales Nav ( IT Services ),Scraped
343142711013,Prime Apps,2026-08-20 15:05:24,2026-08-20,Thu,15,Lamiya Saleem,Bad number,Cold Call,Lamiya Saleem,0.03,12,wrong number,LinkedIn Sales Nav ( IT Services ),Scraped
343144469219,Pinblooms Technologies Pvt. Ltd,2026-08-20 11:09:53,2026-08-20,Thu,11,Yuktha Anand,Chase sent,Interested,Yuktha Anand,0.051,88,"Is on the way to office, asked to share details over WA Have to follow up in the evening",Founder Search ( IT Services ),Scraped
343144483569,CredibleSoft Technology Solutions,2026-08-20 11:31:12,2026-08-20,Thu,11,Lamiya Saleem,Bad number,Cold Call,Lamiya Saleem,0.011,12,wrong number,Founder Search ( IT Services ),Scraped
343144537799,Tecoreng,2026-08-21 15:25:51,2026-08-21,Fri,15,Yuktha Anand,No pickup,No Pickup,Yuktha Anand,1.048,11,No response,LinkedIn Sales Nav ( IT Services ),Scraped
343144537801,Ascetic Business Solution,2026-08-21 14:48:37,2026-08-21,Fri,14,Yuktha Anand,Other,Cold Call,Yuktha Anand,1.022,36,"Script shared, have projects with PR",LinkedIn Sales Nav ( IT Services ),Scraped
343146086089,SIND TECHNOLOGIES PRIVATE LIMITED,2026-08-20 12:55:35,2026-08-20,Thu,12,Lamiya Saleem,Other,Dead/ColdCall/WrongNumber,Lamiya Saleem,0.326,9,wrong POC,Founder Search ( IT Services ),Scraped
343146086095,Unisoft Informatics,2026-08-20 12:14:43,2026-08-20,Thu,12,Lamiya Saleem,Bad number,Cold Call,Lamiya Saleem,0.297,12,wrong number,Founder Search ( IT Services ),Scraped
343146208988,Strivemindz,2026-08-20 11:42:02,2026-08-20,Thu,11,Lamiya Saleem,Bad number,Cold Call,Lamiya Saleem,0.161,45,"did not pick up, he called back, wrong number",Founder Search ( IT Services ),Scraped
343146335966,Webindia Inc,2026-08-21 17:36:04,2026-08-21,Fri,17,Yuktha Anand,No pickup,No Pickup,Yuktha Anand,1.14,11,No response,LinkedIn Sales Nav ( IT Services ),Scraped
343146335968,Uncanny Consulting Services | Odoo Silver Partner,2026-08-21 17:32:42,2026-08-21,Fri,17,Yuktha Anand,No pickup,Dead/ColdCall/Not Interested,Yuktha Anand,1.137,7,hung up,LinkedIn Sales Nav ( IT Services ),Scraped
343146336985,Palm Infotech,2026-08-21 18:01:41,2026-08-21,Fri,18,Lamiya Saleem,No pickup,Cold Call,Lamiya Saleem,1.156,26,"line busy, did not pick up",LinkedIn Sales Nav ( IT Services ),Scraped
343146337979,EKIKA,2026-08-20 17:27:16,2026-08-20,Thu,17,Lamiya Saleem,No pickup,Cold Call,Lamiya Saleem,0.131,15,did not pick up,LinkedIn Sales Nav ( IT Services ),Scraped
343146337989,iCommuneTech,2026-08-20 16:30:04,2026-08-20,Thu,16,Lamiya Saleem,Callback booked,Interested,Lamiya Saleem,0.09,129,said wasn't sure about dormant codebases. said will speak with 2 of his partners and get back. asked to send proposal. sent on WA,LinkedIn Sales Nav ( IT Services ),Scraped
343146338012,Idenglob Technolabs,2026-08-20 15:14:36,2026-08-20,Thu,15,Lamiya Saleem,Chase sent,Interested,Lamiya Saleem,0.037,50,"asked to send a WA, mid priority (in terms of int)",LinkedIn Sales Nav ( IT Services ),Scraped
343150573303,Youthtech Solutions LLP,2026-08-20 11:21:43,2026-08-20,Thu,11,Lamiya Saleem,Other,Cold Call,Lamiya Saleem,0.147,104,"Shashu Kumar asked me to reach out to his partner Gaurav: 8791302294, spoke to gaurav and fixed gmeet/vc",Founder Search ( IT Services ),Scraped
343150573303,Youthtech Solutions LLP,2026-08-21 16:36:39,2026-08-21,Fri,16,Lamiya Saleem,Callback booked,GMeet Fixed,Lamiya Saleem,1.365,50,"no show, texted asking to reschedule, no reply yet",Founder Search ( IT Services ),Scraped
343150700280,Elightwalk Technology PVT. LTD.,2026-08-21 17:30:35,2026-08-21,Fri,17,Yuktha Anand,Chase sent,Interested,Yuktha Anand,1.136,46,No conversation; just said share details on WA,LinkedIn Sales Nav ( IT Services ),Scraped
343150701247,BrainStream Technolabs Pvt. Ltd.,2026-08-21 16:13:02,2026-08-21,Fri,16,Yuktha Anand,No pickup,No Pickup,Yuktha Anand,1.082,11,No response,LinkedIn Sales Nav ( IT Services ),Scraped
343150701252,Tabdelta Solutions,2026-08-21 13:03:47,2026-08-21,Fri,13,Lamiya Saleem,Script shared,Cold Call,Lamiya Saleem,0.95,118,"asked to share script, wants to check about the company before proceeding, shared script and company details via mail.",LinkedIn Sales Nav ( IT Services ),Scraped
343150701277,Celestial Infosoft,2026-08-20 18:20:28,2026-08-20,Thu,18,Lamiya Saleem,Not interested,Dead/ColdCall/Not Interested,Lamiya Saleem,0.169,46,not interested (hung up straight after LH2 AI),LinkedIn Sales Nav ( IT Services ),Scraped
343150701297,AIXTOR Technologies,2026-08-21 14:41:43,2026-08-21,Fri,14,Lamiya Saleem,No pickup,Cold Call,Lamiya Saleem,1.016,15,did not pick up,LinkedIn Sales Nav ( IT Services ),Scraped
343150701299,BrightForce Technologies Pvt Ltd,2026-08-20 18:01:15,2026-08-20,Thu,18,Lamiya Saleem,Callback booked,Cold Call,Lamiya Saleem,0.155,24,asked to call back later,LinkedIn Sales Nav ( IT Services ),Scraped
343150701299,BrightForce Technologies Pvt Ltd,2026-08-21 15:50:14,2026-08-21,Fri,15,Lamiya Saleem,No pickup,Cold Call,Lamiya Saleem,1.064,26,"line busy, did not pick up",LinkedIn Sales Nav ( IT Services ),Scraped
343150701304,White Label Fox®,2026-08-20 18:16:54,2026-08-20,Thu,18,Lamiya Saleem,No pickup,Cold Call,Lamiya Saleem,0.165,26,"line busy, did not pick up",LinkedIn Sales Nav ( IT Services ),Scraped
343150702279,Frontend Army,2026-08-20 17:25:21,2026-08-20,Thu,17,Lamiya Saleem,No pickup,Cold Call,Lamiya Saleem,0.129,15,did not pick up,LinkedIn Sales Nav ( IT Services ),Scraped
343150702294,AAGITE TECHNOLOGIES PVT. LTD.,2026-08-21 11:53:37,2026-08-21,Fri,11,Lamiya Saleem,Other,Dead/ColdCall/Not Interested,Lamiya Saleem,0.898,90,"said has signed NDA with clients even for dormant codebase, so wouldn't be able to proceed",LinkedIn Sales Nav ( IT Services ),Scraped
343154256630,Taction Software,2026-08-20 12:12:36,2026-08-20,Thu,12,Yuktha Anand,Other,Dead/ColdCall/Not Interested,Yuktha Anand,0.01,29,not willing to share any data,Founder Search ( IT Services ),Scraped
343154297534,Caret IT Solutions,2026-08-21 12:18:39,2026-08-21,Fri,12,Yuktha Anand,Bad number,No Pickup,Yuktha Anand,0.918,26,Temporarily out of service,LinkedIn Sales Nav ( IT Services ),Scraped
343154297592,Emerging Five,2026-08-20 18:12:09,2026-08-20,Thu,18,Yuktha Anand,Other,Interested,Yuktha Anand,0.161,66,"Mentioned he has many companies, will check if they have codebases",LinkedIn Sales Nav ( IT Services ),Scraped
343154298556,Developer Infotech,2026-08-20 17:19:43,2026-08-20,Thu,17,Lamiya Saleem,Chase sent,Interested,Lamiya Saleem,0.125,70,"unsure if he has PRs, said will check. asked to send WA (Mid priority)",LinkedIn Sales Nav ( IT Services ),Scraped
343154298574,STAD Solution,2026-08-20 15:07:13,2026-08-20,Thu,15,Yuktha Anand,No pickup,Cold Call,Yuktha Anand,0.032,11,No response,LinkedIn Sales Nav ( IT Services ),Scraped
343157867243,Virtual Coders,2026-08-21 12:33:28,2026-08-21,Fri,12,Lamiya Saleem,Script shared,Script Shared,Lamiya Saleem,0.928,48,"asked to share script, will work on it on monday",LinkedIn Sales Nav ( IT Services ),Scraped
343157868249,Kmphitech,2026-08-21 15:40:53,2026-08-21,Fri,15,Lamiya Saleem,No pickup,Cold Call,Lamiya Saleem,1.057,15,did not pick up,LinkedIn Sales Nav ( IT Services ),Scraped
343158316747,Azusys Technologies Private Limited,2026-08-21 17:03:41,2026-08-21,Fri,17,Lamiya Saleem,Other,Dead/ColdCall/WrongFit,Lamiya Saleem,0.199,22,"not our ICP, wrong fit",Founder Search ( IT Services ),Scraped
343159583449,Scalybee,2026-08-20 11:03:59,2026-08-20,Thu,11,Lamiya Saleem,Other,Cold Call,Lamiya Saleem,0.134,63,"very interested, said will schedule a meet, asked to send mail.",Founder Search ( IT Services ),Scraped
343159583449,Scalybee,2026-08-21 12:13:37,2026-08-21,Fri,12,Lamiya Saleem,Other,GMeet Fixed,Lamiya Saleem,1.183,15,fixed gmeet/ VC,Founder Search ( IT Services ),Scraped
343159583452,Bellcorp Studio,2026-08-20 11:42:47,2026-08-20,Thu,11,Yuktha Anand,Other,Interested,Yuktha Anand,0.161,20,Call back in 15 mins,Founder Search ( IT Services ),Scraped
343159583452,Bellcorp Studio,2026-08-20 12:10:16,2026-08-20,Thu,12,Yuktha Anand,Chase sent,Interested,Yuktha Anand,0.18,47,"Connecting me with CTO, will share number on WA",Founder Search ( IT Services ),Scraped
343159607001,Triggrsweb Solutions,2026-08-20 11:33:23,2026-08-20,Thu,11,Yuktha Anand,Other,Interested,Yuktha Anand,0.101,20,Call back in an hour,Founder Search ( IT Services ),Scraped
343159666404,MobileCoderz Technologies,2026-08-20 12:34:46,2026-08-20,Thu,12,Yuktha Anand,Bad number,No Pickup,Yuktha Anand,0.002,26,Temporarily out of service,Founder Search ( IT Services ),Scraped
343159696078,3Brain Technolabs Private Limited,2026-08-21 16:50:40,2026-08-21,Fri,16,Yuktha Anand,Other,Dead/ColdCall/WrongFit,Yuktha Anand,1.108,26,Wrong fit- started in 2024,LinkedIn Sales Nav ( IT Services ),Scraped
343159697104,Transcodezy IT Solutions Pvt. Ltd.,2026-08-21 12:13:17,2026-08-21,Fri,12,Lamiya Saleem,Script shared,Script Shared,Lamiya Saleem,0.914,13,shared script,LinkedIn Sales Nav ( IT Services ),Scraped
343159699171,UNIKWORK,2026-08-20 17:12:05,2026-08-20,Thu,17,Yuktha Anand,Disqualified,Dead/ColdCall/WrongFit,Yuktha Anand,0.119,18,No IP on codebases,LinkedIn Sales Nav ( IT Services ),Scraped
343159700155,Codeyiizen Software & Services Pvt. Ltd.,2026-08-20 16:54:10,2026-08-20,Thu,16,Yuktha Anand,Not interested,Dead/ColdCall/Not Interested,Yuktha Anand,0.105,14,Not interested,Founder Search ( IT Services ),Scraped
343166789318,XCode Web Solutions,2026-08-20 11:59:03,2026-08-20,Thu,11,Yuktha Anand,Not interested,Dead/ColdCall/Not Interested,Yuktha Anand,0.173,14,Not interested,Founder Search ( IT Services ),Scraped
343166850779,Samin TekMindz,2026-08-20 11:34:28,2026-08-20,Thu,11,Lamiya Saleem,No pickup,Cold Call,Lamiya Saleem,0.014,15,Did not pick up,Founder Search ( IT Services ),Scraped
343166870217,Xeliumtech Solutions,2026-08-20 12:56:32,2026-08-20,Thu,12,Lamiya Saleem,No pickup,Cold Call,Lamiya Saleem,0.017,29,"Switched off, did not pick up",Founder Search ( IT Services ),Scraped
343166901970,Moltech Solutions Inc,2026-08-20 18:33:59,2026-08-20,Thu,18,Lamiya Saleem,Not interested,Cold Call,Lamiya Saleem,0.179,37,not interested (hung up after LH2 AI),LinkedIn Sales Nav ( IT Services ),Scraped
343166901973,"Wan Buffer Services - Odoo Partner, Expert in Solution Integration and Business Automation +AI",2026-08-21 15:46:46,2026-08-21,Fri,15,Lamiya Saleem,No pickup,Cold Call,Lamiya Saleem,1.063,41,call cannot be connected? did not pick up,LinkedIn Sales Nav ( IT Services ),Scraped
343166901994,Maxlink IT Solutions Pvt. Ltd.,2026-08-21 12:16:53,2026-08-21,Fri,12,Yuktha Anand,No pickup,Dead/ColdCall/WrongNumber,Yuktha Anand,0.916,11,No response,LinkedIn Sales Nav ( IT Services ),Scraped
343166902990,MultiQoS Technologies Pvt. Ltd.,2026-08-21 14:40:18,2026-08-21,Fri,14,Lamiya Saleem,Bad number,Cold Call,Lamiya Saleem,1.014,43,"temporarily out of service, did not pick up",LinkedIn Sales Nav ( IT Services ),Scraped
343166902993,Hexaforge Technologies LLP,2026-08-20 17:15:51,2026-08-20,Thu,17,Yuktha Anand,Not interested,Dead/ColdCall/Not Interested,Yuktha Anand,0.122,14,Not interested,LinkedIn Sales Nav ( IT Services ),Scraped
343166903016,Atya Inno LLP,2026-08-20 15:01:47,2026-08-20,Thu,15,Yuktha Anand,Disqualified,Interested,Yuktha Anand,0.028,132,"Most of the projects they don't have IP on it Founder mentioned there are some which are shut down, he will get back on if they have",LinkedIn Sales Nav ( IT Services ),Scraped
343168547545,Nliven Technologies Pvt. Ltd.,2026-08-20 12:47:41,2026-08-20,Thu,12,Yuktha Anand,Bad number,Dead/ColdCall/WrongNumber,Yuktha Anand,0.207,20,Number doesn't exist,Founder Search ( IT Services ),Scraped
343168664300,CollarUp AI,2026-08-21 17:22:57,2026-08-21,Fri,17,Yuktha Anand,No pickup,No Pickup,Yuktha Anand,1.131,11,No response,LinkedIn Sales Nav ( IT Services ),Scraped
343168664310,CodeCaste Pvt Ltd,2026-08-21 12:48:22,2026-08-21,Fri,12,Lamiya Saleem,Other,Dead/ColdCall/WrongFit,Lamiya Saleem,0.939,22,"wrong fit, not our ICP",LinkedIn Sales Nav ( IT Services ),Scraped
343168666309,Nexotips Infotech,2026-08-20 18:32:48,2026-08-20,Thu,18,Yuktha Anand,Other,Cold Call,Yuktha Anand,0.176,118,Very low LOC's and no PRs But the founder insisted on script being shared he said he will also speak to other founders,LinkedIn Sales Nav ( IT Services ),Scraped
343168666349,Fulminous Software,2026-08-20 14:43:37,2026-08-20,Thu,14,Lamiya Saleem,Not interested,Cold Call,Lamiya Saleem,0.014,90,"did not pick up, he called back, said will lmk if they're interested (defo not interested)",Founder Search ( IT Services ),Scraped
343170465523,Closeloop Technologies,2026-08-20 11:33:11,2026-08-20,Thu,11,Lamiya Saleem,Other,Dead/ColdCall/WrongNumber,Lamiya Saleem,0.013,9,wrong POC,Founder Search ( IT Services ),Scraped
343170516726,Infibrain Technologies LLP,2026-08-21 15:00:56,2026-08-21,Fri,15,Lamiya Saleem,No pickup,Cold Call,Lamiya Saleem,1.032,15,did not pick up,LinkedIn Sales Nav ( IT Services ),Scraped
343170517744,Reyna Solutions Pvt Ltd,2026-08-20 18:27:54,2026-08-20,Thu,18,Lamiya Saleem,Chase sent,Interested,Lamiya Saleem,0.174,135,"sounds interested, but wanted more details on the company and proposal. asked to send a mail and then she can discuss with her partners",LinkedIn Sales Nav ( IT Services ),Scraped
343170518733,TechCompose Solutions Pvt. Ltd.,2026-08-21 11:19:50,2026-08-21,Fri,11,Yuktha Anand,No pickup,No Pickup,Yuktha Anand,0.876,11,No response,LinkedIn Sales Nav ( IT Services ),Scraped
343170518734,"Digiclarity, LLC",2026-08-20 18:41:00,2026-08-20,Thu,18,Yuktha Anand,Chase sent,Interested,Yuktha Anand,0.182,29,Asked to send details over WA,LinkedIn Sales Nav ( IT Services ),Scraped
343170518735,Resolute Solutions,2026-08-20 18:36:14,2026-08-20,Thu,18,Yuktha Anand,No pickup,No Pickup,Yuktha Anand,0.179,11,No response,LinkedIn Sales Nav ( IT Services ),Scraped
343170518737,Wappnet Systems,2026-08-20 17:23:44,2026-08-20,Thu,17,Lamiya Saleem,Not interested,Dead/ColdCall/Not Interested,Lamiya Saleem,0.128,46,"does not have dormant codebase, not interested",LinkedIn Sales Nav ( IT Services ),Scraped
343172163285,NMG Technologies,2026-08-20 12:09:52,2026-08-20,Thu,12,Lamiya Saleem,No pickup,No Pickup,Lamiya Saleem,0.18,15,did not pick up,Founder Search ( IT Services ),Scraped
343172163287,Locus,2026-08-20 12:08:09,2026-08-20,Thu,12,Lamiya Saleem,Other,Dead/ColdCall/Not Interested,Lamiya Saleem,0.179,14,cannot license,Founder Search ( IT Services ),Scraped
343172249322,Techfern Websolutions Pvt. Ltd.,2026-08-20 12:49:51,2026-08-20,Thu,12,Lamiya Saleem,Callback booked,Cold Call,Lamiya Saleem,0.012,47,"said will call back later, unsure if interested",Founder Search ( IT Services ),Scraped
343172275928,Altum,2026-08-21 14:51:32,2026-08-21,Fri,14,Lamiya Saleem,No pickup,No Pickup,Lamiya Saleem,1.025,15,did not pick up,LinkedIn Sales Nav ( IT Services ),Scraped
343172275929,SoluteLabs,2026-08-21 15:24:44,2026-08-21,Fri,15,Yuktha Anand,Bad number,Dead/ColdCall/WrongNumber,Yuktha Anand,1.048,12,Wrong number,LinkedIn Sales Nav ( IT Services ),Scraped
343172276973,Geetaxmi Technologies Pvt. Ltd.,2026-08-20 16:55:50,2026-08-20,Thu,16,Lamiya Saleem,No pickup,Cold Call,Lamiya Saleem,0.108,15,did not pick up,LinkedIn Sales Nav ( IT Services ),Scraped
343172277955,Infyum,2026-08-21 11:33:57,2026-08-21,Fri,11,Lamiya Saleem,Disqualified,Dead/ColdCall/WrongFit,Lamiya Saleem,0.883,39,"creative agency, no codebase, wrong fit",LinkedIn Sales Nav ( IT Services ),Scraped
343175822012,HyperBeans,2026-08-20 12:15:10,2026-08-20,Thu,12,Yuktha Anand,Bad number,Dead/ColdCall/WrongNumber,Yuktha Anand,0.012,20,number doesn't exist,Founder Search ( IT Services ),Scraped
343175827142,KGN Technologies,2026-08-20 12:23:16,2026-08-20,Thu,12,Yuktha Anand,Bad number,Dead/ColdCall/WrongNumber,Yuktha Anand,0.004,20,Number doesn't exist,Apollo Search ( IT Services ),Scraped
343175858882,byPeople Technologies,2026-08-21 16:13:54,2026-08-21,Fri,16,Yuktha Anand,Bad number,Dead/ColdCall/WrongNumber,Yuktha Anand,1.082,20,Number doesn't exist,LinkedIn Sales Nav ( IT Services ),Scraped
343175858902,Nupeak IT Solutions LLP,2026-08-21 11:18:53,2026-08-21,Fri,11,Lamiya Saleem,No pickup,Cold Call,Lamiya Saleem,0.877,15,did not pick up,LinkedIn Sales Nav ( IT Services ),Scraped
343175858933,TecMantras Solutions,2026-08-20 17:54:36,2026-08-20,Thu,17,Lamiya Saleem,Chase sent,Interested,Lamiya Saleem,0.15,74,"asked to send WA, will check about company and book meeting (mid priority)",LinkedIn Sales Nav ( IT Services ),Scraped
343175859898,Tark Technologies,2026-08-20 17:45:09,2026-08-20,Thu,17,Lamiya Saleem,Chase sent,Interested,Lamiya Saleem,0.143,50,asked to send WA with proposal. sounded interested,LinkedIn Sales Nav ( IT Services ),Scraped
343175859956,NetSet Software Solutions,2026-08-20 16:55:37,2026-08-20,Thu,16,Yuktha Anand,No pickup,No Pickup,Yuktha Anand,0.106,11,No response,Founder Search ( IT Services ),Scraped
343177627371,WDP Technologies Pvt. Ltd.,2026-08-20 12:03:23,2026-08-20,Thu,12,Lamiya Saleem,Not interested,Dead/ColdCall/Not Interested,Lamiya Saleem,0.034,38,not interested (not willing to listen),Founder Search ( IT Services ),Scraped
343177667290,TechAbbot,2026-08-21 17:59:33,2026-08-21,Fri,17,Lamiya Saleem,No pickup,Dead/ColdCall/Not Interested,Lamiya Saleem,1.155,45,"hung up after hi, considering this no pick up",LinkedIn Sales Nav ( IT Services ),Scraped
343181058770,VersionX,2026-08-20 12:58:09,2026-08-20,Thu,12,Lamiya Saleem,Not interested,Dead/ColdCall/Not Interested,Lamiya Saleem,0.328,14,not interested,Founder Search ( IT Services ),Scraped
343181237957,Ivan Infotech Pvt Ltd,2026-08-20 12:20:59,2026-08-20,Thu,12,Yuktha Anand,Bad number,Dead/ColdCall/WrongNumber,Yuktha Anand,0.016,12,Wrong number,Founder Search ( IT Services ),Scraped
343181269743,CODEVISION TECHNOLOGIES PRIVATE LIMITED,2026-08-21 14:44:54,2026-08-21,Fri,14,Lamiya Saleem,Other,Interested,Lamiya Saleem,1.02,89,"said we can connect on Monday, currently on vacation. Sounded interested (high priority),",LinkedIn Sales Nav ( IT Services ),Scraped
343181269746,Orbrick Consulting Private Limited,2026-08-21 18:04:18,2026-08-21,Fri,18,Lamiya Saleem,Bad number,Cold Call,Lamiya Saleem,1.158,33,"high court advocate, wrong number",LinkedIn Sales Nav ( IT Services ),Scraped
343181270775,Crenspire Technologies,2026-08-20 18:19:26,2026-08-20,Thu,18,Yuktha Anand,Callback booked,Interested,Yuktha Anand,0.167,45,"Travelling, asked to call back tomorrow at 11",LinkedIn Sales Nav ( IT Services ),Scraped
343181271753,S2soft Infotech LLP,2026-08-20 16:06:33,2026-08-20,Thu,16,Yuktha Anand,Disqualified,Dead/ColdCall/WrongFit,Yuktha Anand,0.074,23,Wrong fit- no codebases,LinkedIn Sales Nav ( IT Services ),Scraped
343182839513,MACROFIX,2026-08-20 11:58:29,2026-08-20,Thu,11,Lamiya Saleem,No pickup,Cold Call,Lamiya Saleem,0.286,15,did not pick up,Founder Search ( IT Services ),Scraped
343183082186,Crompt AI,2026-08-21 14:49:02,2026-08-21,Fri,14,Lamiya Saleem,Not interested,Dead/ColdCall/Not Interested,Lamiya Saleem,1.023,66,"said not interested, wasn't ready to listen, did not give a reason",LinkedIn Sales Nav ( IT Services ),Scraped
343183082196,LogicRays Technologies Pvt. Ltd.,2026-08-21 13:26:39,2026-08-21,Fri,13,Yuktha Anand,Other,Interested,Yuktha Anand,0.965,42,"Only wants to converse via mail, mail sent",LinkedIn Sales Nav ( IT Services ),Scraped
343183082210,Neo phoenix,2026-08-21 12:49:02,2026-08-21,Fri,12,Yuktha Anand,Callback booked,Interested,Yuktha Anand,0.939,20,Call back at 3:00 PM,LinkedIn Sales Nav ( IT Services ),Scraped
343183082210,Neo phoenix,2026-08-21 15:48:03,2026-08-21,Fri,15,Yuktha Anand,Meeting fixed,GMeet Fixed,Yuktha Anand,1.063,33,Gmeet fixed for 3:30 PM on Monday,LinkedIn Sales Nav ( IT Services ),Scraped
343183082212,Tecblic,2026-08-21 12:45:13,2026-08-21,Fri,12,Yuktha Anand,Other,Cold Call,Yuktha Anand,0.936,42,"In back to back meetings, asked for a mail",LinkedIn Sales Nav ( IT Services ),Scraped
343183082218,CreatPix Infotech LLP - Shopify Development Agency,2026-08-21 18:00:27,2026-08-21,Fri,18,Lamiya Saleem,Other,Dead/GMeet/wrong fit,Lamiya Saleem,1.155,30,"not our ICP, shopify developer",LinkedIn Sales Nav ( IT Services ),Scraped
343183083201,ZipBooks Software Solutions Pvt. Ltd,2026-08-20 18:15:44,2026-08-20,Thu,18,Yuktha Anand,No pickup,No Pickup,Yuktha Anand,0.164,11,No response,LinkedIn Sales Nav ( IT Services ),Scraped
343183083211,Self-employed,2026-08-20 15:25:49,2026-08-20,Thu,15,Yuktha Anand,Other,Interested,Yuktha Anand,0.045,10,CB at 5:30,LinkedIn Sales Nav ( IT Services ),Scraped
343183083213,FCR DEVELOPMENT PRIVATE LIMITED,2026-08-21 11:22:43,2026-08-21,Fri,11,Lamiya Saleem,Bad number,Cold Call,Lamiya Saleem,0.876,12,wrong number,LinkedIn Sales Nav ( IT Services ),Scraped
343183083235,HexaCoder Technologies,2026-08-20 15:21:10,2026-08-20,Thu,15,Yuktha Anand,No pickup,No Pickup,Yuktha Anand,0.041,11,No response,LinkedIn Sales Nav ( IT Services ),Scraped
343191974612,Kryptoninc,2026-08-20 11:39:43,2026-08-20,Thu,11,Yuktha Anand,Callback booked,Interested,Yuktha Anand,0.159,47,"In a meeting, asked to call back in the evening",Founder Search ( IT Services ),Scraped
343193860801,iGeek,2026-08-21 17:34:50,2026-08-21,Fri,17,Yuktha Anand,No pickup,No Pickup,Yuktha Anand,1.139,12,Switched off,LinkedIn Sales Nav ( IT Services ),Scraped
343193861841,Whitelotus Corporation,2026-08-21 11:53:18,2026-08-21,Fri,11,Yuktha Anand,No pickup,Cold Call,Yuktha Anand,0.899,11,No response,LinkedIn Sales Nav ( IT Services ),Scraped
343193861872,Eclat Engineering Pvt. Ltd.,2026-08-21 11:18:45,2026-08-21,Fri,11,Yuktha Anand,No pickup,No Pickup,Yuktha Anand,0.875,11,No response,LinkedIn Sales Nav ( IT Services ),Scraped
343193861872,Eclat Engineering Pvt. Ltd.,2026-08-21 12:08:05,2026-08-21,Fri,12,Yuktha Anand,Other,Interested,Yuktha Anand,0.909,42,Will loop the CTO; Gmeet to be fixed today,LinkedIn Sales Nav ( IT Services ),Scraped
343193862867,Tesla Power USA,2026-08-20 15:59:04,2026-08-20,Thu,15,Yuktha Anand,Other,Dead/ColdCall/WrongFit,Yuktha Anand,0.068,9,Wrong fit,LinkedIn Sales Nav ( IT Services ),Scraped
343208022751,Geek Web Solution,2026-08-20 18:22:34,2026-08-20,Thu,18,Lamiya Saleem,Not interested,Dead/ColdCall/Not Interested,Lamiya Saleem,0.17,14,Not interested,LinkedIn Sales Nav ( IT Services ),Scraped
343208022752,MegaMinds Technologies Private Limited,2026-08-21 12:54:14,2026-08-21,Fri,12,Lamiya Saleem,Disqualified,Dead/ColdCall/Not Interested,Lamiya Saleem,0.942,30,"no dormant codebase, wrong fit",LinkedIn Sales Nav ( IT Services ),Scraped
343209709297,SoftCore Solutions,2026-08-20 11:56:04,2026-08-20,Thu,11,Lamiya Saleem,Bad number,Cold Call,Lamiya Saleem,0.171,48,"call not going through, so guessing wrong number",Founder Search ( IT Services ),Scraped
343209709299,SMT Labs Private Limited,2026-08-20 11:36:07,2026-08-20,Thu,11,Lamiya Saleem,No pickup,Cold Call,Lamiya Saleem,0.157,15,did not pick up,Founder Search ( IT Services ),Scraped
343209813713,Codes Technology,2026-08-20 18:24:10,2026-08-20,Thu,18,Lamiya Saleem,No pickup,Cold Call,Lamiya Saleem,0.171,15,did not pick up,LinkedIn Sales Nav ( IT Services ),Scraped
343209813734,ABJ Experts,2026-08-20 17:30:17,2026-08-20,Thu,17,Lamiya Saleem,Other,Interested,Lamiya Saleem,0.133,96,asked to connect tomorrow morning since he is not the tech person and he is currently travelling,LinkedIn Sales Nav ( IT Services ),Scraped
343209814721,JKSOL INFOTECH,2026-08-20 14:54:15,2026-08-20,Thu,14,Yuktha Anand,No pickup,No Pickup,Yuktha Anand,0.023,11,No response,LinkedIn Sales Nav ( IT Services ),Scraped
343209814723,IDEfforts,2026-08-20 15:09:24,2026-08-20,Thu,15,Lamiya Saleem,Callback booked,Interested,Lamiya Saleem,0.033,90,"asked to call back tomorrow evening, will redirect me to the right person (v low priority)",LinkedIn Sales Nav ( IT Services ),Scraped
343214387958,Minds Task Technologies,2026-08-20 13:21:13,2026-08-20,Thu,13,Lamiya Saleem,Script shared,Script Shared,Lamiya Saleem,0.344,81,"asked to contact Sudhanshu: 87 50 24 9810 , said will run script so shared script",Founder Search ( IT Services ),Scraped
343214594770,Aviasole Technologies,2026-08-21 11:57:16,2026-08-21,Fri,11,Yuktha Anand,Disqualified,Dead/ColdCall/WrongFit,Yuktha Anand,0.902,12,No codebases,LinkedIn Sales Nav ( IT Services ),Scraped
343214594796,ValueVerse Consulting,2026-08-20 17:42:03,2026-08-20,Thu,17,Yuktha Anand,Other,Dead/ColdCall/WrongFit,Yuktha Anand,0.14,26,Wrong fit- started in 2025,LinkedIn Sales Nav ( IT Services ),Scraped
343214594805,Netsol IT Solutions Pvt. Ltd.,2026-08-20 15:51:49,2026-08-20,Thu,15,Lamiya Saleem,No pickup,Cold Call,Lamiya Saleem,0.063,39,"call not going through, did not pick up",LinkedIn Sales Nav ( IT Services ),Scraped
343216157404,Innobins Decision Science Pvt Ltd,2026-08-20 12:59:28,2026-08-20,Thu,12,Lamiya Saleem,Bad number,Cold Call,Lamiya Saleem,0.329,45,"call not going through, guessing wrong number",Founder Search ( IT Services ),Scraped
343216157411,Cybrain Software Solutions,2026-08-20 12:17:17,2026-08-20,Thu,12,Lamiya Saleem,No pickup,Cold Call,Lamiya Saleem,0.299,15,did not pick up,Founder Search ( IT Services ),Scraped
343221675764,Polestar Analytics,2026-08-20 10:53:32,2026-08-20,Thu,10,Lamiya Saleem,No pickup,Cold Call,Lamiya Saleem,0.04,15,Did not pick up,Founder Search ( IT Services ),Scraped
343221732081,WebCreta Technologies,2026-08-21 15:35:28,2026-08-21,Fri,15,Yuktha Anand,Chase sent,Dead/ColdCall/WrongFit,Yuktha Anand,1.055,81,No inactive projects Keeping this lead engaged on WA as it seems like a good lead,LinkedIn Sales Nav ( IT Services ),Scraped
343221732084,Accessibility Assistant,2026-08-21 15:44:53,2026-08-21,Fri,15,Lamiya Saleem,Other,Dead/ColdCall/Not Interested,Lamiya Saleem,1.062,82,"said does not have any inactive codebase, checked twice asking about this. said no",LinkedIn Sales Nav ( IT Services ),Scraped
343221733054,Goldenedge Software,2026-08-21 14:38:41,2026-08-21,Fri,14,Yuktha Anand,Disqualified,Dead/ColdCall/WrongFit,Yuktha Anand,1.016,12,No codebases,LinkedIn Sales Nav ( IT Services ),Scraped
343221733077,Praeclarum Tech,2026-08-21 12:22:58,2026-08-21,Fri,12,Yuktha Anand,Bad number,Dead/ColdCall/WrongNumber,Yuktha Anand,0.921,20,Number doesn't exist,LinkedIn Sales Nav ( IT Services ),Scraped
343221733106,Orbrick Consulting,2026-08-21 18:12:01,2026-08-21,Fri,18,Lamiya Saleem,Callback booked,Dead/ColdCall/Not Interested,Lamiya Saleem,1.162,140,"said they are a young firm so no inactive codebase, but will check with other firms. asked to share a WA so he can share with other partners",LinkedIn Sales Nav ( IT Services ),Scraped
343221734082,Creyox Technologies,2026-08-21 11:10:37,2026-08-21,Fri,11,Yuktha Anand,Disqualified,Dead/ColdCall/Not Interested,Yuktha Anand,0.869,12,No codebases,LinkedIn Sales Nav ( IT Services ),Scraped
343221734096,Tykkit,2026-08-20 16:00:25,2026-08-20,Thu,16,Yuktha Anand,No pickup,No Pickup,Yuktha Anand,0.069,11,No response,LinkedIn Sales Nav ( IT Services ),Scraped
343221734099,Hevin Technoweb,2026-08-20 15:37:35,2026-08-20,Thu,15,Lamiya Saleem,Script shared,Script Shared,Lamiya Saleem,0.053,13,shared script,LinkedIn Sales Nav ( IT Services ),Scraped
343221734102,Magenta Connect Pvt Ltd,2026-08-20 15:24:31,2026-08-20,Thu,15,Lamiya Saleem,No pickup,Cold Call,Lamiya Saleem,0.044,15,did not pick up,LinkedIn Sales Nav ( IT Services ),Scraped
343221734112,Sky Technovation,2026-08-20 15:03:44,2026-08-20,Thu,15,Lamiya Saleem,Bad number,Cold Call,Lamiya Saleem,0.029,12,wrong number,LinkedIn Sales Nav ( IT Services ),Scraped
343221734118,Winux Software Solutions Pvt Ltd,2026-08-20 17:40:29,2026-08-20,Thu,17,Yuktha Anand,Chase sent,Interested,Yuktha Anand,0.137,15,WA message sent,Founder Search ( IT Services ),Scraped
343222225620,Avante Spaces Limited,2026-08-21 17:06:51,2026-08-21,Fri,17,Lamiya Saleem,Other,Dead/ColdCall/WrongFit,Lamiya Saleem,0.202,22,"not our ICP, wrong fit",Founder Search ( IT Services ),Scraped
343225052872,Stalwart Info,2026-08-20 12:27:48,2026-08-20,Thu,12,Yuktha Anand,Other,Interested,Yuktha Anand,0.193,66,"In meetings, asked for a mail Doesn't look like a very strong lead",Founder Search ( IT Services ),Scraped
343225133800,Instance IT Solutions,2026-08-20 12:00:11,2026-08-20,Thu,12,Lamiya Saleem,Not interested,Dead/ColdCall/Not Interested,Lamiya Saleem,0.001,14,not interested,Founder Search ( IT Services ),Scraped
343225142992,ThePlanetSoft,2026-08-20 12:47:18,2026-08-20,Thu,12,Lamiya Saleem,No pickup,Cold Call,Lamiya Saleem,0.011,15,did not pick up,Founder Search ( IT Services ),Scraped
343225170669,Knackroot TechnoLabs LLP,2026-08-21 16:49:08,2026-08-21,Fri,16,Yuktha Anand,No pickup,Cold Call,Yuktha Anand,1.107,11,No response,LinkedIn Sales Nav ( IT Services ),Scraped
343225171673,Uncanny Consulting Services LLP,2026-08-21 12:18:24,2026-08-21,Fri,12,Lamiya Saleem,No pickup,Cold Call,Lamiya Saleem,0.918,15,did not pick up,LinkedIn Sales Nav ( IT Services ),Scraped
343225171676,Nyusoft Solutions,2026-08-21 12:38:06,2026-08-21,Fri,12,Yuktha Anand,Bad number,Dead/ColdCall/WrongNumber,Yuktha Anand,0.931,20,Number doesn't exist,LinkedIn Sales Nav ( IT Services ),Scraped
343225171682,Emipro,2026-08-21 12:21:01,2026-08-21,Fri,12,Yuktha Anand,Callback booked,Interested,Yuktha Anand,0.919,47,"In a meeting, asked to call back in the evening",LinkedIn Sales Nav ( IT Services ),Scraped
343225171690,MindQuad Solutions,2026-08-20 17:48:47,2026-08-20,Thu,17,Lamiya Saleem,No pickup,No Pickup,Lamiya Saleem,0.147,39,"call not going through, did not pick up",LinkedIn Sales Nav ( IT Services ),Scraped
343225172687,StrikeOneStudios,2026-08-21 17:57:34,2026-08-21,Fri,17,Lamiya Saleem,Callback booked,Interested,Lamiya Saleem,1.151,78,"asked to call back on monday, should check with management. unsure if relevant",LinkedIn Sales Nav ( IT Services ),Scraped
343225172718,NetVenture Digital Solutions Pvt. Ltd.,2026-08-20 14:41:56,2026-08-20,Thu,14,Lamiya Saleem,Not interested,Dead/ColdCall/Not Interested,Lamiya Saleem,0.013,14,not interested,Founder Search ( IT Services ),Scraped
343228671678,VIBIDSOFT,2026-08-20 11:06:15,2026-08-20,Thu,11,Yuktha Anand,Other,Interested,Yuktha Anand,0.048,18,Asked to send mail,Founder Search ( IT Services ),Scraped
343228701379,NDIMENSION LABS,2026-08-20 12:04:51,2026-08-20,Thu,12,Lamiya Saleem,No pickup,Cold Call,Lamiya Saleem,0.005,15,did not pick up,Founder Search ( IT Services ),Scraped
343228745440,Webs Optimization Software Solution,2026-08-21 12:16:13,2026-08-21,Fri,12,Lamiya Saleem,Bad number,Cold Call,Lamiya Saleem,0.917,35,"Number does not exist, wrong number",LinkedIn Sales Nav ( IT Services ),Scraped
343228746433,"InstaCloud Solutions | AI, Cloud & Data Experts | Driving Innovation & Digital Transformation",2026-08-21 12:55:24,2026-08-21,Fri,12,Yuktha Anand,No pickup,No Pickup,Yuktha Anand,0.944,11,No response,LinkedIn Sales Nav ( IT Services ),Scraped
343228746442,ADDACT,2026-08-21 11:16:30,2026-08-21,Fri,11,Lamiya Saleem,No pickup,Cold Call,Lamiya Saleem,0.875,15,did not pick up,LinkedIn Sales Nav ( IT Services ),Scraped
343228746475,Techvoot,2026-08-21 11:39:55,2026-08-21,Fri,11,Yuktha Anand,No pickup,Cold Call,Yuktha Anand,0.89,11,No response,LinkedIn Sales Nav ( IT Services ),Scraped
343228747469,Softvan Pvt Ltd | A Sahana System Group Company.,2026-08-21 11:39:30,2026-08-21,Fri,11,Lamiya Saleem,Chase sent,Cold Call,Lamiya Saleem,0.889,36,"said is travelling, asked to send WA",LinkedIn Sales Nav ( IT Services ),Scraped
343230472900,RichestSoft,2026-08-20 11:24:29,2026-08-20,Thu,11,Yuktha Anand,Bad number,No Pickup,Yuktha Anand,0.007,26,Temporarily out of service,Founder Search ( IT Services ),Scraped
343230486252,WeDigTech,2026-08-20 12:35:40,2026-08-20,Thu,12,Lamiya Saleem,No pickup,Cold Call,Lamiya Saleem,0.003,15,did not pick up,Founder Search ( IT Services ),Scraped
343230517973,SVAAPTA IT-ALLY SOLUTIONS Pvt Ltd,2026-08-21 11:57:24,2026-08-21,Fri,11,Lamiya Saleem,Chase sent,Interested,Lamiya Saleem,0.903,51,"asked to send WA, low priority in terms of interest",LinkedIn Sales Nav ( IT Services ),Scraped
343230517988,Whyphy Technologies,2026-08-21 11:50:27,2026-08-21,Fri,11,Yuktha Anand,Bad number,Dead/ColdCall/WrongNumber,Yuktha Anand,0.897,12,Wrong number,LinkedIn Sales Nav ( IT Services ),Scraped
343230517990,WeyBee Solutions Pvt Ltd,2026-08-21 11:46:09,2026-08-21,Fri,11,Yuktha Anand,Callback booked,Interested,Yuktha Anand,0.894,42,"In a meeting, asked to call in the evening",LinkedIn Sales Nav ( IT Services ),Scraped
343230517990,WeyBee Solutions Pvt Ltd,2026-08-21 16:08:25,2026-08-21,Fri,16,Yuktha Anand,No pickup,Interested,Yuktha Anand,1.076,11,No response,LinkedIn Sales Nav ( IT Services ),Scraped
343230519000,BinStellar Technologies Pvt. Ltd.,2026-08-20 14:45:03,2026-08-20,Thu,14,Lamiya Saleem,No pickup,Cold Call,Lamiya Saleem,0.015,26,"line busy, did not pick up",LinkedIn Sales Nav ( IT Services ),Scraped
343232262850,Saffron Tech,2026-08-20 12:39:50,2026-08-20,Thu,12,Yuktha Anand,No pickup,No Pickup,Yuktha Anand,0.006,11,No response,Founder Search ( IT Services ),Scraped
343232289514,Stealth AI Startup,2026-08-21 17:33:47,2026-08-21,Fri,17,Yuktha Anand,No pickup,No Pickup,Yuktha Anand,1.138,11,no response,LinkedIn Sales Nav ( IT Services ),Scraped
343232289515,Webelight Solutions,2026-08-21 15:14:58,2026-08-21,Fri,15,Yuktha Anand,Meeting fixed,GMeet Fixed,Yuktha Anand,1.042,34,Gmeet fixed for 2:00 PM on Tuesday,LinkedIn Sales Nav ( IT Services ),Scraped
343232289520,TechMatrix,2026-08-21 16:42:56,2026-08-21,Fri,16,Yuktha Anand,Other,Cold Call,Yuktha Anand,1.102,74,Other company SRInfoway has around 100 projects; No PRs; have good commits,LinkedIn Sales Nav ( IT Services ),Scraped
343232291540,Microweb Solutions,2026-08-21 15:52:27,2026-08-21,Fri,15,Lamiya Saleem,Bad number,Cold Call,Lamiya Saleem,1.064,12,wrong number,LinkedIn Sales Nav ( IT Services ),Scraped
343234018027,Congruent,2026-08-20 10:57:40,2026-08-20,Thu,10,Lamiya Saleem,No pickup,Cold Call,Lamiya Saleem,0.076,26,"line busy, did not pick up",Founder Search ( IT Services ),Scraped
343234018028,Techknow Deviser Professional Pvt. Ltd.,2026-08-20 10:55:03,2026-08-20,Thu,10,Lamiya Saleem,Bad number,Cold Call,Lamiya Saleem,0.074,12,wrong number,Founder Search ( IT Services ),Scraped
343234051796,Instinctools,2026-08-20 10:43:08,2026-08-20,Thu,10,Lamiya Saleem,Not interested,Cold Call,Lamiya Saleem,0.032,76,"did not pick up, he called back said not interested (wasn't ready to listen)",Founder Search ( IT Services ),Scraped
343234118373,BMV System Integration Pvt Ltd,2026-08-21 15:25:26,2026-08-21,Fri,15,Lamiya Saleem,Chase sent,Interested,Lamiya Saleem,1.049,106,asked to send a mail with proposal and company details. will schedule a meeting if relevant (mid priority),LinkedIn Sales Nav ( IT Services ),Scraped
343234118374,Nyusoft Solutions LLP,2026-08-21 12:46:13,2026-08-21,Fri,12,Lamiya Saleem,Chase sent,Interested,Lamiya Saleem,0.938,61,asked to send a mail (very low priority in terms of interest),LinkedIn Sales Nav ( IT Services ),Scraped
343234118379,Wokontech IT Solution,2026-08-21 16:15:52,2026-08-21,Fri,16,Yuktha Anand,No pickup,Cold Call,Yuktha Anand,1.084,11,No response,LinkedIn Sales Nav ( IT Services ),Scraped
343234118383,Cloud Native Rajkot,2026-08-21 15:14:55,2026-08-21,Fri,15,Lamiya Saleem,No pickup,Cold Call,Lamiya Saleem,1.041,15,did not pick up,LinkedIn Sales Nav ( IT Services ),Scraped
343234119363,Cephei Infotech,2026-08-21 13:02:10,2026-08-21,Fri,13,Yuktha Anand,Other,Script Shared,Yuktha Anand,0.948,32,Script shared; they maintain PRs,LinkedIn Sales Nav ( IT Services ),Scraped
343234119410,D&K Group,2026-08-20 17:37:23,2026-08-20,Thu,17,Lamiya Saleem,Chase sent,Interested,Lamiya Saleem,0.138,55,"asked to send a WA, will forward to team (mid priority)",LinkedIn Sales Nav ( IT Services ),Scraped
343234120379,Axone Infotech India,2026-08-20 17:45:19,2026-08-20,Thu,17,Yuktha Anand,Disqualified,Dead/ColdCall/WrongFit,Yuktha Anand,0.143,12,No codebases,LinkedIn Sales Nav ( IT Services ),Scraped
343234120387,Dit Interactive Pvt Ltd,2026-08-20 15:33:14,2026-08-20,Thu,15,Yuktha Anand,No pickup,No Pickup,Yuktha Anand,0.05,11,No response,LinkedIn Sales Nav ( IT Services ),Scraped
343234120388,Hyvikk Solutions,2026-08-20 16:19:59,2026-08-20,Thu,16,Lamiya Saleem,No pickup,Cold Call,Lamiya Saleem,0.083,15,did not pick up,LinkedIn Sales Nav ( IT Services ),Scraped
343234120394,BinStellar Technologies Pvt. Ltd.,2026-08-20 17:07:50,2026-08-20,Thu,17,Yuktha Anand,Other,Dead/ColdCall/WrongNumber,Yuktha Anand,0.116,18,No contact details,LinkedIn Sales Nav ( IT Services ),Scraped
343237596869,Sensation Software Solutions,2026-08-20 12:31:55,2026-08-20,Thu,12,Lamiya Saleem,Chase sent,Interested,Lamiya Saleem,0.196,112,"said he has to discuss with the team, cannot take a decision immediately since new concept. asked to send a mail",Founder Search ( IT Services ),Scraped
343237596871,OneRoof Technologies LLP,2026-08-20 11:38:40,2026-08-20,Thu,11,Lamiya Saleem,No pickup,Cold Call,Lamiya Saleem,0.159,26,"line busy, did not pick up",Founder Search ( IT Services ),Scraped
343237724901,Krtya Softwares,2026-08-21 13:15:02,2026-08-21,Fri,13,Yuktha Anand,No pickup,No Pickup,Yuktha Anand,0.957,11,No response,LinkedIn Sales Nav ( IT Services ),Scraped
343237724915,GetOnData Solutions,2026-08-21 12:39:42,2026-08-21,Fri,12,Yuktha Anand,Bad number,No Pickup,Yuktha Anand,0.932,26,Temporarily out of service,LinkedIn Sales Nav ( IT Services ),Scraped
343237724917,AmCodr IT Solutions Pvt. Ltd.,2026-08-21 12:22:06,2026-08-21,Fri,12,Yuktha Anand,No pickup,No Pickup,Yuktha Anand,0.92,11,No response,LinkedIn Sales Nav ( IT Services ),Scraped
343237725936,Drift2 Solutions,2026-08-20 15:22:56,2026-08-20,Thu,15,Lamiya Saleem,Not interested,Dead/ColdCall/Not Interested,Lamiya Saleem,0.042,31,not interested (did not listen),LinkedIn Sales Nav ( IT Services ),Scraped
343239417532,Heera Software Private Limited,2026-08-20 10:40:57,2026-08-20,Thu,10,Lamiya Saleem,Bad number,Cold Call,Lamiya Saleem,0.064,35,"number does not exist, wrong number",Founder Search ( IT Services ),Scraped
343239439091,Lee & Nee Softwares (Exports) Ltd.,2026-08-20 10:48:30,2026-08-20,Thu,10,Yuktha Anand,Other,Dead/ColdCall/WrongNumber,Yuktha Anand,0.036,22,Call not going through,Founder Search ( IT Services ),Scraped
343239468747,Point Perfect Technology Solutions,2026-08-20 12:44:46,2026-08-20,Thu,12,Yuktha Anand,Meeting fixed,GMeet Fixed,Yuktha Anand,0.009,32,"Gmeet fixed for Monday, 12:00 PM",Founder Search ( IT Services ),Scraped
343241290488,Botspot Infoware Pvt Ltd,2026-08-21 15:12:40,2026-08-21,Fri,15,Lamiya Saleem,Chase sent,Interested,Lamiya Saleem,1.04,51,"asked to send WA, low priority in terms of interest",LinkedIn Sales Nav ( IT Services ),Scraped
343241291508,KanhaSoft,2026-08-21 11:51:47,2026-08-21,Fri,11,Yuktha Anand,No pickup,Cold Call,Yuktha Anand,0.898,11,No response,LinkedIn Sales Nav ( IT Services ),Scraped
343241291509,Myra Technolabs,2026-08-21 11:48:35,2026-08-21,Fri,11,Yuktha Anand,Callback booked,Interested,Yuktha Anand,0.896,20,call back at 3:00 PM,LinkedIn Sales Nav ( IT Services ),Scraped
343241291509,Myra Technolabs,2026-08-21 15:57:07,2026-08-21,Fri,15,Yuktha Anand,Disqualified,Dead/ColdCall/WrongFit,Yuktha Anand,1.069,12,No codebases,LinkedIn Sales Nav ( IT Services ),Scraped
343241292492,Swing IT Services Pvt Ltd,2026-08-21 11:16:21,2026-08-21,Fri,11,Yuktha Anand,No pickup,No Pickup,Yuktha Anand,0.873,11,No response,LinkedIn Sales Nav ( IT Services ),Scraped
343241766647,Adamas Tech Consulting Private Limited,2026-08-21 17:53:41,2026-08-21,Fri,17,Lamiya Saleem,Other,Dead/ColdCall/Not Interested,Lamiya Saleem,0.234,50,"wrong fit, does not codebase that they can license",Founder Search ( IT Services ),Scraped
343243019977,Ushyaku Software Solutions LLP,2026-08-20 11:16:27,2026-08-20,Thu,11,Yuktha Anand,No pickup,No Pickup,Yuktha Anand,0.056,11,No response,Founder Search ( IT Services ),Scraped
343243036368,Ezulix Software,2026-08-20 11:27:44,2026-08-20,Thu,11,Yuktha Anand,No pickup,No Pickup,Yuktha Anand,0.009,11,No response,Founder Search ( IT Services ),Scraped
343243036368,Ezulix Software,2026-08-20 12:22:00,2026-08-20,Thu,12,Yuktha Anand,Chase sent,Interested,Yuktha Anand,0.047,95,"Is travelling, asked to send details over WA Will mostly only connect next week- pushing for VC",Founder Search ( IT Services ),Scraped
343243091677,Kevision Systems,2026-08-21 12:46:43,2026-08-21,Fri,12,Yuktha Anand,Bad number,Dead/ColdCall/WrongNumber,Yuktha Anand,0.937,20,number doesn't exist,LinkedIn Sales Nav ( IT Services ),Scraped
343243092702,OMEX INFOTECH,2026-08-20 16:12:18,2026-08-20,Thu,16,Yuktha Anand,No pickup,No Pickup,Yuktha Anand,0.078,11,No response,LinkedIn Sales Nav ( IT Services ),Scraped
343243092704,iSyncEvolution Pvt. Ltd.,2026-08-20 15:50:01,2026-08-20,Thu,15,Lamiya Saleem,No pickup,Cold Call,Lamiya Saleem,0.062,145,"did not pick up, called me back. gave me his partner Sarfaraz's number: 9824800872. Sarfaraz did not pick up. Sarfaraz called back, fixed meeting",LinkedIn Sales Nav ( IT Services ),Scraped
343250792167,Vipra Business,2026-08-20 12:03:08,2026-08-20,Thu,12,Yuktha Anand,No pickup,Cold Call,Yuktha Anand,0.003,11,No response,Founder Search ( IT Services ),Scraped
343250834131,Jupical Technologies | Official Odoo Partner,2026-08-21 11:36:03,2026-08-21,Fri,11,Yuktha Anand,Script shared,Script Shared,Yuktha Anand,0.887,48,Has projects with PRs Have shared script over WA,LinkedIn Sales Nav ( IT Services ),Scraped
343253201609,Advaya Networks Private Limited,2026-08-21 18:02:15,2026-08-21,Fri,18,Yuktha Anand,Other,Dead/ColdCall/WrongFit,Yuktha Anand,0.056,26,Wrong fit- started in 2025,Founder Search ( IT Services ),Scraped
343309784779,Hays Business Solutions Private Limited,2026-08-21 17:59:05,2026-08-21,Fri,17,Yuktha Anand,Vetted - out,Dead/ColdCall/WrongNumber,Yuktha Anand,0.054,14,Irrelevant POC,Founder Search ( IT Services ),Scraped
343331934933,WFCN,2026-08-21 17:59:06,2026-08-21,Fri,17,Ishpreet Sood,Other,Script Shared,Ishpreet Sood,0.0,30,tuesday he will run the script,,Campaign
343532702433,WOC Branding Systems Pvt Ltd,2026-08-24 10:56:52,2026-08-24,Mon,10,Lamiya Saleem,Other,Dead/ColdCall/WrongFit,Lamiya Saleem,0.519,40,"wrong fit, not our ICP, branding company",Founder Search ( IT Services ),Scraped
