source,name,city,website,domain,founded_year,size_band,band_label,headcount,headcount_unknown,whale_candidate,staffing_mix,pre2024_grade,pre2024_evidence,pre2024_confidence,dev_wording,dev_quote,qa_only,owned_ip,ownip_quote,jd_chars,repo_host_hits,review_gate_hits,cicd_hits,nongit_hits,jd_quote,extraction_verified,contact_name,contact_title,contact_linkedin,identity_status,hc_num,score,years_active,domain_age_key,lane_reason
nasscom,Jaydu India Private Limited,Hyderabad,https://jaydu.com/,jaydu.com,,,,,True,False,False,PROVEN_EQUIV,rdap=2007-12-17; nasscom_harvest=nasscom:PROVEN; wayback=20230607,Verified,1,Jaydu Skip to content Home About Us Services Product Engineering Mechanical Engineering Em,0,1,d to drive innovation and efficiency across your product lifecycle. Product Engineering Tr,889960,0,0,0,0,pre-2024: proven,False,,,,identity_pending,,70,19,2007-12-17,zero signals unverified after re-crawl
nasscom,GrayCell Technologies Exports,Chandigarh(CH),http://www.graycelltech.com,graycelltech.com,,,,,True,False,False,PROVEN_EQUIV,rdap=2001-04-28; nasscom_harvest=nasscom:PROVEN; wayback=20230606,Verified,1,"Analytics Cloud, Chatbot &amp; IoT Solutions Product Engineering Generative AI Solutions M",0,1,"ntend HTML, CSS, JavaScript See all projects Our Products My Workout GPT Controls Manager ",194758,0,0,0,0,pre-2024: proven,False,,,,identity_pending,,70,25,2001-04-28,zero signals unverified after re-crawl
goodfirms+nasscom,Fingent,"Kochi, India",https://www.fingent.com,fingent.com,2003,250+,250+,,False,True,False,PROVEN_EQUIV,goodfirms_founded=2003; nasscom_harvest=nasscom:PROVEN; goodfirms_founded:2003; wayback=20230601,Verified,1,ch for: Toggle navigation MENU MENU Services Software Development Custom Software Developm,0,1,0 Schedule 4.5 Cost 4.0 Willing to Refer 5.0 Our Products A People Development Platform th,158511,0,0,0,0,pre-2024: proven | site mentions cicd | site mentions compliance,False,,,,identity_pending,300,70,23,2003,zero signals unverified after re-crawl
nasscom,Freyr Software Services Pvt Ltd,Hyderabad,http://www.freyrsolutions.com,freyrsolutions.com,,,,,True,False,False,PROVEN_EQUIV,rdap=2011-05-04; nasscom_harvest=nasscom:PROVEN; wayback=20230602,Verified,1,ns Competitive Generic Therapies Designation Product Development Strategy for Generic Drug,0,1,istency across markets. Freyr’s knowledge of our products and Regulatory needs in differen,149638,0,0,0,0,pre-2024: proven,False,,,,identity_pending,,70,15,2011-05-04,zero signals unverified after re-crawl
nasscom,Eminence Internet Technology Private Limited,Ludhiana,https://www.eminencetechnology.com/,eminencetechnology.com,,,,,True,False,False,PROVEN_EQUIV,rdap=2008-09-16; nasscom_harvest=nasscom:UNKNOWN; wayback=20230522,Verified,1,) --> Innovative Product Development Solution | Eminence Technology MENU --> AI C,0,1,"wall of client logos. We&rsquo;ll show you four products we funded, built from zero, and s",132205,0,0,0,0,pre-2024: unknown | site mentions cicd | site mentions compliance,False,,,,identity_pending,,70,18,2008-09-16,zero signals unverified after re-crawl
goodfirms+nasscom,Cybage Software,"Pune, India",https://www.cybage.com,cybage.com,1995,250+,250+,,False,True,False,PROVEN_EQUIV,goodfirms_founded=1995; rdap=1997-09-29; nasscom_harvest=nasscom:UNKNOWN; goodfirms_founded:1995; wayback=20230607,Verified,1,Digital Product Engineering and Outsourced IT Services | Technology Cons,0,1,"r unparalleled service lies ExcelShore®, our in-house platform that transforms the deliver",128146,0,0,0,0,pre-2024: unknown | site mentions cicd,False,,,,identity_pending,300,70,29,1997-09-29,zero signals unverified after re-crawl
nasscom,Zelar Soft Private Limited,Hyderabad,https://www.zelarsoft.com/,zelarsoft.com,,,resolved:234,234,False,True,False,PROVEN_EQUIV,rdap=2017-02-05; copyright_footer=2023; nasscom_harvest=nasscom:PROVEN - 2023-06 wayback shows p; wayback=20230530,Verified,1,nsulting and licensing kubernetes consulting product engineering Observability with open s,0,1,te and transform their businesses. Read More Our products Klusternetes most advanced platf,127158,0,0,0,0,"JD 'Bitbucket/Jenkins/Git' hits are FontAwesome CSS classes, not text | Site: 'GitOps... c",False,Vasu Maganti,CEO,https://www.linkedin.com/in/vasu-maganti,identity_full,234,70,9,2017-02-05,zero signals unverified after re-crawl
nasscom,Pegasystems Worldwide India Pvt Ltd,Hyderabad,http://www.pega.com,pega.com,,,,,True,False,False,EXISTED_2COR,rdap=2000-01-08; nasscom_harvest=nasscom:EXISTED_NO_SW_WORDING; wayback=20230602,Verified,0,,0,1,enablement resources PegaWorld Register for our flagship event My Pega Manage your organiz,124961,0,0,0,0,pre-2024: existed no sw wording | site mentions cicd,False,,,,identity_pending,,70,26,2000-01-08,zero signals unverified after re-crawl
nasscom,Omega Healthcare Management Services Private Limited,Chennai,http://www.omegahms.com,omegahms.com,,,,,True,False,False,EXISTED_2COR,rdap=2003-09-10; nasscom_harvest=nasscom:EXISTED_NO_SW_WORDING; wayback=20230530,Verified,0,,0,1,ent as the industry rapidly evolves. Explore Our Platform Discover Our Clinical Mindset Sk,118290,0,0,0,0,pre-2024: existed no sw wording,False,,,,identity_pending,,70,23,2003-09-10,zero signals unverified after re-crawl
nasscom,Imagination Technologies (India) Private Limited,Pune,https://www.imaginationtech.com,imaginationtech.com,,,,,True,False,False,EXISTED_2COR,rdap=1998-11-08; nasscom_harvest=nasscom:EXISTED_NO_SW_WORDING: 2023-06 a; wayback=20230601,Verified,0,,0,1,Tracing Functional Safety Software Solutions Our Product Series E-Series GPU D-Series GPU ,92038,0,0,0,0,name and site: Pune arm of UK GPU IP vendor Imagination | site_quotes.owns_product: E-Seri,False,,,,identity_pending,,70,28,1998-11-08,zero signals unverified after re-crawl
nasscom,CompuCom CSI Systems India Private Limited,Pune,http://www.compucom.com,compucom.com,,,,,True,False,False,EXISTED_2COR,rdap=1995-03-06; nasscom_harvest=nasscom:PROVEN: 2022-06-01 Wayback snaps; wayback=20230601,Verified,0,,0,1,"m Systems, Inc. All rights reserved. EXPLORE OUR PLATFORM Full Lifecycle Observability (FL",89238,0,0,0,0,"Site: 'Managed Services and IT Support', device lifecycle, managed print | Site: 35 years,",False,,,,identity_pending,,70,31,1995-03-06,zero signals unverified after re-crawl
nasscom,Vinca Cybertech Private Limited,Mumbai,https://www.vincacyber.com,vincacyber.com,,,,,True,False,False,PROVEN_EQUIV,rdap=2017-08-19; nasscom_harvest=nasscom:PROVEN; wayback=20230606,Verified,1,"ng Interfaces) play a crucial role in modern software development, allowing different soft",0,1,"scape and leveraging extensive experience of our product offerings, we are proud to offer ",70953,0,0,0,0,pre-2024: proven,False,,,,identity_pending,,70,9,2017-08-19,zero signals unverified after re-crawl
goodfirms+nasscom,Citrus Informatics,"Kochi, India",https://www.citrusinformatics.com,citrusinformatics.com,2010,250+,250+,,False,True,False,EXISTED_2COR,goodfirms_founded=2010; rdap=2010-01-20; nasscom_harvest=nasscom:PROVEN: 2023-06-01 nav 'Product ,Verified,1,ces Outsourcing Services Technology Services Product Engineering Project Management Custom,0,1,"r sales organization, your support team and your products. It is also an indispensable adm",59459,0,0,0,0,"Services page: 'Code Review and Refactoring ... codebase ... code smells' | JD: 'JMeter, S",False,,,,identity_pending,300,70,16,2010-01-20,zero signals unverified after re-crawl
goodfirms+nasscom,Eastern Software Solutions PVT. LTD.,"Noida, India",https://www.essindia.com/,essindia.com,1990,250+,250+,,False,True,False,EXISTED_2COR,goodfirms_founded=1990; rdap=1998-05-13; nasscom_harvest=nasscom:PROVEN - 2020-06 snapshot advert,Verified,1,Staffing Services Staffing Services Offshore Software Development --> Migration Oracle Mod,0,1,T solutions designed for agility and growth. Our platform unifies operations across indust,50445,0,0,0,0,Site: 'CMM Level 5 and ISO 9001:2015 company for more than a decade' | Owns ebizframe ERP:,False,Amit Khatter,Managing Director,,identity_name_only,300,70,28,1998-05-13,zero signals unverified after re-crawl
nasscom,Diageo Business Services India Private Limited,Bengaluru,http://www.Diageo.com,diageo.com,,,,,True,False,False,EXISTED_2COR,rdap=1997-09-30; nasscom_harvest=nasscom:UNKNOWN; wayback=20220704,Verified,0,,0,1,"iences for fans, both in the availability of our products, and through our activations. Th",44542,0,0,0,0,pre-2024: unknown,False,,,,identity_pending,,70,29,1997-09-30,zero signals unverified after re-crawl
nasscom,Vidushi Infotech Software Solutions Provider Private Limited,Pune,https://vidushiinfotech.com/,vidushiinfotech.com,,,,,True,False,False,PROVEN_EQUIV,rdap=2003-09-23; nasscom_harvest=nasscom:PROVEN; wayback=20230603,Verified,1,isit leaves a lasting impression. Enterprise Software Development Streamline your operatio,0,1,PS tracking and automated invoicing. See how our SaaS solutions can add real value to your,39347,0,0,0,0,pre-2024: proven | site mentions cicd,False,,,,identity_pending,,70,23,2003-09-23,zero signals unverified after re-crawl
nasscom,Ayruz Datamarketing Private Limited,Thiruvananthapuram,http://www.ayruz.com,ayruz.com,,,,,True,False,False,PROVEN_EQUIV,rdap=2008-11-27; nasscom_harvest=nasscom:PROVEN; wayback=20230605,Verified,1,. Built Fast. Future-Ready. Hassle-Free. Our product development services are designed to ,0,1,"agement Centralize, clean, and automate all your product data and specs. Dynamic Engagemen",37209,0,0,0,0,pre-2024: proven | site mentions cicd,False,,,,identity_pending,,70,18,2008-11-27,zero signals unverified after re-crawl
nasscom,Allegion India Private Limited,Bengaluru,https://www.allegion.com/,allegion.com,,,,,True,False,False,EXISTED_2COR,rdap=1999-12-22; nasscom_harvest=nasscom:EXISTED_NO_SW_WORDING; wayback=20201124,Verified,0,,0,1,&amp; Brands Main Menu Products &amp; Brands Our Products Products &amp; Brands Our Produc,32943,0,0,0,0,pre-2024: existed no sw wording,False,,,,identity_pending,,70,27,1999-12-22,zero signals unverified after re-crawl
nasscom,TLG India Private Limited,Gurugram,http://www.sapient.com,sapient.com,,,,,True,False,False,PROVEN_EQUIV,rdap=1992-11-18; nasscom_harvest=nasscom:UNKNOWN; wayback=20160225,Verified,1,"t.jpg&#34;,&#34;imageAlt&#34;:&#34;Transform software development with Sapient Slingshot&#",0,1,"&#34;,&#34;label&#34;:&#34;What problems do your products solve?&#34;},{&#34;id&#34;:&#34;",31803,0,0,0,0,pre-2024: unknown,False,,,,identity_pending,,70,34,1992-11-18,zero signals unverified after re-crawl
nasscom,Innoshri Private Limited,Pune,https://www.innoshri.com/,innoshri.com,,,,,True,False,False,EXISTED_2COR,rdap=2018-12-05; copyright_footer=2023; nasscom_harvest=nasscom:EXISTED_NO_SW_WORDING; rdap:2018,Verified,0,,0,1,.9% Uptime Advanced Security 24/7 Monitoring Our Products YntraM Product Suite Comprehensi,26239,0,0,0,0,pre-2024: existed no sw wording,False,,,,identity_pending,,70,8,2018-12-05,zero signals unverified after re-crawl
nasscom,Prologic First India Pvt Ltd,Gurugram,http://www.prologicfirst.com,prologicfirst.com,,,,,True,False,False,EXISTED_2COR,rdap=1998-07-15; nasscom_harvest=nasscom:PROVEN; wayback=20230603,Verified,0,,0,1,"nd hotel software solutions, including major product suites such as hotel PMS systems and ",25566,0,0,0,0,pre-2024: proven,False,,,,identity_pending,,70,28,1998-07-15,zero signals unverified after re-crawl
nasscom,Akzo Nobel Global Business Services LLP,Pune,http://www.akzonobel.com,akzonobel.com,,,,,True,False,False,EXISTED_2COR,rdap=1995-09-05; nasscom_harvest=nasscom:PROVEN; wayback=20230602,Verified,0,,0,1,always finding new and exciting ways to make our products more sustainable and longer last,23560,0,0,0,0,pre-2024: proven,False,Deepak Malkani or Sivagurunathan Kumar Sathish,Designated Partner(s),,identity_name_only,,70,31,1995-09-05,zero signals unverified after re-crawl
nasscom,Velocis Systems Private Limited,Noida,https://www.velocis.in/,velocis.in,,,,,True,False,False,EXISTED_2COR,rdap=2007-11-23; nasscom_harvest=nasscom:PROVEN: 2023-06-01 snapshot nav ; wayback=20230531,Verified,0,,0,1,to do their best work every day. Our domains Our products Our services Networks Cybersecur,23179,0,0,0,0,"Wayback 2023: 'Application Development & Modernization' beside Managed Services, NOC | Sit",False,,,,identity_pending,,70,19,2007-11-23,zero signals unverified after re-crawl
nasscom,Techindia Infoway Pvt Ltd,Chennai,http://www.techindia.com,techindia.com,,,,,True,False,False,EXISTED_2COR,rdap=1997-01-01; nasscom_harvest=nasscom:EXISTED_NO_SW_WORDING — Wayback ; wayback=20230603,Verified,0,,0,1,"urity, and ethical practices very seriously. Our platform, products, and services comply w",19351,0,0,0,0,"Wayback 2023-06: archived pre-2024, snapshot lacked software wording | Site: 'Aligning wit",False,Sathya Kumar,Founder and CEO / President & CEO,,identity_name_only,,65,29,1997-01-01,zero signals unverified after re-crawl
nasscom,Transaltus Technologies Private Limited,Bengaluru,http://www.transaltus.com,transaltus.com,,,resolved:41,41,False,False,False,EXISTED_2COR,rdap=2010-03-15; nasscom_harvest=nasscom:PROVEN; wayback=20230608,Verified,0,,0,1,efficient business solutions . ​ ​ READ MORE Our Products &amp; Services &nbsp;SAP Enginee,17364,0,0,0,0,pre-2024: proven | site mentions cicd,False,,,,identity_pending,41,65,16,2010-03-15,zero signals unverified after re-crawl
nasscom,Kellton Tech Solutions Ltd,Gurugram,http://www.kelltontech.com,kelltontech.com,,,,,True,False,False,PROVEN_EQUIV,rdap=2011-11-30; nasscom_harvest=nasscom:EXISTED_NO_SW_WORDING; wayback=20220815,Verified,1,Driven Technology Consulting | Digital &amp; Product Engineering | IT Services | Kellton k,0,1,sted by 500+ global enterprises. Accelerate Your Product Journey&nbsp; Powering State Gove,16585,0,0,0,0,pre-2024: existed no sw wording | site mentions cicd,False,,,,identity_pending,,65,15,2011-11-30,zero signals unverified after re-crawl
nasscom,Jesper Apps Software Services Private Limited,Chennai,https://www.jesperapps.com,jesperapps.com,,,resolved:185,185,False,False,False,EXISTED_2COR,rdap=2017-10-02; nasscom_harvest=nasscom:PROVEN; wayback=20230608,Verified,0,,0,1,nected systems built for the future. Explore Our Products Download Brochure --> With Robus,16504,0,0,0,0,pre-2024: proven,False,,,,identity_pending,185,65,9,2017-10-02,zero signals unverified after re-crawl
nasscom,Eluminous Technologies Private Limited,Nasik,https://eluminoustechnologies.com,eluminoustechnologies.com,,,,,True,False,False,PROVEN_EQUIV,rdap=2002-11-14; nasscom_harvest=nasscom:PROVEN: 2023-06 wayback advertis; wayback=20230601,Verified,1,eLuminous Technologies | Trusted AI Software Development Partner Services Our offerings IT,0,1,overed. Our remote development team ensures your product aligns with PCI-DSS mandates. Our,15450,0,0,0,0,Wayback 2023-06: 'Hire Dedicated Developers Web Application Development' | Careers: 7 open,False,,,,identity_pending,,65,24,2002-11-14,zero signals unverified after re-crawl
nasscom,William O'Neil India Private Limited,Bengaluru,http://www.williamoneilindia.com,williamoneilindia.com,,,,,True,False,False,EXISTED_2COR,rdap=2013-08-12; nasscom_harvest=nasscom:PROVEN; wayback=20210622,Verified,0,,0,1,eil 50-Year Heritage O’Neil Companies &nbsp; Our Products &nbsp; &nbsp; MarketSmith India ,14487,0,0,0,0,pre-2024: proven,False,,,,identity_pending,,65,13,2013-08-12,zero signals unverified after re-crawl
goodfirms+nasscom,Dotsquares,"Jaipur, India",https://python.dotsquares.com/,dotsquares.com,2002,250+,250+,,False,True,False,EXISTED_2COR,goodfirms_founded=2002; rdap=2002-02-23; copyright_footer=2002; nasscom_harvest=nasscom:PROVEN - Wayback 2023-06 listed ,Verified,1,ment tools. Do you provide end-to-end Python application development? Yes. We handle the e,0,1,k answers to the most common questions about our platform and services. Contact us Can I h,9888,0,0,0,0,"Site: CI/CD hits are ETL, Snowflake, Kafka data pipelines, not delivery | Site: 'agile met",False,Bahul Chandra and Omkar Singh Rathore (co-founders/directors of India entity); Bankim Chandra (Founder/CEO of parent organization),Directors (India entity) / Founder & CEO (global Dotsquares),,identity_name_only,300,65,24,2002-02-23,zero signals unverified after re-crawl
nasscom,BOT AI ML Private Limited,Bengaluru,http://botaiml.com/index.php,botaiml.com,,,,,True,False,False,EXISTED_2COR,rdap=2017-09-28; nasscom_harvest=nasscom:EXISTED_NO_SW_WORDING; wayback=20230607,Verified,0,,0,1,"inesses smarter, faster, and more efficient. Our platform combines conversational AI with ",8486,0,0,0,0,pre-2024: existed no sw wording | site mentions compliance,False,,,,identity_pending,,65,9,2017-09-28,zero signals unverified after re-crawl
nasscom,Esteplogic IT Solutions Private Limited,Punjab,http://www.esteplogic.com,esteplogic.com,,,,,True,False,False,PROVEN_EQUIV,rdap=2013-11-06; nasscom_harvest=nasscom:PROVEN; wayback=20230604,Verified,1,"r businesses. We provide enterprise systems, custom software, and AI platforms that enable",0,1,and beyond. Production-grade quality All of our products have production-level quality. Ea,7539,0,0,0,0,pre-2024: proven | site mentions compliance,False,,,,identity_pending,,65,13,2013-11-06,zero signals unverified after re-crawl
nasscom,Camsdata Technologies India Private Limited,Bengaluru,http://www.camsdata.in,camsdata.in,,,,,True,False,False,PROVEN_EQUIV,rdap=2017-05-20; nasscom_harvest=nasscom:PROVEN; wayback=20230604,Verified,1,CAMSDATA | Product Development and Digital Transformation Menu About Us Pro,0,1,omer behavior insights allowed us to enhance our product offerings and create personalized,7227,0,0,0,0,pre-2024: proven,False,,,,identity_pending,,65,9,2017-05-20,zero signals unverified after re-crawl
nasscom,Code Shastra Private Limited,Gurugram,https://www.codeshastra.com/,codeshastra.com,,,,,True,False,False,PROVEN_EQUIV,rdap=2008-12-24; nasscom_harvest=nasscom:PROVEN; wayback=20230328,Verified,1,lop Products Are you in need of cutting-edge product development that makes you stand out ,0,1,"UX design, and AI services to help you take your product from concept to completion. Our t",6245,0,0,0,0,pre-2024: proven,False,Abhay Deep Dubey,Founder & CTO,,identity_name_only,,65,18,2008-12-24,zero signals unverified after re-crawl
goodfirms+nasscom,Kumaran Systems Inc,"Chennai, India",https://kumaran.com/,kumaran.com,1990,250+,250+,,False,True,False,PROVEN_EQUIV,goodfirms_founded=1990; rdap=1995-05-16; nasscom_harvest=nasscom:EXISTED_NO_SW_WORDING; goodfirms; wayback=20230607,Verified,1,to every release cycle. Explore QA Lifecycle Application Development Maintenance Services ,0,1,xperiences. Explore Mobile View All Services Our Products Tools We Built Advantage You Kee,5545,0,0,0,0,pre-2024: existed no sw wording | site mentions cicd,False,,,,identity_pending,300,65,31,1995-05-16,zero signals unverified after re-crawl
nasscom,Nike India Technology Center Private Limited,Bengaluru,https://about.nike.com/,about.nike.com,,,,,True,False,False,EXISTED_2COR,nasscom_harvest=nasscom:UNKNOWN; wayback=20220712,Verified,0,,0,1,a family business. Bringing Sport Science to Our Products Nike Unveils Aero-FIT Performanc,682414,0,0,0,0,pre-2024: unknown | site mentions cicd,False,,,,identity_pending,,60,0,,zero signals unverified after re-crawl
nasscom,Paychex IT Solutions India Private Limited,Bengaluru,https://www.paychexcareers.in/,paychexcareers.in,,,,,True,False,False,EXISTED_2COR,rdap=2020-07-16; copyright_footer=2021; nasscom_harvest=nasscom:DOMAIN_ONLY; rdap:2020-07-16,Verified,1,ompany for small to medium-sized businesses. Product development company having products f,0,1,rusted relationships. We drive innovation in our products and services and continually imp,145071,0,0,0,0,pre-2024: domain only,False,,,,identity_pending,,60,6,2020-07-16,zero signals unverified after re-crawl
nasscom,Kyndryl Solutions Private Limited,Bengaluru,https://www.kyndryl.com/,kyndryl.com,,,,,True,False,False,EXISTED_2COR,rdap=2021-02-26; nasscom_harvest=nasscom:UNKNOWN; wayback=20220303,Verified,0,,0,1,inability Careers Kyndryl Kyndryl consulting Our platform Alliances and partners Investing,123682,0,0,0,0,pre-2024: unknown,False,,,,identity_pending,,60,5,2021-02-26,zero signals unverified after re-crawl
nasscom,E Giraffes Digital Private Limited,Pune,https://egiraffes.com/,egiraffes.com,,,,,True,False,False,EXISTED_2COR,rdap=2020-01-14; nasscom_harvest=nasscom:EXISTED_NO_SW_WORDING; wayback=20230602,Verified,0,,0,1,"mmerce, Magento, and custom-built stores so your products aren’t just listed — they’re dis",110874,0,0,0,0,pre-2024: existed no sw wording,False,,,,identity_pending,,60,6,2020-01-14,zero signals unverified after re-crawl
nasscom,Tanika Tech Jewels Private Limited,Mumbai,https://jwero.ai,jwero.ai,,,,,True,False,False,EXISTED_2COR,rdap=2022-09-01; nasscom_harvest=nasscom:PROVEN; wayback=20230601,Verified,0,,0,1,"bot efficiency Use a single chatbot for all your platforms, ensuring consistent responses ",68564,0,0,0,0,pre-2024: proven,False,,,,identity_pending,,60,4,2022-09-01,zero signals unverified after re-crawl
nasscom,Amgen Technology Private Limited,Hyderabad,https://wwwext.amgen.com/,wwwext.amgen.com,,,,,True,False,False,EXISTED_2COR,copyright_footer=1996; nasscom_harvest=nasscom:PROVEN; wayback=20230601,Verified,0,,0,1,cells to make biologic medicines. READ MORE Our Products Amgen’s medicines treat serious i,37670,0,0,0,0,pre-2024: proven | site mentions cicd,False,Naveen Gullapalli,Whole-time Director,,identity_name_only,,60,0,,zero signals unverified after re-crawl
nasscom,Triotech Bizserve Private Limited,Bhopal,https://triotech.in/,triotech.in,,,,,True,False,False,EXISTED_2COR,rdap=2022-10-27; nasscom_harvest=nasscom:PROVEN; wayback=20230812,Verified,0,,0,1,"interactions and improving service delivery, our platform enables businesses to expand the",33631,0,0,0,0,pre-2024: proven,False,,,,identity_pending,,60,4,2022-10-27,zero signals unverified after re-crawl
nasscom,TomTom India Pvt Ltd,Pune,http://www.tomtom.com,tomtom.com,,,,,True,False,False,EXISTED_2COR,nasscom_harvest=nasscom:PROVEN; wayback=20230601,Verified,0,,0,1,arn more Learn more SOLUTIONS Your industry. Our platform. From high-frequency fleet opera,28318,0,0,0,0,pre-2024: proven,False,,,,identity_pending,,60,0,,zero signals unverified after re-crawl
nasscom,Vialto Partners India 2 Private Limited,Bengaluru,https://vialtopartners.com/,vialtopartners.com,,,,,True,False,False,EXISTED_2COR,rdap=2022-01-31; nasscom_harvest=nasscom:PROVEN; wayback=20230608,Verified,0,,0,1,"of all? Thanks to our open API partnerships, our platform is designed to work with the sys",25393,0,0,0,0,pre-2024: proven,False,,,,identity_pending,,60,4,2022-01-31,zero signals unverified after re-crawl
nasscom,Atgeir Solutions Private Limited,Pune,https://atgeirsolutions.com/,atgeirsolutions.com,,,,,True,False,False,PROVEN_EQUIV,rdap=2021-05-25; nasscom_harvest=nasscom:UNKNOWN; wayback=20230606,Verified,1,se Implementation Advanced Analytics & GenAI Product Engineering Services (Data Applicatio,0,1,s Challenges DataGeir TM is a cloud oriented product suite designed for enterprises to max,24735,0,0,0,0,pre-2024: unknown | site mentions cicd,False,,,,identity_pending,,60,5,2021-05-25,zero signals unverified after re-crawl
nasscom,ZS Associates India Private Limited,Gurugram,http://www.zs.com,zs.com,,,,,True,False,False,EXISTED_2COR,nasscom_harvest=nasscom:PROVEN; wayback=20230601,Verified,0,,0,1,. Scalable technology h3 Scalable technology Our products /content/zs/en/products link Tha,24102,0,0,0,0,pre-2024: proven,False,,,,identity_pending,,60,0,,zero signals unverified after re-crawl
nasscom,embedUR systems (India) Private Limited,Chennai,http://www.embedur.com/,embedur.com,,,,,True,False,False,EXISTED_2COR,rdap=2004-06-09; nasscom_harvest=nasscom:PROVEN; rdap:2004-06-09,Verified,1,ner Trusted by Fortune 500 companies for new product development and sustenance for entire,0,1,s globally. Visit Page Enhancements Elevate your products through next-gen enhancements. W,899581,0,0,0,0,pre-2024: proven | site mentions cicd,False,Rajesh C. Subramaniam,Managing Director,https://www.linkedin.com/in/rajesh-c-subramaniam/,identity_full,,57,22,2004-06-09,zero signals unverified after re-crawl
nasscom,BearingPoint India Private Limited,Bengaluru,https://www.bearingpoint.com/en-in/,bearingpoint.com,,,,,True,False,False,EXISTED_2COR,rdap=2000-12-18; nasscom_harvest=nasscom:DOMAIN_ONLY; rdap:2000-12-18,Verified,0,,0,1,"world’s leading organizations, the impact of our products and services speaks for itself. ",135675,0,0,0,0,pre-2024: domain only,False,,,,identity_pending,,57,26,2000-12-18,zero signals unverified after re-crawl
nasscom,ThoughtWorks Technologies India Pvt Ltd,Bengaluru,http://www.thoughtworks.com,thoughtworks.com,,,,,True,False,False,EXISTED_2COR,rdap=1995-01-20; nasscom_harvest=nasscom:EXISTED_NO_SW_WORDING; rdap:1995,Verified,0,,0,1,us chevron_right Build differently. Explore our platform and services for the AI era. Get ,131111,0,0,0,0,pre-2024: existed no sw wording | site mentions cicd,False,,,,identity_pending,,57,31,1995-01-20,zero signals unverified after re-crawl
nasscom,Rio Tinto India Private Limited,Gurugram,https://www.riotinto.com,riotinto.com,,,,,True,False,False,EXISTED_2COR,rdap=1997-02-07; nasscom_harvest=nasscom:PROVEN; rdap:1997-02-07,Verified,0,,0,1,"and mining business For more than 150 years, our products and operations have helped build",125679,0,0,0,0,pre-2024: proven,False,,,,identity_pending,,57,29,1997-02-07,zero signals unverified after re-crawl
nasscom,insightsoftware International Private Limited,Hyderabad,https://insightsoftware.com/,insightsoftware.com,,,,,True,False,False,EXISTED_2COR,rdap=2001-12-30; nasscom_harvest=nasscom:PROVEN: 2023 Wayback with analys,Verified,0,,0,1,e-built content and logic for your business. Our platform is an AI-enabled integrated solu,125082,0,0,0,0,"site_quotes pr_practice: 'Version Control, Workflow, and Audit Trail' is a product feature",False,,,,identity_pending,,57,25,2001-12-30,zero signals unverified after re-crawl
nasscom,Stripe India Private Limited,Bengaluru,http://www.stripe.com,stripe.com,,,,,True,False,False,EXISTED_2COR,rdap=1995-09-12; nasscom_harvest=nasscom:DOMAIN_ONLY; rdap:1995-09-12,Verified,0,,0,1,th stablecoins and crypto Embed payments in your platform Building the economic infrastruc,121149,0,0,0,0,pre-2024: domain only | site mentions cicd,False,,,,identity_pending,,57,31,1995-09-12,zero signals unverified after re-crawl
nasscom,Acuiti Labs (India) Pvt Ltd,Pune,http://www.acuitilabs.com,acuitilabs.com,,,,,True,False,False,EXISTED_2COR,rdap=2016-06-08; nasscom_harvest=nasscom:EXISTED_NO_SW_WORDING: 2023 snap,Verified,0,,0,1,lytics Cloud Application Management Services Our Products Q2C Customer Portal Acuiti Media,120132,0,0,0,0,"JD 120,132 chars across two Keka boards; zero engineering signals | Site compliance count ",False,,,,identity_pending,,57,10,2016-06-08,zero signals unverified after re-crawl
nasscom,Ozonetel Communications Private Limited,Hyderabad,http://www.ozonetel.com,ozonetel.com,,,,,True,False,False,EXISTED_2COR,rdap=2006-12-27; nasscom_harvest=nasscom:PROVEN; rdap:2006-12-27,Verified,0,,0,1,our Growth Partner! Organizations leveraging our platform have transformed CX into measura,117129,0,0,0,0,pre-2024: proven,False,,,,identity_pending,,57,20,2006-12-27,zero signals unverified after re-crawl
nasscom,Orange Business Services India Network Pvt Ltd,Gurugram,http://www.orange-business.com,orange-business.com,,,,,True,False,False,EXISTED_2COR,rdap=2004-11-02; nasscom_harvest=nasscom:PROVEN: 2022-06 snapshot adverti,Verified,0,,0,1,"nds-on implementation, our approach ensures your platform is aligned with both business go",115052,0,0,0,0,"name and domain: India network entity of French telecom group Orange | jd: 115,052 chars r",False,,,,identity_pending,,57,22,2004-11-02,zero signals unverified after re-crawl
nasscom,Aviva Global Services (A div. Of A G S Customer Services (India) Pvt Ltd),Pune,http://www.aviva.com,aviva.com,,,,,True,False,False,EXISTED_2COR,rdap=1996-04-13; nasscom_harvest=nasscom:DOMAIN_ONLY; rdap:1996-04-13,Verified,0,,0,1,"re the number one trusted brand, with a full product suite to meet needs across a lifetime",111164,0,0,0,0,pre-2024: domain only | site mentions cicd,False,,,,identity_pending,,57,30,1996-04-13,zero signals unverified after re-crawl
nasscom,Lentera Technologies Private Limited,Chennai,http://www.lentera.in,lentera.in,,,,,True,False,False,EXISTED_2COR,rdap=2018-05-24; nasscom_harvest=nasscom:PROVEN; rdap:2018-05-24,Verified,1,"th our Developers. We have been working with Software Development, since 2015 and we have ",0,1,s and it requires a detailed plan. Read More OUR Products A Glance of Our Products More Pr,94794,0,0,0,0,pre-2024: proven,False,,,,identity_pending,,57,8,2018-05-24,zero signals unverified after re-crawl
nasscom,Availity India Private Limited,Bengaluru,https://availity.com/,availity.com,,,,,True,False,False,EXISTED_2COR,rdap=2001-03-09; nasscom_harvest=nasscom:EXISTED_NO_SW_WORDING; rdap:2001,Verified,0,,0,1,l scale &#8211; powering the workflows that your products depend on and connect into. For ,91126,0,0,0,0,pre-2024: existed no sw wording | site mentions cicd,False,,,,identity_pending,,57,25,2001-03-09,zero signals unverified after re-crawl
nasscom,Toshal Infotech Private Limited,Surat,http://www.toshalinfotech.com,toshalinfotech.com,,,,,True,False,False,EXISTED_2COR,rdap=2015-01-01; nasscom_harvest=nasscom:PROVEN; rdap:2015-01-01,Verified,1,Offshore Software Development Outsourcing Company & Service Provider Home,0,1,ment — from concept to deployment. We bring your product ideas to life using scalable arch,89421,0,0,0,0,pre-2024: proven | site mentions cicd,False,,,,identity_pending,,57,11,2015-01-01,zero signals unverified after re-crawl
nasscom,ZF India Private limited,Hyderabad,http://www.zf.com,zf.com,,,,,True,False,False,EXISTED_2COR,rdap=1996-03-12; nasscom_harvest=nasscom:PROVEN; rdap:1996-03-12,Verified,0,,0,1,e mobility. Click on (+) to learn more about our products and technologies Hotspot 1 Techn,86231,0,0,0,0,pre-2024: proven,False,,,,identity_pending,,57,30,1996-03-12,zero signals unverified after re-crawl
nasscom,Cushman & Wakefield India Private Limited,Gurugram,https://www.cushmanwakefield.com/en/india,cushmanwakefield.com,,,,,True,False,False,EXISTED_2COR,rdap=1998-12-07; nasscom_harvest=nasscom:PROVEN; rdap:1998-12-07,Verified,1,vices Global Occupier Services Project &amp; Development Services Retail Services Strategi,0,1,"performs as expected, to develop and improve our products, and for advertising and insight",84719,0,0,0,0,pre-2024: proven,False,Anand Kumar Gupta,Director,,identity_name_only,,57,28,1998-12-07,zero signals unverified after re-crawl
nasscom,WD Storage Technologies India Private Limited,Bengaluru,https://www.westerndigital.com/en-us,westerndigital.com,,,,,True,False,False,EXISTED_2COR,rdap=1998-01-21; nasscom_harvest=nasscom:EXISTED_NO_SW_WORDING; rdap:1998,Verified,0,,0,1,".prices.sale.amountFormatted}} 0 ""> Upgrade Your Product {{productInfo[item.code].variantT",83364,0,0,0,0,pre-2024: existed no sw wording,False,,,,identity_pending,,57,28,1998-01-21,zero signals unverified after re-crawl
nasscom,NCS Soft Solutions Private Limited,Chennai,https://ncssoft.in,ncssoft.in,,,,,True,False,False,EXISTED_2COR,rdap=2007-10-19; nasscom_harvest=nasscom:PROVEN; rdap:2007-10-19,Verified,0,,0,1,stry Experts with Decades of Experience. --> Our Products eTHIC - The GRC & Audit Platform,81328,0,0,0,0,pre-2024: proven,False,,,,identity_pending,,57,19,2007-10-19,zero signals unverified after re-crawl
nasscom,Yotta Infrastructure Solutions LLP,Mumbai,https://www.yotta.com/,yotta.com,,,,,True,False,False,EXISTED_2COR,rdap=1996-01-06; nasscom_harvest=nasscom:PROVEN - 2023-06 snapshot advert,Verified,0,,0,1,ing back to build a better world. Know More Your Platform For Intelligence And Scale From ,77923,0,0,0,0,"Site: data centre, GPU cloud and managed cybersecurity offerings | Site: 'Sovereign Hybrid",False,,,,identity_pending,,57,30,1996-01-06,zero signals unverified after re-crawl
nasscom,SunTec Business Solutions Pvt Ltd,Thiruvananthapuram,http://www.suntecgroup.com,suntecgroup.com,,,,,True,False,False,EXISTED_2COR,rdap=1999-04-30; nasscom_harvest=nasscom:DOMAIN_ONLY; rdap:1999-04-30,Verified,0,,0,1,"Data Sheets – We have a lot to say, unravel our product offerings! eBooks – Get a comprehe",72099,0,0,0,0,pre-2024: domain only | site mentions cicd,False,,,,identity_pending,,57,27,1999-04-30,zero signals unverified after re-crawl
nasscom,Avalara Technologies Private Limited,Pune,https://www.avalara.com,avalara.com,,,,,True,False,False,EXISTED_2COR,rdap=2003-12-08; nasscom_harvest=nasscom:EXISTED_NO_SW_WORDING; rdap:2003,Verified,0,,0,1,x. Core products and services Avalara AvaTax Our flagship tax calculation service Avalara ,70440,0,0,0,0,pre-2024: existed no sw wording,False,,,,identity_pending,,57,23,2003-12-08,zero signals unverified after re-crawl
goodfirms+nasscom,KGiSL,"Coimbatore, India",https://www.kgisl.com/,kgisl.com,,250+,250+,,False,True,False,EXISTED_2COR,rdap=1999-01-28; nasscom_harvest=nasscom:PROVEN; rdap:1999-01-28,Verified,0,,0,1,ics and Cloud to empower our clients through our products and deliver a Next-Generation Cu,65188,0,0,0,0,pre-2024: proven,False,,,,identity_pending,300,57,27,1999-01-28,zero signals unverified after re-crawl
nasscom,eNTrust Software and Services Private Limited,Chennai,http://www.ntrustinfotech.com,ntrustinfotech.com,,,,,True,False,False,EXISTED_2COR,rdap=2003-08-08; nasscom_harvest=nasscom:PROVEN; rdap:2003-08-08,Verified,0,,0,1,ervices. AI that knows lease language. Three proprietary platforms power every engagement ,64168,0,0,0,0,pre-2024: proven,False,,,,identity_pending,,57,23,2003-08-08,zero signals unverified after re-crawl
nasscom,Valtech India Systems Private Limited,Bengaluru,https://www.valtech.com,valtech.com,,,,,True,False,False,EXISTED_2COR,rdap=1997-07-11; nasscom_harvest=nasscom:DOMAIN_ONLY; rdap:1997-07-11,Verified,0,,0,1,"erprise Valtech One accelerates AI adoption Your platforms, your data, your people &#x2014",61344,0,0,0,0,pre-2024: domain only,False,,,,identity_pending,,57,29,1997-07-11,zero signals unverified after re-crawl
nasscom,Integs Cloud Technologies Private Limited,Pune,https://www.integscloud.com,integscloud.com,,,,,True,False,False,EXISTED_2COR,rdap=2018-03-22; nasscom_harvest=nasscom:EXISTED_NO_SW_WORDING; rdap:2018,Verified,1,erce Support Zoho Desk Zoho SalesIQ Low-code Application Development Zoho Creator Business,0,1,roducts Oracle Netsuite Zoho Celigo Odoo ERP Our Products NetSuite Global Financial Manage,56867,0,0,0,0,pre-2024: existed no sw wording | site mentions cicd,False,,,,identity_pending,,57,8,2018-03-22,zero signals unverified after re-crawl
nasscom,Instavc Technologies Private Limited,Hyderabad,https://www.instavc.com/,instavc.com,,,,,True,False,False,EXISTED_2COR,rdap=2011-12-12; nasscom_harvest=nasscom:PROVEN; rdap:2011-12-12,Verified,0,,0,1,"p; Conferencing Solutions by InstaVC InstaVC Our Products Our Products Meeting, engagement",56244,0,0,0,0,pre-2024: proven,False,,,,identity_pending,,57,15,2011-12-12,zero signals unverified after re-crawl
nasscom,Eastman chemical India Private Limited,Hyderabad,http://www.eastman.com,eastman.com,,,,,True,False,False,EXISTED_2COR,rdap=1995-05-19; nasscom_harvest=nasscom:EXISTED_NO_SW_WORDING; rdap:1995,Verified,0,,0,1,stainability Our impact Our impact Impact of our products Goals Environmental Menu Menu Su,51796,0,0,0,0,pre-2024: existed no sw wording,False,,,,identity_pending,,57,31,1995-05-19,zero signals unverified after re-crawl
nasscom,Mirabel Technologies India Private Limited,Hyderabad,http://www.mirabeltechnologies.com,mirabeltechnologies.com,,,,,True,False,False,EXISTED_2COR,rdap=2011-10-27; nasscom_harvest=nasscom:EXISTED_NO_SW_WORDING - archived,Verified,1,", come join us! Be part of a rapidly growing product development team that is building Wor",0,1,nd automation best practices across multiple product suites Build comprehensive end-to-end,48439,0,0,0,0,"Naukri JDs: 'GitHub, Bitbucket' named as stack across Hyderabad roles | Site: 'our QA team",False,,,,identity_pending,,57,15,2011-10-27,zero signals unverified after re-crawl
nasscom,Lattice Semiconductor (India) Private Limited,Pune,https://www.latticesemi.com/,latticesemi.com,,,,,True,False,False,EXISTED_2COR,rdap=1996-02-09; nasscom_harvest=nasscom:PROVEN; rdap:1996-02-09,Verified,1,tion Board is a platform for general purpose application development using CrossLinkU-NX d,0,1,nbsp; Software &nbsp; Video Connectivity --> OUR PRODUCTS Lattice low power FPGAs and easy,45738,0,0,0,0,pre-2024: proven,False,,,,identity_pending,,57,30,1996-02-09,zero signals unverified after re-crawl
nasscom,LogicMonitor (India) Private Limited,Pune,https://www.logicmonitor.com/,logicmonitor.com,,,,,True,False,False,EXISTED_2COR,rdap=2007-09-17; nasscom_harvest=nasscom:EXISTED_NO_SW_WORDING; rdap:2007,Verified,0,,0,1,experts. Customer Education Learn more about our platform through resources and live train,41152,0,0,0,0,pre-2024: existed no sw wording | site mentions cicd,False,,,,identity_pending,,57,19,2007-09-17,zero signals unverified after re-crawl
nasscom,Nasdaq Corporate Solutions (India) Private Limited,Bengaluru,https://www.nasdaq.com,nasdaq.com,,,,,True,False,False,EXISTED_2COR,rdap=1993-12-16; nasscom_harvest=nasscom:PROVEN; rdap:1993-12-16,Verified,0,,0,1,today&#39;s rapidly evolving world. Explore Our Products Products &amp; Services Featured ,40411,0,0,0,0,pre-2024: proven,False,,,,identity_pending,,57,33,1993-12-16,zero signals unverified after re-crawl
nasscom,SRKay Consulting Group Private Limited,Mumbai,http://www.srkay.com,srkay.com,,,,,True,False,False,EXISTED_2COR,rdap=2016-03-19; nasscom_harvest=nasscom:PROVEN; rdap:2016-03-19,Verified,1,rtise AI &amp; Automation Cloud &amp; DevOps Product Engineering Cyber Security Product SC,0,1,"0 to over 100 in just 6 months, accelerating our product roadmap significantly. &quot; C C",40264,0,0,0,0,pre-2024: proven | site mentions cicd,False,,,,identity_pending,,57,10,2016-03-19,zero signals unverified after re-crawl
nasscom,Sonoco India Performance Hub Private Limited,Hyderabad,https://www.sonoco.com/sonoco-hyderabad,sonoco.com,,,,,True,False,False,EXISTED_2COR,rdap=1995-03-16; nasscom_harvest=nasscom:UNKNOWN,Verified,0,,0,1,"ling, and sustainable packaging development. Our Products and Services Explore our vast ra",37032,0,0,0,0,pre-2024: unknown,False,,,,identity_pending,,57,31,1995-03-16,zero signals unverified after re-crawl
nasscom,Temenos India Pvt Ltd,Chennai,http://www.temenos.com,temenos.com,,,,,True,False,False,EXISTED_2COR,rdap=1999-03-26; nasscom_harvest=nasscom:PROVEN; rdap:1999-03-26,Verified,0,,0,1,e future of banking starts here Discover how our platform helps financial institutions nav,36914,0,0,0,0,pre-2024: proven,False,,,,identity_pending,,57,27,1999-03-26,zero signals unverified after re-crawl
nasscom,ValueAdd Research and Analytics Solutions LLP,Thane,https://www.valueadd-research.com/,valueadd-research.com,,,,,True,False,False,EXISTED_2COR,rdap=2015-02-11; nasscom_harvest=nasscom:EXISTED_NO_SW_WORDING; rdap:2015,Verified,0,,0,1,Transformation Industry and Market Research Our Products Menu Toggle SentiGrade &#8211; A ,36609,0,0,0,0,pre-2024: existed no sw wording,False,,,,identity_pending,,57,11,2015-02-11,zero signals unverified after re-crawl
nasscom,NetScout Systems Software India Pvt Ltd,Bengaluru,http://www.netscout.com,netscout.com,,,,,True,False,False,EXISTED_2COR,rdap=1997-05-02; nasscom_harvest=nasscom:PROVEN; rdap:1997-05-02,Verified,0,,0,1,more to discover real-world applications of our products and solutions. Learning Center Qu,35081,0,0,0,0,pre-2024: proven | site mentions cicd,False,,,,identity_pending,,57,29,1997-05-02,zero signals unverified after re-crawl
nasscom,Tally Solutions Pvt Ltd,Bengaluru,http://www.tallysolutions.com,tallysolutions.com,,,,,True,False,False,EXISTED_2COR,rdap=1999-07-26; nasscom_harvest=nasscom:PROVEN; rdap:1999-07-26,Verified,0,,0,1,ccount Logout Download &nbsp; --> TallyPrime Our flagship business software Product Overvi,34696,0,0,0,0,pre-2024: proven,False,,,,identity_pending,,57,27,1999-07-26,zero signals unverified after re-crawl
nasscom,Novo Nordisk Service Center India Pvt Ltd,Bengaluru,http://www.novonordisk.com,novonordisk.com,,,,,True,False,False,EXISTED_2COR,rdap=1998-09-21; nasscom_harvest=nasscom:PROVEN; rdap:1998-09-21,Verified,0,,0,1,nering Sustainable business Careers About us Our products Investors News &amp; media Healt,33031,0,0,0,0,pre-2024: proven | site mentions cicd,False,,,,identity_pending,,57,28,1998-09-21,zero signals unverified after re-crawl
nasscom,Span Technology Services Private Limited,Coimbatore,https://www.spantechnologyservices.com/,spantechnologyservices.com,,,,,True,False,False,EXISTED_2COR,rdap=2011-09-30; nasscom_harvest=nasscom:PROVEN; rdap:2011-09-30,Verified,1,"SPAN Technology Services Pvt Ltd, A product Development Company Home About Us Culture Care",0,1,ho are the pillars of our company. They make our products successful and help our customer,32223,0,0,0,0,pre-2024: proven | site mentions cicd | site mentions pr_practice,False,,,,identity_pending,,57,15,2011-09-30,zero signals unverified after re-crawl
nasscom,GyanSys Infotech Private Limited,Bengaluru,http://www.gyansys.com,gyansys.com,,,,,True,False,False,EXISTED_2COR,rdap=2005-01-27; nasscom_harvest=nasscom:EXISTED_NO_SW_WORDING,Verified,0,,0,1,ing IT budget. Our proven approach prepares your platform for a phased transformation whil,31449,0,0,0,0,pre-2024: existed no sw wording,False,,,,identity_pending,,57,21,2005-01-27,zero signals unverified after re-crawl
nasscom,iRely Soft Services (India) Private Limited,Kolkata,http://www.irely.com,irely.com,,,,,True,False,False,EXISTED_2COR,rdap=1999-08-04; nasscom_harvest=nasscom:PROVEN; rdap:1999-08-04,Verified,0,,0,1,ing us unique insights on how we can improve our products and provide a competitive edge. ,29006,0,0,0,0,pre-2024: proven,False,,,,identity_pending,,57,27,1999-08-04,zero signals unverified after re-crawl
nasscom,Evoke Technologies Pvt Ltd,Hyderabad,http://www.evoketechnologies.com,evoketechnologies.com,,,,,True,False,False,EXISTED_2COR,rdap=2003-11-10; nasscom_harvest=nasscom:PROVEN; rdap:2003-11-10,Verified,1,Top Enterprise Software Development Services &amp; Technology Consulting Service,0,1,ervices offer you benefits that last beyond your product lifecycle.&nbsp; Learn More Learn,28860,0,0,0,0,pre-2024: proven | site mentions cicd,False,Ramesh Madala,Founder & Chief Executive Officer,https://www.linkedin.com/in/ramesh-madala-ceo-evoke-technologies-2ab36b125/,identity_full,,57,23,2003-11-10,zero signals unverified after re-crawl
nasscom,Sonata Software Limited,Bengaluru,http://www.sonata-software.com,sonata-software.com,,,,,True,False,False,EXISTED_2COR,rdap=1995-10-11; nasscom_harvest=nasscom:DOMAIN_ONLY; rdap:1995-10-11,Verified,1,ion Legacy Modernization .net Upgrade Optima Product Engineering Quality Assurance Service,0,1,ers to cloud-native solutions leveraging our proprietary Platformation™ approach. We focus,25418,0,0,0,0,pre-2024: domain only,False,,,,identity_pending,,57,31,1995-10-11,zero signals unverified after re-crawl
nasscom,Anant Softtech Pvt Ltd,Ahmedabad,http://www.anantsoftech.com,anantsoftech.com,,,,,True,False,False,EXISTED_2COR,rdap=1998-12-08; nasscom_harvest=nasscom:PROVEN - 2022 wayback title read,Verified,1,"s a wide spectrum of offerings, ranging from custom software development and mobile applic",0,1,ng to elevate the quality and performance of our products and services through iterative i,24614,0,0,0,0,wayback 20220601: 'Offshore Software Development | Application Development' | site: 'Rigor,False,Biren Anantray Shukla,Founder & Chief Executive Officer,,identity_name_only,,57,28,1998-12-08,zero signals unverified after re-crawl
nasscom,Zehntech Technologies Private Limited,Indore,https://zehntech.com,zehntech.com,,,,,True,False,False,EXISTED_2COR,rdap=2011-07-04; nasscom_harvest=nasscom:PROVEN — 2020-06-01 wayback adve,Verified,0,,0,1,any How We Work Partners Career Technologies Our Products Industries Step Into The Future ,24473,0,0,0,0,"wayback 2020-06 listed WordPress, Magento, Drupal development (PROVEN) | jd: 24,473 chars ",False,,,,identity_pending,,57,15,2011-07-04,zero signals unverified after re-crawl
nasscom,Polosoft Technologies Private Limited,Bhubaneswar,https://www.polosoftech.com/,polosoftech.com,,,,,True,False,False,EXISTED_2COR,rdap=2016-08-05; nasscom_harvest=nasscom:PROVEN: 2023-06-01 nav lists And,Verified,1,Strategy & Planning UI/UX Design for MVP MVP Application Development Rapid Development & A,0,1,velopment Center Contact Us Support Products Our Products SaaS Bright Directories Poloda A,22895,0,0,0,0,"Site: 'CI/CD pipelines (Jenkins, GitLab CI, GitHub Actions)', Terraform, Ansible | Wayback",False,,,,identity_pending,,57,10,2016-08-05,zero signals unverified after re-crawl
nasscom,AOT Technologies Private Limited,Thiruvananthapuram,https://www.aot-technologies.com,aot-technologies.com,,,,,True,False,False,EXISTED_2COR,rdap=2011-12-05; nasscom_harvest=nasscom:PROVEN; rdap:2011-12-05,Verified,1,"orms, enterprise applications, AI tools, and custom software. That matters as AI moves int",0,1,"e, is adopted and maintained seamlessly. Our In-House Platforms AOT doesn't just implement",22198,0,0,0,0,pre-2024: proven | site mentions cicd,False,,,,identity_pending,,57,15,2011-12-05,zero signals unverified after re-crawl
nasscom,InfoVision Labs India Private Limited,Pune,https://www.infovision.com,infovision.com,,,,,True,False,False,EXISTED_2COR,rdap=1995-01-13; nasscom_harvest=nasscom:Wayback 20220601 advertises 'Clo,Verified,1,hnology-driven transformation. Discover More Application development and modernization Qua,0,1,"nsactions and immersive digital experiences, our products and solutions empower businesses",22108,0,0,0,0,Wayback 2022: 'Cloud application development and integration' | Site: 'SOC 2 Type II-certi,False,Venkataramana Kovelamudi,Director,,identity_name_only,,57,31,1995-01-13,zero signals unverified after re-crawl
nasscom,Adient India Private Limited,Pune,http://www.adient.com,adient.com,,,,,True,False,False,EXISTED_2COR,rdap=2013-12-08; nasscom_harvest=nasscom:PROVEN; rdap:2013-12-08,Verified,0,,0,1,bal leader in automotive seating begins with our products – from complete seating systems ,21542,0,0,0,0,pre-2024: proven,False,,,,identity_pending,,57,13,2013-12-08,zero signals unverified after re-crawl
nasscom,Taction Software Private Limited,Gautam Buddha Nagar,http://www.tactionsoftware.com,tactionsoftware.com,,,,,True,False,False,EXISTED_2COR,rdap=2012-12-01; nasscom_harvest=nasscom:PROVEN — 2023-06-01 wayback 'Tac,Verified,1,"Taction Software | Custom Software Development, CRM &amp; Healthcare IT Solutio",0,1,"aces that enhance user experience, ensuring your product is visually appealing, easy to us",20646,0,0,0,0,wayback 2023-06: 'Enterprise Software Solutions Simplified' (PROVEN) | blog dated June 201,False,,,,identity_pending,,57,14,2012-12-01,zero signals unverified after re-crawl
nasscom,Fidrox Technologies Private Limited,Bengaluru,http://www.fidrox.com,fidrox.com,,,,,True,False,False,EXISTED_2COR,rdap=2015-04-06; nasscom_harvest=nasscom:EXISTED_NO_SW_WORDING; rdap:2015,Verified,1,re Safety Services Master System Integration Software Development and Professional Service,0,1,e collaboration and productivity. We provide our own product solutions and also partner wi,20555,0,0,0,0,pre-2024: existed no sw wording,False,,,,identity_pending,,57,11,2015-04-06,zero signals unverified after re-crawl
goodfirms+nasscom,Ceiyone Tech Works Private Limited,"Coimbatore, India",https://ceiyone.com/,ceiyone.com,2017,50-249,50-249,,False,False,False,EXISTED_2COR,goodfirms_founded=2017; rdap=2016-12-17; nasscom_harvest=nasscom:DOMAIN_ONLY; rdap:2016-12-17; go,Verified,1,"Ceiyone | AI, Cloud &amp; Custom Software Development Services +91 75400 71053 info@ce",0,0,,60735,0,0,0,0,pre-2024: domain only | site mentions cicd,False,(verify),,,identity_name_only,150,55,10,2016-12-17,zero signals unverified after re-crawl
goodfirms+nasscom,Sparkout Tech Solutions,"Coimbatore, India",https://www.sparkouttech.com,sparkouttech.com,2016,50-249,50-249,,False,False,False,EXISTED_2COR,goodfirms_founded=2016; rdap=2016-03-04; copyright_footer=2017; nasscom_harvest=nasscom:PROVEN; rdap:2016-03-04; goodfir,Verified,1,nt Document Understanding AI Enterprise Chat Application Development Human Resource Manage,0,0,,43285,0,0,0,0,pre-2024: proven | site mentions compliance,False,,,,identity_pending,150,55,10,2016-03-04,zero signals unverified after re-crawl
goodfirms+nasscom,iLeaf Solutions Pvt Ltd,"Kochi, India",http://www.ileafsolutions.com/,ileafsolutions.com,2007,50-249,50-249,,False,False,False,PROVEN_EQUIV,goodfirms_founded=2007; rdap=2011-09-28; nasscom_harvest=nasscom:PROVEN; goodfirms_founded:2007; wayback=20230606,Verified,1,Offshore Software Development Company | IT Outsourcing Company Solutions C,0,0,,34151,0,0,0,0,pre-2024: proven,False,Jaison Joseph,Co-Founder & CEO,,identity_name_only,150,55,15,2011-09-28,zero signals unverified after re-crawl
goodfirms+nasscom,VIPoint,"Kochi, India",https://vipointsolutions.net/,vipointsolutions.net,2008,50-249,50-249,,False,False,False,PROVEN_EQUIV,goodfirms_founded=2008; rdap=2015-09-17; nasscom_harvest=nasscom:PROVEN; goodfirms_founded:2008; wayback=20230525,Verified,1,t &amp; Cloud Management India Home Services Software Development Web Development Mobile A,0,0,,22638,0,0,0,0,pre-2024: proven | site mentions cicd,False,,,,identity_pending,150,55,11,2015-09-17,zero signals unverified after re-crawl
nasscom,CD CloudEnablers Private Limited,Chennai,https://www.corestack.io/,corestack.io,,,,,True,False,False,EXISTED_2COR,nasscom_harvest=nasscom:UNKNOWN - no wayback snapshot an; wayback=20230601,Verified,0,,0,1,orm CoreStack Pricing Book a Demo By Product Our products help partners embrace the cloud ,16357,0,0,0,0,site vcs quotes: 'CoreStack's integration with GitHub' - product catalogue | site: complia,False,,,,identity_pending,,55,0,,zero signals unverified after re-crawl
nasscom,ai4process Consultancy Private Limited,Bhubaneswar,https://ai4process.com/,ai4process.com,,,,,True,False,False,EXISTED_2COR,nasscom_harvest=nasscom:PROVEN; wayback=20230602,Verified,0,,0,1,"pharmaceutical and public sector industries, our products help customers speed up their pr",12365,0,0,0,0,pre-2024: proven,False,Amit Agrawal,Co-Founder & CEO,https://uk.linkedin.com/in/amitagrawallondon,identity_full,,55,0,,zero signals unverified after re-crawl
nasscom,Orell Software Solutions Private Limited,Cochin,https://orell.com/,orell.com,,,,,True,False,False,EXISTED_2COR,nasscom_harvest=nasscom:PROVEN; wayback=20230603,Verified,0,,0,1,"ross the globe, sharing their experiences of our product innovation, exceptional support, ",10211,0,0,0,0,pre-2024: proven,False,,,,identity_pending,,55,0,,zero signals unverified after re-crawl
nasscom,PayNways India Private Limited,Gautam Buddha Nagar,https://www.paynwaysworldwide.com/,paynwaysworldwide.com,,,,,True,False,False,EXISTED_2COR,rdap=2021-06-03; copyright_footer=2017; nasscom_harvest=nasscom:UNKNOWN,Verified,0,,0,1,"hile ensuring high security and scalability. Our platform is cloud-agnostic, tested, and a",9474,0,0,0,0,pre-2024: unknown,False,,,,identity_pending,,55,5,2021-06-03,zero signals unverified after re-crawl
nasscom,Dextrasys Technologies Private Limited,Trichy,https://www.helloleads.io,helloleads.io,,,,,True,False,False,EXISTED_2COR,copyright_footer=2017; nasscom_harvest=nasscom:PROVEN; wayback=20230601,Verified,0,,0,1,"age Create awesome mobile landing pages for your products and services, in a few clicks. M",7957,0,0,0,0,pre-2024: proven | site mentions cicd,False,Muthukumar Ramalingam,Managing Director & CEO,,identity_name_only,,55,0,,zero signals unverified after re-crawl
nasscom,Amity Software Limited,Gautam Buddha Nagar,https://www.amitysoftware.com/,amitysoftware.com,,,,,True,False,False,EXISTED_2COR,rdap=2009-10-07; nasscom_harvest=nasscom:PROVEN; rdap:2009-10-07,Verified,0,,0,1,"heights. Latest News Read updates related to our products, growth and initiatives etc. Cus",18785,0,0,0,0,pre-2024: proven,False,Anil Kumar Saxena,Managing Director,https://in.linkedin.com/in/anil-kumar-saxena-5581a8150,identity_full,,52,17,2009-10-07,zero signals unverified after re-crawl
nasscom,General Atlantic Pvt Ltd,Mumbai,http://www.generalatlantic.com,generalatlantic.com,,,,,True,False,False,EXISTED_2COR,rdap=1999-11-01; nasscom_harvest=nasscom:DOMAIN_ONLY; rdap:1999-11-01,Verified,0,,0,1,"Global Locations 21 Partnerships with Depth Our platform is made to build durable, world-c",18745,0,0,0,0,pre-2024: domain only,False,,,,identity_pending,,52,27,1999-11-01,zero signals unverified after re-crawl
nasscom,Baxter Innovations and Business Solutions Private Limited,Bengaluru,http://www.baxter.com,baxter.com,,,,,True,False,False,EXISTED_2COR,rdap=1992-01-23; nasscom_harvest=nasscom:PROVEN: 2023 snapshot of the par,Verified,0,,0,1,"ice tools, we provide the resources to keep your products and systems running smoothly. Yo",18295,0,0,0,0,"baxter.com is Baxter International, a US medical-device multinational | Site: patients, he",False,,,,identity_pending,,52,34,1992-01-23,zero signals unverified after re-crawl
nasscom,Amnex Infotechnologies Private Limited,Ahmedabad,http://www.amnex.com/,amnex.com,,,,,True,False,False,EXISTED_2COR,rdap=1996-08-20; nasscom_harvest=nasscom:EXISTED_NO_SW_WORDING; rdap:1996,Verified,0,,0,1,"Product Designed with precision and purpose, our products are built to solve real-world pr",18072,0,0,0,0,pre-2024: existed no sw wording | site mentions cicd,False,,,,identity_pending,,52,30,1996-08-20,zero signals unverified after re-crawl
nasscom,Conversion Perk Private Limited,Mohali,https://www.conversionperk.com,conversionperk.com,,,,,True,False,False,EXISTED_2COR,rdap=2015-09-03; nasscom_harvest=nasscom:PROVEN; rdap:2015-09-03,Verified,0,,0,1,ose customers who are already searching for your products. read more Why Brands Choose Us ,18026,0,0,0,0,pre-2024: proven | site mentions cicd,False,,,,identity_pending,,52,11,2015-09-03,zero signals unverified after re-crawl
nasscom,NdimensionZ Solutions Pvt Ltd,Kochi,http://ndimensionz.com,ndimensionz.com,,,,,True,False,False,EXISTED_2COR,rdap=2006-05-06; nasscom_harvest=nasscom:PROVEN; rdap:2006-05-06,Verified,1,which will significantly affect our clients. Application Development Application services ,0,1,rocessing and knowledge management. Products Our Products Centre of Excellence Explore eac,17813,0,0,0,0,pre-2024: proven,False,,,,identity_pending,,52,20,2006-05-06,zero signals unverified after re-crawl
nasscom,Ixsight Technologies Pvt Ltd,Pune,http://www.ixsight.com,ixsight.com,,,,,True,False,False,EXISTED_2COR,rdap=2007-04-05; nasscom_harvest=nasscom:EXISTED_NO_SW_WORDING; rdap:2007,Verified,0,,0,1,"Our AML-checks can be directly used through our platforms. How You Benefit Real-time, 360 ",17791,0,0,0,0,pre-2024: existed no sw wording,False,,,,identity_pending,,52,19,2007-04-05,zero signals unverified after re-crawl
nasscom,Relate Infotech Private Limited,Kolkata,https://www.relate-infotech.com,relate-infotech.com,,,,,True,False,False,EXISTED_2COR,rdap=2010-02-04; nasscom_harvest=nasscom:DOMAIN_ONLY: relate-infotech.com,Verified,0,,0,1,their Clients who are our main Client base. Our Products DRIVE CRM &amp; PRACTICE MANAGEME,17263,0,0,0,0,"site_quotes compliance: 'ISO 27001 and GDPR, for our on-premise and cloud products' | site",False,,,,identity_pending,,52,16,2010-02-04,zero signals unverified after re-crawl
nasscom,Fact Solutions India Pvt Ltd,Kolkata,http://www.factsoftware.com,factsoftware.com,,,,,True,False,False,EXISTED_2COR,rdap=1998-11-09; nasscom_harvest=nasscom:EXISTED_NO_SW_WORDING,Verified,0,,0,1,ation teams. Our focus was on showcasing how our flagship ERP solution simplifies the jour,16191,0,0,0,0,pre-2024: existed no sw wording,False,,,,identity_pending,,52,28,1998-11-09,zero signals unverified after re-crawl
nasscom,Rolls Royce India Private Limited,Bengaluru,http://www.rolls-royce.com,rolls-royce.com,,,,,True,False,False,EXISTED_2COR,rdap=1997-07-22; nasscom_harvest=nasscom:EXISTED_NO_SW_WORDING; rdap:1997,Verified,0,,0,1,"applications in the air, at sea and on land. Our products and service packages enable our ",15548,0,0,0,0,pre-2024: existed no sw wording,False,,,,identity_pending,,52,29,1997-07-22,zero signals unverified after re-crawl
nasscom,Guvi Geek Network Private Limited,Chennai,https://www.guvi.in,guvi.in,,,,,True,False,False,EXISTED_2COR,rdap=2013-06-15; nasscom_harvest=nasscom:PROVEN; rdap:2013-06-15,Verified,1,nglish &amp; Hindi Syllabus Know More GEN AI Software Development Program (Certified by Mo,0,1,e Leaderboard What&#39;s New? Resume Builder Our Products HackerKID Coding classes platfor,15070,0,0,0,0,pre-2024: proven,False,,,,identity_pending,,52,13,2013-06-15,zero signals unverified after re-crawl
nasscom,Titanium Tekzi Business Solutions,Salem,https://titaniumtekzi.com/,titaniumtekzi.com,,,,,True,False,False,EXISTED_2COR,rdap=2018-07-25; nasscom_harvest=nasscom:DOMAIN_ONLY; rdap:2018-07-25,Verified,0,,0,1,al-world business processes . Powered by our proprietary products — Sky Shot™ and Design P,14727,0,0,0,0,pre-2024: domain only | site mentions cicd,False,,,,identity_pending,,52,8,2018-07-25,zero signals unverified after re-crawl
nasscom,Pennant Technologies Pvt Ltd,Hyderabad,http://www.pennanttech.com,pennanttech.com,,,,,True,False,False,EXISTED_2COR,rdap=2006-05-30; nasscom_harvest=nasscom:PROVEN; rdap:2006-05-30,Verified,0,,0,1,"y to evolving market and regulatory changes, our platform empowers you to create solutions",13925,0,0,0,0,pre-2024: proven,False,,,,identity_pending,,52,20,2006-05-30,zero signals unverified after re-crawl
nasscom,Aabasoft Technologies (India) Private Limited,Kochi,http://www.aabasoft.com,aabasoft.com,,,,,True,False,False,EXISTED_2COR,rdap=2006-01-26; nasscom_harvest=nasscom:PROVEN; rdap:2006-01-26,Verified,1,"Offshore Software Development Company Kerala, India | Aabasoft Toggle navi",0,1,oduct/service is absolutely client oriented. Our products will strictly measure up to the ,13413,0,0,0,0,pre-2024: proven,False,,,,identity_pending,,52,20,2006-01-26,zero signals unverified after re-crawl
nasscom,Ivtree IT Solution Private Limited,Bengaluru,http://www.ivtree.com,ivtree.com,,,,,True,False,False,EXISTED_2COR,rdap=2016-01-13; nasscom_harvest=nasscom:PROVEN; rdap:2016-01-13,Verified,1,"IVTREE | AI, Software Development &amp; IT Consulting Skip to content info@ivt",0,1,"execution, and client collaboration Explore our product Proven Expertise Innovation Driven",11930,0,0,0,0,pre-2024: proven | site mentions cicd,False,,,,identity_pending,,52,10,2016-01-13,zero signals unverified after re-crawl
nasscom,Crisis24 Solutions Private Limited,Bengaluru,https://www.crisis24.com/,crisis24.com,,,,,True,False,False,EXISTED_2COR,rdap=2004-07-14; nasscom_harvest=nasscom:DOMAIN_ONLY; rdap:2004-07-14,Verified,0,,0,1,"speed, and control to how teams manage risk, our platforms enable real-time awareness of a",11781,0,0,0,0,pre-2024: domain only,False,,,,identity_pending,,52,22,2004-07-14,zero signals unverified after re-crawl
nasscom,Collective S Software Private Limited,Mumbai,https://collective-s.com/,collective-s.com,,,,,True,False,False,EXISTED_2COR,rdap=2014-09-16; nasscom_harvest=nasscom:PROVEN; rdap:2014-09-16,Verified,1,and apply your branding WEB DEVELOPMENT Web Application development Web application develo,0,1,vestment for our clients.We can simply pour your products into our great looking templates,9388,0,0,0,0,pre-2024: proven | site mentions cicd,False,,,,identity_pending,,52,12,2014-09-16,zero signals unverified after re-crawl
nasscom,Solartis Technology Services Pvt Ltd,Chennai,http://www.solartis.com,solartis.com,,,resolved:751,751,False,True,False,EXISTED_2COR,rdap=1998-09-16; nasscom_harvest=nasscom:PROVEN; rdap:1998-09-16,Verified,0,,0,1,| P&amp;C Insurance Software &amp; Services Our Platform Solartis Insure Leading the futur,8465,0,0,0,0,pre-2024: proven | site mentions compliance,False,,,,identity_pending,751,52,28,1998-09-16,zero signals unverified after re-crawl
nasscom,Surya International Enterprise Private Limited,Bhubaneswar,https://groupsurya.co.in/,groupsurya.co.in,,,,,True,False,False,EXISTED_2COR,rdap=2012-07-29; nasscom_harvest=nasscom:PROVEN; rdap:2012-07-29,Verified,0,,0,1,"olar panels, Tubelar batteries and PCU units Our product line includes solar panels, batte",8430,0,0,0,0,pre-2024: proven,False,,,,identity_pending,,52,14,2012-07-29,zero signals unverified after re-crawl
nasscom,Cencora Business Services India Private Limited,Pune,https://www.cencora.com/,cencora.com,,,,,True,False,False,EXISTED_2COR,rdap=2017-12-08; nasscom_harvest=nasscom:PROVEN; rdap:2017-12-08,Verified,0,,0,1,ess barriers to patient access and increase your product&#39;s speed-to-therapy. Explore a,7921,0,0,0,0,pre-2024: proven,False,,,,identity_pending,,52,9,2017-12-08,zero signals unverified after re-crawl
nasscom,Rovan Software Solutions Private Limited,Sivakasi,http://www.rovan.in,rovan.in,,,,,True,False,False,EXISTED_2COR,rdap=2005-06-04; nasscom_harvest=nasscom:DOMAIN_ONLY; rdap:2005-06-04,Verified,0,,0,1,"hools, colleges and universities since 2002. Our Products ROVAN IMS Helps to manage the ac",7779,0,0,0,0,pre-2024: domain only,False,,,,identity_pending,,52,21,2005-06-04,zero signals unverified after re-crawl
nasscom,North Shore Technologies Pvt Ltd,Noida,http://www.svam.com,svam.com,,,resolved:406,406,False,True,False,EXISTED_2COR,rdap=1996-12-11; nasscom_harvest=nasscom:PROVEN: 2022-06 snapshot listing,Verified,1,n Solutions Consulting &amp; Staffing Custom Application Development Cybersecurity Data &a,0,1,have always made me feel like the success of our product is very important to them.&#8221;,7293,0,0,0,0,"headcount_known: 406, inside the 50-600 target band | site_quotes.compliance: CMMI ML3 DEV",False,,,,identity_pending,406,52,30,1996-12-11,zero signals unverified after re-crawl
nasscom,HERE Solutions India Private Limited (HERE Technologies),Navi Mumbai,http://www.here.com,here.com,,,,,True,False,False,EXISTED_2COR,rdap=1995-06-11; nasscom_harvest=nasscom:PROVEN; rdap:1995-06-11,Verified,0,,0,1,tform &amp; Mapping Technology HERE Why HERE Our products Solutions Get started Learn Abou,6617,0,0,0,0,pre-2024: proven,False,,,,identity_pending,,52,31,1995-06-11,zero signals unverified after re-crawl
goodfirms+nasscom,Promact Infotech Pvt Ltd.,"Vadodara, India",https://www.promactinfo.com/,promactinfo.com,2003,50-249,50-249,,False,False,False,EXISTED_2COR,goodfirms_founded=2003; rdap=2003-09-15; nasscom_harvest=nasscom:PROVEN; rdap:2003-09-15; goodfir,Verified,1,Promact - Top Product Engineering &amp; Web Development Company | Promact Info,0,0,,18575,0,0,0,0,pre-2024: proven | site mentions cicd,False,,,,identity_pending,150,50,23,2003-09-15,zero signals unverified after re-crawl
goodfirms+nasscom,Deltacubes Technology,"Hyderabad, India",http://deltacubes.us,deltacubes.us,2018,50-249,50-249,,False,False,False,PROVEN_EQUIV,goodfirms_founded=2018; nasscom_harvest=nasscom:UNKNOWN; goodfirms_founded:2018; wayback=20230420,Verified,1,eltaCubes Technology LLC Home About Services Custom Software Development Mobile App Develo,0,0,,6909,0,0,0,0,pre-2024: unknown | site mentions cicd,False,(verify),,,identity_name_only,150,50,8,2018,zero signals unverified after re-crawl
nasscom,Fitmat Smart Solutions Private Limited,Pune,https://www.kreedalabs.com,kreedalabs.com,,,,,True,False,False,EXISTED_2COR,rdap=2022-08-20; nasscom_harvest=nasscom:DOMAIN_ONLY; rdap:2022-08-20,Verified,1,--> Kreeda Labs | AI &amp; Software Development Company — India top of page Our Services A,0,1,at&rsquo;s actually worth using. That means your product gets solutions built on what&rsqu,325799,0,0,0,0,pre-2024: domain only,False,,,,identity_pending,,47,4,2022-08-20,zero signals unverified after re-crawl
nasscom,Webart Technology Private Limited,Kolkata,https://webart.technology/,webart.technology,,,,,True,False,False,EXISTED_2COR,rdap=2020-08-18; nasscom_harvest=nasscom:DOMAIN_ONLY; rdap:2020-08-18,Verified,1,possibly provides the best marketing and web development services. Really thankful to ... ,0,1,on for i dont show this meating on screen--> Our Saas hide this meeting icon for i dont sh,79366,0,0,0,0,pre-2024: domain only | site mentions cicd,False,,,,identity_pending,,47,6,2020-08-18,zero signals unverified after re-crawl
nasscom,Kenvue Solutions India Private Limited,Bengaluru,http://www.kenvue.com,kenvue.com,,,,,True,False,False,EXISTED_2COR,rdap=2022-04-28; nasscom_harvest=nasscom:PROVEN; rdap:2022-04-28,Verified,0,,0,1,hing else We’re relentless about making sure our products are carefully tested and evaluat,65608,0,0,0,0,pre-2024: proven,False,,,,identity_pending,,47,4,2022-04-28,zero signals unverified after re-crawl
nasscom,Fortmindz Private Limited,Kolkata,https://fortmindz.com/,fortmindz.com,,,,,True,False,False,EXISTED_2COR,rdap=2022-11-01; nasscom_harvest=nasscom:EXISTED_NO_SW_WORDING; rdap:2022,Verified,1,Award-Winning Product Engineering Company | Fortmindz Home Company Company Abo,0,1,"hatGPT, Gemini or custom LLMs directly into your product. AI Chatbot Development Intellige",39077,0,0,0,0,pre-2024: existed no sw wording,False,,,,identity_pending,,47,4,2022-11-01,zero signals unverified after re-crawl
nasscom,Mylan Pharmaceuticals Private Limited,Hyderabad,https://www.viatris.in/,viatris.in,,,,,True,False,False,EXISTED_2COR,rdap=2019-09-16; nasscom_harvest=nasscom:PROVEN; rdap:2019-09-16,Verified,0,,0,1,and services across our industry. Learn more Our Products A bold history and bright future,33337,0,0,0,0,pre-2024: proven,False,,,,identity_pending,,47,7,2019-09-16,zero signals unverified after re-crawl
nasscom,LowLightKing Productions Private Limited,Kochi,https://lowlightking.com/,lowlightking.com,,,,,True,False,False,EXISTED_2COR,rdap=2019-09-13; nasscom_harvest=nasscom:PROVEN; rdap:2019-09-13,Verified,0,,0,1,show.” &#8211; Playway Books “This explains our product better than our sales deck.” &#821,32741,0,0,0,0,pre-2024: proven | site mentions pr_practice,False,,,,identity_pending,,47,7,2019-09-13,zero signals unverified after re-crawl
nasscom,Sopra Banking Software Solutions India Private Limited,Gautam Buddha Nagar,https://sbs-software.com/,sbs-software.com,,,,,True,False,False,EXISTED_2COR,rdap=2023-12-06; nasscom_harvest=nasscom:EXISTED_NO_SW_WORDING; rdap:2023,Verified,0,,0,1,their digital journey. Get started Discover our products ID Scan Balance Cards Savings Goa,28766,0,0,0,0,pre-2024: existed no sw wording,False,,,,identity_pending,,47,3,2023-12-06,zero signals unverified after re-crawl
nasscom,Smartail Private Limited,Bengaluru,https://www.smartail.ai/,smartail.ai,,,,,True,False,False,EXISTED_2COR,rdap=2019-12-01; nasscom_harvest=nasscom:EXISTED_NO_SW_WORDING; rdap:2019,Verified,0,,0,1,tors and improve student outcomes. DeepGrade Our Flagship Product Institutions 0+ Our este,22325,0,0,0,0,pre-2024: existed no sw wording,False,,,,identity_pending,,47,7,2019-12-01,zero signals unverified after re-crawl
nasscom,TeamF1 Networks Private Limited,Hyderabad,http://teamf1networks.com/,teamf1networks.com,,,,,True,False,False,EXISTED_2COR,copyright_footer=2013; nasscom_harvest=nasscom:PROVEN,Verified,0,,0,1,elligence to hardware Know More Homepage --> Our Products Businesses across the industry a,21572,0,0,0,0,pre-2024: proven,False,,,,identity_pending,,47,0,,zero signals unverified after re-crawl
nasscom,Fioneer India Private Limited,Bengaluru,https://www.sapfioneer.com/,sapfioneer.com,,,,,True,False,False,EXISTED_2COR,rdap=2021-04-23; nasscom_harvest=nasscom:PROVEN: 2022-06-01 Wayback — 'Ex,Verified,0,,0,1,Join the 800 banks globally who have chosen our platform. Learn more Insurance Accelerate ,20589,0,0,0,0,Wayback 2022: 'SAP Fioneer | Exceptional software solutions for financial services' | Site,False,,,,identity_pending,,47,5,2021-04-23,zero signals unverified after re-crawl
nasscom,Uniqus India Private Limited,Bengaluru,https://uniqus.com/,uniqus.com,,,,,True,False,False,EXISTED_2COR,rdap=2000-07-03; nasscom_harvest=nasscom:PROVEN; wayback=20230807,Verified,0,,0,0,,915930,0,0,0,0,pre-2024: proven | site mentions cicd | site mentions compliance,False,,,,identity_pending,,45,26,2000-07-03,zero signals unverified after re-crawl
nasscom,Bahwan CyberTek Pvt Ltd,Chennai,http://www.bahwancybertek.com,bahwancybertek.com,,,,,True,False,False,EXISTED_2COR,rdap=1999-03-11; copyright_footer=2011; nasscom_harvest=nasscom:UNKNOWN; wayback=20230606,Verified,0,,0,0,,898361,0,0,0,0,pre-2024: unknown,False,,,,identity_pending,,45,27,1999-03-11,zero signals unverified after re-crawl
nasscom,Cotelligent (India) Private Limited,Hyderabad,http://cotelligent.com/,cotelligent.com,,,,,True,False,False,EXISTED_2COR,rdap=1997-07-03; nasscom_harvest=nasscom:UNKNOWN; wayback=20230530,Verified,0,,0,0,,896934,0,0,0,0,pre-2024: unknown,False,,,,identity_pending,,45,29,1997-07-03,zero signals unverified after re-crawl
nasscom,Rupeeseed Technology Ventures Pvt Ltd,Mumbai,http://www.rupeeseed.com,rupeeseed.com,,,,,True,False,False,EXISTED_2COR,rdap=2010-07-20; nasscom_harvest=nasscom:PROVEN; wayback=20230530,Verified,0,,0,0,,889443,0,0,0,0,pre-2024: proven,False,,,,identity_pending,,45,16,2010-07-20,zero signals unverified after re-crawl
nasscom,LendingTree Research Services LLP,Hyderabad,https://lendingtree.com/,lendingtree.com,,,,,True,False,False,EXISTED_2COR,rdap=1998-01-16; nasscom_harvest=nasscom:PROVEN; wayback=20230602,Verified,0,,0,0,,885917,0,0,0,0,pre-2024: proven,False,,,,identity_pending,,45,28,1998-01-16,zero signals unverified after re-crawl
nasscom,Diadem Technologies Pvt Ltd,Kolkata,https://diadem.in/,diadem.in,,,,,True,False,False,EXISTED_2COR,rdap=2007-05-03; nasscom_harvest=nasscom:PROVEN; wayback=20230528,Verified,0,,0,0,,885070,0,0,0,0,pre-2024: proven | site mentions compliance,False,,,,identity_pending,,45,19,2007-05-03,zero signals unverified after re-crawl
nasscom,ValueMentor InfoSec Private Limited,Kochi,http://www.valuementor.com,valuementor.com,,,,,True,False,False,EXISTED_2COR,rdap=2004-12-16; nasscom_harvest=nasscom:PROVEN; wayback=20230603,Verified,0,,0,0,,558884,0,0,0,0,pre-2024: proven,False,,,,identity_pending,,45,22,2004-12-16,zero signals unverified after re-crawl
nasscom,VEE Technologies Private Limited,Bengaluru,http://www.veetechnologies.com,veetechnologies.com,,,,,True,False,False,EXISTED_2COR,rdap=2000-03-09; copyright_footer=2000; nasscom_harvest=nasscom:PROVEN downgraded to +10: the 20,Verified,1,orms Vee Class ProTrack VeeLearn ATS Digital Product Engineering Low-Code/No-Code UI/UX Cu,0,0,,363581,0,0,0,0,"Wayback 2023: 'Retrospective Risk Review, Risk Adjustment Optimization' claims copy | Abou",False,,,,identity_pending,,45,26,2000-03-09,zero signals unverified after re-crawl
goodfirms+nasscom,iView Labs Pvt. Ltd.,"Ahmedabad, India",http://iviewlabs.com/,iviewlabs.com,2012,10-49,10-49,,False,False,False,EXISTED_2COR,goodfirms_founded=2012; rdap=2012-10-05; nasscom_harvest=nasscom:DOMAIN_ONLY; rdap:2012-10-05; go,Verified,1,--> Software Product Development Company | iView Labs top of page Our Work We,0,0,,242155,0,0,0,0,pre-2024: domain only | site mentions cicd,False,,,,identity_pending,30,45,14,2012-10-05,zero signals unverified after re-crawl
nasscom,Innobox Systems Private Limited,Hyderabad,http://www.innobox.com/,innobox.com,,,,,True,False,False,EXISTED_2COR,rdap=2003-05-20; nasscom_harvest=nasscom:UNKNOWN; wayback=20230605,Verified,0,,0,0,,238798,0,0,0,0,pre-2024: unknown,False,,,,identity_pending,,45,23,2003-05-20,zero signals unverified after re-crawl
nasscom,Spectraforce Technologies (India) Pvt Ltd,Pune,http://spectraforce.com,spectraforce.com,,,,,True,False,False,PROVEN_EQUIV,rdap=2004-10-25; nasscom_harvest=nasscom:PROVEN; wayback=20230604,Verified,1,ics Industrial Automation Engineering &#038; Product Development Telecom Telecom Staffing ,0,0,,223748,0,0,0,0,pre-2024: proven | site mentions cicd,False,,,,identity_pending,,45,22,2004-10-25,zero signals unverified after re-crawl
nasscom,World of Opportunities for Women LLP,Bengaluru,http://www.hersecondinnings.com,hersecondinnings.com,,,,,True,False,False,EXISTED_2COR,"rdap=2014-07-23; nasscom_harvest=nasscom:PROVEN - 20230601 snapshot, but ; wayback=20230609",Verified,0,,0,0,,215223,0,0,0,0,"Site: 'Job Placements 97%, Returnship Projects 92%, Upskilling 98%' | JD 'bitbucket'/'gith",False,,,,identity_pending,,45,12,2014-07-23,zero signals unverified after re-crawl
nasscom,Twilio Technology India Private Limited,Bengaluru,http://www.twilio.com,twilio.com,,,,,True,False,False,EXISTED_2COR,rdap=2007-10-26; nasscom_harvest=nasscom:PROVEN; wayback=20230412,Verified,0,,0,0,,196305,0,0,0,0,pre-2024: proven | site mentions cicd,False,,,,identity_pending,,45,19,2007-10-26,zero signals unverified after re-crawl
nasscom,ASCENTech Information Technology Private Limited,Thane,https://www.ascentechindia.com,ascentechindia.com,,,,,True,False,False,EXISTED_2COR,rdap=2007-12-12; copyright_footer=2021; nasscom_harvest=nasscom:PROVEN - 2023 snapshot: 'ASCENTe,Verified,1,gy strategist with 25+ years of expertise in software development and e-governance innovat,0,0,,195179,0,0,0,0,"Wayback 2023: '25 years... Software Development Domain', software delivered | JD repo/CI h",False,,,,identity_pending,,45,19,2007-12-12,zero signals unverified after re-crawl
goodfirms+nasscom,SynergyLabs,"Gurgaon, India",https://www.synlabs.io/,synlabs.io,2016,10-49,10-49,,False,False,False,PROVEN_EQUIV,goodfirms_founded=2016; nasscom_harvest=nasscom:PROVEN; goodfirms_founded:2016; wayback=20230602,Verified,1,"ynergyLabs: AI Solutions, Gen AI, SaaS &amp; Software Development top of page Menu Close C",0,0,,176257,0,0,0,0,pre-2024: proven,False,,,,identity_pending,30,45,10,2016,zero signals unverified after re-crawl
goodfirms+nasscom,Taashee Linux Services,"Hyderabad, India",https://www.taashee.com/,taashee.com,,10-49,10-49,,False,False,False,EXISTED_2COR,rdap=2007-04-30; copyright_footer=2007; nasscom_harvest=nasscom:PROVEN; rdap:2007-04-30,Verified,1,"ship, I was offered a consultant role in the Product Development team, a pivotal moment fo",0,0,,148527,0,0,0,0,pre-2024: proven | site mentions cicd,False,,,,identity_pending,30,45,19,2007-04-30,zero signals unverified after re-crawl
nasscom,The World Bank (IBRD),Chennai,http://www.worldbank.org,worldbank.org,,,,,True,False,False,EXISTED_2COR,rdap=1991-08-14; nasscom_harvest=nasscom:UNKNOWN; wayback=20221219,Verified,0,,0,0,,141193,0,0,0,0,pre-2024: unknown,False,,,,identity_pending,,45,35,1991-08-14,zero signals unverified after re-crawl
nasscom,Lester Infoservices Private Limited,Navi Mumbai,http://www.lesterinc.com,lesterinc.com,,,,,True,False,False,EXISTED_2COR,rdap=2004-11-26; nasscom_harvest=nasscom:EXISTED_NO_SW_WORDING; wayback=20230531,Verified,0,,0,0,,138379,0,0,0,0,pre-2024: existed no sw wording,False,,,,identity_pending,,45,22,2004-11-26,zero signals unverified after re-crawl
nasscom,D E Shaw India Private Limited,Hyderabad,http://www.deshawindia.com,deshawindia.com,,,,,True,False,False,EXISTED_2COR,rdap=2000-03-10; copyright_footer=2018; nasscom_harvest=nasscom:PROVEN; rdap:2000-03-10,Verified,0,,0,0,,126239,0,0,0,0,pre-2024: proven,False,,,,identity_pending,,45,26,2000-03-10,zero signals unverified after re-crawl
nasscom,Serosoft Solutions Private Limited,Indore,https://www.serosoft.com/,serosoft.com,,,,,True,False,False,EXISTED_2COR,rdap=2009-01-16; nasscom_harvest=nasscom:PROVEN; wayback=20230530,Verified,0,,0,0,,125012,0,0,0,0,pre-2024: proven,False,,,,identity_pending,,45,17,2009-01-16,zero signals unverified after re-crawl
nasscom,Sulzer India Private Limited,Pune,https://www.sulzer.com/en,sulzer.com,,,,,True,False,False,EXISTED_2COR,rdap=1996-02-24; copyright_footer=1996; nasscom_harvest=nasscom:PROVEN; rdap:1996-02-24,Verified,1,on Polymer production technology Process and application development Reaction technology U,0,0,,122761,0,0,0,0,pre-2024: proven,False,,,,identity_pending,,45,30,1996-02-24,zero signals unverified after re-crawl
nasscom,Suma Soft Pvt Ltd,Pune,http://www.sumasoft.com,sumasoft.com,,,,,True,False,False,PROVEN_EQUIV,rdap=2000-04-25; copyright_footer=2000; nasscom_harvest=nasscom:PROVEN; wayback=20230601,Verified,1,"performance, and accelerated insights Mobile Application Development Android Build scalabl",0,0,,122490,0,0,0,0,pre-2024: proven | site mentions cicd,False,,,,identity_pending,,45,26,2000-04-25,zero signals unverified after re-crawl
nasscom,Circana India Private Limited,Bengaluru,https://www.circana.com/,circana.com,,,,,True,False,False,EXISTED_2COR,rdap=2006-03-30; nasscom_harvest=nasscom:EXISTED_NO_SW_WORDING; wayback=20230605,Verified,0,,0,0,,121226,0,0,0,0,pre-2024: existed no sw wording,False,,,,identity_pending,,45,20,2006-03-30,zero signals unverified after re-crawl
nasscom,DLF Cyber City Developers Limited,Gurugram,http://www.dlf.in,dlf.in,,,,,True,False,False,EXISTED_2COR,rdap=2005-02-17; nasscom_harvest=nasscom:EXISTED_NO_SW_WORDING; wayback=20230602,Verified,0,,0,0,,114267,0,0,0,0,pre-2024: existed no sw wording | site mentions cicd,False,,,,identity_pending,,45,21,2005-02-17,zero signals unverified after re-crawl
nasscom,JP Morgan Services India Pvt Ltd,Mumbai,http://www.jpmorgan.com,jpmorgan.com,,,,,True,False,False,EXISTED_2COR,rdap=1992-04-24; copyright_footer=2020; nasscom_harvest=nasscom:PROVEN; rdap:1992-04-24,Verified,0,,0,0,,114246,0,0,0,0,pre-2024: proven | site mentions cicd,False,,,,identity_pending,,45,34,1992-04-24,zero signals unverified after re-crawl
nasscom,Codelattice Digital Solutions Pvt Ltd,Calicut,http://www.codelattice.com,codelattice.com,,,,,True,False,False,PROVEN_EQUIV,rdap=2011-02-02; copyright_footer=2009; nasscom_harvest=nasscom:PROVEN; wayback=20230601,Verified,1,ntries so far. Trends change and we keep up. Application Development Web Based Application,0,0,,109859,0,0,0,0,pre-2024: proven | site mentions cicd | site mentions compliance,False,,,,identity_pending,,45,15,2011-02-02,zero signals unverified after re-crawl
nasscom,Savills Property Services (India) Private Limited,Gurugram,https://www.savills.in/,savills.in,,,,,True,False,False,EXISTED_2COR,rdap=2006-05-10; nasscom_harvest=nasscom:EXISTED_NO_SW_WORDING; wayback=20230601,Verified,0,,0,0,,109035,0,0,0,0,pre-2024: existed no sw wording | site mentions cicd,False,,,,identity_pending,,45,20,2006-05-10,zero signals unverified after re-crawl
nasscom,IRIS Software Pvt Ltd,New Delhi,http://www.irissoftware.com,irissoftware.com,,,,,True,False,False,EXISTED_2COR,rdap=1998-03-27; copyright_footer=2021; nasscom_harvest=nasscom:PROVEN; rdap:1998-03-27,Verified,0,,0,0,,102461,0,0,0,0,pre-2024: proven,False,,,,identity_pending,,45,28,1998-03-27,zero signals unverified after re-crawl
nasscom,GrapeCity India Private Limited,Noida,http://www.grapecity.in,grapecity.in,,,,,True,False,False,EXISTED_2COR,rdap=2013-04-05; nasscom_harvest=nasscom:UNKNOWN; wayback=20230604,Verified,0,,0,0,,101186,0,0,0,0,pre-2024: unknown,False,,,,identity_pending,,45,13,2013-04-05,zero signals unverified after re-crawl
nasscom,DigiMantra Innovations Private Limited,Mohali,https://digimantralabs.com/,digimantralabs.com,,,,,True,False,False,PROVEN_EQUIV,rdap=2012-10-24; nasscom_harvest=nasscom:UNKNOWN; wayback=20230609,Verified,1,s] => Array ( [0] => Array ( [item_title] => Product Engineering [item_url] => https://dig,0,0,,100851,0,0,0,0,pre-2024: unknown | site mentions cicd | site mentions pr_practice,False,,,,identity_pending,,45,14,2012-10-24,zero signals unverified after re-crawl
nasscom,Skillmine Technology Consulting Pvt Ltd,Bengaluru,http://www.skill-mine.com,skill-mine.com,,,,,True,False,False,PROVEN_EQUIV,rdap=2014-04-23; nasscom_harvest=nasscom:UNKNOWN — no wayback snapshot an; wayback=20230605,Verified,1,ervices Generative AI Custom AI/ML Models AI Product Engineering Digital Twins Predictive ,0,0,,98339,0,0,0,0,"tier_gold UNKNOWN: no wayback, no RDAP; missing not absent | jd: 98,339 chars over 4 pages",False,,,,identity_pending,,45,12,2014-04-23,zero signals unverified after re-crawl
nasscom,Creative Virtual Private Limited,Navi Mumbai,http://www.creativevirtual.com,creativevirtual.com,,,,,True,False,False,EXISTED_2COR,rdap=2003-11-13; copyright_footer=2023; nasscom_harvest=nasscom:EXISTED_NO_SW_WORDING: 2023 snap,Verified,0,,0,0,,96268,0,0,0,0,creativevirtual.com is UK-headquartered; Navi Mumbai is its India centre | Site: own produ,False,,,,identity_pending,,45,23,2003-11-13,zero signals unverified after re-crawl
goodfirms+nasscom,Uneecops Technologies Limited,"Noida, India",https://www.uneecops.com,uneecops.com,1995,250+,250+,,False,True,False,EXISTED_2COR,goodfirms_founded=1995; rdap=2008-07-03; nasscom_harvest=nasscom:PROVEN; goodfirms_founded:1995; wayback=20230602,Verified,0,,0,0,,93989,0,0,0,0,pre-2024: proven,False,,,,identity_pending,300,45,18,2008-07-03,zero signals unverified after re-crawl
goodfirms+nasscom,JD Soft,"Chennai, India",http://www.jdsoft.in/,jdsoft.in,,10-49,10-49,,False,False,False,EXISTED_2COR,rdap=2011-09-26; copyright_footer=2021; nasscom_harvest=nasscom:PROVEN: 2020-06-01 Wayback — whi; wayback=20230606,Verified,0,,0,0,,93428,0,0,0,0,Wayback 2020: 'White Paper Case Studies ... Our Methodology ... Engagement Model' | Site: ,False,Kdaisy Deva Evu,Managing Director,,identity_name_only,30,45,15,2011-09-26,zero signals unverified after re-crawl
nasscom,TSL Consulting Private Limited,Pune,https://tslconsulting.in/,tslconsulting.in,,,,,True,False,False,EXISTED_2COR,rdap=2018-09-14; nasscom_harvest=nasscom:PROVEN; wayback=20230328,Verified,0,,0,0,,92350,0,0,0,0,pre-2024: proven | site mentions cicd,False,,,,identity_pending,,45,8,2018-09-14,zero signals unverified after re-crawl
nasscom,Criticalriver Technologies Private Limited,Hyderabad,https://www.criticalriver.com/,criticalriver.com,,,,,True,False,False,PROVEN_EQUIV,rdap=2014-02-17; nasscom_harvest=nasscom:PROVEN - 2022 wayback nav lists ; wayback=20230531,Verified,1,", scalable systems through AI-assisted SDLC (Software Development Life Cycle), the new way",0,0,,89766,0,0,0,0,wayback 20220601: 'Salesforce Software Engineering Product Engineering' | site: named acce,False,Prabhakar Reddy Inukonda,,,identity_name_only,,45,12,2014-02-17,zero signals unverified after re-crawl
nasscom,Emerson Innovation Center - Pune (A Div. of Emerson Electric Company (I) Pvt Ltd),Pune,http://www.emerson.com,emerson.com,,,,,True,False,False,EXISTED_2COR,rdap=1995-07-29; nasscom_harvest=nasscom:EXISTED_NO_SW_WORDING; wayback=20161111,Verified,0,,0,0,,86685,0,0,0,0,pre-2024: existed no sw wording | site mentions cicd,False,,,,identity_pending,,45,31,1995-07-29,zero signals unverified after re-crawl
nasscom,Sri Vishnu Educational Society,Hyderabad,http://www.srivishnu.edu.in/,srivishnu.edu.in,,,,,True,False,False,EXISTED_2COR,rdap=2008-08-08; copyright_footer=2018; nasscom_harvest=nasscom:DOMAIN_ONLY; rdap:2008-08-08,Verified,0,,0,0,,82205,0,0,0,0,pre-2024: domain only,False,,,,identity_pending,,45,18,2008-08-08,zero signals unverified after re-crawl
nasscom,Ensono Technologies LLP,Pune,https://www.ensono.com/,ensono.com,,,,,True,False,False,PROVEN_EQUIV,rdap=2015-02-10; nasscom_harvest=nasscom:UNKNOWN; wayback=20230601,Verified,1,nterfaces Digital Acceleration Roadmap Cloud Application Development Intelligent Data Plat,0,0,,81344,0,0,0,0,pre-2024: unknown,False,,,,identity_pending,,45,11,2015-02-10,zero signals unverified after re-crawl
nasscom,S10 Healthcare Solutions Pvt Ltd,Chennai,http://www.s10health.com,s10health.com,,,,,True,False,False,EXISTED_2COR,rdap=2013-04-30; copyright_footer=2022; nasscom_harvest=nasscom:EXISTED_NO_SW_WORDING; rdap:2013,Verified,0,,0,0,,81133,0,0,0,0,pre-2024: existed no sw wording,False,,,,identity_pending,,45,13,2013-04-30,zero signals unverified after re-crawl
nasscom,PricewaterhouseCoopers Pvt Ltd,Mumbai,http://www.pwc.com,pwc.com,,,,,True,False,False,EXISTED_2COR,rdap=2001-11-10; copyright_footer=2017; nasscom_harvest=nasscom:EXISTED_NO_SW_WORDING; rdap:2001,Verified,0,,0,0,,79730,0,0,0,0,pre-2024: existed no sw wording,False,,,,identity_pending,,45,25,2001-11-10,zero signals unverified after re-crawl
goodfirms+nasscom,CS Soft Solutions India Pvt. Ltd.,"Mohali, India",https://www.cssoftsolutions.com,cssoftsolutions.com,2009,250+,250+,,False,True,False,EXISTED_2COR,goodfirms_founded=2009; rdap=2009-11-09; nasscom_harvest=nasscom:PROVEN - 2023 wayback snapshot l,Verified,1,AI &amp; Software Development Services | CS Soft Solutions AI &amp; Softwa,0,0,,76464,0,0,0,0,wayback 20230601: 'Custom Software Development Mobile App Development' | site: own certs I,False,Chhotu Sharma,Founder & CEO,https://www.linkedin.com/in/chhotu-sharma,identity_full,300,45,17,2009-11-09,zero signals unverified after re-crawl
nasscom,Montran Corporation (India) Private Limited,Mumbai,https://www.montran.in/,montran.in,,,,,True,False,False,EXISTED_2COR,rdap=2013-07-13; nasscom_harvest=nasscom:PROVEN; wayback=20230325,Verified,0,,0,0,,73276,0,0,0,0,pre-2024: proven,False,,,,identity_pending,,45,13,2013-07-13,zero signals unverified after re-crawl
nasscom,Triwave Solutions Private Limited,Chennai,https://www.triwavesolutions.com,triwavesolutions.com,,,,,True,False,False,PROVEN_EQUIV,rdap=2017-09-06; copyright_footer=2022; nasscom_harvest=nasscom:PROVEN; wayback=20230605,Verified,1,"siness once we understand your firm’s goals. Product Development We can design, develop, a",0,0,,72021,0,0,0,0,pre-2024: proven,False,,,,identity_pending,,45,9,2017-09-06,zero signals unverified after re-crawl
nasscom,Domo Business Services India Private Limited,Pune,https://www.domo.com,domo.com,,,,,True,False,False,EXISTED_2COR,rdap=1995-06-01; copyright_footer=2011; nasscom_harvest=nasscom:PROVEN; rdap:1995-06-01,Verified,0,,0,0,,71925,0,0,0,0,pre-2024: proven,False,,,,identity_pending,,45,31,1995-06-01,zero signals unverified after re-crawl
nasscom,Commvault Systems (India) Private Limited,Bengaluru,https://www.commvault.com/,commvault.com,,,,,True,False,False,EXISTED_2COR,rdap=1996-06-01; nasscom_harvest=nasscom:UNKNOWN; wayback=20230601,Verified,0,,0,0,,65484,0,0,0,0,pre-2024: unknown | site mentions cicd,False,,,,identity_pending,,45,30,1996-06-01,zero signals unverified after re-crawl
nasscom,Electronic Arts Games (India) Pvt Ltd,Hyderabad,http://www.ea.com,ea.com,,,,,True,False,False,EXISTED_2COR,rdap=1993-04-14; nasscom_harvest=nasscom:EXISTED_NO_SW_WORDING; wayback=20230602,Verified,0,,0,0,,63016,0,0,0,0,pre-2024: existed no sw wording,False,,,,identity_pending,,45,33,1993-04-14,zero signals unverified after re-crawl
nasscom,Waystone Centralised Services (IN) Private Limited,Mumbai,https://www.waystone.com/,waystone.com,,,,,True,False,False,EXISTED_2COR,rdap=2005-05-16; nasscom_harvest=nasscom:EXISTED_NO_SW_WORDING; wayback=20230524,Verified,0,,0,0,,61895,0,0,0,0,pre-2024: existed no sw wording,False,,,,identity_pending,,45,21,2005-05-16,zero signals unverified after re-crawl
nasscom,ACA Global Capability Center (India) Private Limited,Pune,https://www.acaglobal.com/,acaglobal.com,,,,,True,False,False,EXISTED_2COR,rdap=2004-04-04; nasscom_harvest=nasscom:PROVEN — Wayback 20230601 compli; wayback=20230601,Verified,0,,0,0,,59226,0,0,0,0,"Name: 'Global Capability Center (India)' of ACA Group | Wayback 2023-06: compliance, cyber",False,,,,identity_pending,,45,22,2004-04-04,zero signals unverified after re-crawl
nasscom,Digital Aptech Private Limited,Kolkata,http://www.digitalaptech.com,digitalaptech.com,,,,,True,False,False,PROVEN_EQUIV,rdap=2013-03-18; nasscom_harvest=nasscom:PROVEN - 2023-06 Wayback snapsho; wayback=20230606,Verified,1,Best Software Development Company in India | Digital Aptech --> Skip t,0,0,,56437,0,0,0,0,Site portfolio: 'BITBUCKET/ GIT' on Kolkata Police project stack | Site: 'We use strict te,False,,,,identity_pending,,45,13,2013-03-18,zero signals unverified after re-crawl
nasscom,Circular Edge Solution Private Limited,Chennai,http://www.circularedge.com,circularedge.com,,,,,True,False,False,EXISTED_2COR,rdap=2000-04-13; nasscom_harvest=nasscom:PROVEN; wayback=20230601,Verified,0,,0,0,,56090,0,0,0,0,pre-2024: proven,False,,,,identity_pending,,45,26,2000-04-13,zero signals unverified after re-crawl
nasscom,Winsoft Technologies India Pvt Ltd,Mumbai,http://www.winsoftech.com,winsoftech.com,,,,,True,False,False,EXISTED_2COR,rdap=1997-05-01; nasscom_harvest=nasscom:UNKNOWN; wayback=20230604,Verified,0,,0,0,,55058,0,0,0,0,pre-2024: unknown | site mentions cicd,False,,,,identity_pending,,45,29,1997-05-01,zero signals unverified after re-crawl
nasscom,FinacPlus Global Services Private Limited,Hyderabad,https://www.finacplus.com,finacplus.com,,,,,True,False,False,PROVEN_EQUIV,rdap=2017-07-26; nasscom_harvest=nasscom:PROVEN; wayback=20230529,Verified,1,ing &#038; Reporting Services Technology and Software Development Data Analytics Design &a,0,0,,54363,0,0,0,0,pre-2024: proven | site mentions compliance,False,,,,identity_pending,,45,9,2017-07-26,zero signals unverified after re-crawl
nasscom,Github India Private Limited,Delhi,https://github.com,github.com,,,,,True,False,False,PROVEN_EQUIV,rdap=2007-10-09; nasscom_harvest=nasscom:Wayback 2023-06 github.com produ; wayback=20230601,Verified,1,all solutions Resources EXPLORE BY TOPIC AI Software Development DevOps Security View all ,0,0,,49450,0,0,0,0,Site: 60 version-control mentions are its own product | Site: 'Explore code review' is pro,False,,,,identity_pending,,45,19,2007-10-09,zero signals unverified after re-crawl
nasscom,CLSA Technology & Services LLP,Pune,http://www.clsa.com,clsa.com,,,,,True,False,False,EXISTED_2COR,rdap=1997-04-03; nasscom_harvest=nasscom:UNKNOWN; wayback=20230601,Verified,0,,0,0,,47425,0,0,0,0,pre-2024: unknown,False,,,,identity_pending,,45,29,1997-04-03,zero signals unverified after re-crawl
nasscom,Quest Diagnostics HTAS India Private Limited,Hyderabad,http://www.QuestDiagnostics.com,questdiagnostics.com,,,,,True,False,False,EXISTED_2COR,rdap=1997-04-10; copyright_footer=2016; nasscom_harvest=nasscom:EXISTED_NO_SW_WORDING: 2023 arch,Verified,0,,0,0,,46833,0,0,0,0,"site_quotes enterprise: patient billing and insurance lookup, a consumer health site | sit",False,,,,identity_pending,,45,29,1997-04-10,zero signals unverified after re-crawl
goodfirms+nasscom,Pixel Solutionz,"Kolkata, India",https://www.pixelsolutionz.com/,pixelsolutionz.com,2015,10-49,10-49,,False,False,False,EXISTED_2COR,goodfirms_founded=2015; rdap=2014-11-05; nasscom_harvest=nasscom:EXISTED_NO_SW_WORDING; goodfirms,Verified,1,ugh innovative e-commerce solutions Software Product Development Let your Idea achieve Suc,0,0,,45616,0,0,0,0,pre-2024: existed no sw wording | site mentions cicd,False,,,,identity_pending,30,45,12,2014-11-05,zero signals unverified after re-crawl
nasscom,Datagrid Solutions Private Limited,Mumbai,https://datagrid.co.in/,datagrid.co.in,,,,,True,False,False,EXISTED_2COR,rdap=2015-06-26; copyright_footer=2021; nasscom_harvest=nasscom:EXISTED_NO_SW_WORDING; rdap:2015,Verified,1,Software development company | Software development services | Mu,0,0,,44508,0,0,0,0,pre-2024: existed no sw wording | site mentions cicd,False,,,,identity_pending,,45,11,2015-06-26,zero signals unverified after re-crawl
nasscom,MHP India Private Limited,Bengaluru,https://www.mhp.com,mhp.com,,,,,True,False,False,PROVEN_EQUIV,rdap=1994-11-09; copyright_footer=1998; nasscom_harvest=nasscom:EXISTED_NO_SW_WORDING; wayback=20130129,Verified,1,SAP Transformation Software-Defined Vehicle Software Development Supply Chain &amp; Operat,0,0,,42634,0,0,0,0,pre-2024: existed no sw wording,False,,,,identity_pending,,45,32,1994-11-09,zero signals unverified after re-crawl
nasscom,Reckitt Benckiser Healthcare India Private Limited,Hyderabad,https://www.reckitt.com/,reckitt.com,,,,,True,False,False,EXISTED_2COR,rdap=1996-02-11; nasscom_harvest=nasscom:PROVEN; wayback=20230602,Verified,0,,0,0,,41950,0,0,0,0,pre-2024: proven,False,,,,identity_pending,,45,30,1996-02-11,zero signals unverified after re-crawl
nasscom,IndusGuru Network Partners LLP,Mumbai,https://www.indusguru.in/,indusguru.in,,,,,True,False,False,EXISTED_2COR,rdap=2016-01-12; copyright_footer=2020; nasscom_harvest=nasscom:DOMAIN_ONLY; rdap:2016-01-12,Verified,0,,0,0,,41004,0,0,0,0,pre-2024: domain only,False,,,,identity_pending,,45,10,2016-01-12,zero signals unverified after re-crawl
nasscom,Intec Infra-Technologies Pvt Ltd,Gurugram,http://www.intecinfocom.com,intecinfocom.com,,,,,True,False,False,PROVEN_EQUIV,rdap=2002-04-13; nasscom_harvest=nasscom:UNKNOWN; wayback=20170923,Verified,1,es --> Connect with us --> Architectural BIM Development Services Our expertise lies in pr,0,0,,38613,0,0,0,0,pre-2024: unknown,False,,,,identity_pending,,45,24,2002-04-13,zero signals unverified after re-crawl
nasscom,PromptTech Global Private Limited,Trivandrum,https://prompttechsolutions.com/,prompttechsolutions.com,,,,,True,False,False,EXISTED_2COR,rdap=2017-02-10; nasscom_harvest=nasscom:PROVEN; wayback=20230530,Verified,0,,0,0,,38599,0,0,0,0,pre-2024: proven,False,,,,identity_pending,,45,9,2017-02-10,zero signals unverified after re-crawl
nasscom,Tevatron Technologies Private Limited,Noida,https://www.tevatrontech.com,tevatrontech.com,,,,,True,False,False,PROVEN_EQUIV,rdap=2012-07-04; nasscom_harvest=nasscom:PROVEN; wayback=20230608,Verified,1,ome About Us Services Corporate Services IoT Development Services ODM Services Embedded &#,0,0,,38427,0,0,0,0,pre-2024: proven,False,,,,identity_pending,,45,14,2012-07-04,zero signals unverified after re-crawl
nasscom,Technology Mindz (A Unit of Prachit Technology Services Private Limited),Jaipur,https://www.technologymindz.com,technologymindz.com,,,,,True,False,False,PROVEN_EQUIV,rdap=2014-08-20; nasscom_harvest=nasscom:PROVEN; wayback=20230604,Verified,1,"e, delivery and execution of IT initiatives, software development, as well as future discu",0,0,,36483,0,0,0,0,pre-2024: proven | site mentions cicd | site mentions compliance,False,,,,identity_pending,,45,12,2014-08-20,zero signals unverified after re-crawl
goodfirms+nasscom,Tabdelta Solutions,"Ahmedabad, India",https://tabdelta.com/,tabdelta.com,2019,50-249,50-249,,False,False,False,EXISTED_2COR,goodfirms_founded=2019; rdap=2020-03-10; nasscom_harvest=nasscom:PROVEN; rdap:2020-03-10; goodfir,Verified,1,Best software development company in India - Tabdelta Solutions --> Ho,0,0,,36116,0,0,0,0,pre-2024: proven,False,,,,identity_pending,150,45,6,2020-03-10,zero signals unverified after re-crawl
nasscom,Curriculum Associates India Private Limited,Bengaluru,https://www.curriculumassociates.com/,curriculumassociates.com,,,,,True,False,False,EXISTED_2COR,rdap=1996-11-30; nasscom_harvest=nasscom:PROVEN; wayback=20230601,Verified,0,,0,0,,33547,0,0,0,0,pre-2024: proven,False,,,,identity_pending,,45,30,1996-11-30,zero signals unverified after re-crawl
nasscom,Counselect Services Private Limited,Bengaluru,https://counselect.com/,counselect.com,,,,,True,False,False,EXISTED_2COR,rdap=2013-03-06; nasscom_harvest=nasscom:EXISTED_NO_SW_WORDING; wayback=20230607,Verified,0,,0,0,,32983,0,0,0,0,pre-2024: existed no sw wording,False,,,,identity_pending,,45,13,2013-03-06,zero signals unverified after re-crawl
nasscom,L&T Technology Services Ltd,Mumbai,https://www.ltts.com,ltts.com,,,,,True,False,False,PROVEN_EQUIV,rdap=2003-11-07; nasscom_harvest=nasscom:PROVEN; wayback=20230601,Verified,1,"ology Services (LTTS) | Digital Engineering, Product Engineering and ER&amp;D Services Ski",0,0,,32721,0,0,0,0,pre-2024: proven,False,,,,identity_pending,,45,23,2003-11-07,zero signals unverified after re-crawl
nasscom,Opengov India Private Limited,Pune,https://opengov.com/,opengov.com,,,,,True,False,False,EXISTED_2COR,rdap=2002-04-16; nasscom_harvest=nasscom:EXISTED_NO_SW_WORDING - 2023-06-; wayback=20230601,Verified,0,,0,0,,32512,0,0,0,0,"44 Ashby listings, 32k chars read; no repo host or review gate | Site: 'IT Support Special",False,,,,identity_pending,,45,24,2002-04-16,zero signals unverified after re-crawl
nasscom,Saveetha Engineering College (A college of Saveetha Medical and Educational Trust),Chennai,http://www.saveetha.ac.in,saveetha.ac.in,,,,,True,False,False,EXISTED_2COR,rdap=2005-12-20; nasscom_harvest=nasscom:PROVEN; wayback=20230601,Verified,0,,0,0,,32101,0,0,0,0,pre-2024: proven,False,,,,identity_pending,,45,21,2005-12-20,zero signals unverified after re-crawl
nasscom,Trusted Support Services Private Limited,Delhi,http://www.tsspl.org,tsspl.org,,,,,True,False,False,EXISTED_2COR,rdap=2013-09-02; copyright_footer=2013; nasscom_harvest=nasscom:UNKNOWN - no snapshot and no RDA; wayback=20231102,Verified,0,,0,0,,31464,0,0,0,0,Site: 'ISO 9001:2005 and ISO 27001:2003 certified company' own certifications | 31k chars ,False,,,,identity_pending,,45,13,2013-09-02,zero signals unverified after re-crawl
goodfirms+nasscom,Ksolves India Limited,"Noida, India",https://www.ksolves.com/,ksolves.com,2012,250+,250+,,False,True,False,EXISTED_2COR,goodfirms_founded=2012; rdap=2014-04-18; nasscom_harvest=nasscom:PROVEN; rdap:2014-04-18; goodfir,Verified,1,We are Ksolves India Limited is an AI-first Software Development company delivering end-to,0,0,,31042,0,0,0,0,pre-2024: proven | site mentions cicd,False,,,,identity_pending,300,45,12,2014-04-18,zero signals unverified after re-crawl
nasscom,"Infoparks, Kerala",Ernakulam,http://www.infopark.in,infopark.in,,,,,True,False,False,EXISTED_2COR,rdap=2005-02-16; nasscom_harvest=nasscom:EXISTED_NO_SW_WORDING; wayback=20230601,Verified,0,,0,0,,30685,0,0,0,0,pre-2024: existed no sw wording,False,,,,identity_pending,,45,21,2005-02-16,zero signals unverified after re-crawl
nasscom,Algonomy Software Private Limited,Bengaluru,http://www.manthan.com,manthan.com,,,,,True,False,False,EXISTED_2COR,rdap=2004-10-17; copyright_footer=2020; nasscom_harvest=nasscom:PROVEN; wayback=20230601,Verified,0,,0,0,,30524,0,0,0,0,pre-2024: proven,False,,,,identity_pending,,45,22,2004-10-17,zero signals unverified after re-crawl
nasscom,EQT Partners India Private Limited,Bengaluru,https://eqtgroup.com,eqtgroup.com,,,,,True,False,False,EXISTED_2COR,rdap=2014-03-06; nasscom_harvest=nasscom:PROVEN; wayback=20230530,Verified,0,,0,0,,30019,0,0,0,0,pre-2024: proven,False,,,,identity_pending,,45,12,2014-03-06,zero signals unverified after re-crawl
nasscom,Axtria India Pvt Ltd,Gurugram,http://www.axtria.com,axtria.com,,,,,True,False,False,EXISTED_2COR,rdap=2003-02-18; nasscom_harvest=nasscom:PROVEN; wayback=20230601,Verified,0,,0,0,,28887,0,0,0,0,pre-2024: proven | site mentions cicd,False,,,,identity_pending,,45,23,2003-02-18,zero signals unverified after re-crawl
nasscom,Index Infotech (India) Private Limited,Pune,http://www.indexinfotech.com,indexinfotech.com,,,resolved:100,100,False,False,False,EXISTED_2COR,nasscom_harvest=nasscom:EXISTED_NO_SW_WORDING; wayback=20230601,Verified,0,,0,0,,28830,0,0,0,0,pre-2024: existed no sw wording,False,,,,identity_pending,100,45,0,,zero signals unverified after re-crawl
nasscom,Mudunuru Limited,Visakhapatnam,https://www.mudunuru.com,mudunuru.com,,,,,True,False,False,PROVEN_EQUIV,rdap=2012-01-28; nasscom_harvest=nasscom:PROVEN; wayback=20231111,Verified,1,"st, UK and Australia. It is a pioneer in the application development of leading edge techn",0,0,,26667,0,0,0,0,pre-2024: proven,False,,,,identity_pending,,45,14,2012-01-28,zero signals unverified after re-crawl
nasscom,NCR Corporation India Pvt Ltd,Hyderabad,http://www.ncr.com,ncr.com,,,,,True,False,False,EXISTED_2COR,rdap=1987-04-30; nasscom_harvest=nasscom:PROVEN; wayback=20230602,Verified,0,,0,0,,26420,0,0,0,0,pre-2024: proven,False,,,,identity_pending,,45,39,1987-04-30,zero signals unverified after re-crawl
nasscom,Drivestream India Private Limited,Chennai,http://www.drivestream.com,drivestream.com,,,,,True,False,False,EXISTED_2COR,rdap=1999-02-26; nasscom_harvest=nasscom:PROVEN; wayback=20230525,Verified,0,,0,0,,26121,0,0,0,0,pre-2024: proven,False,,,,identity_pending,,45,27,1999-02-26,zero signals unverified after re-crawl
nasscom,Cotiviti India Private Limited,Hyderabad,http://www.cotiviti.com,cotiviti.com,,,,,True,False,False,EXISTED_2COR,rdap=2015-05-28; nasscom_harvest=nasscom:PROVEN; wayback=20230601,Verified,0,,0,0,,25039,0,0,0,0,pre-2024: proven,False,,,,identity_pending,,45,11,2015-05-28,zero signals unverified after re-crawl
nasscom,Belcan India Private Limited,Hyderabad,https://belcan.com/,belcan.com,,,,,True,False,False,EXISTED_2COR,rdap=1995-02-14; copyright_footer=2019; nasscom_harvest=nasscom:PROVEN; rdap:1995-02-14,Verified,1,f Excellence Overviews In The News SOLUTIONS Product Engineering Software &#038; Digital E,0,0,,23989,0,0,0,0,pre-2024: proven,False,Naveen Kumar Reddy Munnangi,Managing Director,,identity_name_only,,45,31,1995-02-14,zero signals unverified after re-crawl
nasscom,Assistanz Networks Pvt Ltd,Coimbatore,http://www.assistanz.com,assistanz.com,,,,,True,False,False,EXISTED_2COR,rdap=2004-12-11; copyright_footer=2004; nasscom_harvest=nasscom:EXISTED_NO_SW_WORDING; rdap:2004,Verified,1,h a 24x7 support team. Explore More DevOps & Software Development DevOps & Software Develo,0,0,,23595,0,0,0,0,pre-2024: existed no sw wording | site mentions cicd,False,,,,identity_pending,,45,22,2004-12-11,zero signals unverified after re-crawl
nasscom,Bluecoin IoT Solutions Private Limited,Pune,https://www.bluecoiniot.com,bluecoiniot.com,,,,,True,False,False,EXISTED_2COR,rdap=2018-03-07; nasscom_harvest=nasscom:PROVEN; wayback=20230530,Verified,0,,0,0,,23277,0,0,0,0,pre-2024: proven,False,,,,identity_pending,,45,8,2018-03-07,zero signals unverified after re-crawl
nasscom,Greystar Services India Private Limited,Mohali,https://www.greystar.com/,greystar.com,,,,,True,False,False,EXISTED_2COR,rdap=1998-09-03; nasscom_harvest=nasscom:EXISTED_NO_SW_WORDING; wayback=20230601,Verified,0,,0,0,,23047,0,0,0,0,pre-2024: existed no sw wording,False,,,,identity_pending,,45,28,1998-09-03,zero signals unverified after re-crawl
nasscom,Vakils Premedia Private Limited,Mumbai,http://www.vakilspremedia.com,vakilspremedia.com,,,,,True,False,False,EXISTED_2COR,rdap=2001-06-07; copyright_footer=2019; nasscom_harvest=nasscom:PROVEN; rdap:2001-06-07,Verified,0,,0,0,,22737,0,0,0,0,pre-2024: proven | site mentions pr_practice | site mentions compliance,False,,,,identity_pending,,45,25,2001-06-07,zero signals unverified after re-crawl
nasscom,Exo Edge India Private Limited,Mohali,https://www.exoedge.com/,exoedge.com,,,,,True,False,False,EXISTED_2COR,rdap=2017-03-02; copyright_footer=2015; nasscom_harvest=nasscom:Wayback 20230601 snapshot exists,Verified,0,,0,0,,21903,0,0,0,0,Wayback 2023 gold quote: 'Business Process Outsourcing Company' | Site: SOC2 and ISO 27001,False,,,,identity_pending,,45,9,2017-03-02,zero signals unverified after re-crawl
nasscom,Sathya Technosoft India Private Limited,Tuticorin,https://www.sathyainfo.com,sathyainfo.com,,,,,True,False,False,EXISTED_2COR,rdap=2009-09-15; copyright_footer=2016; nasscom_harvest=nasscom:PROVEN; rdap:2009-09-15,Verified,0,,0,0,,21570,0,0,0,0,pre-2024: proven | site mentions compliance,False,,,,identity_pending,,45,17,2009-09-15,zero signals unverified after re-crawl
nasscom,Ossisto Technologies Private Limited,Bengaluru,https://www.ossisto.com/,ossisto.com,,,,,True,False,False,EXISTED_2COR,rdap=2017-04-26; copyright_footer=2005; nasscom_harvest=nasscom:EXISTED_NO_SW_WORDING; rdap:2017,Verified,1,s Customer Service Virtual Assistant Website Development Services Data Entry Virtual Assis,0,0,,20923,0,0,0,0,pre-2024: existed no sw wording,False,,,,identity_pending,,45,9,2017-04-26,zero signals unverified after re-crawl
nasscom,RMSI Pvt Ltd,Gautam Buddha Nagar,http://www.rmsi.com,rmsi.com,,,,,True,False,False,EXISTED_2COR,rdap=1999-11-11; copyright_footer=2023; nasscom_harvest=nasscom:PROVEN - 2020-06-01 Wayback: geo,Verified,1,expertise in end-to-end enterprise software application development that includes the enti,0,0,,20319,0,0,0,0,"Wayback 2020: 'to software development, to modeling, analytics' | Site: 'CMMi level 5 cert",False,Rajiv Kapoor,Chairman and Managing Director,,identity_name_only,,45,27,1999-11-11,zero signals unverified after re-crawl
nasscom,Finforz Technologies Private Limited,Chennai,https://finforz.com/,finforz.com,,,,,True,False,False,EXISTED_2COR,rdap=2021-09-27; nasscom_harvest=nasscom:DOMAIN_ONLY; rdap:2021-09-27,Verified,0,,0,1,s 0 + Years of Expertise 0 + Implementations Our Products Finforz’s FinTech Solutions for ,16989,0,0,0,0,pre-2024: domain only | site mentions cicd,False,,,,identity_pending,,42,5,2021-09-27,zero signals unverified after re-crawl
nasscom,PAS Digital Private Limited,New Delhi,https://www.caleedo.com,caleedo.com,,,,,True,False,False,EXISTED_2COR,rdap=2020-01-31; nasscom_harvest=nasscom:EXISTED_NO_SW_WORDING - 2022-06-,Verified,0,,0,1,ainability Agenda Schedule A demo Contact us Our Platform Caleedo &#8211; Digitizing possi,10107,0,0,0,0,Site: 'VAPT Tested ISO 27001 and 9001 certified' | Site: 'microservice technologies for au,False,,,,identity_pending,,42,6,2020-01-31,zero signals unverified after re-crawl
nasscom,Anand Rathi IT Private Limited,Mumbai,https://www.techanandrathi.com/,techanandrathi.com,,,,,True,False,False,EXISTED_2COR,rdap=2020-11-24; nasscom_harvest=nasscom:DOMAIN_ONLY: domain registered 2,Verified,1,Ops QA Automation Robotic Process Automation Product Engineering --> UI/UX Agile Methodolo,0,1,o build best Know More Products & Frameworks Our products are our pride.Since inception Te,9329,0,0,0,0,Site: 'CI/CD pipeline using Jenkins and GIT hooks with QA automation' | Site: 'Selenium an,False,,,,identity_pending,,42,6,2020-11-24,zero signals unverified after re-crawl
nasscom,Xeedo Technologies Private Limited,Bengaluru,https://xeedo.in/,xeedo.in,,,,,True,False,False,EXISTED_2COR,rdap=2021-11-26; nasscom_harvest=nasscom:PROVEN — 2022-06-01 wayback list,Verified,1,echnology Discover More Software Engineering Custom software solutions tailored to your bu,0,1,tive business outcomes. Quick Links About Us Our Products Why Xeedo Services Offering Busi,7910,0,0,0,0,wayback 2022-06: 'Embedded Software VLSI ... Software Engineering' (PROVEN) | site: own CM,False,Dhanpati Sahu,Founder & CEO,,identity_name_only,,42,5,2021-11-26,zero signals unverified after re-crawl
nasscom,Smartncode Technologies Private Limited,Hyderabad,https://smartncode.com,smartncode.com,,,,,True,False,False,EXISTED_2COR,rdap=2022-10-05; nasscom_harvest=nasscom:PROVEN - 2023-06 snapshot listed,Verified,1,"SMARTnCODE delivers custom software, AI solutions, mobile apps, web applications",0,1,ment Services | Smartncode technologies Home Our Products SmartVakheel.ai Health.ai Servic,7127,0,0,0,0,"Site tech stack: 'Docker, Kubernetes, Jenkins, Git, Ansible, Terraform' | Site: 'ISO 9001:",False,,,,identity_pending,,42,4,2022-10-05,zero signals unverified after re-crawl
nasscom,Initium Digital Private Limited,Pune,https://initiumdigital.com/,initiumdigital.com,,,,,True,False,False,EXISTED_2COR,rdap=2023-11-08; nasscom_harvest=nasscom:DOMAIN_ONLY; rdap:2023-11-08,Verified,0,,0,1,"Analytics Cloud, AI insights. Explore → NuVo Product Suite Products Built on BTP. Proven i",5347,0,0,0,0,pre-2024: domain only | site mentions cicd,False,,,,identity_pending,,42,3,2023-11-08,zero signals unverified after re-crawl
nasscom,PhiTech Labs Private Limited,Kanpur,https://phitechlabs.com/,phitechlabs.com,,,,,True,False,False,EXISTED_2COR,rdap=2023-07-19; nasscom_harvest=nasscom:EXISTED_NO_SW_WORDING; rdap:2023,Verified,1,PhiTech Labs - Software Development &amp; Technology Consulting Company Skip to,0,1,testing. 04 Deliver &amp; Support We deploy your product smoothly and provide ongoing supp,5304,0,0,0,0,pre-2024: existed no sw wording,False,,,,identity_pending,,42,3,2023-07-19,zero signals unverified after re-crawl
nasscom,Aumovio India Private Limited,Bengaluru,https://www.aumovio.com,aumovio.com,,,,,True,False,False,DOMAIN_ONLY,nasscom_harvest=nasscom:RED_FLAG_2024_PLUS,Verified,0,,0,1,tment. Learn more Solutions for two-wheelers Our products and solutions for two-wheelers a,43653,0,0,0,0,pre-2024: red flag 2024 plus,False,,,,identity_pending,,40,1,2025-02-06,zero signals unverified after re-crawl
nasscom,MUFG Pension & Market Services India Private Limited,Mumbai,https://www.mpms.mufg.com/,mpms.mufg.com,,,,,True,False,False,DOMAIN_ONLY,nasscom_harvest=nasscom:PROVEN,Verified,0,,0,1,CRM Webcasting Market Intelligence Platforms Our Platforms MUFG Retirement Solutions Our S,39114,0,0,0,0,pre-2024: proven,False,,,,identity_pending,,40,0,,zero signals unverified after re-crawl
nasscom,Techhalo Media and Operations Services LLP,Faridabad,https://www.neeev.ai/,neeev.ai,,,,,True,False,False,DOMAIN_ONLY,nasscom_harvest=nasscom:PROVEN - 2023-06 snapshot refere,Verified,0,,0,1,"with industry leaders, NeeevAI ensures that our product and curriculum remain at the cutti",27317,0,0,0,0,"Site: AI education product and curriculum for schools, universities, corporates | Wayback ",False,,,,identity_pending,,40,1,2025-04-10,zero signals unverified after re-crawl
nasscom,Nuvepro Technologies Private Limited,Bengaluru,http://www.nuvepro.com,nuvepro.com,,,,,True,False,False,EXISTED_2COR,rdap=2014-04-08; nasscom_harvest=nasscom:EXISTED_NO_SW_WORDING; wayback=20230610,Verified,0,,0,0,,19879,0,0,0,0,pre-2024: existed no sw wording | site mentions cicd,False,,,,identity_pending,,40,12,2014-04-08,zero signals unverified after re-crawl
goodfirms+nasscom,Carney Technologies Services,"Kolkata, India",http://www.carneytechnologies.com/,carneytechnologies.com,2009,10-49,10-49,,False,False,False,PROVEN_EQUIV,goodfirms_founded=2009; rdap=2009-12-09; nasscom_harvest=nasscom:PROVEN; goodfirms_founded:2009; wayback=20230606,Verified,1,Development E-Commerce Development PHP Based Application Development CMS Web Development R,0,0,,19678,0,0,0,0,pre-2024: proven,False,,,,identity_pending,30,40,17,2009-12-09,zero signals unverified after re-crawl
nasscom,Bharat Re-Insurance Brokers Private Limited,Erode,http://www.bharatre.in,bharatre.in,,,,,True,False,False,EXISTED_2COR,rdap=2010-10-07; copyright_footer=2021; nasscom_harvest=nasscom:UNKNOWN; wayback=20230603,Verified,0,,0,0,,19577,0,0,0,0,pre-2024: unknown,False,,,,identity_pending,,40,16,2010-10-07,zero signals unverified after re-crawl
nasscom,ESC Utility Services Private Limited,Thiruvananthapuram,http://esc-ind.com/,esc-ind.com,,,,,True,False,False,EXISTED_2COR,rdap=2014-02-04; nasscom_harvest=nasscom:EXISTED_NO_SW_WORDING; wayback=20221008,Verified,0,,0,0,,19244,0,0,0,0,pre-2024: existed no sw wording,False,,,,identity_pending,,40,12,2014-02-04,zero signals unverified after re-crawl
nasscom,Info Edge (India) Ltd,Noida,http://www.infoedge.in,infoedge.in,,,,,True,False,False,EXISTED_2COR,rdap=2006-10-12; copyright_footer=2015; nasscom_harvest=nasscom:EXISTED_NO_SW_WORDING; rdap:2006,Verified,0,,0,0,,18370,0,0,0,0,pre-2024: existed no sw wording,False,,,,identity_pending,,40,20,2006-10-12,zero signals unverified after re-crawl
nasscom,JB Poindexter (India) Private Limited,Bengaluru,https://www.jbpoindexter.com/,jbpoindexter.com,,,,,True,False,False,EXISTED_2COR,rdap=2001-11-13; nasscom_harvest=nasscom:EXISTED_NO_SW_WORDING; wayback=20230602,Verified,0,,0,0,,18017,0,0,0,0,pre-2024: existed no sw wording,False,,,,identity_pending,,40,25,2001-11-13,zero signals unverified after re-crawl
nasscom,PC Island Services,Kolkata,https://computersonhire.com,computersonhire.com,,,,,True,False,False,EXISTED_2COR,rdap=2013-07-20; copyright_footer=2023; nasscom_harvest=nasscom:UNKNOWN,Verified,0,,0,0,,17099,0,0,0,0,pre-2024: unknown,False,,,,identity_pending,,40,13,2013-07-20,zero signals unverified after re-crawl
nasscom,Citco Group Services (India) LLP,Hyderabad,http://www.citco.com,citco.com,,,,,True,False,False,EXISTED_2COR,rdap=1996-03-28; nasscom_harvest=nasscom:EXISTED_NO_SW_WORDING; wayback=20230607,Verified,0,,0,0,,16576,0,0,0,0,pre-2024: existed no sw wording,False,,,,identity_pending,,40,30,1996-03-28,zero signals unverified after re-crawl
nasscom,Elogix Software Private Limited,Kolkata,http://www.elogixsoft.com,elogixsoft.com,,,,,True,False,False,PROVEN_EQUIV,rdap=2002-03-16; nasscom_harvest=nasscom:UNKNOWN; wayback=20230625,Verified,1,oke development and digital transformations. Application Development & Product Engineering,0,0,,16271,0,0,0,0,pre-2024: unknown,False,,,,identity_pending,,40,24,2002-03-16,zero signals unverified after re-crawl
nasscom,Arsenal Infosolutions Private Limited,New Delhi,https://arsenalinfosolutions.com,arsenalinfosolutions.com,,,,,True,False,False,EXISTED_2COR,rdap=2017-03-17; copyright_footer=2017; nasscom_harvest=nasscom:DOMAIN_ONLY; rdap:2017-03-17,Verified,0,,0,0,,15607,0,0,0,0,pre-2024: domain only,False,,,,identity_pending,,40,9,2017-03-17,zero signals unverified after re-crawl
nasscom,Benzfab Technologies Private Limited,Bhubaneswar,https://www.benzfab.com/,benzfab.com,,,,,True,False,False,EXISTED_2COR,rdap=2009-10-10; nasscom_harvest=nasscom:PROVEN - 2020-06 snapshot advert; wayback=20230609,Verified,0,,0,0,,15391,0,0,0,0,Site: 'ISO 9001:2008 Certified IT System Integrator founded ... in 1998' | Site: clients i,False,Susant Pujari,Managing Director/Founder,,identity_name_only,,40,17,2009-10-10,zero signals unverified after re-crawl
nasscom,Sairam Group Of Institutions,Chennai,https://sairamgroup.in,sairamgroup.in,,,,,True,False,False,EXISTED_2COR,rdap=2005-10-03; copyright_footer=2021; nasscom_harvest=nasscom:EXISTED_NO_SW_WORDING - 2023-06-; wayback=20230605,Verified,0,,0,0,,15379,0,0,0,0,"Site: 'Schools, Engineering Institutions, Medical Colleges ... 20,000 students' | Site ISO",False,,,,identity_pending,,40,21,2005-10-03,zero signals unverified after re-crawl
nasscom,Olive Technology Limited,Hyderabad,http://www.olivetech.com,olivetech.com,,,,,True,False,False,EXISTED_2COR,rdap=2000-01-10; copyright_footer=2023; nasscom_harvest=nasscom:PROVEN; rdap:2000-01-10,Verified,1,ay ahead of the curve by helping them reduce product development costs and cut down the ti,0,0,,15334,0,0,0,0,pre-2024: proven,False,,,,identity_pending,,40,26,2000-01-10,zero signals unverified after re-crawl
nasscom,Analytix Business Solutions (India) Private Limited,Ahmedabad,http://www.analytix.com,analytix.com,,,,,True,False,False,EXISTED_2COR,rdap=2000-03-07; copyright_footer=2005; nasscom_harvest=nasscom:PROVEN; rdap:2000-03-07,Verified,1,p; AI Services IT Development IT Development Custom Software Development Product Developme,0,0,,15233,0,0,0,0,pre-2024: proven | site mentions cicd | site mentions compliance,False,,,,identity_pending,,40,26,2000-03-07,zero signals unverified after re-crawl
nasscom,Apconic Software Private Limited,Pune,https://www.apconic.com,apconic.com,,,,,True,False,False,EXISTED_2COR,rdap=2011-01-19; nasscom_harvest=nasscom:EXISTED_NO_SW_WORDING; wayback=20220912,Verified,0,,0,0,,15011,0,0,0,0,pre-2024: existed no sw wording,False,,,,identity_pending,,40,15,2011-01-19,zero signals unverified after re-crawl
nasscom,Prudent Globaltech Solutions Private Limited,Hyderabad,https://www.prudentconsulting.com,prudentconsulting.com,,,,,True,False,False,PROVEN_EQUIV,rdap=1999-10-25; nasscom_harvest=nasscom:UNKNOWN; wayback=20230603,Verified,1,nization AI at Scale Sub Services Enterprise Software Development Services Digital Experie,0,0,,15002,0,0,0,0,pre-2024: unknown,False,,,,identity_pending,,40,27,1999-10-25,zero signals unverified after re-crawl
nasscom,MSD Hyderabad Global Capabilities Center India Private Limited,Hyderabad,https://www.msd.com,msd.com,,,,,True,False,False,PROVEN_EQUIV,rdap=1995-08-28; nasscom_harvest=nasscom:UNKNOWN; wayback=20230601,Verified,1,"d by competitors; challenges inherent in new product development, including obtaining regu",0,0,,14715,0,0,0,0,pre-2024: unknown | site mentions cicd,False,,,,identity_pending,,40,31,1995-08-28,zero signals unverified after re-crawl
nasscom,SkillSoft Software Services India Private Limited,Hyderabad,https://www.skillsoft.com/,skillsoft.com,,,,,True,False,False,EXISTED_2COR,rdap=1998-05-29; copyright_footer=2018; nasscom_harvest=nasscom:PROVEN; wayback=20230601,Verified,0,,0,0,,13717,0,0,0,0,pre-2024: proven,False,,,,identity_pending,,40,28,1998-05-29,zero signals unverified after re-crawl
goodfirms+nasscom,Opiant Technologies Pvt Ltd,"Delhi, India",https://www.opiant.in/,opiant.in,2013,10-49,10-49,,False,False,False,EXISTED_2COR,goodfirms_founded=2013; rdap=2013-10-26; nasscom_harvest=nasscom:PROVEN; rdap:2013-10-26; goodfir,Verified,1,Construction management software Educational Software Development Company About Us Team Ca,0,0,,13437,0,0,0,0,pre-2024: proven,False,,,,identity_pending,30,40,13,2013-10-26,zero signals unverified after re-crawl
nasscom,Nexteer Automotive India Private Limited,Bengaluru,http://www.nexteer.com,nexteer.com,,,,,True,False,False,EXISTED_2COR,rdap=2009-01-20; nasscom_harvest=nasscom:EXISTED_NO_SW_WORDING; wayback=20230601,Verified,0,,0,0,,13238,0,0,0,0,pre-2024: existed no sw wording,False,,,,identity_pending,,40,17,2009-01-20,zero signals unverified after re-crawl
nasscom,Thermo Fisher Scientific India Private Limited,Hyderabad,http://www.thermofisher.com,thermofisher.com,,,,,True,False,False,EXISTED_2COR,rdap=2006-05-08; copyright_footer=2006; nasscom_harvest=nasscom:UNKNOWN; wayback=20171008,Verified,0,,0,0,,13221,0,0,0,0,pre-2024: unknown,False,,,,identity_pending,,40,20,2006-05-08,zero signals unverified after re-crawl
nasscom,AGS Health Private Limited,Chennai,http://www.agshealth.com,agshealth.com,,,,,True,False,False,EXISTED_2COR,rdap=2011-04-15; nasscom_harvest=nasscom:PROVEN; wayback=20230602,Verified,0,,0,0,,13167,0,0,0,0,pre-2024: proven,False,Patrice Wolfe,Managing Director & CEO,,identity_name_only,,40,15,2011-04-15,zero signals unverified after re-crawl
nasscom,Mindspace Business Parks REIT,Mumbai,https://www.mindspacereit.com/home,mindspacereit.com,,,,,True,False,False,EXISTED_2COR,rdap=2016-07-11; copyright_footer=2020; nasscom_harvest=nasscom:PROVEN; wayback=20230603,Verified,0,,0,0,,12844,0,0,0,0,pre-2024: proven,False,,,,identity_pending,,40,10,2016-07-11,zero signals unverified after re-crawl
nasscom,Prostarm Info Systems Limited,Navi Mumbai,https://prostarm.com/,prostarm.com,,,,,True,False,False,EXISTED_2COR,rdap=2017-07-27; nasscom_harvest=nasscom:EXISTED_NO_SW_WORDING; wayback=20230607,Verified,0,,0,0,,12834,0,0,0,0,pre-2024: existed no sw wording,False,,,,identity_pending,,40,9,2017-07-27,zero signals unverified after re-crawl
nasscom,QuickPlay Media Pvt Ltd,Chennai,http://www.quickplay.com,quickplay.com,,,,,True,False,False,EXISTED_2COR,rdap=1997-01-18; nasscom_harvest=nasscom:EXISTED_NO_SW_WORDING; wayback=20230602,Verified,0,,0,0,,12746,0,0,0,0,pre-2024: existed no sw wording | site mentions cicd,False,,,,identity_pending,,40,29,1997-01-18,zero signals unverified after re-crawl
nasscom,UBN Software Solutions Private Limited,Bhubaneswar,https://www.ubnsoft.com/,ubnsoft.com,,,,,True,False,False,EXISTED_2COR,rdap=2011-06-23; copyright_footer=2019; nasscom_harvest=nasscom:DOMAIN_ONLY; rdap:2011-06-23,Verified,1,"UBNSoft: IT Services, Offshore Software Development &nbsp; info@ubnsoft.com &nbsp; +1-270-",0,0,,12607,0,0,0,0,pre-2024: domain only,False,,,,identity_pending,,40,15,2011-06-23,zero signals unverified after re-crawl
nasscom,VERSUP InfoTech Private Limited,New Delhi,http://versupinfotech.com/,versupinfotech.com,,,,,True,False,False,PROVEN_EQUIV,rdap=2018-03-27; nasscom_harvest=nasscom:PROVEN — Wayback 20220601 advert; wayback=20230812,Verified,1,urable impact. What we can offer you &#xf085 Custom Software Development Customized Design,0,0,,12037,0,0,0,0,Wayback 2022-06: 'Custom Software Development ... Enterprise' pre-2024 | Footer: 'An ISO 9,False,Rohit Garg,"Founder, CEO and Director",,identity_name_only,,40,8,2018-03-27,zero signals unverified after re-crawl
goodfirms+nasscom,Flatworld Solutions,"Bengaluru, India",https://www.flatworldsolutions.com/,flatworldsolutions.com,2002,250+,250+,,False,True,False,PROVEN_EQUIV,goodfirms_founded=2002; rdap=2005-05-19; nasscom_harvest=nasscom:PROVEN: 2023-06-01 Wayback snaps; wayback=20230601,Verified,1,es Call Center Services Engineering Services Software Development Finance &amp; Accounting,0,0,,11927,0,0,0,0,Wayback 2023: 'Call Center Services Healthcare BPO ... Software Development' | Site: call ,False,,,,identity_pending,300,40,21,2005-05-19,zero signals unverified after re-crawl
goodfirms+nasscom,Pratham Software Pvt. Ltd.,"Jaipur, India",http://www.thepsi.com,thepsi.com,2000,250+,250+,,False,True,False,EXISTED_2COR,goodfirms_founded=2000; rdap=2007-04-09; copyright_footer=2000; nasscom_harvest=nasscom:PROVEN: 2023 title 'Offshore Sof,Verified,1,Digital Product Engineering | Empowering Innovation with AI &amp; ML Ski,0,0,,11920,0,0,0,0,Wayback 2023: 'Outsource Product Development ... Software Product Engineering' | Timeline:,False,Puneet Mittal,Co-Founder & Managing Director,,identity_name_only,300,40,19,2007-04-09,zero signals unverified after re-crawl
nasscom,Sanaari Software Solutions Private Limited,Hyderabad,http://www.sanaari.net/,sanaari.net,,,,,True,False,False,PROVEN_EQUIV,rdap=2007-12-16; copyright_footer=2018; nasscom_harvest=nasscom:UNKNOWN; wayback=20230531,Verified,1,e Training Project Support Corporate Trainer Application development Trainer Registration ,0,0,,11889,0,0,0,0,pre-2024: unknown,False,,,,identity_pending,,40,19,2007-12-16,zero signals unverified after re-crawl
nasscom,PHi Business Solutions Ltd,Chandigarh(CH),http://www.phi.co.in,phi.co.in,,,,,True,False,False,EXISTED_2COR,rdap=2005-04-30; copyright_footer=2022; nasscom_harvest=nasscom:PROVEN; rdap:2005-04-30,Verified,0,,0,0,,11855,0,0,0,0,pre-2024: proven | site mentions compliance,False,,,,identity_pending,,40,21,2005-04-30,zero signals unverified after re-crawl
nasscom,TLB & Co,Bengaluru,https://www.lodhabhatt.com,lodhabhatt.com,,,,,True,False,False,EXISTED_2COR,rdap=2017-02-22; copyright_footer=2022; nasscom_harvest=nasscom:EXISTED_NO_SW_WORDING; wayback=20230530,Verified,0,,0,0,,11659,0,0,0,0,pre-2024: existed no sw wording,False,,,,identity_pending,,40,9,2017-02-22,zero signals unverified after re-crawl
nasscom,Human Factors International Private Limited,Mumbai,http://www.humanfactors.com,humanfactors.com,,,,,True,False,False,EXISTED_2COR,rdap=1995-04-29; copyright_footer=1996; nasscom_harvest=nasscom:PROVEN; wayback=20230531,Verified,0,,0,0,,11604,0,0,0,0,pre-2024: proven,False,Apala Lahiri Chavan,"Director (India entity), President (HFI India operations)",https://www.linkedin.com/in/apala-lahiri/,identity_full,,40,31,1995-04-29,zero signals unverified after re-crawl
nasscom,Atyeti IT Services Private Limited,Hyderabad,http://www.atyeti.com,atyeti.com,,,resolved:502,502,False,True,False,EXISTED_2COR,rdap=2007-11-28; copyright_footer=2011; nasscom_harvest=nasscom:PROVEN: 2023-06-01 Wayback snaps,Verified,1,"obal team of experts in Cloud, DevOps, Agile Software development and Data Science will ac",0,0,,11032,0,0,0,0,"Wayback 2023: 'Cloud, DevOps, Agile Software development and Data Science' | Site: ISO 270",False,Prashanth Myadam,Director (Indian entity) / Founder & CEO (Atyeti Inc),,identity_name_only,502,40,19,2007-11-28,zero signals unverified after re-crawl
nasscom,Precise Consultancy Services LLP,Coimbatore,http://precisesoftware.in,precisesoftware.in,,,,,True,False,False,PROVEN_EQUIV,rdap=2008-03-11; nasscom_harvest=nasscom:PROVEN; wayback=20230613,Verified,1,uct Company Our Team GET IN TOUCH ENTERPRISE SOFTWARE DEVELOPMENT Premium Software Solutio,0,0,,10962,0,0,0,0,pre-2024: proven,False,,,,identity_pending,,40,18,2008-03-11,zero signals unverified after re-crawl
nasscom,Great Eastern IDTech Private Limited,Gurugram,http://www.geipl.com,geipl.com,,,,,True,False,False,PROVEN_EQUIV,rdap=1998-12-11; nasscom_harvest=nasscom:UNKNOWN — no wayback snapshot an; wayback=20230626,Verified,1,bbons Paper Tape Services Project Consulting Software Development Tech Support AMC (SLAs) ,0,0,,10798,0,0,0,0,Site: 'Repair AMC (SLAs) Tech Support Software Development Project Consulting' | Site: bar,False,,,,identity_pending,,40,28,1998-12-11,zero signals unverified after re-crawl
nasscom,Octave Capability Center India Private Limited,Hyderabad,https://www.octave.com/,octave.com,,,,,True,False,False,EXISTED_2COR,rdap=1994-07-28; copyright_footer=1908; nasscom_harvest=nasscom:UNKNOWN; wayback=20230629,Verified,0,,0,0,,10337,0,0,0,0,pre-2024: unknown,False,,,,identity_pending,,40,32,1994-07-28,zero signals unverified after re-crawl
nasscom,OCM India GCC Private Limited,Hyderabad,https://www.oaktreecapital.com/,oaktreecapital.com,,,,,True,False,False,EXISTED_2COR,rdap=1999-03-26; copyright_footer=2007; nasscom_harvest=nasscom:PROVEN; wayback=20230601,Verified,0,,0,0,,10237,0,0,0,0,pre-2024: proven,False,,,,identity_pending,,40,27,1999-03-26,zero signals unverified after re-crawl
nasscom,UL Cyberpark (ULCCS IT Infrastructure Pvt Ltd),Calicut,http://www.ulcyberpark.com,ulcyberpark.com,,,,,True,False,False,EXISTED_2COR,rdap=2009-05-06; copyright_footer=2019; nasscom_harvest=nasscom:Downgraded from PROVEN to +10 - ,Verified,0,,0,0,,10149,0,0,0,0,"Wayback quote sells coworking space and a 'Green e-highway', not software | Site: 'ISO 900",False,,,,identity_pending,,40,17,2009-05-06,zero signals unverified after re-crawl
nasscom,ATOA Scientific Technologies Pvt Ltd,Bengaluru,http://www.atoa.com,atoa.com,,,,,True,False,False,EXISTED_2COR,rdap=2004-07-29; copyright_footer=2010; nasscom_harvest=nasscom:UNKNOWN; wayback=20230606,Verified,0,,0,0,,10021,0,0,0,0,pre-2024: unknown,False,,,,identity_pending,,40,22,2004-07-29,zero signals unverified after re-crawl
nasscom,Inboundsys Webgalaxy Pvt Ltd,Bengaluru,http://www.inboundsys.com,inboundsys.com,,,,,True,False,False,PROVEN_EQUIV,rdap=2012-08-10; nasscom_harvest=nasscom:PROVEN; wayback=20230610,Verified,1,weeks ahead of schedule. . They were able to build applications and templates from scratch,0,0,,9966,0,0,0,0,pre-2024: proven,False,,,,identity_pending,,40,14,2012-08-10,zero signals unverified after re-crawl
nasscom,Refcheck Xperts LLP,Gautam Buddha Nagar,http://www.refcheckxperts.com,refcheckxperts.com,,,,,True,False,False,EXISTED_2COR,rdap=2012-10-23; copyright_footer=2023; nasscom_harvest=nasscom:UNKNOWN; wayback=20230529,Verified,0,,0,0,,9682,0,0,0,0,pre-2024: unknown,False,,,,identity_pending,,40,14,2012-10-23,zero signals unverified after re-crawl
nasscom,Softobiz Technologies Private Limited,Mohali,https://softobiz.com/,softobiz.com,,,,,True,False,False,EXISTED_2COR,rdap=2006-11-21; nasscom_harvest=nasscom:PROVEN — 2020-06-01 wayback: 'Cu; wayback=20230607,Verified,0,,0,0,,9465,0,0,0,0,"wayback 2020-06: 'Custom Web and Mobile App Development' (tier_gold PROVEN) | jd: 9,465 ch",False,,,,identity_pending,,40,20,2006-11-21,zero signals unverified after re-crawl
nasscom,Qbotica Artificial Intelligence Services Private Limited,Chennai,https://www.qbotica.com,qbotica.com,,,resolved:198,198,False,False,False,EXISTED_2COR,rdap=2017-04-26; nasscom_harvest=nasscom:PROVEN; wayback=20230602,Verified,0,,0,0,,8810,0,0,0,0,pre-2024: proven | site mentions cicd,False,,,,identity_pending,198,40,9,2017-04-26,zero signals unverified after re-crawl
nasscom,Astrea IT Services Pvt Ltd,Noida,http://www.astreait.com,astreait.com,,,,,True,False,False,PROVEN_EQUIV,rdap=2010-07-20; nasscom_harvest=nasscom:UNKNOWN; wayback=20230529,Verified,1,s. Salesforce AppExchange Partner Salesforce Product Development Organization (PDO) Salesf,0,0,,8703,0,0,0,0,pre-2024: unknown,False,,,,identity_pending,,40,16,2010-07-20,zero signals unverified after re-crawl
goodfirms+nasscom,Tudip Technologies Pvt. Ltd.,"Pune, India",https://tudip.com/,tudip.com,2010,250+,250+,,False,True,False,PROVEN_EQUIV,goodfirms_founded=2010; rdap=2008-01-22; nasscom_harvest=nasscom:PROVEN — 2023-06-01 wayback list; wayback=20230606,Verified,1,Modernization Data Strategy Others Learning Product Engineering Salesforce Support &amp; M,0,0,,8418,0,0,0,0,wayback 2023-06: 'Product Engineering Quality Assurance & RPA' (PROVEN) | site: own CMMI M,False,Dipti Agrawal,Co-Founder & CEO,https://www.linkedin.com/in/diptiagrawal/,identity_full,300,40,18,2008-01-22,zero signals unverified after re-crawl
nasscom,Ibrand Tech Solutions Private Limited,Pune,https://ibrandtech.com/,ibrandtech.com,,,,,True,False,False,EXISTED_2COR,rdap=2018-10-18; copyright_footer=2021; nasscom_harvest=nasscom:EXISTED_NO_SW_WORDING; wayback=20230606,Verified,0,,0,0,,8196,0,0,0,0,pre-2024: existed no sw wording,False,,,,identity_pending,,40,8,2018-10-18,zero signals unverified after re-crawl
nasscom,OneMagnify India Private Limited,Chennai,https://onemagnify.com/,onemagnify.com,,,,,True,False,False,EXISTED_2COR,rdap=2017-02-15; nasscom_harvest=nasscom:EXISTED_NO_SW_WORDING - 2023-06-; wayback=20230604,Verified,0,,0,0,,8147,0,0,0,0,Blog: 'E-E-A-T in 2026 ... for SEO Success' - marketing agency output | enterprise=7 hits ,False,,,,identity_pending,,40,9,2017-02-15,zero signals unverified after re-crawl
nasscom,Akmin Technologies Pvt Ltd,Chennai,http://www.akmin.com,akmin.com,,,,,True,False,False,EXISTED_2COR,rdap=1999-03-24; nasscom_harvest=nasscom:EXISTED_NO_SW_WORDING; wayback=20230606,Verified,0,,0,0,,8094,0,0,0,0,pre-2024: existed no sw wording,False,,,,identity_pending,,40,27,1999-03-24,zero signals unverified after re-crawl
nasscom,Oberoi Contact Centre (A Div. of EIH Ltd),New Delhi,http://www.oberoihotels.com,oberoihotels.com,,,,,True,False,False,EXISTED_2COR,rdap=1996-04-05; nasscom_harvest=nasscom:UNKNOWN; wayback=20230601,Verified,0,,0,0,,7931,0,0,0,0,pre-2024: unknown | site mentions cicd,False,,,,identity_pending,,40,30,1996-04-05,zero signals unverified after re-crawl
nasscom,Dezvolta,Chennai,https://www.dezvolta.com,dezvolta.com,,,,,True,False,False,EXISTED_2COR,rdap=2011-04-29; copyright_footer=2020; nasscom_harvest=nasscom:PROVEN; rdap:2011-04-29,Verified,0,,0,0,,7907,0,0,0,0,pre-2024: proven,False,,,,identity_pending,,40,15,2011-04-29,zero signals unverified after re-crawl
nasscom,RAVSoft Solutions India Private Limited,Chennai,http://www.ravsoftsolutions.com,ravsoftsolutions.com,,,,,True,False,False,EXISTED_2COR,rdap=1999-02-04; copyright_footer=2023; nasscom_harvest=nasscom:DOMAIN_ONLY; rdap:1999-02-04,Verified,0,,0,0,,7904,0,0,0,0,pre-2024: domain only | site mentions cicd,False,,,,identity_pending,,40,27,1999-02-04,zero signals unverified after re-crawl
nasscom,IT Infrastructure Park Private Limited,Noida,https://crcgroup.in,crcgroup.in,,,,,True,False,False,EXISTED_2COR,rdap=2017-07-19; nasscom_harvest=nasscom:PROVEN; wayback=20230607,Verified,0,,0,0,,7853,0,0,0,0,pre-2024: proven,False,,,,identity_pending,,40,9,2017-07-19,zero signals unverified after re-crawl
goodfirms+nasscom,Think Future Technologies,"Gurgaon, India",https://www.tftus.com/,tftus.com,2006,250+,250+,,False,True,False,PROVEN_EQUIV,goodfirms_founded=2006; rdap=2006-09-30; copyright_footer=2012; nasscom_harvest=nasscom:EXISTED_NO_SW_WORDING — 2023-06-; wayback=20230603,Verified,1,"Custom Software, QA &amp; AI Engineering | Think Future Tech",0,0,,7795,0,0,0,0,"tier_gold: 2023 snapshot existed, no software wording (+10) | jd: QA Automation Engineer, ",False,Vijay Krishan Gupta,Founder & CEO,,identity_name_only,300,40,20,2006-09-30,zero signals unverified after re-crawl
nasscom,TLC Digitech Private Limited,New Delhi,http://www.tlcgroup.com,tlcgroup.com,,,,,True,False,False,EXISTED_2COR,rdap=1998-10-27; nasscom_harvest=nasscom:UNKNOWN; wayback=20230604,Verified,0,,0,0,,7782,0,0,0,0,pre-2024: unknown | site mentions cicd | site mentions compliance,False,,,,identity_pending,,40,28,1998-10-27,zero signals unverified after re-crawl
nasscom,ACN Infotech (India) Pvt Ltd,Visakhapatnam,http://www.acninfotech.com,acninfotech.com,,,,,True,False,False,PROVEN_EQUIV,rdap=2000-08-17; nasscom_harvest=nasscom:UNKNOWN; wayback=20230926,Verified,1,"IT, digital transformation, data analytics, product development, healthcare, BPO, and reta",0,0,,7728,0,0,0,0,pre-2024: unknown,False,,,,identity_pending,,40,26,2000-08-17,zero signals unverified after re-crawl
nasscom,AIRBNB Global Capability Centre Private Limited,Gurugram,https://www.airbnb.co.in/,airbnb.co.in,,,,,True,False,False,EXISTED_2COR,rdap=2009-11-07; nasscom_harvest=nasscom:EXISTED_NO_SW_WORDING; wayback=20230602,Verified,0,,0,0,,7417,0,0,0,0,pre-2024: existed no sw wording,False,,,,identity_pending,,40,17,2009-11-07,zero signals unverified after re-crawl
nasscom,Ellucian Higher Education Systems India Pvt Ltd,Bengaluru,http://www.ellucian.com,ellucian.com,,,,,True,False,False,EXISTED_2COR,rdap=2012-02-01; nasscom_harvest=nasscom:EXISTED_NO_SW_WORDING; wayback=20230601,Verified,0,,0,0,,7157,0,0,0,0,pre-2024: existed no sw wording | site mentions cicd,False,,,,identity_pending,,40,14,2012-02-01,zero signals unverified after re-crawl
nasscom,Bulwark Systems,Vadodara,http://www.bulwarks.com,bulwarks.com,,,,,True,False,False,EXISTED_2COR,rdap=2002-11-30; nasscom_harvest=nasscom:UNKNOWN - no snapshot and no RDA; wayback=20230606,Verified,0,,0,0,,7100,0,0,0,0,Site: 'ISO 9001:2008 and ISO 27001:2005 accredited company' own certifications | All site ,False,,,,identity_pending,,40,24,2002-11-30,zero signals unverified after re-crawl
nasscom,Indus Health Plus Pvt Ltd,Pune,http://www.indushealthplus.com,indushealthplus.com,,,,,True,False,False,EXISTED_2COR,rdap=2001-08-28; copyright_footer=2000; nasscom_harvest=nasscom:EXISTED_NO_SW_WORDING: 2020-06-0; wayback=20230603,Verified,0,,0,0,,6894,0,0,0,0,"Wayback 2020: existed, snapshot named no software work | Site: ISO 9001:2015 certified pre",False,,,,identity_pending,,40,25,2001-08-28,zero signals unverified after re-crawl
nasscom,Alight Services India Private Limited,Gurugram,https://www.alight.com,alight.com,,,,,True,False,False,EXISTED_2COR,rdap=1998-04-20; nasscom_harvest=nasscom:PROVEN; wayback=20230601,Verified,0,,0,0,,6541,0,0,0,0,pre-2024: proven,False,,,,identity_pending,,40,28,1998-04-20,zero signals unverified after re-crawl
nasscom,TVS Capital Funds Private Limited,Chennai,https://www.tvscapital.in/,tvscapital.in,,,,,True,False,False,EXISTED_2COR,rdap=2007-08-07; nasscom_harvest=nasscom:PROVEN; wayback=20230528,Verified,0,,0,0,,6380,0,0,0,0,pre-2024: proven,False,,,,identity_pending,,40,19,2007-08-07,zero signals unverified after re-crawl
nasscom,Cadsys (India) Limited,Hyderabad,http://www.cadsystech.com,cadsystech.com,,,,,True,False,False,EXISTED_2COR,rdap=2002-05-31; nasscom_harvest=nasscom:EXISTED_NO_SW_WORDING; wayback=20230529,Verified,0,,0,0,,6375,0,0,0,0,pre-2024: existed no sw wording,False,,,,identity_pending,,40,24,2002-05-31,zero signals unverified after re-crawl
nasscom,Fiserv India Pvt Ltd,Gautam Buddha Nagar,http://www.fiserv.com,fiserv.com,,,,,True,False,False,EXISTED_2COR,rdap=1993-11-02; nasscom_harvest=nasscom:EXISTED_NO_SW_WORDING; wayback=20230601,Verified,0,,0,0,,6295,0,0,0,0,pre-2024: existed no sw wording,False,,,,identity_pending,,40,33,1993-11-02,zero signals unverified after re-crawl
nasscom,Krib Information Services Private Limited,Noida,http://www.kribindia.com,kribindia.com,,,,,True,False,False,EXISTED_2COR,rdap=2010-12-06; nasscom_harvest=nasscom:UNKNOWN; wayback=20230603,Verified,0,,0,0,,6227,0,0,0,0,pre-2024: unknown,False,,,,identity_pending,,40,16,2010-12-06,zero signals unverified after re-crawl
nasscom,Quantascend Consulting Global Private Limited,Chennai,https://www.quantascend.com,quantascend.com,,,,,True,False,False,EXISTED_2COR,rdap=2016-07-10; copyright_footer=2022; nasscom_harvest=nasscom:EXISTED_NO_SW_WORDING; rdap:2016,Verified,0,,0,0,,5912,0,0,0,0,pre-2024: existed no sw wording,False,,,,identity_pending,,40,10,2016-07-10,zero signals unverified after re-crawl
nasscom,Voksedigital Consultancy Services LLP,Pune,https://www.voksedigital.com,voksedigital.com,,,,,True,False,False,EXISTED_2COR,rdap=2015-03-17; copyright_footer=2016; nasscom_harvest=nasscom:PROVEN; wayback=20230516,Verified,0,,0,0,,5831,0,0,0,0,pre-2024: proven | site mentions cicd,False,,,,identity_pending,,40,11,2015-03-17,zero signals unverified after re-crawl
nasscom,Yasham Software Services Private Limited,Raipur,http://www.yashams.com,yashams.com,,,,,True,False,False,EXISTED_2COR,rdap=2014-11-13; copyright_footer=2015; nasscom_harvest=nasscom:PROVEN; rdap:2014-11-13,Verified,1,Yasham Software Services Pvt Ltd-Software Development Home Solutions E-Commerce Education ,0,0,,5825,0,0,0,0,pre-2024: proven,False,,,,identity_pending,,40,12,2014-11-13,zero signals unverified after re-crawl
nasscom,Legasis Services Pvt Ltd,Pune,http://www.legasis.in,legasis.in,,,,,True,False,False,EXISTED_2COR,rdap=2005-11-30; nasscom_harvest=nasscom:EXISTED_NO_SW_WORDING; wayback=20230604,Verified,0,,0,0,,5761,0,0,0,0,pre-2024: existed no sw wording,False,,,,identity_pending,,40,21,2005-11-30,zero signals unverified after re-crawl
nasscom,Equator Technologies,Coimbatore,https://www.equatortek.com,equatortek.com,,,,,True,False,False,EXISTED_2COR,rdap=2010-12-02; copyright_footer=2017; nasscom_harvest=nasscom:EXISTED_NO_SW_WORDING; rdap:2010,Verified,1,﻿ Equator Technologies --> IT Solutions | Custom Software & Product Development | Web Deve,0,0,,5687,0,0,0,0,pre-2024: existed no sw wording,False,,,,identity_pending,,40,16,2010-12-02,zero signals unverified after re-crawl
nasscom,Stellapps Technologies Private Limited,Bengaluru,https://www.stellapps.com/,stellapps.com,,,,,True,False,False,EXISTED_2COR,rdap=2011-02-02; nasscom_harvest=nasscom:PROVEN; wayback=20230601,Verified,0,,0,0,,5630,0,0,0,0,pre-2024: proven,False,,,,identity_pending,,40,15,2011-02-02,zero signals unverified after re-crawl
nasscom,Privafy Technologies India Private Limited,Bengaluru,https://www.privafy.com,privafy.com,,,,,True,False,False,EXISTED_2COR,rdap=2016-10-05; nasscom_harvest=nasscom:PROVEN; wayback=20230601,Verified,0,,0,0,,5575,0,0,0,0,pre-2024: proven,False,,,,identity_pending,,40,10,2016-10-05,zero signals unverified after re-crawl
nasscom,J.C. Penney Services India Private Limited,Bengaluru,https://www.jcpenney.com,jcpenney.com,,,,,True,False,False,EXISTED_2COR,rdap=1993-10-13; nasscom_harvest=nasscom:UNKNOWN; wayback=20230602,Verified,0,,0,0,,5549,0,0,0,0,pre-2024: unknown | site mentions cicd,False,,,,identity_pending,,40,33,1993-10-13,zero signals unverified after re-crawl
nasscom,ZeroFox India Private Limited,Bengaluru,http://www.zerofox.com,zerofox.com,,,,,True,False,False,EXISTED_2COR,rdap=2006-02-06; nasscom_harvest=nasscom:UNKNOWN; wayback=20230601,Verified,0,,0,0,,5421,0,0,0,0,pre-2024: unknown | site mentions cicd,False,,,,identity_pending,,40,20,2006-02-06,zero signals unverified after re-crawl
nasscom,Synchrony International Services Private Limited,Hyderabad,http://www.ge.com,ge.com,,,,,True,False,False,EXISTED_2COR,rdap=1986-08-05; nasscom_harvest=nasscom:UNKNOWN; wayback=20230601,Verified,0,,0,0,,5353,0,0,0,0,pre-2024: unknown | site mentions cicd,False,,,,identity_pending,,40,40,1986-08-05,zero signals unverified after re-crawl
nasscom,InApp Information Technologies (India) Private Limited,Thiruvananthapuram,https://inapp.com/,inapp.com,,,,,True,False,False,EXISTED_2COR,nasscom_harvest=nasscom:EXISTED_NO_SW_WORDING; wayback=20230601,Verified,0,,0,0,,898492,0,0,0,0,pre-2024: existed no sw wording,False,,,,identity_pending,,35,0,,zero signals unverified after re-crawl
nasscom,CSM Technologies Limited,Bhubaneswar,https://www.csm.tech,csm.tech,,,,,True,False,False,EXISTED_2COR,rdap=2021-10-26; nasscom_harvest=nasscom:PROVEN; wayback=20230601,Verified,0,,0,0,,153407,0,0,0,0,pre-2024: proven | site mentions cicd,False,,,,identity_pending,,35,5,2021-10-26,zero signals unverified after re-crawl
nasscom,Telstra Global Business Services LLP,Bengaluru,http://www.telstra.com.au,telstra.com.au,,,,,True,False,False,EXISTED_2COR,nasscom_harvest=nasscom:UNKNOWN; wayback=20230601,Verified,0,,0,0,,139570,0,0,0,0,pre-2024: unknown | site mentions cicd,False,,,,identity_pending,,35,0,,zero signals unverified after re-crawl
nasscom,DISH Network Technologies India Private Limited,Bengaluru,https://careers.dish.com/careers/india,careers.dish.com,,,,,True,False,False,PROVEN_EQUIV,nasscom_harvest=nasscom:UNKNOWN; wayback=20230602,Verified,1,;span class=\&#34;font-extrabold\&#34;>Cloud Software Development&amp;nbsp;&lt;/span>&lt;/,0,0,,127960,0,0,0,0,pre-2024: unknown,False,,,,identity_pending,,35,0,,zero signals unverified after re-crawl
nasscom,Oceaneering International Services Limited,Pune,http://www.oceaneering.com,oceaneering.com,,,,,True,False,False,EXISTED_2COR,nasscom_harvest=nasscom:UNKNOWN; wayback=20230603,Verified,0,,0,0,,121462,0,0,0,0,pre-2024: unknown | site mentions cicd,False,,,,identity_pending,,35,0,,zero signals unverified after re-crawl
nasscom,Nielseniq (India) Private Limited,Chennai,https://nielseniq.com/global/en/,nielseniq.com,,,,,True,False,False,EXISTED_2COR,rdap=2020-06-24; nasscom_harvest=nasscom:PROVEN; wayback=20230503,Verified,0,,0,0,,93170,0,0,0,0,pre-2024: proven,False,,,,identity_pending,,35,6,2020-06-24,zero signals unverified after re-crawl
goodfirms+nasscom,Minerva Infotech,"Kolkata, India",http://www.minervainfotech.com,minervainfotech.com,2006,10-49,10-49,,False,False,False,EXISTED_2COR,goodfirms_founded=2006; rdap=2019-03-05; copyright_footer=2023; nasscom_harvest=nasscom:PROVEN; goodfirms_founded:2006,Verified,1,Minerva offers affordable website design and development services that fit within your bud,0,0,,86924,0,0,0,0,pre-2024: proven,False,,,,identity_pending,30,35,7,2019-03-05,zero signals unverified after re-crawl
nasscom,Growby Exx Services Private Limited,Ahmedabad,https://www.growexx.com/,growexx.com,,,,,True,False,False,PROVEN_EQUIV,rdap=2020-09-19; nasscom_harvest=nasscom:PROVEN; wayback=20230608,Verified,1,AI-Driven Software Development Company | Oracle Partner | GrowExx Important,0,0,,83261,0,0,0,0,pre-2024: proven | site mentions cicd,False,Vikas Arunkumar Agarwal,CEO & Founder,,identity_name_only,,35,6,2020-09-19,zero signals unverified after re-crawl
nasscom,Anaptyss India Private Limited,Gautam Buddha Nagar,https://www.anaptyss.com/,anaptyss.com,,,,,True,False,False,PROVEN_EQUIV,rdap=2021-02-15; nasscom_harvest=nasscom:PROVEN; wayback=20230531,Verified,1,functions. We offer domain-led solutions and product engineering powered by DKO™ and our g,0,0,,81430,0,0,0,0,pre-2024: proven,False,Reeta Alug and Nikhil Anand,Directors,,identity_name_only,,35,5,2021-02-15,zero signals unverified after re-crawl
nasscom,eGRCxperts India Private Limited,Chennai,https://grcxperts.com,grcxperts.com,,,,,True,False,False,EXISTED_2COR,rdap=2020-01-26; copyright_footer=2023; nasscom_harvest=nasscom:DOMAIN_ONLY - registered 2020-01,Verified,0,,0,0,,71245,0,0,0,0,"site: GRC framework implementation consulting, not product build | site compliance quotes ",False,,,,identity_pending,,35,6,2020-01-26,zero signals unverified after re-crawl
nasscom,CFA Institute India Private Limited,Mumbai,http://www.cfainstitute.org,cfainstitute.org,,,,,True,False,False,EXISTED_2COR,nasscom_harvest=nasscom:PROVEN; wayback=20230602,Verified,0,,0,0,,52500,0,0,0,0,pre-2024: proven,False,Arati Porwal,Senior Country Head – India / Director,,identity_name_only,,35,0,,zero signals unverified after re-crawl
nasscom,AstraZeneca India Private Limited,Chennai,https://www.astrazeneca.com,astrazeneca.com,,,,,True,False,False,EXISTED_2COR,nasscom_harvest=nasscom:UNKNOWN; wayback=20230601,Verified,0,,0,0,,52316,0,0,0,0,pre-2024: unknown | site mentions cicd,False,,,,identity_pending,,35,0,,zero signals unverified after re-crawl
nasscom,Krescent IT Labs Private Limited,Chandigarh(CH),https://www.kitlabs.us,kitlabs.us,,,,,True,False,False,PROVEN_EQUIV,copyright_footer=2016; nasscom_harvest=nasscom:PROVEN; wayback=20230529,Verified,1,the Kit Labs Support Platform Events Mobile Application Development - We do Hybrid & Nativ,0,0,,46975,0,0,0,0,pre-2024: proven | site mentions cicd | site mentions compliance,False,,,,identity_pending,,35,0,,zero signals unverified after re-crawl
nasscom,Flightcase IT Services Private Limited,Pune,http://www.fltcase.com,fltcase.com,,,,,True,False,False,EXISTED_2COR,nasscom_harvest=nasscom:Wayback 20230601 nav menu shows ; wayback=20230315,Verified,0,,0,0,,43855,0,0,0,0,"Site: 'outsource IT Infrastructure services especially NOC, Engineering & Helpdesk' | Site",False,,,,identity_pending,,35,0,,zero signals unverified after re-crawl
nasscom,Zeeve Deeptech Private Limited,Gautam Buddha Nagar,https://www.zeeve.io,zeeve.io,,,,,True,False,False,EXISTED_2COR,nasscom_harvest=nasscom:UNKNOWN; wayback=20230606,Verified,0,,0,0,,43557,0,0,0,0,pre-2024: unknown,False,,,,identity_pending,,35,0,,zero signals unverified after re-crawl
nasscom,Sumcircle Technologies Private Limited,Mumbai,https://sumcircle.com,sumcircle.com,,,,,True,False,False,PROVEN_EQUIV,rdap=2022-11-14; nasscom_harvest=nasscom:EXISTED_NO_SW_WORDING; wayback=20230607,Verified,1,l Digital Transformation Business Automation Product Engineering Technology Migration Clou,0,0,,42125,0,0,0,0,pre-2024: existed no sw wording | site mentions cicd | site mentions compliance,False,,,,identity_pending,,35,4,2022-11-14,zero signals unverified after re-crawl
nasscom,GEP Solutions Pvt Ltd,Navi Mumbai,http://www.gep.com,gep.com,,,,,True,False,False,EXISTED_2COR,nasscom_harvest=nasscom:PROVEN; wayback=20230601,Verified,0,,0,0,,41043,0,0,0,0,pre-2024: proven,False,Roshan Mukandlal Makhija,Whole-Time Director,,identity_name_only,,35,0,,zero signals unverified after re-crawl
nasscom,SLR Infotech Pvt Ltd,Chandigarh(CH),http://www.slrinfotech.org,slrinfotech.org,,,,,True,False,False,PROVEN_EQUIV,nasscom_harvest=nasscom:PROVEN; wayback=20230528,Verified,1,pplications and build a strong foundation in software development. Explore Our Complete Ra,0,0,,40384,0,0,0,0,pre-2024: proven,False,,,,identity_pending,,35,0,2026-03-06,zero signals unverified after re-crawl
nasscom,Allegis Services (India) Private Limited (Actalent),Bengaluru,http://www.easi.com,easi.com,,,,,True,False,False,PROVEN_EQUIV,nasscom_harvest=nasscom:PROVEN; wayback=20210608,Verified,1,uring Engineering Sciences Services Clinical Development Services Scientific Support Servi,0,0,,33281,0,0,0,0,pre-2024: proven,False,,,,identity_pending,,35,0,,zero signals unverified after re-crawl
nasscom,Transaction Network Services Communications India Private Limited,Noida,https://tnsi.com,tnsi.com,,,,,True,False,False,EXISTED_2COR,nasscom_harvest=nasscom:EXISTED_NO_SW_WORDING; wayback=20230603,Verified,0,,0,0,,26248,0,0,0,0,pre-2024: existed no sw wording,False,,,,identity_pending,,35,0,,zero signals unverified after re-crawl
nasscom,Sustainable Outreach and Universal Leadership Limited,Bhubaneswar,http://www.soulunileaders.com/,soulunileaders.com,,,,,True,False,False,EXISTED_2COR,rdap=2021-02-02; copyright_footer=2023; nasscom_harvest=nasscom:EXISTED_NO_SW_WORDING; rdap:2021,Verified,1,"mation. With expertise in IT infrastructure, software development, and business process ou",0,0,,26002,0,0,0,0,pre-2024: existed no sw wording,False,,,,identity_pending,,35,5,2021-02-02,zero signals unverified after re-crawl
nasscom,Mikro Grafeio Services Private Limited,Coimbatore,https://www.mikrografeio.com/,mikrografeio.com,,,,,True,False,False,EXISTED_2COR,rdap=2020-12-16; copyright_footer=2021; nasscom_harvest=nasscom:EXISTED_NO_SW_WORDING; wayback=20230530,Verified,0,,0,0,,25102,0,0,0,0,pre-2024: existed no sw wording,False,,,,identity_pending,,35,6,2020-12-16,zero signals unverified after re-crawl
nasscom,Millowsatya Services Private Limited,Dehradun,http://www.millow.io,millow.io,,,,,True,False,False,EXISTED_2COR,nasscom_harvest=nasscom:EXISTED_NO_SW_WORDING; wayback=20230605,Verified,0,,0,0,,23887,0,0,0,0,pre-2024: existed no sw wording,False,,,,identity_pending,,35,0,,zero signals unverified after re-crawl
nasscom,Altius Strategic Consulting Private Limited,Patiala,https://www.altius.us/,altius.us,,,,,True,False,False,EXISTED_2COR,nasscom_harvest=nasscom:EXISTED_NO_SW_WORDING; wayback=20230303,Verified,0,,0,0,,20603,0,0,0,0,pre-2024: existed no sw wording | site mentions cicd,False,,,,identity_pending,,35,0,,zero signals unverified after re-crawl
nasscom,SimCorp India LLP,Gautam Buddha Nagar,https://www.simcorp.com/,simcorp.com,,,,,True,False,False,EXISTED_2COR,nasscom_harvest=nasscom:PROVEN; wayback=20230604,Verified,0,,0,0,,20250,0,0,0,0,pre-2024: proven,False,,,,identity_pending,,35,0,,zero signals unverified after re-crawl
nasscom,Onward Technologies Ltd,Mumbai,http://www.onwardgroup.com,onwardgroup.com,,,,,True,False,False,DOMAIN_ONLY,nasscom_harvest=nasscom:EXISTED_NO_SW_WORDING,Verified,1,sence CSR Services Digital Services Embedded Product Engineering Mechanical Product Engine,0,1,forms and systems engineering to fast-track your product deployment. Learn More --> Mechan,16508,0,0,0,0,pre-2024: existed no sw wording,False,,,,identity_pending,,35,0,,zero signals unverified after re-crawl
nasscom,Digiveda Innovations LLP,Gautam Buddha Nagar,https://digiveda.io/,digiveda.io,,,,,True,False,False,DOMAIN_ONLY,nasscom_harvest=nasscom:PROVEN,Verified,1,(MDM) Pages About Us Contact Us Our Services Product Development AI Solutions Cloud Servic,0,1,sforming Businesses with AI &amp; Cloud Home Our Products New Visitor-Management-System Ve,8429,0,0,0,0,pre-2024: proven,False,,,,identity_pending,,35,0,,zero signals unverified after re-crawl
nasscom,Friends Color Images Private Limited,Noida,https://www.fci-ccm.com,fci-ccm.com,,,,,True,False,False,EXISTED_2COR,rdap=2015-01-20; nasscom_harvest=nasscom:PROVEN: 2023-06 snapshot adverti,Verified,0,,0,0,,906785,0,0,0,0,"tier_gold_evidence: 2023 snapshot lists Software Development, Managed IT | jd: 894k chars ",False,,,,identity_pending,,32,11,2015-01-20,zero signals unverified after re-crawl
nasscom,AugustCode Solutions Private Limited,Surat,http://www.augustinfotech.com,augustinfotech.com,,,,,True,False,False,EXISTED_2COR,rdap=2006-11-01; nasscom_harvest=nasscom:PROVEN; rdap:2006-11-01,Verified,0,,0,0,,892396,0,0,0,0,pre-2024: proven | site mentions cicd,False,,,,identity_pending,,32,20,2006-11-01,zero signals unverified after re-crawl
nasscom,Nettantra Technologies (India) Private Limited,Bhubaneswar,https://www.nettantra.com/,nettantra.com,,,,,True,False,False,EXISTED_2COR,rdap=2009-03-22; nasscom_harvest=nasscom:DOMAIN_ONLY; rdap:2009-03-22,Verified,0,,0,0,,879247,0,0,0,0,pre-2024: domain only,False,,,,identity_pending,,32,17,2009-03-22,zero signals unverified after re-crawl
nasscom,Western Union Services India Private Limited,Pune,https://www.westernunion.com/in,westernunion.com,,,,,True,False,False,EXISTED_2COR,rdap=1995-10-08; nasscom_harvest=nasscom:DOMAIN_ONLY; rdap:1995-10-08,Verified,0,,0,0,,806938,0,0,0,0,pre-2024: domain only,False,,,,identity_pending,,32,31,1995-10-08,zero signals unverified after re-crawl
nasscom,Del Cap Managed Services India Private Limited,Bengaluru,https://www.deltacapita.com/,deltacapita.com,,,,,True,False,False,EXISTED_2COR,rdap=2009-11-30; nasscom_harvest=nasscom:EXISTED_NO_SW_WORDING; rdap:2009,Verified,0,,0,0,,639161,0,0,0,0,pre-2024: existed no sw wording,False,,,,identity_pending,,32,17,2009-11-30,zero signals unverified after re-crawl
nasscom,MetClouds Technologies Private Limited,Ernakulam,https://metclouds.com,metclouds.com,,,,,True,False,False,EXISTED_2COR,rdap=2010-01-08; nasscom_harvest=nasscom:PROVEN; rdap:2010-01-08,Verified,0,,0,0,,613890,0,0,0,0,pre-2024: proven,False,,,,identity_pending,,32,16,2010-01-08,zero signals unverified after re-crawl
nasscom,Idox India Private Limited,Pune,http://www.idoxgroup.com,idoxgroup.com,,,,,True,False,False,EXISTED_2COR,rdap=2002-11-05; nasscom_harvest=nasscom:DOMAIN_ONLY; rdap:2002-11-05,Verified,0,,0,0,,544828,0,0,0,0,pre-2024: domain only,False,,,,identity_pending,,32,24,2002-11-05,zero signals unverified after re-crawl
nasscom,Ameriprise India LLP,Gurugram,http://www.ameriprise.com,ameriprise.com,,,,,True,False,False,EXISTED_2COR,rdap=1999-12-08; nasscom_harvest=nasscom:EXISTED_NO_SW_WORDING; rdap:1999,Verified,0,,0,0,,509900,0,0,0,0,pre-2024: existed no sw wording,False,,,,identity_pending,,32,27,1999-12-08,zero signals unverified after re-crawl
nasscom,Infineon Technologies India Private Limited,Bengaluru,http://www.infineon.com,infineon.com,,,,,True,False,False,EXISTED_2COR,rdap=1999-02-12; nasscom_harvest=nasscom:PROVEN; rdap:1999-02-12,Verified,0,,0,0,,200359,0,0,0,0,pre-2024: proven,False,Vinay Balkrishna Shenoy,Managing Director,,identity_name_only,,32,27,1999-02-12,zero signals unverified after re-crawl
nasscom,Stic Soft E-Solutions Private Limited,Hyderabad,https://www.sticsoftsolutions.com/,sticsoftsolutions.com,,,,,True,False,False,EXISTED_2COR,rdap=2017-03-14; nasscom_harvest=nasscom:DOMAIN_ONLY; rdap:2017-03-14,Verified,1,s towards success. STIC Solutions Customized Application Development We specialize in deve,0,0,,195637,0,0,0,0,pre-2024: domain only,False,,,,identity_pending,,32,9,2017-03-14,zero signals unverified after re-crawl
nasscom,SG Analytics Private Limited,Pune,http://www.sganalytics.com,sganalytics.com,,,,,True,False,False,EXISTED_2COR,rdap=2007-03-23; nasscom_harvest=nasscom:PROVEN downgraded to +10 - the 2,Verified,1,search Circle of Experts Market Segmentation Product Development Research Consumer Behavio,0,0,,184180,0,0,0,0,Wayback 2023: 'Analytics and ESG Company ... Services Industries Case Studies' | Site: 'IS,False,,,,identity_pending,,32,19,2007-03-23,zero signals unverified after re-crawl
nasscom,YASH Technologies Pvt Ltd,Hyderabad,http://www.yash.com,yash.com,,,,,True,False,False,EXISTED_2COR,rdap=1996-08-12; nasscom_harvest=nasscom:PROVEN; rdap:1996-08-12,Verified,1,M365 Enterprise Modernization - Azure Rapid Application Development Zero Code Applications,0,0,,174340,0,0,0,0,pre-2024: proven | site mentions cicd,False,,,,identity_pending,,32,30,1996-08-12,zero signals unverified after re-crawl
nasscom,Techno Developers Group,Siliguri,https://www.technodg.com,technodg.com,,,,,True,False,False,EXISTED_2COR,rdap=2001-07-12; nasscom_harvest=nasscom:EXISTED_NO_SW_WORDING; rdap:2001,Verified,1,ected by 2026? The Advantages of Outsourcing Software Development : YouTube says it will t,0,0,,151739,0,0,0,0,pre-2024: existed no sw wording,False,,,,identity_pending,,32,25,2001-07-12,zero signals unverified after re-crawl
nasscom,Fragomen Immigration Services India Private Limited,New Delhi,http://www.fragomen.com,fragomen.com,,,,,True,False,False,EXISTED_2COR,rdap=1996-06-27; nasscom_harvest=nasscom:EXISTED_NO_SW_WORDING; rdap:1996,Verified,0,,0,0,,137521,0,0,0,0,pre-2024: existed no sw wording,False,,,,identity_pending,,32,30,1996-06-27,zero signals unverified after re-crawl
nasscom,REAGCC Technology Services Private Limited,Gurugram,https://www.rea-group.com/,rea-group.com,,,,,True,False,False,EXISTED_2COR,rdap=2006-05-17; nasscom_harvest=nasscom:EXISTED_NO_SW_WORDING; rdap:2006,Verified,0,,0,0,,131049,0,0,0,0,pre-2024: existed no sw wording,False,,,,identity_pending,,32,20,2006-05-17,zero signals unverified after re-crawl
nasscom,T-Systems Information and Communication Technology India Private Limited,Pune,http://www.t-systems.com/,t-systems.com,,,,,True,False,False,EXISTED_2COR,rdap=1996-11-19; nasscom_harvest=nasscom:EXISTED_NO_SW_WORDING; rdap:1996,Verified,0,,0,0,,128471,0,0,0,0,pre-2024: existed no sw wording,False,,,,identity_pending,,32,30,1996-11-19,zero signals unverified after re-crawl
nasscom,Researchwire Knowledge Solutions Private Limited,Navi Mumbai,https://www.researchwire.in/,researchwire.in,,,resolved:157,157,False,False,False,EXISTED_2COR,rdap=2010-12-04; nasscom_harvest=nasscom:PROVEN downgraded to +10 - the 2,Verified,1,actively involved in advising clients on new product development strategies and technology,0,0,,127880,0,0,0,0,Wayback 2023: 'Patent Portfolio Management ... Patent Search | Litigation Support' | Site:,False,,,,identity_pending,157,32,16,2010-12-04,zero signals unverified after re-crawl
nasscom,Nationwide Global Services Center Private Limited,Hyderabad,https://www.nationwide.com,nationwide.com,,,,,True,False,False,EXISTED_2COR,rdap=1994-03-04; nasscom_harvest=nasscom:DOMAIN_ONLY; rdap:1994-03-04,Verified,0,,0,0,,126215,0,0,0,0,pre-2024: domain only,False,,,,identity_pending,,32,32,1994-03-04,zero signals unverified after re-crawl
nasscom,Protiviti India Member Private Limited,Gurugram,https://www.protiviti.com/in-en,protiviti.com,,,,,True,False,False,EXISTED_2COR,rdap=2002-01-22; nasscom_harvest=nasscom:DOMAIN_ONLY; rdap:2002-01-22,Verified,0,,0,0,,126155,0,0,0,0,pre-2024: domain only,False,,,,identity_pending,,32,24,2002-01-22,zero signals unverified after re-crawl
nasscom,Black Box Limited,Mumbai,https://www.blackbox.com,blackbox.com,,,,,True,False,False,EXISTED_2COR,rdap=1994-08-24; nasscom_harvest=nasscom:UNKNOWN,Verified,1,ners Services Overview Professional Services Application Development &amp; Integration Fie,0,0,,123442,0,0,0,0,pre-2024: unknown | site mentions cicd,False,,,,identity_pending,,32,32,1994-08-24,zero signals unverified after re-crawl
nasscom,Johnson Controls (India) Private Limited,Bengaluru,https://www.johnsoncontrols.com,johnsoncontrols.com,,,,,True,False,False,EXISTED_2COR,rdap=1995-10-23; nasscom_harvest=nasscom:DOMAIN_ONLY; rdap:1995-10-23,Verified,0,,0,0,,122717,0,0,0,0,pre-2024: domain only,False,,,,identity_pending,,32,31,1995-10-23,zero signals unverified after re-crawl
nasscom,Novartis Development IT (A Div. of Novartis Healthcare Pvt Ltd),Hyderabad,http://www.novartis.com,novartis.com,,,,,True,False,False,EXISTED_2COR,rdap=1996-04-02; nasscom_harvest=nasscom:EXISTED_NO_SW_WORDING; rdap:1996,Verified,0,,0,0,,122478,0,0,0,0,pre-2024: existed no sw wording,False,,,,identity_pending,,32,30,1996-04-02,zero signals unverified after re-crawl
nasscom,Workday India Private Limited,Pune,https://www.workday.com/,workday.com,,,,,True,False,False,EXISTED_2COR,rdap=2001-09-13; nasscom_harvest=nasscom:PROVEN; rdap:2001-09-13,Verified,0,,0,0,,122393,0,0,0,0,pre-2024: proven,False,,,,identity_pending,,32,25,2001-09-13,zero signals unverified after re-crawl
nasscom,Epicor Software India Private Limited,Bengaluru,http://www.epicor.com,epicor.com,,,,,True,False,False,EXISTED_2COR,rdap=1999-01-11; nasscom_harvest=nasscom:DOMAIN_ONLY; rdap:1999-01-11,Verified,0,,0,0,,122204,0,0,0,0,pre-2024: domain only,False,,,,identity_pending,,32,27,1999-01-11,zero signals unverified after re-crawl
nasscom,Shivamtech Engineering Design Private Limited,Pune,http://www.shivamtech.com,shivamtech.com,,,,,True,False,False,EXISTED_2COR,"rdap=2004-03-01; nasscom_harvest=nasscom:PROVEN - 20220601 snapshot, but ",Verified,1,l Engineering Domain Experitise Capabilities Product Engineering Domain Experitise Capabil,0,0,,122109,0,0,0,0,JD 'bitbucket'/'jenkins'/'git' hits are FontAwesome CSS class names | Site: 'Leaders in Pr,False,,,,identity_pending,,32,22,2004-03-01,zero signals unverified after re-crawl
nasscom,Softdel Systems Private Limited,Pune,http://www.softdel.com,softdel.com,,,,,True,False,False,EXISTED_2COR,rdap=1999-10-28; nasscom_harvest=nasscom:DOMAIN_ONLY; rdap:1999-10-28,Verified,1,Over IP Simulation System Buy Boss Services Product Engineering Device Engineering IoT Sol,0,0,,121266,0,0,0,0,pre-2024: domain only,False,,,,identity_pending,,32,27,1999-10-28,zero signals unverified after re-crawl
nasscom,Nagarro Software Pvt Ltd,Gurugram,http://www.nagarro.com,nagarro.com,,,,,True,False,False,EXISTED_2COR,rdap=1999-04-16; nasscom_harvest=nasscom:PROVEN; rdap:1999-04-16,Verified,1,"ness outcomes at scale. Intelligent products Build products that learn, adapt, anticipate,",0,0,,121021,0,0,0,0,pre-2024: proven,False,,,,identity_pending,,32,27,1999-04-16,zero signals unverified after re-crawl
nasscom,Kongsberg Digital Software And Services Pvt Ltd,Bengaluru,http://www.kongsberg.com,kongsberg.com,,,,,True,False,False,EXISTED_2COR,rdap=1996-11-17; nasscom_harvest=nasscom:EXISTED_NO_SW_WORDING; rdap:1996,Verified,0,,0,0,,120996,0,0,0,0,pre-2024: existed no sw wording,False,,,,identity_pending,,32,30,1996-11-17,zero signals unverified after re-crawl
nasscom,Cloudflare Capability Center (India) Private Limited,Bengaluru,https://www.cloudflare.com,cloudflare.com,,,,,True,False,False,EXISTED_2COR,rdap=2009-02-17; nasscom_harvest=nasscom:PROVEN,Verified,0,,0,0,,120589,0,0,0,0,pre-2024: proven,False,,,,identity_pending,,32,17,2009-02-17,zero signals unverified after re-crawl
nasscom,Sesame Group India Private Limited,Gurugram,http://www.sbg.co.uk,sbg.co.uk,,,,,True,False,False,EXISTED_2COR,rdap=2003-12-17; nasscom_harvest=nasscom:EXISTED_NO_SW_WORDING; rdap:2003,Verified,0,,0,0,,118409,0,0,0,0,pre-2024: existed no sw wording,False,,,,identity_pending,,32,23,2003-12-17,zero signals unverified after re-crawl
nasscom,Walsons Services Pvt Ltd,Gurugram,http://www.securitas.in,securitas.in,,,,,True,False,False,EXISTED_2COR,rdap=2006-01-30; nasscom_harvest=nasscom:EXISTED_NO_SW_WORDING; rdap:2006,Verified,0,,0,0,,113161,0,0,0,0,pre-2024: existed no sw wording,False,,,,identity_pending,,32,20,2006-01-30,zero signals unverified after re-crawl
nasscom,KRO Brandpeck Private Limited,Bhubaneswar,https://thetechnovate.com/,thetechnovate.com,,,,,True,False,False,EXISTED_2COR,rdap=2018-10-18; nasscom_harvest=nasscom:PROVEN; rdap:2018-10-18,Verified,1,Technovate - Leading Software Development Company In India Solutions Technologies Indu,0,0,,112914,0,0,0,0,pre-2024: proven,False,,,,identity_pending,,32,8,2018-10-18,zero signals unverified after re-crawl
nasscom,Berkadia Services India Pvt Ltd,Hyderabad,http://www.berkadia.com,berkadia.com,,,,,True,False,False,EXISTED_2COR,rdap=2009-09-02; nasscom_harvest=nasscom:PROVEN; rdap:2009-09-02,Verified,0,,0,0,,97665,0,0,0,0,pre-2024: proven,False,Sudipto Mukherjee,Country Head and Managing Director,,identity_name_only,,32,17,2009-09-02,zero signals unverified after re-crawl
nasscom,Vegazva Technologies Private Limited,Gurugram,http://www.vegazva.com,vegazva.com,,,,,True,False,False,EXISTED_2COR,rdap=2013-07-24; nasscom_harvest=nasscom:PROVEN; rdap:2013-07-24,Verified,1,ering Services Pods Plant Design Engineering Product Engineering Structural Steel Design &,0,0,,97640,0,0,0,0,pre-2024: proven,False,,,,identity_pending,,32,13,2013-07-24,zero signals unverified after re-crawl
nasscom,Delaware Digital Private Limited,New Delhi,https://www.delaware.pro/en-in,delaware.pro,,,,,True,False,False,EXISTED_2COR,rdap=2012-05-04; nasscom_harvest=nasscom:EXISTED_NO_SW_WORDING; rdap:2012,Verified,1,"and every day. Whether you’re interested in software development, business processes or da",0,0,,96655,0,0,0,0,pre-2024: existed no sw wording,False,,,,identity_pending,,32,14,2012-05-04,zero signals unverified after re-crawl
nasscom,Gujarat Narmada Valley Fertilizers & Chemicals Ltd,Gandhinagar,http://www.gnfc.in,gnfc.in,,,,,True,False,False,EXISTED_2COR,rdap=2005-02-16; nasscom_harvest=nasscom:EXISTED_NO_SW_WORDING: 2023-06-0,Verified,0,,0,0,,95927,0,0,0,0,"Site: fertilizer and chemicals complex, ISO 14001/45001/50001 plant certs | 96k chars of J",False,,,,identity_pending,,32,21,2005-02-16,zero signals unverified after re-crawl
nasscom,IDS Infotech Ltd,Mohali,http://www.idsil.com,idsil.com,,,,,True,False,False,EXISTED_2COR,rdap=1997-08-19; nasscom_harvest=nasscom:PROVEN; rdap:1997-08-19,Verified,0,,0,0,,95491,0,0,0,0,pre-2024: proven,False,Partap Krishan Aggarwal,"Founder, Chief Executive Officer, and Managing Director",,identity_name_only,,32,29,1997-08-19,zero signals unverified after re-crawl
nasscom,Russell Reynolds Associates India Private Limited,Gurugram,http://www.russellreynolds.com,russellreynolds.com,,,,,True,False,False,EXISTED_2COR,rdap=1997-11-18; nasscom_harvest=nasscom:PROVEN; rdap:1997-11-18,Verified,0,,0,0,,92040,0,0,0,0,pre-2024: proven | site mentions cicd,False,,,,identity_pending,,32,29,1997-11-18,zero signals unverified after re-crawl
nasscom,Aress Software & Education Technologies Private Limited,Nasik,http://www.aress.com,aress.com,,,,,True,False,False,EXISTED_2COR,rdap=2011-09-05; nasscom_harvest=nasscom:PROVEN - 2022-06 snapshot advert,Verified,1,"--> Aress | Managed IT Services & Software Development Company , before CSS links --> --> ",0,0,,92037,0,0,0,0,"Site: 'ISO, CMMi Level 3 Processes' and 'ISO 27001:2022' own certifications | Site: 'How w",False,Rahul Malhotra,Founder and CEO,,identity_name_only,,32,15,2011-09-05,zero signals unverified after re-crawl
nasscom,Axiro Semiconductor Private Limited,Bengaluru,https://www.axiro.com/en,axiro.com,,,,,True,False,False,EXISTED_2COR,rdap=2017-11-24; nasscom_harvest=nasscom:DOMAIN_ONLY; rdap:2017-11-24,Verified,0,,0,0,,91975,0,0,0,0,pre-2024: domain only,False,,,,identity_pending,,32,9,2017-11-24,zero signals unverified after re-crawl
nasscom,Manhattan Associates (India) Development Centre Pvt Ltd,Bengaluru,http://www.manh.com,manh.com,,,,,True,False,False,EXISTED_2COR,rdap=1998-07-23; nasscom_harvest=nasscom:EXISTED_NO_SW_WORDING; rdap:1998,Verified,0,,0,0,,88197,0,0,0,0,pre-2024: existed no sw wording,False,,,,identity_pending,,32,28,1998-07-23,zero signals unverified after re-crawl
nasscom,HTC Global Services (India) Pvt Ltd,Chennai,http://www.htcinc.com,htcinc.com,,,,,True,False,False,EXISTED_2COR,rdap=1996-12-09; nasscom_harvest=nasscom:UNKNOWN,Verified,1,"Agentic AI, Digital Transformation &amp; Software Development Services | HTC Global Servic",0,0,,87626,0,0,0,0,pre-2024: unknown,False,,,,identity_pending,,32,30,1996-12-09,zero signals unverified after re-crawl
nasscom,Compunnel Technology India Pvt Ltd,Noida,http://www.infoprolearning.com,infoprolearning.com,,,,,True,False,False,EXISTED_2COR,rdap=2006-09-05; nasscom_harvest=nasscom:DOMAIN_ONLY; rdap:2006-09-05,Verified,0,,0,0,,85695,0,0,0,0,pre-2024: domain only,False,,,,identity_pending,,32,20,2006-09-05,zero signals unverified after re-crawl
nasscom,Progress Software Development Pvt Ltd,Hyderabad,https://www.progress.com,progress.com,,,,,True,False,False,EXISTED_2COR,rdap=1990-07-19; nasscom_harvest=nasscom:EXISTED_NO_SW_WORDING; rdap:1990,Verified,0,,0,0,,84216,0,0,0,0,pre-2024: existed no sw wording,False,,,,identity_pending,,32,36,1990-07-19,zero signals unverified after re-crawl
nasscom,Smith & Nephew GBS Private Limited,Pune,https://www.smith-nephew.com/,smith-nephew.com,,,,,True,False,False,EXISTED_2COR,rdap=1995-10-02; nasscom_harvest=nasscom:PROVEN; rdap:1995-10-02,Verified,0,,0,0,,76470,0,0,0,0,pre-2024: proven | site mentions cicd,False,,,,identity_pending,,32,31,1995-10-02,zero signals unverified after re-crawl
nasscom,Hoonar Tekwurks Private Limited,Pune,https://hoonartek.com,hoonartek.com,,,,,True,False,False,EXISTED_2COR,rdap=2010-02-23; nasscom_harvest=nasscom:PROVEN; rdap:2010-02-23,Verified,0,,0,0,,75492,0,0,0,0,pre-2024: proven | site mentions cicd,False,,,,identity_pending,,32,16,2010-02-23,zero signals unverified after re-crawl
nasscom,Epicenter Technologies Pvt Ltd,Mumbai,http://epicentertechnology.com,epicentertechnology.com,,,,,True,False,False,EXISTED_2COR,rdap=2000-07-31; nasscom_harvest=nasscom:DOMAIN_ONLY: domain registered 2,Verified,1,lutions AI &amp; Digital Services Enterprise Application Development Staff Augmentation Kn,0,0,,73329,0,0,0,0,"Site: 'one of the pioneering BPOs in India' — BPO core | Site: ISO 9001, 22301, 27001, PCI",False,,,,identity_pending,,32,26,2000-07-31,zero signals unverified after re-crawl
nasscom,Tietoevry India Private Limited,Pune,http://www.tieto.in,tieto.in,,,,,True,False,False,EXISTED_2COR,rdap=2007-08-22; nasscom_harvest=nasscom:EXISTED_NO_SW_WORDING; rdap:2007,Verified,1,s Software Engineer Job Area Application and Product Development Function Tieto Banktech T,0,0,,72434,0,0,0,0,pre-2024: existed no sw wording,False,,,,identity_pending,,32,19,2007-08-22,zero signals unverified after re-crawl
nasscom,Magneto IT Solutions Private Limited,Pune,https://magnetoitsolutions.com/,magnetoitsolutions.com,,,,,True,False,False,EXISTED_2COR,rdap=2011-08-16; nasscom_harvest=nasscom:PROVEN; rdap:2011-08-16,Verified,1,Data Management (MDM) eCommerce Development Software Development Mobile Application Develo,0,0,,72318,0,0,0,0,pre-2024: proven,False,,,,identity_pending,,32,15,2011-08-16,zero signals unverified after re-crawl
nasscom,Ascentt AITek Private Limited,Indore,https://ascentt.com/,ascentt.com,,,resolved:211,211,False,True,False,EXISTED_2COR,rdap=2004-08-04; nasscom_harvest=nasscom:DOMAIN_ONLY; rdap:2004-08-04,Verified,0,,0,0,,71475,0,0,0,0,pre-2024: domain only | site mentions cicd,False,,,,identity_pending,211,32,22,2004-08-04,zero signals unverified after re-crawl
nasscom,Version 1 Services Private Limited,Bengaluru,https://www.version1.com,version1.com,,,,,True,False,False,EXISTED_2COR,rdap=1997-11-03; nasscom_harvest=nasscom:EXISTED_NO_SW_WORDING; rdap:1997,Verified,0,,0,0,,70078,0,0,0,0,pre-2024: existed no sw wording,False,,,,identity_pending,,32,29,1997-11-03,zero signals unverified after re-crawl
nasscom,Strategic Research Insights LLP,Chennai,https://srinsights.com,srinsights.com,,,,,True,False,False,EXISTED_2COR,rdap=2006-12-11; nasscom_harvest=nasscom:UNKNOWN,Verified,0,,0,0,,69650,0,0,0,0,pre-2024: unknown | site mentions cicd,False,,,,identity_pending,,32,20,2006-12-11,zero signals unverified after re-crawl
nasscom,CGI Information Systems and Management Consultants Pvt Ltd,Bengaluru,http://www.cgi.com,cgi.com,,,,,True,False,False,EXISTED_2COR,rdap=1987-01-19; nasscom_harvest=nasscom:DOMAIN_ONLY; rdap:1987-01-19,Verified,0,,0,0,,69454,0,0,0,0,pre-2024: domain only,False,,,,identity_pending,,32,39,1987-01-19,zero signals unverified after re-crawl
nasscom,ROSTAN Technologies Private Limited,Gurugram,http://www.rostantechnologies.com,rostantechnologies.com,,,,,True,False,False,EXISTED_2COR,rdap=2018-05-16; nasscom_harvest=nasscom:DOMAIN_ONLY; rdap:2018-05-16,Verified,1,tform Build Enterprise Apps 20x Faster Rapid Application Development with Oracle APEX Rapi,0,0,,63741,0,0,0,0,pre-2024: domain only | site mentions cicd,False,,,,identity_pending,,32,8,2018-05-16,zero signals unverified after re-crawl
nasscom,Dev Accelerator Limited,Ahmedabad,https://www.devx.work,devx.work,,,,,True,False,False,EXISTED_2COR,rdap=2018-01-16; nasscom_harvest=nasscom:PROVEN; rdap:2018-01-16,Verified,0,,0,0,,63095,0,0,0,0,pre-2024: proven,False,,,,identity_pending,,32,8,2018-01-16,zero signals unverified after re-crawl
nasscom,Macquarie Global Services Private Limited,Gurugram,https://www.macquarie.com/in/corporate,macquarie.com,,,,,True,False,False,EXISTED_2COR,rdap=1998-09-19; nasscom_harvest=nasscom:EXISTED_NO_SW_WORDING; rdap:1998,Verified,0,,0,0,,61457,0,0,0,0,pre-2024: existed no sw wording | site mentions cicd,False,,,,identity_pending,,32,28,1998-09-19,zero signals unverified after re-crawl
nasscom,Nisum Consulting Private Limited,Hyderabad,http://www.nisum.com,nisum.com,,,,,True,False,False,EXISTED_2COR,rdap=2000-01-03; nasscom_harvest=nasscom:PROVEN; rdap:2000-01-03,Verified,1,"tion, and support—combining tech consulting, software development, and business expertise ",0,0,,59538,0,0,0,0,pre-2024: proven,False,,,,identity_pending,,32,26,2000-01-03,zero signals unverified after re-crawl
nasscom,Apollo India Services LLP,Mumbai,http://www.apollo.com,apollo.com,,,,,True,False,False,EXISTED_2COR,rdap=1997-01-30; nasscom_harvest=nasscom:EXISTED_NO_SW_WORDING; rdap:1997,Verified,0,,0,0,,57720,0,0,0,0,pre-2024: existed no sw wording,False,,,,identity_pending,,32,29,1997-01-30,zero signals unverified after re-crawl
nasscom,F5 Networks Innovation Private Limited,Hyderabad,https://www.f5.com/,f5.com,,,,,True,False,False,EXISTED_2COR,rdap=1996-05-31; nasscom_harvest=nasscom:PROVEN; rdap:1996-05-31,Verified,0,,0,0,,57243,0,0,0,0,pre-2024: proven | site mentions cicd,False,,,,identity_pending,,32,30,1996-05-31,zero signals unverified after re-crawl
nasscom,Genesys Telecom Labs India Private Limited,Chennai,http://www.genesys.com,genesys.com,,,,,True,False,False,EXISTED_2COR,rdap=1997-07-30; nasscom_harvest=nasscom:DOMAIN_ONLY; rdap:1997-07-30,Verified,0,,0,0,,57140,0,0,0,0,pre-2024: domain only | site mentions cicd | site mentions pr_practice,False,,,,identity_pending,,32,29,1997-07-30,zero signals unverified after re-crawl
nasscom,Net Solutions India Private Limited,Chandigarh(CH),http://www.nss1.org/,nss1.org,,,,,True,False,False,EXISTED_2COR,rdap=2012-01-04; nasscom_harvest=nasscom:PROVEN; rdap:2012-01-04,Verified,0,,0,0,,56689,0,0,0,0,pre-2024: proven,False,,,,identity_pending,,32,14,2012-01-04,zero signals unverified after re-crawl
nasscom,Outbooks Outsourcing Private Limited,Gurugram,http://outbooks.com,outbooks.com,,,,,True,False,False,EXISTED_2COR,rdap=2004-03-12; nasscom_harvest=nasscom:EXISTED_NO_SW_WORDING; rdap:2004,Verified,0,,0,0,,55701,0,0,0,0,pre-2024: existed no sw wording | site mentions cicd | site mentions compliance,False,,,,identity_pending,,32,22,2004-03-12,zero signals unverified after re-crawl
nasscom,Alcon Laboratories (India) Private Limited,Bengaluru,http://www.alcon.com,alcon.com,,,,,True,False,False,EXISTED_2COR,rdap=1998-12-27; nasscom_harvest=nasscom:EXISTED_NO_SW_WORDING; rdap:1998,Verified,0,,0,0,,55343,0,0,0,0,pre-2024: existed no sw wording | site mentions cicd,False,,,,identity_pending,,32,28,1998-12-27,zero signals unverified after re-crawl
nasscom,Presidio Solutions Private Limited,Chennai,https://presidio.com,presidio.com,,,,,True,False,False,EXISTED_2COR,rdap=1994-11-02; nasscom_harvest=nasscom:EXISTED_NO_SW_WORDING: 2022 arch,Verified,1,ion Cybersecurity Digital Overview AI &#038; Product Engineering AI &#038; Data Transforma,0,0,,53554,0,0,0,0,"site_quotes compliance: 36 hits, all GDPR cookie-consent plugin rows | site_quotes DQ_bpo:",False,,,,identity_pending,,32,32,1994-11-02,zero signals unverified after re-crawl
nasscom,Integritas Global Services Private Limited,Bengaluru,https://integritas.in,integritas.in,,,,,True,False,False,EXISTED_2COR,rdap=2017-02-02; nasscom_harvest=nasscom:EXISTED_NO_SW_WORDING; rdap:2017,Verified,0,,0,0,,53294,0,0,0,0,pre-2024: existed no sw wording,False,,,,identity_pending,,32,9,2017-02-02,zero signals unverified after re-crawl
nasscom,Bell Techlogix India Private Limited,Hyderabad,https://belltechlogix.com,belltechlogix.com,,,,,True,False,False,EXISTED_2COR,rdap=2000-04-20; nasscom_harvest=nasscom:PROVEN; rdap:2000-04-20,Verified,0,,0,0,,53132,0,0,0,0,pre-2024: proven,False,Jayakrishnan Sureshbabu,Managing Director,,identity_name_only,,32,26,2000-04-20,zero signals unverified after re-crawl
nasscom,Atria Convergence Technologies Limited,Bengaluru,http://www.actcorp.in,actcorp.in,,,,,True,False,False,EXISTED_2COR,rdap=2014-06-03; nasscom_harvest=nasscom:DOMAIN_ONLY; rdap:2014-06-03,Verified,0,,0,0,,52733,0,0,0,0,pre-2024: domain only,False,,,,identity_pending,,32,12,2014-06-03,zero signals unverified after re-crawl
nasscom,Man Truck & Bus India Private Limited,Pune,https://www.mantruckandbusindia.com/,mantruckandbusindia.com,,,,,True,False,False,EXISTED_2COR,rdap=2012-03-08; nasscom_harvest=nasscom:PROVEN; rdap:2012-03-08,Verified,1,"esign and simulations, hardware development, software development and validation, and data",0,0,,51541,0,0,0,0,pre-2024: proven,False,,,,identity_pending,,32,14,2012-03-08,zero signals unverified after re-crawl
nasscom,Valiance Analytics Private Limited,Gautam Buddha Nagar,https://valiancesolutions.com/,valiancesolutions.com,,,,,True,False,False,EXISTED_2COR,rdap=2011-04-25; nasscom_harvest=nasscom:PROVEN; rdap:2011-04-25,Verified,0,,0,0,,50086,0,0,0,0,pre-2024: proven,False,,,,identity_pending,,32,15,2011-04-25,zero signals unverified after re-crawl
nasscom,FACC Solutions Private Limited,Pune,https://www.facc.com,facc.com,,,,,True,False,False,EXISTED_2COR,rdap=1996-04-03; nasscom_harvest=nasscom:DOMAIN_ONLY; rdap:1996-04-03,Verified,0,,0,0,,48668,0,0,0,0,pre-2024: domain only,False,,,,identity_pending,,32,30,1996-04-03,zero signals unverified after re-crawl
nasscom,Fiorano Software Technologies Private Limited,Bengaluru,https://www.fiorano.com,fiorano.com,,,,,True,False,False,EXISTED_2COR,rdap=1996-06-17; nasscom_harvest=nasscom:EXISTED_NO_SW_WORDING: 2023-06 a,Verified,0,,0,0,,48478,0,0,0,0,"jd: 48,478 chars of listings, no VCS or review terms | site_quotes.qa: hiring Senior Quali",False,,,,identity_pending,,32,30,1996-06-17,zero signals unverified after re-crawl
nasscom,NKXGEN Paradigms Private Limited,Visakhapatnam,https://nkxgen.com,nkxgen.com,,,,,True,False,False,EXISTED_2COR,rdap=2011-04-30; nasscom_harvest=nasscom:PROVEN; rdap:2011-04-30,Verified,0,,0,0,,47854,0,0,0,0,pre-2024: proven | site mentions compliance,False,,,,identity_pending,,32,15,2011-04-30,zero signals unverified after re-crawl
nasscom,Brillio Technologies Private Limited,Pune,https://www.brillio.com,brillio.com,,,,,True,False,False,EXISTED_2COR,rdap=2005-11-24; nasscom_harvest=nasscom:DOMAIN_ONLY; rdap:2005-11-24,Verified,1,nt of View Technology Powering innovation in product engineering with GenAI Powering innov,0,0,,47769,0,0,0,0,pre-2024: domain only,False,,,,identity_pending,,32,21,2005-11-24,zero signals unverified after re-crawl
nasscom,Northern Operating Services Pvt Ltd,Bengaluru,http://www.northerntrust.com,northerntrust.com,,,,,True,False,False,EXISTED_2COR,rdap=1996-07-23; nasscom_harvest=nasscom:DOMAIN_ONLY; rdap:1996-07-23,Verified,0,,0,0,,46576,0,0,0,0,pre-2024: domain only,False,,,,identity_pending,,32,30,1996-07-23,zero signals unverified after re-crawl
nasscom,Nemetschek India Private Limited,Hyderabad,http://www.nemetschek.com,nemetschek.com,,,,,True,False,False,EXISTED_2COR,rdap=1996-05-30; nasscom_harvest=nasscom:DOMAIN_ONLY; rdap:1996-05-30,Verified,0,,0,0,,46421,0,0,0,0,pre-2024: domain only,False,,,,identity_pending,,32,30,1996-05-30,zero signals unverified after re-crawl
nasscom,DriveIT Technologies Private Limited,Hyderabad,https://www.driveittech.in/,driveittech.in,,,,,True,False,False,EXISTED_2COR,rdap=2013-08-30; nasscom_harvest=nasscom:EXISTED_NO_SW_WORDING: 2023-06 a,Verified,0,,0,0,,45415,0,0,0,0,"jd: 45,415 chars read, zero VCS or review-gate terms | site_quotes.compliance: sells ISO 2",False,,,,identity_pending,,32,13,2013-08-30,zero signals unverified after re-crawl
nasscom,Uniq Technologies,Chennai,http://www.uniqtechnologies.co.in,uniqtechnologies.co.in,,,,,True,False,False,EXISTED_2COR,rdap=2009-06-25; nasscom_harvest=nasscom:PROVEN: 2023-06-01 Wayback snaps,Verified,1,India&#x27;s Trusted Software Development Company | Uniq Technologies India&#x27;s Tru,0,0,,44719,0,0,0,0,Wayback 2023: 'Civil Services Mechanical Services ... Domain name registration' | Site: IS,False,,,,identity_pending,,32,17,2009-06-25,zero signals unverified after re-crawl
nasscom,Truworth Health Technologies Private Limited,Jaipur,http://www.truworthwellness.com/,truworthwellness.com,,,,,True,False,False,EXISTED_2COR,rdap=2014-05-14; nasscom_harvest=nasscom:EXISTED_NO_SW_WORDING; rdap:2014,Verified,0,,0,0,,43304,0,0,0,0,pre-2024: existed no sw wording,False,,,,identity_pending,,32,12,2014-05-14,zero signals unverified after re-crawl
nasscom,Ingka Services LLP,Bengaluru,https://www.ingka.com/,ingka.com,,,,,True,False,False,EXISTED_2COR,rdap=2007-05-15; nasscom_harvest=nasscom:DOMAIN_ONLY; rdap:2007-05-15,Verified,0,,0,0,,43106,0,0,0,0,pre-2024: domain only | site mentions cicd,False,,,,identity_pending,,32,19,2007-05-15,zero signals unverified after re-crawl
nasscom,TEKsystems Global Services Private Limited,Hyderabad,http://www.teksystems.com,teksystems.com,,,,,True,False,False,EXISTED_2COR,rdap=1997-01-21; nasscom_harvest=nasscom:PROVEN; rdap:1997-01-21,Verified,0,,0,0,,43010,0,0,0,0,pre-2024: proven,False,,,,identity_pending,,32,29,1997-01-21,zero signals unverified after re-crawl
nasscom,Mondelez India Foods Private Limited,Mumbai,http://www.mondelezinternational.com,mondelezinternational.com,,,,,True,False,False,EXISTED_2COR,rdap=2012-02-09; nasscom_harvest=nasscom:EXISTED_NO_SW_WORDING; rdap:2012,Verified,0,,0,0,,41231,0,0,0,0,pre-2024: existed no sw wording,False,,,,identity_pending,,32,14,2012-02-09,zero signals unverified after re-crawl
nasscom,Cheric Information Network Technologies Private Limited,Hyderabad,http://www.cherictechnologies.com,cherictechnologies.com,,,,,True,False,False,EXISTED_2COR,rdap=2013-05-08; nasscom_harvest=nasscom:PROVEN; rdap:2013-05-08,Verified,1,content Home Services IT Services Consulting Application Development Cloud Computing IT An,0,0,,40611,0,0,0,0,pre-2024: proven | site mentions pr_practice,False,,,,identity_pending,,32,13,2013-05-08,zero signals unverified after re-crawl
nasscom,Adi Raheja and Co,Pune,https://yourarcteam.com,yourarcteam.com,,,,,True,False,False,EXISTED_2COR,rdap=2014-08-22; nasscom_harvest=nasscom:EXISTED_NO_SW_WORDING; rdap:2014,Verified,0,,0,0,,40122,0,0,0,0,pre-2024: existed no sw wording,False,,,,identity_pending,,32,12,2014-08-22,zero signals unverified after re-crawl
nasscom,R Systems International Ltd,Gautam Buddha Nagar,http://www.rsystems.com,rsystems.com,,,,,True,False,False,EXISTED_2COR,rdap=1997-10-22; nasscom_harvest=nasscom:PROVEN; rdap:1997-10-22,Verified,1,A leading Digital Product Engineering Company | R Systems X Toggle navigation Inve,0,0,,39501,0,0,0,0,pre-2024: proven | site mentions cicd | site mentions compliance,False,,,,identity_pending,,32,29,1997-10-22,zero signals unverified after re-crawl
nasscom,Burns & Mcdonnell Engineering India Private Limited,Mumbai,https://www.burnsmcd.com/,burnsmcd.com,,,,,True,False,False,EXISTED_2COR,rdap=1995-01-18; nasscom_harvest=nasscom:DOMAIN_ONLY; rdap:1995-01-18,Verified,0,,0,0,,39496,0,0,0,0,pre-2024: domain only,False,,,,identity_pending,,32,31,1995-01-18,zero signals unverified after re-crawl
nasscom,Nishith Desai Associates,Mumbai,http://www.nishithdesai.com,nishithdesai.com,,,,,True,False,False,EXISTED_2COR,rdap=1998-06-29; nasscom_harvest=nasscom:EXISTED_NO_SW_WORDING; rdap:1998,Verified,0,,0,0,,39448,0,0,0,0,pre-2024: existed no sw wording,False,,,,identity_pending,,32,28,1998-06-29,zero signals unverified after re-crawl
nasscom,Softility Tech Private Limited,Hyderabad,https://www.softility.com/,softility.com,,,resolved:355,355,False,True,False,EXISTED_2COR,rdap=2017-12-12; nasscom_harvest=nasscom:PROVEN; rdap:2017-12-12,Verified,1,the good work! Read More Senior Director of Software Development Fortune 500 Credit Bureau,0,0,,38599,0,0,0,0,pre-2024: proven | site mentions cicd,False,,,,identity_pending,355,32,9,2017-12-12,zero signals unverified after re-crawl
nasscom,Ladera Technology Private Limited,Chennai,https://laderatechnology.com/,laderatechnology.com,,,,,True,False,False,EXISTED_2COR,rdap=2016-07-19; nasscom_harvest=nasscom:DOMAIN_ONLY; rdap:2016-07-19,Verified,0,,0,0,,37967,0,0,0,0,pre-2024: domain only,False,,,,identity_pending,,32,10,2016-07-19,zero signals unverified after re-crawl
nasscom,KIOPL Management Solutions India Private Limited,Gurugram,https://www.kkr.com/,kkr.com,,,,,True,False,False,EXISTED_2COR,rdap=1995-10-17; nasscom_harvest=nasscom:PROVEN; rdap:1995-10-17,Verified,0,,0,0,,37920,0,0,0,0,pre-2024: proven,False,,,,identity_pending,,32,31,1995-10-17,zero signals unverified after re-crawl
nasscom,Center For Creative Leadership India Private Limited,Gurugram,https://www.ccl.org/,ccl.org,,,,,True,False,False,EXISTED_2COR,rdap=1993-07-27; nasscom_harvest=nasscom:PROVEN,Verified,0,,0,0,,37115,0,0,0,0,pre-2024: proven | site mentions cicd,False,,,,identity_pending,,32,33,1993-07-27,zero signals unverified after re-crawl
nasscom,World Vision Infotech Private Limited,Pune,http://worldvisionit.com,worldvisionit.com,,,,,True,False,False,EXISTED_2COR,rdap=2014-08-26; nasscom_harvest=nasscom:EXISTED_NO_SW_WORDING; rdap:2014,Verified,1,"le Database and Application services, Mobile Application Development and Web Technologies ",0,0,,36275,0,0,0,0,pre-2024: existed no sw wording,False,,,,identity_pending,,32,12,2014-08-26,zero signals unverified after re-crawl
nasscom,Anant Atom Consultancy Private Limited,Navi Mumbai,https://atombuild.com,atombuild.com,,,resolved:267,267,False,True,False,EXISTED_2COR,rdap=2015-02-03; nasscom_harvest=nasscom:EXISTED_NO_SW_WORDING; rdap:2015,Verified,0,,0,0,,35751,0,0,0,0,pre-2024: existed no sw wording | site mentions cicd,False,,,,identity_pending,267,32,11,2015-02-03,zero signals unverified after re-crawl
nasscom,Fox Mandal & Associates LLP,Mumbai,http://foxmandal.in,foxmandal.in,,,,,True,False,False,EXISTED_2COR,rdap=2010-02-20; nasscom_harvest=nasscom:EXISTED_NO_SW_WORDING; rdap:2010,Verified,0,,0,0,,35588,0,0,0,0,pre-2024: existed no sw wording,False,,,,identity_pending,,32,16,2010-02-20,zero signals unverified after re-crawl
nasscom,Impetus Technologies India Private Limited,Noida,http://www.impetus.com,impetus.com,,,,,True,False,False,EXISTED_2COR,rdap=1993-11-02; nasscom_harvest=nasscom:EXISTED_NO_SW_WORDING; rdap:1993,Verified,1,ur Engineering Our engineers follow rigorous product engineering best practices to build a,0,0,,35578,0,0,0,0,pre-2024: existed no sw wording,False,,,,identity_pending,,32,33,1993-11-02,zero signals unverified after re-crawl
nasscom,Egon Zehnder Information and Research Services Private Limited,Gurugram,http://www.egonzehnder.com,egonzehnder.com,,,,,True,False,False,EXISTED_2COR,rdap=1999-11-09; nasscom_harvest=nasscom:EXISTED_NO_SW_WORDING; rdap:1999,Verified,0,,0,0,,35565,0,0,0,0,pre-2024: existed no sw wording | site mentions cicd,False,,,,identity_pending,,32,27,1999-11-09,zero signals unverified after re-crawl
nasscom,Predusk Technology Private Limited,Jaipur,http://www.processvenue.com/,processvenue.com,,,,,True,False,False,EXISTED_2COR,rdap=2013-11-01; nasscom_harvest=nasscom:EXISTED_NO_SW_WORDING; rdap:2013,Verified,0,,0,0,,35447,0,0,0,0,pre-2024: existed no sw wording | site mentions cicd | site mentions compliance,False,,,,identity_pending,,32,13,2013-11-01,zero signals unverified after re-crawl
nasscom,Efftronics Systems Private Limited,Guntur,http://www.efftronics.com,efftronics.com,,,,,True,False,False,EXISTED_2COR,rdap=1998-11-21; nasscom_harvest=nasscom:EXISTED_NO_SW_WORDING; rdap:1998,Verified,1,ions Services IoT Services Customer Services Product Development Services Customers Suppor,0,0,,34906,0,0,0,0,pre-2024: existed no sw wording,False,,,,identity_pending,,32,28,1998-11-21,zero signals unverified after re-crawl
nasscom,Sunil Khullar InfoTech Management Services Private Limited,Chandigarh(PB),https://www.outsourcedbookeeping.com/,outsourcedbookeeping.com,,,,,True,False,False,EXISTED_2COR,rdap=2011-07-26; nasscom_harvest=nasscom:EXISTED_NO_SW_WORDING; rdap:2011,Verified,0,,0,0,,34804,0,0,0,0,pre-2024: existed no sw wording,False,,,,identity_pending,,32,15,2011-07-26,zero signals unverified after re-crawl
nasscom,NeST Digital Private Limited,Kochi,https://nestdigital.com/,nestdigital.com,,,,,True,False,False,EXISTED_2COR,rdap=2017-03-31; nasscom_harvest=nasscom:DOMAIN_ONLY; rdap:2017-03-31,Verified,0,,0,0,,34590,0,0,0,0,pre-2024: domain only,False,,,,identity_pending,,32,9,2017-03-31,zero signals unverified after re-crawl
nasscom,AABSyS Information Technology Pvt Ltd,Bhubaneswar,http://www.aabsys.com,aabsys.com,,,,,True,False,False,EXISTED_2COR,rdap=1998-10-22; nasscom_harvest=nasscom:PROVEN downgraded to +10: the 20,Verified,0,,0,0,,34169,0,0,0,0,Wayback 2023 quote is nav: 'Case Studies Blogs Testimonials Work with us' | Site: ISO 2700,False,,,,identity_pending,,32,28,1998-10-22,zero signals unverified after re-crawl
nasscom,Experian Services India (Private Limited),Hyderabad,http://www.experian.com,experian.com,,,,,True,False,False,EXISTED_2COR,rdap=1996-10-28; nasscom_harvest=nasscom:EXISTED_NO_SW_WORDING; rdap:1996,Verified,0,,0,0,,34103,0,0,0,0,pre-2024: existed no sw wording | site mentions cicd,False,,,,identity_pending,,32,30,1996-10-28,zero signals unverified after re-crawl
nasscom,Proquest Consultancy Services Pvt Ltd,Hyderabad,http://www.proquestcs.com,proquestcs.com,,,,,True,False,False,EXISTED_2COR,rdap=2012-01-18; nasscom_harvest=nasscom:EXISTED_NO_SW_WORDING; rdap:2012,Verified,0,,0,0,,33960,0,0,0,0,pre-2024: existed no sw wording,False,,,,identity_pending,,32,14,2012-01-18,zero signals unverified after re-crawl
nasscom,Velocity Software Solutions Pvt Ltd,Noida,http://www.velsof.com,velsof.com,,,,,True,False,False,EXISTED_2COR,rdap=2008-06-11; nasscom_harvest=nasscom:PROVEN; rdap:2008-06-11,Verified,1,opment eCommerce Development Web Development Software Development Digital Marketing Cloud ,0,0,,32786,0,0,0,0,pre-2024: proven,False,,,,identity_pending,,32,18,2008-06-11,zero signals unverified after re-crawl
nasscom,Sun Knowledge Pvt Ltd,Kolkata,http://www.sunknowledge.com,sunknowledge.com,,,,,True,False,False,EXISTED_2COR,rdap=2006-12-22; nasscom_harvest=nasscom:Downgraded from PROVEN to +10 - ,Verified,0,,0,0,,31882,0,0,0,0,"Wayback quote is billing-services nav, not a software portfolio | Site: 'global provider o",False,,,,identity_pending,,32,20,2006-12-22,zero signals unverified after re-crawl
nasscom,Park Hospitals,Kolkata,http://www.neotiahospital.com,neotiahospital.com,,,,,True,False,False,EXISTED_2COR,rdap=2008-01-16; nasscom_harvest=nasscom:EXISTED_NO_SW_WORDING; rdap:2008,Verified,0,,0,0,,31593,0,0,0,0,pre-2024: existed no sw wording,False,,,,identity_pending,,32,18,2008-01-16,zero signals unverified after re-crawl
nasscom,Turnberry Solutions Private Limited,Gurugram,https://www.turnberrysolutions.com/,turnberrysolutions.com,,,,,True,False,False,EXISTED_2COR,rdap=2000-12-21; nasscom_harvest=nasscom:EXISTED_NO_SW_WORDING; rdap:2000,Verified,0,,0,0,,31440,0,0,0,0,pre-2024: existed no sw wording,False,,,,identity_pending,,32,26,2000-12-21,zero signals unverified after re-crawl
nasscom,Syngenta Global Capability Center Private Limited,Pune,http://www.syngenta.com,syngenta.com,,,,,True,False,False,EXISTED_2COR,rdap=1999-09-08; nasscom_harvest=nasscom:EXISTED_NO_SW_WORDING; rdap:1999,Verified,0,,0,0,,30983,0,0,0,0,pre-2024: existed no sw wording | site mentions cicd,False,,,,identity_pending,,32,27,1999-09-08,zero signals unverified after re-crawl
nasscom,ANSR Global Corporation Private Limited,Bengaluru,http://www.ansr.com,ansr.com,,,,,True,False,False,EXISTED_2COR,rdap=1995-07-30; nasscom_harvest=nasscom:PROVEN; rdap:1995-07-30,Verified,0,,0,0,,30787,0,0,0,0,pre-2024: proven,False,,,,identity_pending,,32,31,1995-07-30,zero signals unverified after re-crawl
nasscom,Corporate Analyst & Consultant Private Limited,Delhi,https://www.cac.net.in/,cac.net.in,,,,,True,False,False,EXISTED_2COR,rdap=2012-09-28; nasscom_harvest=nasscom:DOMAIN_ONLY; rdap:2012-09-28,Verified,0,,0,0,,30510,0,0,0,0,pre-2024: domain only,False,,,,identity_pending,,32,14,2012-09-28,zero signals unverified after re-crawl
nasscom,JPM & DJM Enterprises Services Private Limited,Mumbai,https://www.stewart.com/en/ind/services.html,stewart.com,,,,,True,False,False,EXISTED_2COR,rdap=1993-07-15; nasscom_harvest=nasscom:EXISTED_NO_SW_WORDING; rdap:1993,Verified,1,tele that includes some of the most renowned software development companies. Our competent,0,0,,30438,0,0,0,0,pre-2024: existed no sw wording,False,,,,identity_pending,,32,33,1993-07-15,zero signals unverified after re-crawl
nasscom,Amadeus Software Labs India Pvt Ltd,Bengaluru,http://www.amadeus.com,amadeus.com,,,,,True,False,False,EXISTED_2COR,rdap=1992-11-30; nasscom_harvest=nasscom:DOMAIN_ONLY; rdap:1992-11-30,Verified,0,,0,0,,29523,0,0,0,0,pre-2024: domain only,False,,,,identity_pending,,32,34,1992-11-30,zero signals unverified after re-crawl
nasscom,Ignitarium Technology Solutions Pvt Ltd,Bengaluru,http://www.ignitarium.com,ignitarium.com,,,,,True,False,False,EXISTED_2COR,rdap=2012-08-30; nasscom_harvest=nasscom:EXISTED_NO_SW_WORDING: 2023 arch,Verified,1,"Work® Certified We are a leading provider of Product Engineering Services, offering expert",0,0,,29386,0,0,0,0,site_quotes compliance: all six hits are GDPR cookie-plugin rows | jd 24264 chars over 4 p,False,,,,identity_pending,,32,14,2012-08-30,zero signals unverified after re-crawl
nasscom,Inductive Quotient Analytics India Private Limited,Hyderabad,http://www.inductivequotient.com,inductivequotient.com,,,,,True,False,False,EXISTED_2COR,rdap=2016-05-06; nasscom_harvest=nasscom:EXISTED_NO_SW_WORDING,Verified,0,,0,0,,29187,0,0,0,0,pre-2024: existed no sw wording,False,,,,identity_pending,,32,10,2016-05-06,zero signals unverified after re-crawl
nasscom,ETS Assessment Services Private Limited,Gurugram,https://www.ets.org/,ets.org,,,,,True,False,False,EXISTED_2COR,rdap=1994-10-10; nasscom_harvest=nasscom:EXISTED_NO_SW_WORDING; rdap:1994,Verified,0,,0,0,,29068,0,0,0,0,pre-2024: existed no sw wording,False,,,,identity_pending,,32,32,1994-10-10,zero signals unverified after re-crawl
nasscom,Klenty India Private Limited,Chennai,http://www.klenty.com,klenty.com,,,,,True,False,False,EXISTED_2COR,rdap=2014-11-13; nasscom_harvest=nasscom:PROVEN; rdap:2014-11-13,Verified,0,,0,0,,29033,0,0,0,0,pre-2024: proven | site mentions cicd,False,,,,identity_pending,,32,12,2014-11-13,zero signals unverified after re-crawl
nasscom,Reltio India Private Limited,Bengaluru,https://www.reltio.com,reltio.com,,,resolved:675,675,False,True,False,EXISTED_2COR,rdap=2011-02-25; nasscom_harvest=nasscom:PROVEN; rdap:2011-02-25,Verified,0,,0,0,,28512,0,0,0,0,pre-2024: proven,False,,,,identity_pending,675,32,15,2011-02-25,zero signals unverified after re-crawl
nasscom,malomatia India Technology Services Private Limited,Pune,https://www.malomatia.com/,malomatia.com,,,,,True,False,False,EXISTED_2COR,rdap=2008-02-25; nasscom_harvest=nasscom:DOMAIN_ONLY; rdap:2008-02-25,Verified,0,,0,0,,27956,0,0,0,0,pre-2024: domain only,False,,,,identity_pending,,32,18,2008-02-25,zero signals unverified after re-crawl
nasscom,Han Digital Solution Private Limited,Bengaluru,https://www.handigital.com/,handigital.com,,,,,True,False,False,EXISTED_2COR,rdap=2005-03-08; nasscom_harvest=nasscom:PROVEN; rdap:2005-03-08,Verified,1,"vices Global delivery partner for outsourced application development &amp; support, AI ser",0,0,,26700,0,0,0,0,pre-2024: proven | site mentions cicd,False,Leelavathi Rajendran,Managing Director,,identity_name_only,,32,21,2005-03-08,zero signals unverified after re-crawl
nasscom,OutSystems India Private Limited,Bengaluru,https://www.outsystems.com/,outsystems.com,,,,,True,False,False,EXISTED_2COR,rdap=1999-11-28; nasscom_harvest=nasscom:DOMAIN_ONLY; rdap:1999-11-28,Verified,1,can build Customer stories Platform demos AI Software Development Guide How OutSystems pow,0,0,,26547,0,0,0,0,pre-2024: domain only | site mentions pr_practice,False,,,,identity_pending,,32,27,1999-11-28,zero signals unverified after re-crawl
nasscom,Amentum International Business Services Private Limited,Bengaluru,https://www.amentum.com,amentum.com,,,,,True,False,False,EXISTED_2COR,rdap=2014-04-09; nasscom_harvest=nasscom:PROVEN; rdap:2014-04-09,Verified,1,ur satellite payloads Digital Transformation Software Development &amp; Engineering Tradit,0,0,,25955,0,0,0,0,pre-2024: proven,False,,,,identity_pending,,32,12,2014-04-09,zero signals unverified after re-crawl
nasscom,Eximious Global Limited,Ahmedabad,https://www.eximiousglobal.com/,eximiousglobal.com,,,,,True,False,False,EXISTED_2COR,rdap=2017-03-18; nasscom_harvest=nasscom:DOMAIN_ONLY; rdap:2017-03-18,Verified,0,,0,0,,25248,0,0,0,0,pre-2024: domain only,False,,,,identity_pending,,32,9,2017-03-18,zero signals unverified after re-crawl
nasscom,DynPro India Pvt Ltd,Bengaluru,http://www.dynproindia.com,dynproindia.com,,,,,True,False,False,EXISTED_2COR,rdap=2004-03-01; nasscom_harvest=nasscom:DOMAIN_ONLY; rdap:2004-03-01,Verified,1,m because they produce great results.&#8221; Application Development Manager • National Me,0,0,,24981,0,0,0,0,pre-2024: domain only,False,,,,identity_pending,,32,22,2004-03-01,zero signals unverified after re-crawl
nasscom,Zentech Info Solutions Private Limited,Thane,https://www.zentechinfo.com/,zentechinfo.com,,,,,True,False,False,EXISTED_2COR,rdap=2009-05-24; nasscom_harvest=nasscom:PROVEN - 2023-06 snapshot: CMMI ,Verified,0,,0,0,,24897,0,0,0,0,Site: 'SEI-CMMI Level 5 and ISO-certified global IT consulting' since 2007 | Wayback 2023-,False,Sanjay Shivchandralal Arora,Director,,identity_name_only,,32,17,2009-05-24,zero signals unverified after re-crawl
nasscom,Go Digit General Insurance Limited,Pune,http://www.godigit.com,godigit.com,,,,,True,False,False,EXISTED_2COR,rdap=2009-12-28; nasscom_harvest=nasscom:EXISTED_NO_SW_WORDING; rdap:2009,Verified,0,,0,0,,24240,0,0,0,0,pre-2024: existed no sw wording,False,,,,identity_pending,,32,17,2009-12-28,zero signals unverified after re-crawl
nasscom,PRGX India Private Limited,Pune,http://www.prgx.com,prgx.com,,,,,True,False,False,EXISTED_2COR,rdap=1995-12-27; nasscom_harvest=nasscom:EXISTED_NO_SW_WORDING: 2023 arch,Verified,0,,0,0,,24218,0,0,0,0,site_quotes compliance: 'FSQS Registered ISO 27001 Certified' | site_quotes owns_product: ,False,,,,identity_pending,,32,31,1995-12-27,zero signals unverified after re-crawl
nasscom,AIM Education Private Limited,Kolkata,http://www.praxis.ac.in,praxis.ac.in,,,,,True,False,False,EXISTED_2COR,rdap=2006-11-10; nasscom_harvest=nasscom:EXISTED_NO_SW_WORDING; rdap:2006,Verified,0,,0,0,,23761,0,0,0,0,pre-2024: existed no sw wording,False,,,,identity_pending,,32,20,2006-11-10,zero signals unverified after re-crawl
nasscom,Globex Digital Solutions Private Limited,Hyderabad,https://www.globexdigitalcorp.com,globexdigitalcorp.com,,,,,True,False,False,EXISTED_2COR,rdap=2018-07-03; nasscom_harvest=nasscom:EXISTED_NO_SW_WORDING; rdap:2018,Verified,1,ogy OpenText Enterprise Software P2P Softtek Software Development Persistent Systems Softw,0,0,,23363,0,0,0,0,pre-2024: existed no sw wording,False,,,,identity_pending,,32,8,2018-07-03,zero signals unverified after re-crawl
nasscom,Moody’s Shared Services India Private Limited,Gurugram,https://www.moodys.com/,moodys.com,,,,,True,False,False,EXISTED_2COR,rdap=1992-08-26; nasscom_harvest=nasscom:DOMAIN_ONLY; rdap:1992-08-26,Verified,0,,0,0,,22864,0,0,0,0,pre-2024: domain only,False,,,,identity_pending,,32,34,1992-08-26,zero signals unverified after re-crawl
nasscom,Vivicta Private Limited,Pune,https://www.vivicta.com/en/,vivicta.com,,,,,True,False,False,EXISTED_2COR,rdap=2018-11-03; nasscom_harvest=nasscom:EXISTED_NO_SW_WORDING; rdap:2018,Verified,1,s Cybersecurity Data &amp; analytics Digital development services Digital workplace servic,0,0,,22852,0,0,0,0,pre-2024: existed no sw wording,False,,,,identity_pending,,32,8,2018-11-03,zero signals unverified after re-crawl
nasscom,Agility E Services Private Limited,Hyderabad,http://www.agility.com,agility.com,,,,,True,False,False,EXISTED_2COR,rdap=1998-07-10; nasscom_harvest=nasscom:EXISTED_NO_SW_WORDING,Verified,0,,0,0,,22674,0,0,0,0,pre-2024: existed no sw wording,False,,,,identity_pending,,32,28,1998-07-10,zero signals unverified after re-crawl
nasscom,CFO Bridge Services Private Limited,Chennai,https://www.cfobridge.com/,cfobridge.com,,,,,True,False,False,EXISTED_2COR,rdap=2018-04-11; nasscom_harvest=nasscom:PROVEN; rdap:2018-04-11,Verified,0,,0,0,,22490,0,0,0,0,pre-2024: proven,False,Srinivasan V Swamy,Founder and CEO,https://www.linkedin.com/in/srinivasan-v-swamy/,identity_full,,32,8,2018-04-11,zero signals unverified after re-crawl
nasscom,Velan Info Services India Pvt Ltd,Coimbatore,http://www.velaninfo.com,velaninfo.com,,,,,True,False,False,EXISTED_2COR,rdap=2005-02-04; nasscom_harvest=nasscom:DOMAIN_ONLY; rdap:2005-02-04,Verified,0,,0,0,,22279,0,0,0,0,pre-2024: domain only | site mentions compliance,False,,,,identity_pending,,32,21,2005-02-04,zero signals unverified after re-crawl
nasscom,John Deere Financial India Private Limited,Pune,https://www.deere.co.in/en/finance/financing/,deere.co.in,,,,,True,False,False,EXISTED_2COR,rdap=2005-02-14; nasscom_harvest=nasscom:DOMAIN_ONLY; rdap:2005-02-14,Verified,0,,0,0,,21794,0,0,0,0,pre-2024: domain only,False,,,,identity_pending,,32,21,2005-02-14,zero signals unverified after re-crawl
nasscom,COLT Technology Services India Pvt Ltd,Gurugram,http://www.colt.net,colt.net,,,,,True,False,False,EXISTED_2COR,rdap=1996-12-06; nasscom_harvest=nasscom:DOMAIN_ONLY; rdap:1996-12-06,Verified,0,,0,0,,21464,0,0,0,0,pre-2024: domain only,False,,,,identity_pending,,32,30,1996-12-06,zero signals unverified after re-crawl
nasscom,Management & Computer Consultants,Kolkata,http://www.mccit.co.in,mccit.co.in,,,,,True,False,False,EXISTED_2COR,rdap=2008-07-15; nasscom_harvest=nasscom:EXISTED_NO_SW_WORDING: 2023-06 a,Verified,1,ializations Oracle ERP Technical Support Web Application Development Mobile Application De,0,0,,21046,0,0,0,0,jd.quotes.vcs_generic: 'technical training on technologies like Github Copilot' | site_quo,False,,,,identity_pending,,32,18,2008-07-15,zero signals unverified after re-crawl
nasscom,Lytty Ventures Private Limited,Palakkad,https://www.lytty.com,lytty.com,,,,,True,False,False,EXISTED_2COR,rdap=2013-11-25; nasscom_harvest=nasscom:PROVEN; rdap:2013-11-25,Verified,0,,0,0,,20819,0,0,0,0,pre-2024: proven,False,,,,identity_pending,,32,13,2013-11-25,zero signals unverified after re-crawl
nasscom,Anibrain Digital Technologies Pvt Ltd,Pune,http://www.anibrain.com,anibrain.com,,,,,True,False,False,EXISTED_2COR,rdap=2004-11-23; nasscom_harvest=nasscom:EXISTED_NO_SW_WORDING; rdap:2004,Verified,0,,0,0,,20790,0,0,0,0,pre-2024: existed no sw wording,False,,,,identity_pending,,32,22,2004-11-23,zero signals unverified after re-crawl
nasscom,Lighthouse Asia Pacific Private Limited,Mumbai,https://www.lighthouseglobal.com/,lighthouseglobal.com,,,,,True,False,False,EXISTED_2COR,rdap=2006-02-13; nasscom_harvest=nasscom:DOMAIN_ONLY; rdap:2006-02-13,Verified,0,,0,0,,20665,0,0,0,0,pre-2024: domain only | site mentions pr_practice,False,,,,identity_pending,,32,20,2006-02-13,zero signals unverified after re-crawl
nasscom,Utthunga Technologies Private Limited,Bengaluru,https://utthunga.com/,utthunga.com,,,,,True,False,False,EXISTED_2COR,rdap=2007-02-28; nasscom_harvest=nasscom:DOMAIN_ONLY; rdap:2007-02-28,Verified,1,Product Engineering Services | Industrial Solutions | Digital En,0,0,,20590,0,0,0,0,pre-2024: domain only,False,,,,identity_pending,,32,19,2007-02-28,zero signals unverified after re-crawl
nasscom,Maruti Suzuki India Limited,Gurugram,https://www.marutisuzuki.com/,marutisuzuki.com,,,,,True,False,False,EXISTED_2COR,rdap=1999-02-24; nasscom_harvest=nasscom:DOMAIN_ONLY; rdap:1999-02-24,Verified,0,,0,0,,20157,0,0,0,0,pre-2024: domain only,False,,,,identity_pending,,32,27,1999-02-24,zero signals unverified after re-crawl
nasscom,BA Continuum India Pvt Ltd,Hyderabad,http://www.bankofamerica.com,bankofamerica.com,,,,,True,False,False,EXISTED_2COR,nasscom_harvest=nasscom:UNKNOWN; wayback=20230601,Verified,0,,0,0,,19645,0,0,0,0,pre-2024: unknown | site mentions cicd,False,,,,identity_pending,,30,0,,zero signals unverified after re-crawl
nasscom,Axium Global Private Limited,Mumbai,http://www.axiumglobal.com,axiumglobal.com,,,,,True,False,False,PROVEN_EQUIV,copyright_footer=2002; nasscom_harvest=nasscom:EXISTED_NO_SW_WORDING; wayback=20211125,Verified,1,tware & AI for AEC AI Automation & Solutions Custom Software Development Structural Engine,0,0,,19448,0,0,0,0,pre-2024: existed no sw wording | site mentions cicd | site mentions compliance,False,,,,identity_pending,,30,1,2025-01-09,zero signals unverified after re-crawl
nasscom,Codeft Software Solutions,Hyderabad,https://codeft.io,codeft.io,,,,,True,False,False,PROVEN_EQUIV,nasscom_harvest=nasscom:UNKNOWN; wayback=20230527,Verified,1,Product Development Company in Hyderabad | Codeft Digital Skip t,0,0,,19333,0,0,0,0,pre-2024: unknown | site mentions cicd | site mentions compliance,False,,,,identity_pending,,30,0,,zero signals unverified after re-crawl
nasscom,Aptia Group India Private Limited,Mumbai,https://aptia-group.com/en-gb,aptia-group.com,,,,,True,False,False,EXISTED_2COR,rdap=2023-06-08; nasscom_harvest=nasscom:UNKNOWN; wayback=20231004,Verified,0,,0,0,,19226,0,0,0,0,pre-2024: unknown,False,,,,identity_pending,,30,3,2023-06-08,zero signals unverified after re-crawl
nasscom,Acentra Health Software India Private Limited,Chennai,https://www.acentra.com,acentra.com,,,,,True,False,False,EXISTED_2COR,nasscom_harvest=nasscom:EXISTED_NO_SW_WORDING; wayback=20230606,Verified,0,,0,0,,14651,0,0,0,0,pre-2024: existed no sw wording | site mentions compliance,False,,,,identity_pending,,30,0,,zero signals unverified after re-crawl
nasscom,MUFG Bank Ltd,Mumbai,https://www.bk.mufg.jp/global/,bk.mufg.jp,,,,,True,False,False,EXISTED_2COR,nasscom_harvest=nasscom:EXISTED_NO_SW_WORDING; wayback=20230601,Verified,0,,0,0,,14529,0,0,0,0,pre-2024: existed no sw wording,False,,,,identity_pending,,30,0,,zero signals unverified after re-crawl
nasscom,Entune IT Consulting Private Limited,Bengaluru,http://www.entune.co,entune.co,,,,,True,False,False,EXISTED_2COR,copyright_footer=2022; nasscom_harvest=nasscom:PROVEN; wayback=20230601,Verified,0,,0,0,,13455,0,0,0,0,pre-2024: proven,False,,,,identity_pending,,30,0,,zero signals unverified after re-crawl
nasscom,Sanver India Private Limited,Mumbai,https://sanver.com,sanver.com,,,,,True,False,False,EXISTED_2COR,nasscom_harvest=nasscom:UNKNOWN; wayback=20230530,Verified,0,,0,0,,13185,0,0,0,0,pre-2024: unknown,False,,,,identity_pending,,30,0,,zero signals unverified after re-crawl
nasscom,World At Work Private Limited,Pune,https://india.worldatwork.org,india.worldatwork.org,,,,,True,False,False,EXISTED_2COR,nasscom_harvest=nasscom:PROVEN; wayback=20230601,Verified,0,,0,0,,12851,0,0,0,0,pre-2024: proven,False,,,,identity_pending,,30,0,,zero signals unverified after re-crawl
nasscom,Kovai Systems India Private Limited,Coimbatore,https://www.kovai.co,kovai.co,,,resolved:330,330,False,True,False,EXISTED_2COR,nasscom_harvest=nasscom:UNKNOWN; wayback=20230602,Verified,0,,0,0,,12053,0,0,0,0,pre-2024: unknown | site mentions cicd,False,,,,identity_pending,330,30,0,,zero signals unverified after re-crawl
nasscom,Veriday Technologies India Private Limited,Kochi,https://veriday.com,veriday.com,,,,,True,False,False,PROVEN_EQUIV,nasscom_harvest=nasscom:EXISTED_NO_SW_WORDING; wayback=20230601,Verified,1,"al Transformation Goals Strategy Consulting, Application Development and Managed IT Servic",0,0,,11026,0,0,0,0,pre-2024: existed no sw wording | site mentions cicd,False,,,,identity_pending,,30,0,,zero signals unverified after re-crawl
nasscom,Wyzmindz Solutions Private Limited,Bengaluru,https://transmonqa.com,transmonqa.com,,,,,True,False,False,EXISTED_2COR,rdap=2019-10-25; copyright_footer=2023; nasscom_harvest=nasscom:PROVEN; rdap:2019-10-25,Verified,0,,0,0,,9630,0,0,0,0,pre-2024: proven,False,,,,identity_pending,,30,7,2019-10-25,zero signals unverified after re-crawl
nasscom,Dyashin Technosoft Private Limited,Bengaluru,https://www.dyashin.com,dyashin.com,,,,,True,False,False,EXISTED_2COR,rdap=2023-08-02; copyright_footer=2023; nasscom_harvest=nasscom:EXISTED_NO_SW_WORDING - 2023-06 ,Verified,0,,0,0,,9403,0,0,0,0,"Site: 'ISO 9001:2015 Certified ... across software products and services' | JD: 9,403 char",False,,,,identity_pending,,30,3,2023-08-02,zero signals unverified after re-crawl
nasscom,Bizastra Private Limited,Nashik,https://www.bizastra.com,bizastra.com,,,,,True,False,False,EXISTED_2COR,rdap=2019-08-21; copyright_footer=2015; nasscom_harvest=nasscom:EXISTED_NO_SW_WORDING; rdap:2019,Verified,0,,0,0,,8676,0,0,0,0,pre-2024: existed no sw wording,False,,,,identity_pending,,30,7,2019-08-21,zero signals unverified after re-crawl
nasscom,NextBigBox Private Limited,Delhi,http://www.nextbigbox.in,nextbigbox.in,,,,,True,False,False,EXISTED_2COR,rdap=2021-08-14; nasscom_harvest=nasscom:EXISTED_NO_SW_WORDING; wayback=20230311,Verified,0,,0,0,,8228,0,0,0,0,pre-2024: existed no sw wording | site mentions cicd | site mentions compliance,False,,,,identity_pending,,30,5,2021-08-14,zero signals unverified after re-crawl
nasscom,GramPro Business Services Private Limited,Thrissur,https://www.gramproindia.com,gramproindia.com,,,,,True,False,False,EXISTED_2COR,rdap=2021-08-10; nasscom_harvest=nasscom:UNKNOWN; wayback=20230521,Verified,0,,0,0,,6991,0,0,0,0,pre-2024: unknown | site mentions cicd | site mentions compliance,False,,,,identity_pending,,30,5,2021-08-10,zero signals unverified after re-crawl
nasscom,Vajra Global Consulting Services LLP,Chennai,https://vajraglobal.com,vajraglobal.com,,,,,True,False,False,EXISTED_2COR,nasscom_harvest=nasscom:PROVEN; wayback=20230606,Verified,0,,0,0,,6237,0,0,0,0,pre-2024: proven,False,,,,identity_pending,,30,0,,zero signals unverified after re-crawl
nasscom,Crane Process Flow Technologies (India) Private Limited,Pune,http://www.craneco.com,craneco.com,,,,,True,False,False,EXISTED_2COR,rdap=1998-11-12; nasscom_harvest=nasscom:EXISTED_NO_SW_WORDING; rdap:1998,Verified,1,to refine our approach to innovation and new product development. “I am resolved to conduc,0,0,,19374,0,0,0,0,pre-2024: existed no sw wording,False,,,,identity_pending,,27,28,1998-11-12,zero signals unverified after re-crawl
nasscom,ASGN Apex Systems Big Data India Private Limited,Chennai,http://www.avaap.com,avaap.com,,,,,True,False,False,EXISTED_2COR,rdap=2005-01-05; nasscom_harvest=nasscom:EXISTED_NO_SW_WORDING; rdap:2005,Verified,0,,0,0,,19202,0,0,0,0,pre-2024: existed no sw wording,False,,,,identity_pending,,27,21,2005-01-05,zero signals unverified after re-crawl
nasscom,All e Technologies Limited,Gautam Buddha Nagar,http://www.alletec.com,alletec.com,,,,,True,False,False,EXISTED_2COR,rdap=2000-06-29; nasscom_harvest=nasscom:PROVEN; rdap:2000-06-29,Verified,0,,0,0,,19077,0,0,0,0,pre-2024: proven | site mentions compliance,False,,,,identity_pending,,27,26,2000-06-29,zero signals unverified after re-crawl
nasscom,Groundtruth India Private Limited,Gurugram,https://www.groundtruth.com/,groundtruth.com,,,,,True,False,False,EXISTED_2COR,rdap=1998-10-11; nasscom_harvest=nasscom:DOMAIN_ONLY; rdap:1998-10-11,Verified,0,,0,0,,19033,0,0,0,0,pre-2024: domain only,False,,,,identity_pending,,27,28,1998-10-11,zero signals unverified after re-crawl
nasscom,Liberty Data Analytics Private Limited,Mumbai,https://www.libertyinsurance.in/,libertyinsurance.in,,,,,True,False,False,EXISTED_2COR,rdap=2007-10-11; nasscom_harvest=nasscom:DOMAIN_ONLY; rdap:2007-10-11,Verified,0,,0,0,,18952,0,0,0,0,pre-2024: domain only,False,,,,identity_pending,,27,19,2007-10-11,zero signals unverified after re-crawl
nasscom,AdGlobal360 India Private Limited,Gurugram,https://www.adglobal360.com,adglobal360.com,,,,,True,False,False,EXISTED_2COR,rdap=2009-12-01; nasscom_harvest=nasscom:EXISTED_NO_SW_WORDING; rdap:2009,Verified,1,re Content Management System Our Mobile Apps Product Engineering Devops AR/VR/Metaverse Re,0,0,,18674,0,0,0,0,pre-2024: existed no sw wording,False,,,,identity_pending,,27,17,2009-12-01,zero signals unverified after re-crawl
nasscom,Kryptos Technologies Private Limited,Chennai,https://kryptostech.com/,kryptostech.com,,,,,True,False,False,EXISTED_2COR,rdap=2016-06-02; nasscom_harvest=nasscom:PROVEN — Wayback 20220601 Azure ,Verified,0,,0,0,,18551,0,0,0,0,Wayback 2022-06: Azure site recovery and web solution case studies | Site: 'containers ...,False,,,,identity_pending,,27,10,2016-06-02,zero signals unverified after re-crawl
nasscom,CDM Smith Global Services India LLP,Bengaluru,https://www.cdmsmith.com/,cdmsmith.com,,,,,True,False,False,EXISTED_2COR,rdap=2011-03-09; nasscom_harvest=nasscom:PROVEN,Verified,0,,0,0,,18442,0,0,0,0,pre-2024: proven,False,,,,identity_pending,,27,15,2011-03-09,zero signals unverified after re-crawl
nasscom,Odisha Knowledge Corporation Limited,Bhubaneswar,https://okcl.org/,okcl.org,,,,,True,False,False,EXISTED_2COR,rdap=2011-10-15; nasscom_harvest=nasscom:EXISTED_NO_SW_WORDING; rdap:2011,Verified,0,,0,0,,18213,0,0,0,0,pre-2024: existed no sw wording,False,,,,identity_pending,,27,15,2011-10-15,zero signals unverified after re-crawl
nasscom,Dawn IT Services & Solutions LLP,Chennai,https://www.dawnitservice.com/,dawnitservice.com,,,,,True,False,False,EXISTED_2COR,rdap=2018-10-30; nasscom_harvest=nasscom:PROVEN; rdap:2018-10-30,Verified,1,business to thrive in the digital age. From software development to AI-powered innovations,0,0,,17941,0,0,0,0,pre-2024: proven,False,"Balraj Anandaraj, Dheena Dhayalan",Designated Partners,,identity_name_only,,27,8,2018-10-30,zero signals unverified after re-crawl
nasscom,Phykon Solutions Pvt Ltd,Thiruvananthapuram,http://www.phykon.com,phykon.com,,,,,True,False,False,EXISTED_2COR,rdap=2006-10-02; nasscom_harvest=nasscom:PROVEN; rdap:2006-10-02,Verified,0,,0,0,,17848,0,0,0,0,pre-2024: proven,False,,,,identity_pending,,27,20,2006-10-02,zero signals unverified after re-crawl
nasscom,Blue Star Limited,Mumbai,https://www.bluestarindia.com/,bluestarindia.com,,,,,True,False,False,EXISTED_2COR,rdap=1999-02-04; nasscom_harvest=nasscom:EXISTED_NO_SW_WORDING - 2023-06 ,Verified,0,,0,0,,17730,0,0,0,0,"Site: 'HVAC & MEP contracting and maintenance', ISO 9001 certified | Site: board bios only",False,,,,identity_pending,,27,27,1999-02-04,zero signals unverified after re-crawl
nasscom,Saama Technologies (India) Pvt Ltd,Pune,http://www.saama.com,saama.com,,,,,True,False,False,EXISTED_2COR,rdap=1997-03-12; nasscom_harvest=nasscom:PROVEN; rdap:1997-03-12,Verified,0,,0,0,,16947,0,0,0,0,pre-2024: proven,False,,,,identity_pending,,27,29,1997-03-12,zero signals unverified after re-crawl
nasscom,Motilal Oswal Financial Services Limited,Mumbai,https://www.motilaloswal.com/,motilaloswal.com,,,,,True,False,False,EXISTED_2COR,rdap=1998-06-19; nasscom_harvest=nasscom:EXISTED_NO_SW_WORDING,Verified,0,,0,0,,16758,0,0,0,0,pre-2024: existed no sw wording,False,,,,identity_pending,,27,28,1998-06-19,zero signals unverified after re-crawl
nasscom,Verizon Data Services India Pvt Ltd,Chennai,http://www.verizon.com,verizon.com,,,,,True,False,False,EXISTED_2COR,rdap=2000-03-06; nasscom_harvest=nasscom:EXISTED_NO_SW_WORDING; rdap:2000,Verified,0,,0,0,,16694,0,0,0,0,pre-2024: existed no sw wording,False,,,,identity_pending,,27,26,2000-03-06,zero signals unverified after re-crawl
nasscom,Foundation For Life Sciences & Business Management,Solan,https://shooliniuniversity.com/,shooliniuniversity.com,,,,,True,False,False,EXISTED_2COR,rdap=2009-06-08; nasscom_harvest=nasscom:EXISTED_NO_SW_WORDING; rdap:2009,Verified,0,,0,0,,16536,0,0,0,0,pre-2024: existed no sw wording,False,,,,identity_pending,,27,17,2009-06-08,zero signals unverified after re-crawl
nasscom,Centroxy Solution Private Limited,Bhubaneswar,https://www.centroxy.com,centroxy.com,,,,,True,False,False,EXISTED_2COR,rdap=2015-11-12; nasscom_harvest=nasscom:DOMAIN_ONLY; rdap:2015-11-12,Verified,0,,0,0,,16488,0,0,0,0,pre-2024: domain only,False,,,,identity_pending,,27,11,2015-11-12,zero signals unverified after re-crawl
nasscom,Expeditors International (India) Private Limited,Chennai,http://www.expeditors.com,expeditors.com,,,,,True,False,False,EXISTED_2COR,rdap=1995-10-11; nasscom_harvest=nasscom:PROVEN; rdap:1995-10-11,Verified,0,,0,0,,16177,0,0,0,0,pre-2024: proven | site mentions cicd,False,Vijayakumar Vivekkumar,Managing Director,,identity_name_only,,27,31,1995-10-11,zero signals unverified after re-crawl
nasscom,Inventurus Knowledge Solutions Limited,Navi Mumbai,https://www.ikshealth.com,ikshealth.com,,,,,True,False,False,EXISTED_2COR,rdap=2013-12-27; nasscom_harvest=nasscom:DOMAIN_ONLY; rdap:2013-12-27,Verified,0,,0,0,,16001,0,0,0,0,pre-2024: domain only | site mentions cicd | site mentions compliance,False,,,,identity_pending,,27,13,2013-12-27,zero signals unverified after re-crawl
nasscom,Integra Software Services Pvt Ltd,Pondicherry,http://www.integra.co.in,integra.co.in,,,,,True,False,False,EXISTED_2COR,rdap=2008-11-07; nasscom_harvest=nasscom:EXISTED_NO_SW_WORDING: 2023-06-0,Verified,1,&#038; Production Content Engineering for AI Product Development &amp; Modernization Custo,0,0,,16000,0,0,0,0,Site: TÜV SÜD ISO 9001 certification for quality management | Site: 'Trusted by global pub,False,,,,identity_pending,,27,18,2008-11-07,zero signals unverified after re-crawl
nasscom,Innovapptive Global Solutions Private Limited,Hyderabad,http://www.innovapptive.com,innovapptive.com,,,,,True,False,False,EXISTED_2COR,rdap=2012-10-03; nasscom_harvest=nasscom:PROVEN; rdap:2012-10-03,Verified,0,,0,0,,15980,0,0,0,0,pre-2024: proven,False,,,,identity_pending,,27,14,2012-10-03,zero signals unverified after re-crawl
nasscom,Appac Mediatech Private Limited,Coimbatore,https://www.appacmedia.com/,appacmedia.com,,,,,True,False,False,EXISTED_2COR,rdap=2017-02-01; nasscom_harvest=nasscom:PROVEN,Verified,1,Applications (iOS &amp; Android) SaaS &amp; Product Development Enterprise Solutions Busin,0,0,,15944,0,0,0,0,pre-2024: proven | site mentions cicd | site mentions compliance,False,,,,identity_pending,,27,9,2017-02-01,zero signals unverified after re-crawl
nasscom,RxBenefits Healthcare India Private Limited,Hyderabad,https://www.rxbenefits.com/,rxbenefits.com,,,,,True,False,False,EXISTED_2COR,rdap=1998-06-10; nasscom_harvest=nasscom:EXISTED_NO_SW_WORDING; rdap:1998,Verified,0,,0,0,,15904,0,0,0,0,pre-2024: existed no sw wording | site mentions cicd,False,,,,identity_pending,,27,28,1998-06-10,zero signals unverified after re-crawl
nasscom,Microland Limited,Bengaluru,http://www.microland.com,microland.com,,,,,True,False,False,EXISTED_2COR,rdap=2003-06-02; nasscom_harvest=nasscom:EXISTED_NO_SW_WORDING; rdap:2003,Verified,0,,0,0,,15305,0,0,0,0,pre-2024: existed no sw wording,False,,,,identity_pending,,27,23,2003-06-02,zero signals unverified after re-crawl
nasscom,Credenca Data Solutions Private Limited,Pune,https://credenca.com,credenca.com,,,,,True,False,False,EXISTED_2COR,rdap=2018-05-16; nasscom_harvest=nasscom:EXISTED_NO_SW_WORDING; rdap:2018,Verified,0,,0,0,,15236,0,0,0,0,pre-2024: existed no sw wording | site mentions cicd,False,,,,identity_pending,,27,8,2018-05-16,zero signals unverified after re-crawl
nasscom,AKS Information Technology Services Pvt Ltd,Noida,http://www.aksitservices.co.in,aksitservices.co.in,,,,,True,False,False,EXISTED_2COR,rdap=2007-01-20; nasscom_harvest=nasscom:PROVEN; rdap:2007-01-20,Verified,0,,0,0,,15126,0,0,0,0,pre-2024: proven,False,,,,identity_pending,,27,19,2007-01-20,zero signals unverified after re-crawl
nasscom,MOL Information Technology India Private Limited,Kolkata,https://www.mol-it.com/,mol-it.com,,,,,True,False,False,EXISTED_2COR,rdap=2006-03-10; nasscom_harvest=nasscom:EXISTED_NO_SW_WORDING; rdap:2006,Verified,1,RATE BROCHURE/VIDEO Our Leadership solutions APPLICATION DEVELOPMENT SHIPMENT SOLUTION FOR,0,0,,15093,0,0,0,0,pre-2024: existed no sw wording | site mentions cicd,False,,,,identity_pending,,27,20,2006-03-10,zero signals unverified after re-crawl
nasscom,Smartek21 Private Limited,Pune,http://www.smartek21.com,smartek21.com,,,,,True,False,False,EXISTED_2COR,rdap=2006-01-27; nasscom_harvest=nasscom:DOMAIN_ONLY; rdap:2006-01-27,Verified,1,rtek21.com Skip to content Services AI &amp; Product Engineering Customer Software Enginee,0,0,,15077,0,0,0,0,pre-2024: domain only,False,,,,identity_pending,,27,20,2006-01-27,zero signals unverified after re-crawl
nasscom,Synergy Technology Services Private Limited,Mumbai,http://www.synergytechservices.com,synergytechservices.com,,,,,True,False,False,EXISTED_2COR,rdap=2006-12-29; nasscom_harvest=nasscom:DOMAIN_ONLY; rdap:2006-12-29,Verified,1,"will love it Synergy technology services, a software development firm with 15 years of exp",0,0,,14878,0,0,0,0,pre-2024: domain only | site mentions cicd,False,,,,identity_pending,,27,20,2006-12-29,zero signals unverified after re-crawl
nasscom,Softude Infotech Private Limited,Indore,http://www.systematixinfotech.com,systematixinfotech.com,,,,,True,False,False,EXISTED_2COR,rdap=2007-05-07; nasscom_harvest=nasscom:EXISTED_NO_SW_WORDING; rdap:2007,Verified,1,inting and typesetting industry. --> Digital Product Engineering Lorem ipsum is simply dum,0,0,,14775,0,0,0,0,pre-2024: existed no sw wording,False,,,,identity_pending,,27,19,2007-05-07,zero signals unverified after re-crawl
nasscom,Alfa Laval India Private Limited,Pune,http://www.alfalaval.com,alfalaval.com,,,,,True,False,False,EXISTED_2COR,rdap=1997-05-12; nasscom_harvest=nasscom:PROVEN; rdap:1997-05-12,Verified,0,,0,0,,14557,0,0,0,0,pre-2024: proven,False,,,,identity_pending,,27,29,1997-05-12,zero signals unverified after re-crawl
nasscom,iSprout Business Centre Private Limited,Hyderabad,https://isprout.in/,isprout.in,,,,,True,False,False,EXISTED_2COR,rdap=2016-11-07; nasscom_harvest=nasscom:DOMAIN_ONLY; rdap:2016-11-07,Verified,0,,0,0,,14442,0,0,0,0,pre-2024: domain only,False,,,,identity_pending,,27,10,2016-11-07,zero signals unverified after re-crawl
nasscom,E Square System & Technologies Private Limited,Bhubaneswar,http://www.estpl.in,estpl.in,,,,,True,False,False,EXISTED_2COR,rdap=2009-09-01; nasscom_harvest=nasscom:PROVEN; rdap:2009-09-01,Verified,0,,0,0,,13675,0,0,0,0,pre-2024: proven,False,Dhirendra Kumar Khandelwal,Founder & Managing Director,https://in.linkedin.com/in/dhirendra-khandelwal,identity_full,,27,17,2009-09-01,zero signals unverified after re-crawl
nasscom,Orimark Technologies Private Limited,Bhubaneswar,http://orimarktechnologies.com/,orimarktechnologies.com,,,,,True,False,False,EXISTED_2COR,rdap=2009-10-10; nasscom_harvest=nasscom:PROVEN; rdap:2009-10-10,Verified,1,Software Development Company in India - Orimark Technologies Add,0,0,,13460,0,0,0,0,pre-2024: proven | site mentions compliance,False,,,,identity_pending,,27,17,2009-10-10,zero signals unverified after re-crawl
nasscom,ROITech Consulting Private Limited,Kolkata,http://www.roitech.biz/,roitech.biz,,,,,True,False,False,EXISTED_2COR,rdap=2009-10-12; nasscom_harvest=nasscom:DOMAIN_ONLY; rdap:2009-10-12,Verified,1,"utions, integration services, and enterprise application development, we bring unparallele",0,0,,13226,0,0,0,0,pre-2024: domain only,False,,,,identity_pending,,27,17,2009-10-12,zero signals unverified after re-crawl
nasscom,Vinsinfo Private Limited,Chennai,https://www.vinsinfo.com/,vinsinfo.com,,,,,True,False,False,EXISTED_2COR,rdap=2001-07-13; nasscom_harvest=nasscom:PROVEN; rdap:2001-07-13,Verified,1,ng brands (4) rating on What We Do Ecommerce Development Services We help our clients deli,0,0,,12942,0,0,0,0,pre-2024: proven,False,,,,identity_pending,,27,25,2001-07-13,zero signals unverified after re-crawl
nasscom,Inspavo Consultancy Services Private Limited,Bhubaneswar,http://www.inspavo.com,inspavo.com,,,,,True,False,False,EXISTED_2COR,rdap=2013-09-24; nasscom_harvest=nasscom:DOMAIN_ONLY; rdap:2013-09-24,Verified,1,"Software Development Company, Digital Marketing Company Bhubanesw",0,0,,12744,0,0,0,0,pre-2024: domain only | site mentions cicd,False,,,,identity_pending,,27,13,2013-09-24,zero signals unverified after re-crawl
nasscom,Lantronix India Private Limited,Hyderabad,https://www.lantronix.com,lantronix.com,,,,,True,False,False,EXISTED_2COR,rdap=1991-08-25; nasscom_harvest=nasscom:EXISTED_NO_SW_WORDING; rdap:1991,Verified,1,rvices Leveraging Unparalleled Expertise and Product Development Industries Smart Cities A,0,0,,12532,0,0,0,0,pre-2024: existed no sw wording | site mentions cicd,False,,,,identity_pending,,27,35,1991-08-25,zero signals unverified after re-crawl
nasscom,CalSoft Pvt Ltd,Pune,http://www.calsoftinc.com,calsoftinc.com,,,,,True,False,False,EXISTED_2COR,rdap=1999-04-02; nasscom_harvest=nasscom:DOMAIN_ONLY; rdap:1999-04-02,Verified,1,t us Go to Europe site Data &amp; AI Digital product engineering Industries Insights About,0,0,,11946,0,0,0,0,pre-2024: domain only,False,,,,identity_pending,,27,27,1999-04-02,zero signals unverified after re-crawl
nasscom,Entrata India Private Limited,Pune,https://www.entrata.com/,entrata.com,,,,,True,False,False,EXISTED_2COR,rdap=1997-10-01; nasscom_harvest=nasscom:EXISTED_NO_SW_WORDING; rdap:1997,Verified,0,,0,0,,11911,0,0,0,0,pre-2024: existed no sw wording,False,,,,identity_pending,,27,29,1997-10-01,zero signals unverified after re-crawl
nasscom,Azure Software Private Limited,Kolkata,http://www.azuresys.com,azuresys.com,,,,,True,False,False,EXISTED_2COR,rdap=2000-05-02; nasscom_harvest=nasscom:UNKNOWN,Verified,1,Analytics | Embedded & IoT Solutions | Cloud Software Development Loading info@azuresys.co,0,0,,11632,0,0,0,0,pre-2024: unknown,False,,,,identity_pending,,27,26,2000-05-02,zero signals unverified after re-crawl
nasscom,Sufalam Technologies Private Limited,Ahmedabad,https://www.sufalamtech.com,sufalamtech.com,,,,,True,False,False,EXISTED_2COR,rdap=2008-10-14; nasscom_harvest=nasscom:PROVEN; rdap:2008-10-14,Verified,1,eer Engineering &#038; Innovation Enterprise Product Development AI-Driven QA &#038; Autom,0,0,,11536,0,0,0,0,pre-2024: proven,False,,,,identity_pending,,27,18,2008-10-14,zero signals unverified after re-crawl
nasscom,Rackbank Datacenters Pvt Ltd,Indore,http://www.rackbank.com,rackbank.com,,,,,True,False,False,EXISTED_2COR,rdap=2012-10-01; nasscom_harvest=nasscom:PROVEN; rdap:2012-10-01,Verified,0,,0,0,,11367,0,0,0,0,pre-2024: proven | site mentions cicd,False,,,,identity_pending,,27,14,2012-10-01,zero signals unverified after re-crawl
nasscom,Arcite Technical Education Solutions Private Limited,Kollam,https://arcite.in/,arcite.in,,,,,True,False,False,EXISTED_2COR,"rdap=2016-03-13; nasscom_harvest=nasscom:PROVEN - 2020-06 snapshot, but i",Verified,0,,0,0,,11351,0,0,0,0,Site: 'ISO 9001-2015 certified institution' providing training programs | Site: founded 20,False,,,,identity_pending,,27,10,2016-03-13,zero signals unverified after re-crawl
nasscom,SCA Technologies India Pvt Ltd,Gurugram,https://www.scatech.com/,scatech.com,,,,,True,False,False,EXISTED_2COR,rdap=1997-11-13; nasscom_harvest=nasscom:EXISTED_NO_SW_WORDING; rdap:1997,Verified,0,,0,0,,11023,0,0,0,0,pre-2024: existed no sw wording,False,,,,identity_pending,,27,29,1997-11-13,zero signals unverified after re-crawl
nasscom,ISOAH Data Securities Private Limited,Kolkata,http://www.isoah.com,isoah.com,,,,,True,False,False,EXISTED_2COR,rdap=2015-06-01; nasscom_harvest=nasscom:PROVEN per bundle: 2023 snapshot,Verified,0,,0,0,,10997,0,0,0,0,tier_gold_evidence quote: VAPT audits and workforce security training | site_quotes.compli,False,,,,identity_pending,,27,11,2015-06-01,zero signals unverified after re-crawl
nasscom,KGE Technologies Private Limited,Chennai,https://www.kgetechnologies.com,kgetechnologies.com,,,,,True,False,False,EXISTED_2COR,rdap=2011-03-31; nasscom_harvest=nasscom:PROVEN; rdap:2011-03-31,Verified,1,"pps, Mobile app development is a process for building mobile applications that run on mobi",0,0,,10783,0,0,0,0,pre-2024: proven,False,,,,identity_pending,,27,15,2011-03-31,zero signals unverified after re-crawl
nasscom,CAD Macro Design and Solutions Private Limited,Chennai,http://www.cadmacro.com,cadmacro.com,,,,,True,False,False,EXISTED_2COR,rdap=2005-12-28; nasscom_harvest=nasscom:DOMAIN_ONLY; rdap:2005-12-28,Verified,0,,0,0,,10189,0,0,0,0,pre-2024: domain only,False,,,,identity_pending,,27,21,2005-12-28,zero signals unverified after re-crawl
nasscom,Schlumberger India Technology Centre Pvt Ltd,Pune,http://www.slb.com,slb.com,,,,,True,False,False,EXISTED_2COR,rdap=1987-05-20; nasscom_harvest=nasscom:PROVEN; rdap:1987-05-20,Verified,0,,0,0,,10158,0,0,0,0,pre-2024: proven,False,,,,identity_pending,,27,39,1987-05-20,zero signals unverified after re-crawl
nasscom,Cogent IT Solutions Private Limited,Gautam Buddha Nagar,https://www.cogentinfo.com/,cogentinfo.com,,,,,True,False,False,EXISTED_2COR,rdap=2003-06-08; nasscom_harvest=nasscom:PROVEN downgraded to +10: the 20,Verified,1,"hrough our network of skilled professionals. Application Development Create, deploy, and m",0,0,,10143,0,0,0,0,Wayback 2023: 'consulting services ... 270+ jobs currently available' | Site: 'SEO & Marke,False,,,,identity_pending,,27,23,2003-06-08,zero signals unverified after re-crawl
nasscom,OneGlobe Systems LLP,Chennai,http://www.oneglobesystems.com,oneglobesystems.com,,,,,True,False,False,EXISTED_2COR,rdap=2010-03-19; nasscom_harvest=nasscom:PROVEN; rdap:2010-03-19,Verified,1,on Integration &amp; Process Automation APEX Application Development AI &amp; Machine Lear,0,0,,9857,0,0,0,0,pre-2024: proven,False,,,,identity_pending,,27,16,2010-03-19,zero signals unverified after re-crawl
nasscom,International SOS Services (India) Private Limited,Mumbai,https://www.internationalsos.com/,internationalsos.com,,,,,True,False,False,EXISTED_2COR,rdap=1999-06-23; nasscom_harvest=nasscom:PROVEN; rdap:1999-06-23,Verified,0,,0,0,,9804,0,0,0,0,pre-2024: proven,False,,,,identity_pending,,27,27,1999-06-23,zero signals unverified after re-crawl
nasscom,Bridgestone GCC,Bengaluru,https://www.bridgestone.com/regional/asia_pacific/india.html,bridgestone.com,,,,,True,False,False,EXISTED_2COR,rdap=1996-06-11; nasscom_harvest=nasscom:EXISTED_NO_SW_WORDING; rdap:1996,Verified,0,,0,0,,9661,0,0,0,0,pre-2024: existed no sw wording,False,,,,identity_pending,,27,30,1996-06-11,zero signals unverified after re-crawl
nasscom,PineQ Technology Labs Private Limited,Noida,https://www.pineqlab.com,pineqlab.com,,,resolved:56,56,False,False,False,EXISTED_2COR,rdap=2022-10-17; nasscom_harvest=nasscom:DOMAIN_ONLY; rdap:2022-10-17,Verified,1,"rtise across leading tech stacks - including Application Development, Cybersecurity, Infra",0,0,,9634,0,0,0,0,pre-2024: domain only | site mentions cicd,False,,,,identity_pending,56,27,4,2022-10-17,zero signals unverified after re-crawl
nasscom,PayU Payments Private Limited,Mumbai,https://payu.in/,payu.in,,,,,True,False,False,EXISTED_2COR,rdap=2010-05-07; nasscom_harvest=nasscom:DOMAIN_ONLY; rdap:2010-05-07,Verified,0,,0,0,,9595,0,0,0,0,pre-2024: domain only,False,,,,identity_pending,,27,16,2010-05-07,zero signals unverified after re-crawl
nasscom,Eone Technologies Private Limited,Chennai,https://www.eonetechnologies.com,eonetechnologies.com,,,,,True,False,False,EXISTED_2COR,rdap=2014-03-29; nasscom_harvest=nasscom:PROVEN; rdap:2014-03-29,Verified,1,s | Intelligent OutSystems® &amp; AI-Enabled Software Development About Us Solutions Case ,0,0,,9344,0,0,0,0,pre-2024: proven | site mentions cicd,False,,,,identity_pending,,27,12,2014-03-29,zero signals unverified after re-crawl
nasscom,Trassir Sentinel Private Limited,Navi Mumbai,https://trassir.com/,trassir.com,,,,,True,False,False,EXISTED_2COR,rdap=2003-11-03; nasscom_harvest=nasscom:EXISTED_NO_SW_WORDING; rdap:2003,Verified,0,,0,0,,9310,0,0,0,0,pre-2024: existed no sw wording,False,,,,identity_pending,,27,23,2003-11-03,zero signals unverified after re-crawl
nasscom,SecPod Technologies Pvt Ltd,Bengaluru,http://www.secpod.com,secpod.com,,,,,True,False,False,EXISTED_2COR,rdap=2008-04-11; nasscom_harvest=nasscom:PROVEN - 2023-06-01 snapshot sho,Verified,0,,0,0,,9285,0,0,0,0,Wayback 2023: 'Product Briefs Documentation Case Studies eBooks Whitepapers' | vcs/cicd hi,False,,,,identity_pending,,27,18,2008-04-11,zero signals unverified after re-crawl
nasscom,Hyring Tech Private Limited,Chennai,https://hyring.com,hyring.com,,,,,True,False,False,EXISTED_2COR,rdap=2014-09-03; nasscom_harvest=nasscom:EXISTED_NO_SW_WORDING: 2022-06-0,Verified,0,,0,0,,9233,0,0,0,0,"Site: ISO 27001 certified, SOC 2 compliant, GDPR processing | cicd hit reads 'Track candid",False,,,,identity_pending,,27,12,2014-09-03,zero signals unverified after re-crawl
nasscom,Signalchip Innovations Pvt Ltd,Bengaluru,http://www.signalchip.com,signalchip.com,,,,,True,False,False,EXISTED_2COR,rdap=2010-06-10; nasscom_harvest=nasscom:EXISTED_NO_SW_WORDING; rdap:2010,Verified,0,,0,0,,9089,0,0,0,0,pre-2024: existed no sw wording,False,,,,identity_pending,,27,16,2010-06-10,zero signals unverified after re-crawl
nasscom,Pine Labs Limited,Noida,https://www.pinelabs.com/,pinelabs.com,,,,,True,False,False,EXISTED_2COR,rdap=1999-07-11; nasscom_harvest=nasscom:EXISTED_NO_SW_WORDING - 2023-06-,Verified,0,,0,0,,8786,0,0,0,0,Site: 'consistently achieved compliance with PCI DSS ... across our platforms' | 8.7k char,False,,,,identity_pending,,27,27,1999-07-11,zero signals unverified after re-crawl
nasscom,NatWest Digital Services India Private Limited,Bengaluru,http://www.natwestgroup.com,natwestgroup.com,,,,,True,False,False,EXISTED_2COR,rdap=1994-12-16; nasscom_harvest=nasscom:PROVEN; rdap:1994-12-16,Verified,0,,0,0,,8697,0,0,0,0,pre-2024: proven,False,,,,identity_pending,,27,32,1994-12-16,zero signals unverified after re-crawl
nasscom,Empaxis Data Management India Private Limited,Noida,http://www.empaxis.com,empaxis.com,,,,,True,False,False,EXISTED_2COR,rdap=2005-03-04; nasscom_harvest=nasscom:PROVEN; rdap:2005-03-04,Verified,0,,0,0,,8440,0,0,0,0,pre-2024: proven | site mentions cicd,False,,,,identity_pending,,27,21,2005-03-04,zero signals unverified after re-crawl
nasscom,Sevika Tech Private Limited,Chennai,https://sevikatech.com/,sevikatech.com,,,,,True,False,False,EXISTED_2COR,rdap=2016-11-30; nasscom_harvest=nasscom:PROVEN,Verified,1,a Tech &#8211; Best Website &amp; Mobile App Development Services Home Services Web App De,0,0,,8248,0,0,0,0,pre-2024: proven | site mentions cicd | site mentions compliance,False,,,,identity_pending,,27,10,2016-11-30,zero signals unverified after re-crawl
nasscom,Patanjali Associates and Kanti Mohan Rustagi-IRP,New Delhi,https://www.patanjaliassociates.com,patanjaliassociates.com,,,,,True,False,False,EXISTED_2COR,rdap=2005-07-14; nasscom_harvest=nasscom:DOMAIN_ONLY; rdap:2005-07-14,Verified,0,,0,0,,8186,0,0,0,0,pre-2024: domain only,False,,,,identity_pending,,27,21,2005-07-14,zero signals unverified after re-crawl
nasscom,Mindmill Software Limited,Gautam Buddha Nagar,https://www.mindmill.com,mindmill.com,,,,,True,False,False,EXISTED_2COR,rdap=2000-01-04; nasscom_harvest=nasscom:PROVEN; rdap:2000-01-04,Verified,1,"Best Software Development Company In India | B2B, B2C Software Develop",0,0,,7939,0,0,0,0,pre-2024: proven,False,,,,identity_pending,,27,26,2000-01-04,zero signals unverified after re-crawl
nasscom,Providence Global Center LLP,Hyderabad,https://www.providence.org/,providence.org,,,,,True,False,False,EXISTED_2COR,rdap=1993-08-09; nasscom_harvest=nasscom:DOMAIN_ONLY; rdap:1993-08-09,Verified,0,,0,0,,7843,0,0,0,0,pre-2024: domain only,False,,,,identity_pending,,27,33,1993-08-09,zero signals unverified after re-crawl
nasscom,7Seas Entertainment Ltd,Hyderabad,http://www.7seasent.com,7seasent.com,,,,,True,False,False,EXISTED_2COR,rdap=2010-07-17; nasscom_harvest=nasscom:PROVEN; rdap:2010-07-17,Verified,0,,0,0,,7832,0,0,0,0,pre-2024: proven | site mentions compliance,False,,,,identity_pending,,27,16,2010-07-17,zero signals unverified after re-crawl
nasscom,Muziris Softech Pvt Ltd,Kochi,http://www.muziris.in,muziris.in,,,,,True,False,False,EXISTED_2COR,rdap=2009-06-18; nasscom_harvest=nasscom:EXISTED_NO_SW_WORDING: 2023 snap,Verified,1,xceptional experience to your customers. --> Custom software solution for your business. H,0,0,,7583,0,0,0,0,Site: 'Scrum is the default process used at Muziris Softech' | Site: QA managers run accep,False,Sarath Sudhakaran Nalumakkal,Managing Director,,identity_name_only,,27,17,2009-06-18,zero signals unverified after re-crawl
nasscom,In-Solutions Global Pvt Ltd,Mumbai,http://www.insolutionsglobal.com,insolutionsglobal.com,,,,,True,False,False,EXISTED_2COR,rdap=2004-09-03; nasscom_harvest=nasscom:EXISTED_NO_SW_WORDING; rdap:2004,Verified,0,,0,0,,7164,0,0,0,0,pre-2024: existed no sw wording,False,,,,identity_pending,,27,22,2004-09-03,zero signals unverified after re-crawl
nasscom,Macronix Screening Services Private Limited,Bengaluru,http://www.macronix.in,macronix.in,,,,,True,False,False,EXISTED_2COR,rdap=2018-02-19; nasscom_harvest=nasscom:EXISTED_NO_SW_WORDING; rdap:2018,Verified,1,"help businesses elevate their value through custom software development, product design, Q",0,0,,7111,0,0,0,0,pre-2024: existed no sw wording,False,,,,identity_pending,,27,8,2018-02-19,zero signals unverified after re-crawl
nasscom,Techies India Inc.,Ludhiana,http://www.techiesindiainc.com,techiesindiainc.com,,,,,True,False,False,EXISTED_2COR,rdap=2007-10-24; nasscom_harvest=nasscom:PROVEN - 2020-06-01 Wayback titl,Verified,1,p Development Media Buying Case Studies Blog Software Development eCommerce AI/ML Solution,0,0,,7037,0,0,0,0,"JD: 'Working Knowledge of Git' - version control, no repo host named | JD: 'Knowledge of A",False,,,,identity_pending,,27,19,2007-10-24,zero signals unverified after re-crawl
nasscom,Adamma Info Services Private Limited,Bengaluru,http://www.adamma.in,adamma.in,,,,,True,False,False,EXISTED_2COR,rdap=2013-12-13; nasscom_harvest=nasscom:EXISTED_NO_SW_WORDING — Wayback ,Verified,0,,0,0,,6499,0,0,0,0,"Only homepage reachable; jd_chars 0, no careers page found | Site: 'We are an ISO 27001 ce",False,,,,identity_pending,,27,13,2013-12-13,zero signals unverified after re-crawl
nasscom,KLoc Technologies Private Limited,Bengaluru,https://www.kloctechnologies.com,kloctechnologies.com,,,,,True,False,False,EXISTED_2COR,rdap=2006-12-08; nasscom_harvest=nasscom:PROVEN; rdap:2006-12-08,Verified,0,,0,0,,6491,0,0,0,0,pre-2024: proven,False,,,,identity_pending,,27,20,2006-12-08,zero signals unverified after re-crawl
nasscom,Code Decode Labs Private Limited,Pune,https://www.codedecodelabs.com,codedecodelabs.com,,,,,True,False,False,EXISTED_2COR,rdap=2012-09-08; nasscom_harvest=nasscom:PROVEN: 2023 snapshot 'Secure Ap,Verified,1,me About Us Partners Careers Services Secure Application Development IT automation Cyber S,0,0,,6468,0,0,0,0,"Only the homepage was reached; has_no_careers_blog_or_team true | Site: ISO 27001:2022, IS",False,Sachin Ajit Singhai,Director / CEO,,identity_name_only,,27,14,2012-09-08,zero signals unverified after re-crawl
nasscom,InOrg Global India Private Limited,Pune,https://www.inorg.com,inorg.com,,,,,True,False,False,EXISTED_2COR,rdap=2008-03-12; nasscom_harvest=nasscom:EXISTED_NO_SW_WORDING; rdap:2008,Verified,0,,0,0,,6338,0,0,0,0,pre-2024: existed no sw wording,False,,,,identity_pending,,27,18,2008-03-12,zero signals unverified after re-crawl
nasscom,Trikaal Tech Enterprises Pvt Ltd,Chennai,http://www.trikaaltech.com,trikaaltech.com,,,,,True,False,False,EXISTED_2COR,rdap=2010-07-02; nasscom_harvest=nasscom:PROVEN; rdap:2010-07-02,Verified,0,,0,0,,6302,0,0,0,0,pre-2024: proven,False,,,,identity_pending,,27,16,2010-07-02,zero signals unverified after re-crawl
nasscom,Precision Infomatic (Madras) Pvt Ltd,Chennai,http://www.precisionit.co.in,precisionit.co.in,,,,,True,False,False,EXISTED_2COR,rdap=2004-02-28; nasscom_harvest=nasscom:PROVEN; rdap:2004-02-28,Verified,0,,0,0,,6301,0,0,0,0,pre-2024: proven,False,,,,identity_pending,,27,22,2004-02-28,zero signals unverified after re-crawl
nasscom,Arrk Solutions Pvt Ltd,Navi Mumbai,http://www.arrkgroup.com,arrkgroup.com,,,,,True,False,False,EXISTED_2COR,rdap=2003-09-25; nasscom_harvest=nasscom:DOMAIN_ONLY; rdap:2003-09-25,Verified,0,,0,0,,6279,0,0,0,0,pre-2024: domain only,False,,,,identity_pending,,27,23,2003-09-25,zero signals unverified after re-crawl
nasscom,First American (India) Pvt Ltd,Bengaluru,http://www.firstam.co.in,firstam.co.in,,,,,True,False,False,EXISTED_2COR,rdap=2005-02-16; nasscom_harvest=nasscom:PROVEN; rdap:2005-02-16,Verified,1,"Bangalore, Hyderabad and Salem, FAI delivers software development, back-office and knowled",0,0,,6183,0,0,0,0,pre-2024: proven,False,,,,identity_pending,,27,21,2005-02-16,zero signals unverified after re-crawl
nasscom,Totient Business Solutions Private Limited,Bengaluru,http://www.totient.in,totient.in,,,,,True,False,False,EXISTED_2COR,rdap=2011-02-04; nasscom_harvest=nasscom:PROVEN; rdap:2011-02-04,Verified,1,Cloud Architecture Consulting | Totient Home Product Engineering Partnership Industries Bl,0,0,,5954,0,0,0,0,pre-2024: proven | site mentions cicd,False,,,,identity_pending,,27,15,2011-02-04,zero signals unverified after re-crawl
nasscom,HICS Technologies India Private Limited,Hyderabad,https://hics.com.sg/,hics.com.sg,,,,,True,False,False,EXISTED_2COR,rdap=2015-02-12; nasscom_harvest=nasscom:EXISTED_NO_SW_WORDING; rdap:2015,Verified,0,,0,0,,5843,0,0,0,0,pre-2024: existed no sw wording,False,,,,identity_pending,,27,11,2015-02-12,zero signals unverified after re-crawl
nasscom,Shass Information & Quality Engineering Services,Guwahati,https://siqes.com,siqes.com,,,,,True,False,False,EXISTED_2COR,rdap=2004-11-25; nasscom_harvest=nasscom:PROVEN; rdap:2004-11-25,Verified,1,"ompany in Guwahati, Assam SIQES is a trusted Software Development and IT Consulting compan",0,0,,5770,0,0,0,0,pre-2024: proven | site mentions cicd | site mentions compliance,False,,,,identity_pending,,27,22,2004-11-25,zero signals unverified after re-crawl
nasscom,Deutsche India Private Limited,Mumbai,http://www.db.com,db.com,,,,,True,False,False,EXISTED_2COR,rdap=1997-09-02; nasscom_harvest=nasscom:EXISTED_NO_SW_WORDING,Verified,0,,0,0,,5639,0,0,0,0,pre-2024: existed no sw wording,False,,,,identity_pending,,27,29,1997-09-02,zero signals unverified after re-crawl
nasscom,Braahmam Net Solutions Private Limited,Bhubaneswar,https://www.braahmam.net/,braahmam.net,,,,,True,False,False,EXISTED_2COR,rdap=2002-09-27; nasscom_harvest=nasscom:PROVEN; rdap:2002-09-27,Verified,0,,0,0,,5637,0,0,0,0,pre-2024: proven,False,Biraj Rath,CEO,,identity_name_only,,27,24,2002-09-27,zero signals unverified after re-crawl
nasscom,Techtrail Technologies Private Limited,Pune,https://www.tech-trail.com/,tech-trail.com,,,,,True,False,False,EXISTED_2COR,rdap=2014-04-16; nasscom_harvest=nasscom:DOMAIN_ONLY; rdap:2014-04-16,Verified,1,Techtrail | Software companies in Mumbai | Software Development Services Toggle navigation,0,0,,5599,0,0,0,0,pre-2024: domain only,False,,,,identity_pending,,27,12,2014-04-16,zero signals unverified after re-crawl
nasscom,Flink Solutions Private Limited,Bengaluru,https://flink.in/,flink.in,,,,,True,False,False,EXISTED_2COR,rdap=2010-07-29; nasscom_harvest=nasscom:PROVEN; rdap:2010-07-29,Verified,1,ment Payroll Management Exit Survey Software Application Development Software Application ,0,0,,5591,0,0,0,0,pre-2024: proven,False,,,,identity_pending,,27,16,2010-07-29,zero signals unverified after re-crawl
nasscom,Emprotek Software Solutions Private Limited,Pune,https://emprotek.com/,emprotek.com,,,,,True,False,False,EXISTED_2COR,rdap=2015-12-03; nasscom_harvest=nasscom:DOMAIN_ONLY; rdap:2015-12-03,Verified,1,Emprotek: Innovative Product Development Home Expertise Our Work About Careers Contac,0,0,,5563,0,0,0,0,pre-2024: domain only,False,,,,identity_pending,,27,11,2015-12-03,zero signals unverified after re-crawl
nasscom,Rudrabhishek Infosystem Private Limited,Gautam Buddha Nagar,http://www.replinfosys.com,replinfosys.com,,,,,True,False,False,EXISTED_2COR,rdap=2012-12-28; nasscom_harvest=nasscom:DOMAIN_ONLY - registered 2012-12,Verified,0,,0,0,,5384,0,0,0,0,"RDAP 2012-12-28 domain registration only, no dated artefact | Site: 'RIPL is an ISO 9001:2",False,,,,identity_pending,,27,14,2012-12-28,zero signals unverified after re-crawl
nasscom,Integrated Information Services Pvt Ltd,Noida,http://www.iiservz.com,iiservz.com,,,,,True,False,False,EXISTED_2COR,rdap=2009-09-18; nasscom_harvest=nasscom:DOMAIN_ONLY; rdap:2009-09-18,Verified,0,,0,0,,5181,0,0,0,0,pre-2024: domain only,False,,,,identity_pending,,27,17,2009-09-18,zero signals unverified after re-crawl
nasscom,Manorama Infosolutions Private Limited,Kolhapur,http://www.manoramahealthcare.com,manoramahealthcare.com,,,,,True,False,False,EXISTED_2COR,rdap=2010-03-19; nasscom_harvest=nasscom:PROVEN; rdap:2010-03-19,Verified,0,,0,0,,5179,0,0,0,0,pre-2024: proven,False,,,,identity_pending,,27,16,2010-03-19,zero signals unverified after re-crawl
nasscom,SOA IT Solutions Pvt Ltd,Bengaluru,http://www.soais.com,soais.com,,,,,True,False,False,EXISTED_2COR,rdap=2006-03-11; nasscom_harvest=nasscom:PROVEN; rdap:2006-03-11,Verified,1,"ting, Exceptional Results Revolutionize Your Software Development Lifecycle with SOAIS’ Te",0,0,,5104,0,0,0,0,pre-2024: proven,False,,,,identity_pending,,27,20,2006-03-11,zero signals unverified after re-crawl
nasscom,Simpliigence Private Limited,Bengaluru,https://simpliigence.com/,simpliigence.com,,,,,True,False,False,EXISTED_2COR,rdap=2019-08-21; nasscom_harvest=nasscom:EXISTED_NO_SW_WORDING; rdap:2019,Verified,0,,0,0,,886217,0,0,0,0,pre-2024: existed no sw wording,False,,,,identity_pending,,22,7,2019-08-21,zero signals unverified after re-crawl
nasscom,Ingold Solutions Private Limited,Kolkata,http://www.ingoldsolutions.com,ingoldsolutions.com,,,,,True,False,False,EXISTED_2COR,rdap=2019-06-26; nasscom_harvest=nasscom:PROVEN; rdap:2019-06-26,Verified,0,,0,0,,145588,0,0,0,0,pre-2024: proven,False,,,,identity_pending,,22,7,2019-06-26,zero signals unverified after re-crawl
nasscom,DharwadHubballiTutor,Hubli-Dharwad,https://dharwadhubballitutor.com,dharwadhubballitutor.com,,,,,True,False,False,EXISTED_2COR,rdap=2021-01-23; nasscom_harvest=nasscom:DOMAIN_ONLY; rdap:2021-01-23,Verified,1,Fusion Training and internship Power BI Web development Services Digital Marketing Service,0,0,,135837,0,0,0,0,pre-2024: domain only | site mentions cicd | site mentions pr_practice,False,,,,identity_pending,,22,5,2021-01-23,zero signals unverified after re-crawl
nasscom,Technovalley Software India Private Limited,Kochi,http://www.technovalley-aks.com,technovalley-aks.com,,,,,True,False,False,EXISTED_2COR,rdap=2019-12-11; nasscom_harvest=nasscom:Downgraded from PROVEN to +10 - ,Verified,1,Consulting Services R & D Services Advanced Software Development Services Advanced Embedde,0,0,,135828,0,0,0,0,Wayback quote is a certification course list: 'CCNP MCSA & MCSE ... MCSD' | Site: 'trusted,False,,,,identity_pending,,22,7,2019-12-11,zero signals unverified after re-crawl
nasscom,Interpolitan Global Private Limited,Mumbai,https://www.interpolitanmoney.com/,interpolitanmoney.com,,,,,True,False,False,EXISTED_2COR,rdap=2020-08-10; nasscom_harvest=nasscom:EXISTED_NO_SW_WORDING; rdap:2020,Verified,0,,0,0,,122851,0,0,0,0,pre-2024: existed no sw wording,False,,,,identity_pending,,22,6,2020-08-10,zero signals unverified after re-crawl
nasscom,Summit Consulting Services Private Limited,Bengaluru,https://www.summitconsulting.in/,summitconsulting.in,,,,,True,False,False,EXISTED_2COR,rdap=2022-05-27; nasscom_harvest=nasscom:EXISTED_NO_SW_WORDING; rdap:2022,Verified,0,,0,0,,111924,0,0,0,0,pre-2024: existed no sw wording,False,,,,identity_pending,,22,4,2022-05-27,zero signals unverified after re-crawl
nasscom,Mettlesemi Systems And Technologies Private Limited,Bengaluru,https://www.mettlesemi.com,mettlesemi.com,,,,,True,False,False,EXISTED_2COR,rdap=2021-04-15; nasscom_harvest=nasscom:EXISTED_NO_SW_WORDING; rdap:2021,Verified,1,"ign, verification, and validation across the product development lifecycle. Learn More Emb",0,0,,98364,0,0,0,0,pre-2024: existed no sw wording,False,,,,identity_pending,,22,5,2021-04-15,zero signals unverified after re-crawl
nasscom,Quantile Analytics Private Limited,Indore,https://www.quantileanalytics.co/,quantileanalytics.co,,,,,True,False,False,EXISTED_2COR,copyright_footer=2018; nasscom_harvest=nasscom:EXISTED_NO_SW_WORDING,Verified,0,,0,0,,70426,0,0,0,0,pre-2024: existed no sw wording,False,,,,identity_pending,,22,0,,zero signals unverified after re-crawl
nasscom,Voya Global Services Private Limited,Bengaluru,https://www.voyaindia.com/,voyaindia.com,,,,,True,False,False,EXISTED_2COR,rdap=2023-06-28; nasscom_harvest=nasscom:DOMAIN_ONLY; rdap:2023-06-28,Verified,0,,0,0,,67844,0,0,0,0,pre-2024: domain only,False,,,,identity_pending,,22,3,2023-06-28,zero signals unverified after re-crawl
nasscom,Vevion Technology Services Private Limited,Bengaluru,https://vevion.in,vevion.in,,,,,True,False,False,EXISTED_2COR,rdap=2023-08-02; nasscom_harvest=nasscom:EXISTED_NO_SW_WORDING,Verified,0,,0,0,,67787,0,0,0,0,pre-2024: existed no sw wording | site mentions cicd,False,,,,identity_pending,,22,3,2023-08-02,zero signals unverified after re-crawl
nasscom,Kaisemi Control Systems Private Limited,Thiruvananthapuram,https://kaisemicontrolsystems.com,kaisemicontrolsystems.com,,,,,True,False,False,EXISTED_2COR,rdap=2023-12-21; nasscom_harvest=nasscom:DOMAIN_ONLY; rdap:2023-12-21,Verified,0,,0,0,,65395,0,0,0,0,pre-2024: domain only,False,,,,identity_pending,,22,3,2023-12-21,zero signals unverified after re-crawl
nasscom,Uncodemy Edutech Private Limited,Noida,https://uncodemy.com/,uncodemy.com,,,,,True,False,False,EXISTED_2COR,rdap=2021-06-03; nasscom_harvest=nasscom:PROVEN; rdap:2021-06-03,Verified,1,ning equips beginners with skills for robust application development. Know More Artificial,0,0,,51987,0,0,0,0,pre-2024: proven | site mentions cicd | site mentions pr_practice,False,,,,identity_pending,,22,5,2021-06-03,zero signals unverified after re-crawl
nasscom,Gigin Technologies Private Limited,Bengaluru,https://www.gigin.ai,gigin.ai,,,,,True,False,False,EXISTED_2COR,rdap=2020-12-14; nasscom_harvest=nasscom:EXISTED_NO_SW_WORDING; rdap:2020,Verified,0,,0,0,,47298,0,0,0,0,pre-2024: existed no sw wording | site mentions cicd,False,,,,identity_pending,,22,6,2020-12-14,zero signals unverified after re-crawl
nasscom,CyberMeru Technologies Private Limited,Pune,https://www.cybermeru.com,cybermeru.com,,,,,True,False,False,EXISTED_2COR,rdap=2019-04-25; nasscom_harvest=nasscom:DOMAIN_ONLY; rdap:2019-04-25,Verified,1,nges from both sides... Learn more Solutions Custom software development for your business,0,0,,38683,0,0,0,0,pre-2024: domain only,False,,,,identity_pending,,22,7,2019-04-25,zero signals unverified after re-crawl
nasscom,NSQTech Private Limited,Chennai,https://www.mploychek.com/,mploychek.com,,,,,True,False,False,EXISTED_2COR,"rdap=2022-05-20; nasscom_harvest=nasscom:UNKNOWN — no wayback, no RDAP; t",Verified,0,,0,0,,36047,0,0,0,0,"Site timeline: 'January 2024 Customer Feedback & Certification' | Site: ISO 27001, 27701, ",False,,,,identity_pending,,22,4,2022-05-20,zero signals unverified after re-crawl
nasscom,TechWise Digital Private Limited,New Delhi,https://techwisedigital.com/,techwisedigital.com,,,,,True,False,False,EXISTED_2COR,rdap=2019-05-23; nasscom_harvest=nasscom:EXISTED_NO_SW_WORDING; rdap:2019,Verified,0,,0,0,,35539,0,0,0,0,pre-2024: existed no sw wording,False,,,,identity_pending,,22,7,2019-05-23,zero signals unverified after re-crawl
nasscom,Vittree Professional Insights LLP,Kochi,http://www.vittreebi.com,vittreebi.com,,,,,True,False,False,EXISTED_2COR,rdap=2022-03-09; nasscom_harvest=nasscom:EXISTED_NO_SW_WORDING; rdap:2022,Verified,0,,0,0,,31935,0,0,0,0,pre-2024: existed no sw wording,False,,,,identity_pending,,22,4,2022-03-09,zero signals unverified after re-crawl
nasscom,Sequel Integrated Solutions Private Limited,Gurugram,https://www.hono.ai/,hono.ai,,,,,True,False,False,EXISTED_2COR,rdap=2020-03-11; nasscom_harvest=nasscom:PROVEN; rdap:2020-03-11,Verified,0,,0,0,,27800,0,0,0,0,pre-2024: proven | site mentions cicd,False,,,,identity_pending,,22,6,2020-03-11,zero signals unverified after re-crawl
nasscom,Ceymox Technologies Private Limited,Kochi,https://ceymox.com,ceymox.com,,,,,True,False,False,EXISTED_2COR,rdap=2019-03-20; nasscom_harvest=nasscom:PROVEN; rdap:2019-03-20,Verified,0,,0,0,,27022,0,0,0,0,pre-2024: proven,False,,,,identity_pending,,22,7,2019-03-20,zero signals unverified after re-crawl
nasscom,Solytics Partners Private Limited,Pune,https://www.solytics-partners.com/,solytics-partners.com,,,,,True,False,False,EXISTED_2COR,rdap=2019-10-08; nasscom_harvest=nasscom:PROVEN; rdap:2019-10-08,Verified,0,,0,0,,25101,0,0,0,0,pre-2024: proven | site mentions cicd,False,,,,identity_pending,,22,7,2019-10-08,zero signals unverified after re-crawl
nasscom,Trimplin Private Limited,Kolkata,https://www.trimplin.com/,trimplin.com,,,,,True,False,False,EXISTED_2COR,rdap=2019-12-26; nasscom_harvest=nasscom:PROVEN downgraded to +10 - the 2,Verified,1,e-learning portals Automation & integrations Custom software solutions Data analysis tools,0,0,,20463,0,0,0,0,"Wayback 2023 quote sells relief from exam fear, not software | Site: 'Academic Writing Sup",False,,,,identity_pending,,22,7,2019-12-26,zero signals unverified after re-crawl
nasscom,iamneo Edutech Private Limited,Coimbatore,https://iamneo.ai/,iamneo.ai,,,,,True,False,False,EXISTED_2COR,rdap=2020-09-28; nasscom_harvest=nasscom:EXISTED_NO_SW_WORDING; rdap:2020,Verified,0,,0,0,,20315,0,0,0,0,pre-2024: existed no sw wording,False,,,,identity_pending,,22,6,2020-09-28,zero signals unverified after re-crawl
nasscom,MetricsNumero Technology Private Limited,Kolkata,https://www.metricsnumero.com/,metricsnumero.com,,,,,True,False,False,EXISTED_2COR,rdap=2022-12-13; nasscom_harvest=nasscom:EXISTED_NO_SW_WORDING; rdap:2022,Verified,1,"re --> --> --> Avionics Design & Development Software Development & Testing, Intelligent A",0,0,,19673,0,0,0,0,pre-2024: existed no sw wording,False,,,,identity_pending,,17,4,2022-12-13,zero signals unverified after re-crawl
nasscom,Terafina Software Solutions Private Limited,Hyderabad,https://www.ncrvoyix.com,ncrvoyix.com,,,,,True,False,False,EXISTED_2COR,rdap=2023-06-13; nasscom_harvest=nasscom:EXISTED_NO_SW_WORDING; rdap:2023,Verified,0,,0,0,,19107,0,0,0,0,pre-2024: existed no sw wording,False,,,,identity_pending,,17,3,2023-06-13,zero signals unverified after re-crawl
nasscom,Tungsten Development Private Limited,Hyderabad,https://www.tungstenautomation.com/,tungstenautomation.com,,,,,True,False,False,EXISTED_2COR,rdap=2023-01-26; nasscom_harvest=nasscom:UNKNOWN,Verified,0,,0,0,,18761,0,0,0,0,pre-2024: unknown,False,,,,identity_pending,,17,3,2023-01-26,zero signals unverified after re-crawl
nasscom,Yitro Technology Solutions India Private Limited,Chennai,https://yitro.tech/,yitro.tech,,,,,True,False,False,EXISTED_2COR,rdap=2023-11-01; nasscom_harvest=nasscom:DOMAIN_ONLY; rdap:2023-11-01,Verified,0,,0,0,,18510,0,0,0,0,pre-2024: domain only | site mentions cicd,False,,,,identity_pending,,17,3,2023-11-01,zero signals unverified after re-crawl
nasscom,Codleo Consulting Private Limited,Delhi,http://www.codleo.com,codleo.com,,,,,True,False,False,EXISTED_2COR,rdap=2019-03-22; nasscom_harvest=nasscom:DOMAIN_ONLY; rdap:2019-03-22,Verified,1,Marketing Data Analytics Mobility Solutions Application Development Robotic Process Automa,0,0,,15592,0,0,0,0,pre-2024: domain only,False,,,,identity_pending,,17,7,2019-03-22,zero signals unverified after re-crawl
nasscom,AUI Systems Private Limited,Delhi,https://auisys.com,auisys.com,,,,,True,False,False,EXISTED_2COR,rdap=2019-02-02; nasscom_harvest=nasscom:EXISTED_NO_SW_WORDING; rdap:2019,Verified,0,,0,0,,14893,0,0,0,0,pre-2024: existed no sw wording,False,,,,identity_pending,,17,7,2019-02-02,zero signals unverified after re-crawl
nasscom,Yesautomate Solutions LLP,New Delhi,https://yesautomate.com,yesautomate.com,,,,,True,False,False,EXISTED_2COR,rdap=2021-07-19; nasscom_harvest=nasscom:PROVEN; rdap:2021-07-19,Verified,0,,0,0,,14295,0,0,0,0,pre-2024: proven | site mentions cicd,False,,,,identity_pending,,17,5,2021-07-19,zero signals unverified after re-crawl
nasscom,BMW TechWorks India Private Limited,Pune,https://bmwtechworks.in/,bmwtechworks.in,,,,,True,False,False,EXISTED_2COR,rdap=2023-07-02; nasscom_harvest=nasscom:EXISTED_NO_SW_WORDING,Verified,1,xpertise Digital Car Digital Company Digital Product Engineering Culture Careers Contact U,0,0,,13595,0,0,0,0,pre-2024: existed no sw wording,False,,,,identity_pending,,17,3,2023-07-02,zero signals unverified after re-crawl
nasscom,GI Infotech Private Limited,Thane,http://www.gioutsourcing.com,gioutsourcing.com,,,,,True,False,False,EXISTED_2COR,rdap=2019-10-14; nasscom_harvest=nasscom:EXISTED_NO_SW_WORDING; rdap:2019,Verified,0,,0,0,,13591,0,0,0,0,pre-2024: existed no sw wording,False,,,,identity_pending,,17,7,2019-10-14,zero signals unverified after re-crawl
nasscom,RPATech (Spawn Ventures Services Private Limited),New Delhi,https://www.rpatech.ai,rpatech.ai,,,,,True,False,False,EXISTED_2COR,rdap=2020-03-25; nasscom_harvest=nasscom:EXISTED_NO_SW_WORDING; rdap:2020,Verified,0,,0,0,,13572,0,0,0,0,pre-2024: existed no sw wording,False,,,,identity_pending,,17,6,2020-03-25,zero signals unverified after re-crawl
nasscom,INPW Technologies Private Limited,Kolkata,https://inspiroworks.com,inspiroworks.com,,,,,True,False,False,EXISTED_2COR,rdap=2023-01-13; nasscom_harvest=nasscom:EXISTED_NO_SW_WORDING,Verified,1,tion Salesforce Integration Managed Services Product Development DevOps &amp; CI/CD Salesf,0,0,,12461,0,0,0,0,pre-2024: existed no sw wording | site mentions cicd | site mentions compliance,False,,,,identity_pending,,17,3,2023-01-13,zero signals unverified after re-crawl
nasscom,Cozentus Technologies Private Limited,Bhubaneswar,http://www.cozentus.com,cozentus.com,,,,,True,False,False,EXISTED_2COR,rdap=2019-11-01; nasscom_harvest=nasscom:EXISTED_NO_SW_WORDING,Verified,1,Manufacturing --> Services Homepage Dark --> Custom Software Development Data Engineering ,0,0,,9840,0,0,0,0,pre-2024: existed no sw wording,False,,,,identity_pending,,17,7,2019-11-01,zero signals unverified after re-crawl
nasscom,Navicent Solutions Private Limited,Mumbai,http://www.navicentsolutions.com,navicentsolutions.com,,,,,True,False,False,EXISTED_2COR,rdap=2020-05-18; nasscom_harvest=nasscom:EXISTED_NO_SW_WORDING; rdap:2020,Verified,0,,0,0,,9560,0,0,0,0,pre-2024: existed no sw wording,False,,,,identity_pending,,17,6,2020-05-18,zero signals unverified after re-crawl
nasscom,Medline Industries India Private Limited,Pune,https://in.medlineasia.com/,in.medlineasia.com,,,,,True,False,False,EXISTED_2COR,copyright_footer=2022; nasscom_harvest=nasscom:UNKNOWN,Verified,0,,0,0,,9040,0,0,0,0,pre-2024: unknown,False,,,,identity_pending,,17,0,,zero signals unverified after re-crawl
nasscom,Maclogs Private Limited,Bengaluru,https://www.maclogs.com,maclogs.com,,,,,True,False,False,EXISTED_2COR,rdap=2021-06-21; nasscom_harvest=nasscom:UNKNOWN,Verified,0,,0,0,,8604,0,0,0,0,pre-2024: unknown | site mentions cicd,False,,,,identity_pending,,17,5,2021-06-21,zero signals unverified after re-crawl
nasscom,Qylis Cloud Data & Cyber Security Services Private Limited,Hyderabad,https://qylis.com/,qylis.com,,,,,True,False,False,EXISTED_2COR,rdap=2023-09-08; nasscom_harvest=nasscom:UNKNOWN,Verified,0,,0,0,,8044,0,0,0,0,pre-2024: unknown,False,,,,identity_pending,,17,3,2023-09-08,zero signals unverified after re-crawl
nasscom,Flodata Analytics Private Limited,Delhi,https://flodataanalytics.com/about-us,flodataanalytics.com,,,,,True,False,False,EXISTED_2COR,rdap=2020-12-25; nasscom_harvest=nasscom:DOMAIN_ONLY; rdap:2020-12-25,Verified,1,resence and a remarkable track record in the software development industry. Over many year,0,0,,7827,0,0,0,0,pre-2024: domain only,False,,,,identity_pending,,17,6,2020-12-25,zero signals unverified after re-crawl
nasscom,Clogration India Private Limited,Bengaluru,http://www.clogration.com,clogration.com,,,,,True,False,False,EXISTED_2COR,rdap=2023-05-22; nasscom_harvest=nasscom:PROVEN; rdap:2023-05-22,Verified,1,RISE SAP Business Technology Platform (BTP) Application Development &#038; Integration SAP,0,0,,6702,0,0,0,0,pre-2024: proven,False,,,,identity_pending,,17,3,2023-05-22,zero signals unverified after re-crawl
nasscom,RIIV India Private Limited,Mumbai,https://russellinvestments.com,russellinvestments.com,,,,,True,False,False,DOMAIN_ONLY,nasscom_harvest=nasscom:UNKNOWN,Verified,0,,0,0,,104301,0,0,0,0,pre-2024: unknown,False,,,,identity_pending,,15,0,,zero signals unverified after re-crawl
nasscom,OIP Robotics Private Limited,Hyderabad,https://www.oipinsurtech.com/,oipinsurtech.com,,,,,True,False,False,DOMAIN_ONLY,nasscom_harvest=nasscom:UNKNOWN,Verified,1,insurance expertise for technology delivery Product Development Engineering modern insuran,0,0,,38299,0,0,0,0,pre-2024: unknown | site mentions cicd | site mentions compliance,False,,,,identity_pending,,15,2,2024-04-16,zero signals unverified after re-crawl
nasscom,QuasarCyberTech Private Limited,Nashik,https://quasarcybertech.com,quasarcybertech.com,,,,,True,False,False,DOMAIN_ONLY,nasscom_harvest=nasscom:RED_FLAG_2024_PLUS — domain firs,Verified,0,,0,0,,32700,0,0,0,0,"RDAP: domain first registered 2024-07-10 | Site: 'RBI compliance, DPDP Act readiness, ISO ",False,,,,identity_pending,,15,2,2024-07-10,zero signals unverified after re-crawl
nasscom,I-Gizmo Global Technologies Private Limited,Chennai,https://www.igtech.io,igtech.io,,,,,True,False,False,DOMAIN_ONLY,nasscom_harvest=nasscom:EXISTED_NO_SW_WORDING,Verified,1,T Strategy &#038; Advisory IT Infrastructure Application Development Data Analytics &#038;,0,0,,26412,0,0,0,0,pre-2024: existed no sw wording,False,,,,identity_pending,,15,0,,zero signals unverified after re-crawl
nasscom,ReTechPrime Technology Solutions Private Limited,Kolkata,https://www.retechprime.com,retechprime.com,,,,,True,False,False,DOMAIN_ONLY,nasscom_harvest=nasscom:UNKNOWN,Verified,0,,0,0,,17326,0,0,0,0,pre-2024: unknown | site mentions cicd,False,,,,identity_pending,,10,0,,zero signals unverified after re-crawl
nasscom,Entrans Technologies Private Limited,Chennai,http://entrans.io,entrans.io,,,,,True,False,False,DOMAIN_ONLY,nasscom_harvest=nasscom:PROVEN per bundle - 2020-06 snap,Verified,1,", combining AI-native capabilities with deep product engineering Explore Overview → Artifi",0,0,,16671,0,0,0,0,"Site: 'DevOps & Quality Engineering', Kubernetes, Selenium, automation pipelines | Site: '",False,Jegan Selvaraj,Co-founder and CEO,https://www.linkedin.com/in/jegan-selvaraj/,identity_full,,10,0,,zero signals unverified after re-crawl
nasscom,Mergen Global Private Limited,Hyderabad,https://mergenglobal.co/,mergenglobal.co,,,,,True,False,False,DOMAIN_ONLY,nasscom_harvest=nasscom:EXISTED_NO_SW_WORDING: 2022-06-0,Verified,0,,0,0,,15375,0,0,0,0,"cicd hit is 'deep pipeline of future talent', not CI/CD | Site: network setup, IT support ",False,,,,identity_pending,,10,0,,zero signals unverified after re-crawl
nasscom,Movibase Platform Private Limited,Hyderabad,https://monkdb.com,monkdb.com,,,,,True,False,False,DOMAIN_ONLY,nasscom_harvest=nasscom:UNKNOWN: no Wayback snapshot and,Verified,0,,0,0,,15093,0,0,0,0,"No Wayback snapshot, no RDAP record — pre-2024 status unknown | cicd hits: 'No pipelines, ",False,,,,identity_pending,,10,2,2024-11-30,zero signals unverified after re-crawl
nasscom,MNR Educational Trust,Hyderabad,https://www.mnruniversity.edu.in/,mnruniversity.edu.in,,,,,True,False,False,DOMAIN_ONLY,nasscom_harvest=nasscom:EXISTED_NO_SW_WORDING: 2022-06 a,Verified,0,,0,0,,15009,0,0,0,0,"site_quotes: schools, tuition-fee waivers, placements - a university | site_quotes.complia",False,,,,identity_pending,,10,2,2024-10-08,zero signals unverified after re-crawl
nasscom,NuSummit Technologies Private Limited,Mumbai,https://www.nusummit.com/,nusummit.com,,,,,True,False,False,DOMAIN_ONLY,nasscom_harvest=nasscom:UNKNOWN,Verified,0,,0,0,,14606,0,0,0,0,pre-2024: unknown,False,,,,identity_pending,,10,2,2024-07-26,zero signals unverified after re-crawl
nasscom,NNN Performance Private Limited,Bhubaneswar,https://3nperformance.com/,3nperformance.com,,,,,True,False,False,DOMAIN_ONLY,nasscom_harvest=nasscom:UNKNOWN,Verified,1,crum Teams Digital Engineering Digital UX/UI Product Engineering Application Development S,0,0,,13887,0,0,0,0,pre-2024: unknown,False,,,,identity_pending,,10,2,2024-12-23,zero signals unverified after re-crawl
nasscom,SNVA Veranda Limited,Gautam Buddha Nagar,https://www.snvaveranda.com/,snvaveranda.com,,,,,True,False,False,DOMAIN_ONLY,nasscom_harvest=nasscom:PROVEN,Verified,1,"and degree programs with curriculum spanning software development, cybersecurity, data sci",0,0,,6300,0,0,0,0,pre-2024: proven,False,,,,identity_pending,,10,1,2025-09-30,zero signals unverified after re-crawl
nasscom,Revino Solutions Private Limited,New Delhi,https://revino.in/,revino.in,,,,,True,False,False,DOMAIN_ONLY,nasscom_harvest=nasscom:EXISTED_NO_SW_WORDING,Verified,1,"bring AI engineering, demand generation, and product development together under one roof —",0,0,,5975,0,0,0,0,pre-2024: existed no sw wording | site mentions cicd,False,,,,identity_pending,,10,2,2024-12-06,zero signals unverified after re-crawl
nasscom,Outscalepartners India Private Limited,Gurugram,https://outscalepartners.com/,outscalepartners.com,,,,,True,False,False,DOMAIN_ONLY,nasscom_harvest=nasscom:RED_FLAG_2024_PLUS,Verified,0,,0,0,,5944,0,0,0,0,pre-2024: red flag 2024 plus,False,,,,identity_pending,,10,1,2025-05-06,zero signals unverified after re-crawl
