name,linkedinUrl,website,tagline,description,foundedYear,employeeCount,employeeCountRange,followerCount,companyType,industries,specialities,hqCity,hqCountry
Badkul Technology,https://www.linkedin.com/company/badkul-technology/,https://badkultechnology.com,Empowering Digital Transformation | IT Consultancy & Cutting-Edge Software Product Development.,"At Badkul Technology, we bring decades of experience to the forefront of technological innovation. Our journey has been rooted in a passion for building scalable, impactful products that address real-world challenges and create meaningful change in society.  We specialize in leveraging cutting-edge technologies to deliver solutions that are not only robust but also tailored to meet the unique needs of our clients. Our expertise spans across various domains, enabling us to design and develop prod",2024,13,11-50,5331,Privately Held,IT System Custom Software Development,,Jabalpur,India
Technohands Solution,https://www.linkedin.com/company/technohands-solution/,http://technohandssolution.com/,,"🌐 𝗔𝗯𝗼𝘂𝘁 𝗧𝗲𝗰𝗵𝗻𝗼𝗵𝗮𝗻𝗱𝘀 𝗦𝗼𝗹𝘂𝘁𝗶𝗼𝗻  Founded in 2019, 𝗧𝗲𝗰𝗵𝗻𝗼𝗵𝗮𝗻𝗱𝘀 𝗦𝗼𝗹𝘂𝘁𝗶𝗼𝗻 is a growth-driven digital agency that transforms brands into online powerhouses. We specialize in crafting strategies that don’t just look good — they perform.  Our expertise lies in 𝗦𝗘𝗢, 𝗟𝗶𝗻𝗸𝗲𝗱𝗜𝗻 𝗠𝗮𝗿𝗸𝗲𝘁𝗶𝗻𝗴, 𝗗𝗶𝗴𝗶𝘁𝗮𝗹 𝗠𝗮𝗿𝗸𝗲𝘁𝗶𝗻𝗴, 𝗮𝗻𝗱 𝗔𝗺𝗮𝘇𝗼𝗻 𝗚𝗿𝗼𝘄𝘁𝗵 𝗦𝗲𝗿𝘃𝗶𝗰𝗲𝘀 — building visibility, credibility, and consistent sales for brands across industries.  From optimizing your brand’s presence on search engines to managing high-converting Linke",,15,11-50,2009,Sole Proprietorship,IT Services and IT Consulting,"Amazon Seller Central, eCommerce Specialist, eCommerce Account Management , amazon advertisement, campaigns, PPC, google adwords, sell global on amazon, Amazon Services , Amazon Account Management, Amazon Campaigns , Brand Building, Sales, ebay, Etsy, Digital Marketing, Website Devlopment, App Devlopment, Social Media Marketing, FBA Shipments, Amazon Brand Building, Store Page, Graphics, branding services",INDORE,India
"The DigitalFlix : AI Digital Marketing Course, Company & Institute In Bhopal",https://www.linkedin.com/company/thedigitalflix/,thedigitalflix.com,"Get Digital, Get Flixed 🚀","The DigitalFlix: AI Digital Marketing Course, Company & Institute in Bhopal empowers individuals and businesses to thrive in the digital age. As a leading provider of AI-integrated digital marketing education and 360° marketing services, we offer practical training, expert guidance, and innovative solutions designed to drive real results.  Based in Bhopal, we serve as both a top-tier Digital Marketing Institute and a performance-driven Digital Marketing Agency, committed to delivering measurable",2025,52,2-10,792,Privately Held,IT Services and IT Consulting,,Bhopal,India
Scale Us Technologies,https://www.linkedin.com/company/scale-us-technologies/,https://scaleus.in/,"AI Voice Agents, WhatsApp Business API & Custom Software | 9 SaaS Products | India & Dubai","Scale Us Technologies builds AI voice agents, WhatsApp Business API platforms and custom software for businesses in India, the UAE and 60+ countries.  We are not a reseller. Nine SaaS products, all live in production, all our own codebase, on our own infrastructure — including our own Meta Business Manager for WhatsApp, so you get direct pricing instead of a middleman's margin.  OUR PRODUCTS • Scale AI Calling — human-sounding AI voice agents that call leads, qualify them and book appointments 2",2020,34,11-50,4217,Sole Proprietorship,IT Services and IT Consulting,"Ruby on Rails, Angular, Software Development, Android App Development, Web Design, Web Development, Python, Outsourcing, Node JS, React Native, jQuery, customer support, Full stack development, Staff Augmentation, Project Management, Application Development, Vendor Partnerships, React JS, Next JS",Indore,India
Binjwa IT Solutions,https://www.linkedin.com/company/binjwa-it-solutions/,https://binjwaitsolutions.com,"𝖠𝖨, 𝖲𝗈𝖿𝗍𝗐𝖺𝗋𝖾 & 𝖠𝗎𝗍𝗈𝗆𝖺𝗍𝗂𝗈𝗇 𝖲𝗈𝗅𝗎𝗍𝗂𝗈𝗇𝗌 𝖿𝗈𝗋 𝖬𝗈𝖽𝖾𝗋𝗇 𝖡𝗎𝗌𝗂𝗇𝖾𝗌𝗌𝖾𝗌 ","Binjwa IT Solutions Pvt. Ltd. is a technology company delivering AI-powered solutions, software development, and digital transformation services to help businesses grow in the digital era.  We help startups, growing businesses, and enterprises turn their ideas into scalable digital products through innovative technology, automation, and reliable development solutions.  Our expertise includes Artificial Intelligence, web development, mobile app development, custom software development, SaaS platf",2025,29,11-50,1903,Public Company,IT Services and IT Consulting,,INDORE,India
MindProve Technologies Pvt Ltd,https://www.linkedin.com/company/mindprove/,http://mindprovetech.com/,MindProve: Unlocking the Future of Intelligence,"Unlocking the Future of Intelligence !!  At MindProve Technologies Pvt Ltd, we understand the importance of delivering top-notch solutions to meet the evolving needs of your business. Our commitment to excellence, coupled with a team of brilliant minds, has been the driving force behind our success since our inception in 2023 [Previously EverPeak IT Solution].  Our Core Services: We take pride in being a digital product agency that specializes in designing, building, and growing bespoke products",2023,44,51-200,8442,Privately Held,IT Services and IT Consulting,"Web development, Mobile application, ERP Solutions, Custom Product development, digital product, AI based solution, Blockchain, Robotic Process Automation, Testing, Salesforce, oracle",Indore,India
Cyber Impulse Software Solutions Pvt. ltd,https://www.linkedin.com/company/cyber-impulse-software-solutions/,https://cyberimpulses.com,"Web and Mobile App Development. Custom Software Development,  IoT Development, Fantasy Sports & Betting Development","Cyber Impulse Software Solutions (CISS) is a leading software development company in Central India, founded in 2016. With a 50+ member technology team and 10+ years of industry experience, we help startups, SMEs and enterprises build scalable, secure and high-performance digital solutions.  Our mission is to deliver the expertise, technical capabilities and service quality of an industry-leading technology company while providing flexible and cost-effective solutions.  We serve clients across He",2016,63,51-200,8572,Privately Held,Software Development,"Website & Mobile App Development Company, Software Company , CISS, Developers on demand , Android & ios , php, WordPress , Android, iPhone , website design , web services , Graphic Design , Html5, Ciss Indore , taxi app , food delivery , multi vendor , e-commerce , flutter, Node.js, python, Firebase, Flutter, React Native, React.js, Next.js, Map, FIrebase",indore,India
MAIG Innovations,https://www.linkedin.com/company/maig-innovations/,https://maiginnovations.com,IT Services & Consulting | Digital Engineering | Capital Markets | Calypso & Murex | Cloud | Data & AI,"MAIG Innovations is an IT Services and IT Consulting company helping enterprises accelerate digital transformation, modernize technology platforms, and build scalable digital solutions.  Our capabilities span Digital Engineering, Application Engineering & Modernization, Cloud & DevOps, Data & AI, Cybersecurity, and Software Product Engineering.  Within Banking & Financial Services, MAIG Innovations is building specialized capabilities across Capital Markets, Calypso, and Murex, supporting techno",2018,21,11-50,10544,Privately Held,IT Services and IT Consulting,"IT Services & Consulting, Digital Engineering, Application Engineering, Software Product Engineering, Artificial Intelligenc, Banking & Financial Services, Capital Markets, Calypso Consulting, Murex Consulting, API & Systems Integration, Quality Engineering & Testing, Offshore Delivery, IT Staff Augmentation, Global Capability Centers (GCC)",Indore,India
Applatus Technologies Pvt. Ltd.,https://www.linkedin.com/company/applatus-technologies/,https://www.applatus.com/,Concept to Creation,"Applatus is the best custom app development company with a professional team of mobile and web devops to create interactive mobile apps and websites using latest technologies and frameworks.  Concept to Creation Applatus Technologies is one of the fastest emerging IT firms in India based in the Central region. Our main business is to provide services for website & mobile app development. Along with IT Services, we are also engaged into our own product development.  Whether it is about creating a",2020,25,11-50,7278,Privately Held,IT Services and IT Consulting,,Indore,India
InfoEnum Software Systems,https://www.linkedin.com/company/infoenum-software-systems/,https://www.infoenum.com,Enumerating Information,"We are fastest growing offshore development company based in India.    InfoEnum Software Systems is a trusted provider of web and mobile application development services. Our experienced team of engineers, designers, and product specialists brings deep industry expertise to deliver reliable, scalable, and high-performance digital solutions to clients across the globe. We have successfully partnered with startups and businesses in key markets including the United States, United Kingdom, Europe, t",2014,36,11-50,1483,Partnership,Information Technology & Services,"Mobile App Development, Web Development, Web Design, iOS Developement, Android Development, CRM , ecommerce, shopify, frontend development, DevOps services",Indore,India
"VKAPS IT Solutions | AI, SaaS & Business Automation Development",https://www.linkedin.com/company/vkaps-it-solutions/,https://vkaps.com,"We build the AI systems, SaaS products, and automations that help businesses eliminate bottlenecks and grow faster.","For over 16 years, VKAPS IT Solutions has helped startups, founders, SMBs, and growth-focused enterprises turn complex business problems into scalable digital products.  We don't just write code — we build systems that work for your business. Whether you need to launch a SaaS product from scratch, automate repetitive operations with AI, or build a mobile app that actually retains users, our team delivers with speed, clarity, and a genuine focus on your outcomes.  Our core capabilities include:  ",2010,83,51-200,9780,Sole Proprietorship,Information Technology & Services,"AI Automation, Business Automation, SaaS Development, Custom Software Development, Digital Transformation, MVP Development, Web App Development, Mobile App Development, AI Agents, Workflow Automation, Chatbot Development, API Integration, eCommerce Development, Startup Tech Partner, Product Development, Full Stack Development, No-Code / Low-Code Automation, Software Outsourcing, IT Consulting, AI-Powered Solutions",Indore,India
MagicalSwap Rental Solutions,https://www.linkedin.com/company/magicalswap-rental-solutions/,http://Magicalswap.com,"Solution to all your rental problems
For Owners & Tenants both!","Finding a place to rent shouldn’t be a headache.  At MagicalSwap, we’ve built an app that brings you flats, shops, apartments, bungalows and hostels, right to your fingertips in Indore.  Why You’ll Love Us-  Easy Search: Filter by neighborhood, budget and must‑have features in just a few taps.  Verified Listings: Every property is checked, no wasted calls, no surprises.  Fair Fees: One flat 9% brokerage from tenants and 0% brojerage from owners. No hidden charges!  Quick Booking: Found your matc",2025,1,2-10,48,Partnership,Real Estate,"rental homes, Hostals , Apartments , RK Rooms ",INDORE,India
Eighteen Future,https://www.linkedin.com/company/eighteen-future/,Eighteenfuture.com,A leading provider of AI-first software engineering services. ,"Eighteen Future is a leader in AI-powered software engineering, helping businesses innovate faster, smarter, and with greater impact. We partner with Global 20 clients across India, North America, APAC, and Europe to solve complex challenges in data, experience design, software product engineering, and workforce transformation. Powered by expert engineers, thousands of AI agents, and our Engineering to the Power of AI™ (EngineeringAI) method, we deliver measurable outcomes that build trust, unlo",,8,11-50,483,Privately Held,IT Services and IT Consulting,,Dewas,India
Ingenious solution,https://www.linkedin.com/company/ingeniousolution/,https://ingeniousolution.com/,From idea to impact—let's build something extraordinary together.,"Ingenious Solution is a software development and technology consulting company dedicated to helping businesses innovate, automate, and scale in a rapidly evolving digital landscape.  We partner with startups, growing businesses, and enterprises to design and develop intelligent technology solutions that solve complex challenges, improve operational efficiency, and create sustainable competitive advantages.  Our Expertise • Web & Mobile Applications • Custom Software Development • Artificial Inte",2024,12,11-50,3171,Partnership,IT Services and IT Consulting,,Indore,India
Integration IT Services Pvt. Ltd,https://www.linkedin.com/company/integration-it-services-pvt-ltd/,www.integrationitservices.com,Website Design & Development | Android App Development | iOS Development | IOT Project Development | Digital Marketing,Website Design & Development | Android App Development | iOS Development | IOT Project Development | IT Consultant | IT Services Provider | IT Solution | Digital Marketing ,2015,21,11-50,350,Privately Held,IT Services and IT Consulting,,Vidisha,India
Eminence Infotech Pvt. Ltd.,https://www.linkedin.com/company/eminance-infotech/,https://eminenceinfotech.com,Connecting people and technology,"Eminence Infotech is a leading resource hiring and software solutions development company known for providing the top 1% talent in the IT industry, with highly skilled resources of over 5 years of domain experience. Our inimitable talent recruitment practices ensure the best resource selection and development of innovative solutions that are futuristic and user-friendly.",2018,28,11-50,6343,Privately Held,IT Services and IT Consulting,,Indore,India
UpCodo Digital,https://www.linkedin.com/company/upcodo/,https://upcodo.com/,Transforming Ideas into Apps and Powerful Brands.,"UpCodo is a leading Mobile App and Web Application Development company, Transforming Ideas into Apps and Powerful Brands.  By leveraging cutting-edge technologies and industry best practices, we craft applications that captivate users and elevate their experience. Partner with us to build the perfect Mobile App or Web Application tailored to your business goals.  We work with following tech Stacks and technologies:  Mobile Application Development:  We develop Hybrid / Cross-Platform Mobile appli",2019,13,11-50,325,Privately Held,"Technology, Information and Internet",,Noida,India
SWAPAC INFOTECH PVT LTD,https://www.linkedin.com/company/swapacinfotech/,https://swapinfotech.com/,Think Different!! Think Customer!!,"Swap Infotech Pvt. Ltd. is a global IT services and software solutions company dedicated to helping organizations accelerate digital transformation through innovative technology solutions.  We work with businesses worldwide to design, develop, and scale secure digital platforms that improve operational efficiency, enhance customer experience, and drive sustainable growth.  With a strong focus on innovation, quality, and client success, our team delivers high-performance solutions tailored to the",2016,31,51-200,3848,Privately Held,IT Services and IT Consulting,"Mobile App Development, DevOps Solutions, IT Consulting, React Development, Backend Development, Frontend Development, Python Development, Enterprise Software Solutions, Artificial Intelligence and Machine Learning",Indore,India
Fealty Technologies Pvt Ltd,https://www.linkedin.com/company/fealty-technologies-pvt-ltd/,https://fealtytechnologies.com/,"Fealty Forged in Code, Fortified by Consistency.","At Fealty Technologies, we don’t just follow trends we build solutions that shape what’s next. Founded in October 2020, we started with a clear vision: to make technology more meaningful, accessible, and impactful for businesses of all sizes. Whether you're a startup aiming to launch smarter or an enterprise looking to scale intelligently, we bring clarity to complex tech challenges. Our core strength lies in solving real-world business problems through: -AI & ML-driven automation -Cloud service",2020,13,11-50,1247,Privately Held,IT Services and IT Consulting,,Indore,India
Green Web Software Development,https://www.linkedin.com/company/green-web-solutions-pvt--ltd-/,https://www.greenwebsoftwaredevelopment.com/,Helping Your Business Grow,"At Green Web, we empower businesses to fast-track their digital transformation by delivering expertly crafted clones of high-performing digital platforms. By replicating the features and user experiences of leading e-commerce, mobile, and game applications, we help clients achieve faster time-to-market, reduced development cost and competitive edge.   Our Expertise * Clone Development. * Mobile App Development. * Game App Development . * E-Commerce Website Solutions. * CMS & Admin Panel Developm",2010,124,51-200,2099,Sole Proprietorship,IT Services and IT Consulting,"SEO Services, Internet Marketing, Internet Marketing Consulting, Online Branding, Search Engine Optimisation, Web Desiging & Development, Tele Services, Gaming Segment",Rajgarh,India
Aurasoft,https://www.linkedin.com/company/aurasoft-digitech/,https://aurasoftdigitech.com/,Empower Growth With Aurasoft - Your Digital Transformation Partner!,"Aurasoft is an ISO-certified and DPIIT-recognized company by the Government of India, committed to empowering Startups, SMBs, and ISVs globally. We help businesses transform ideas into impactful Minimum Viable Products (MVPs), achieve Product-Market Fit, and scale through innovation-driven digital transformation.  Our strength lies in building scalable SaaS solutions with AI at the core—accelerating development lifecycles, reducing time-to-market, and delivering products that are robust, afforda",2020,17,11-50,3244,Privately Held,IT Services and IT Consulting,"Web Development, Web App Development, Mobile App Development, IOT, Advanced Data Analytics, Cloud Solutions, SaaS Solutions, Startup Consultancy, Tech Strategy, Product Development, Technology Partner",Indore,India
Webix Infotech,https://www.linkedin.com/company/webixinfotech/,www.webixinfotech.com,Complete Digital & Technology Solutions Under One Roof.,"Webix Infotech is a results-driven IT company focused on delivering high-quality digital solutions that help businesses grow and succeed online.  We specialize in Website Development, Mobile App Development (Android & iOS), and Digital Marketing, providing end-to-end services tailored to your business needs.  Our goal is simple — to transform your ideas into powerful digital experiences that drive real results. Whether you're a startup or an established business, we help you build a strong onlin",2026,13,11-50,619,Sole Proprietorship,IT Services and IT Consulting,"Website Development, Web Design, E-commerce Development, Mobile App Development, Android App Development, iOS App Development, UI/UX Design, Digital Marketing, Search Engine Optimization (SEO), Social Media Marketing, Google Ads Management, Meta Ads (Facebook & Instagram Ads), Lead Generation, Branding & Identity, Content Marketing, Website Maintenance, Landing Page Design, Conversion Optimization, Custom Software Development, Business Growth Solutions",Indore,India
AM Webtech - Empowering Product Success with Quality,https://www.linkedin.com/company/amwebtech/,https://www.amwebtech.com/,"AI-Powered QA for SaaS & Product Teams | Automation, Security & Performance at Scale","𝐀𝐌 𝐖𝐞𝐛𝐭𝐞𝐜𝐡 𝐢𝐬 𝐚 𝐠𝐥𝐨𝐛𝐚𝐥 𝐐𝐮𝐚𝐥𝐢𝐭𝐲 𝐄𝐧𝐠𝐢𝐧𝐞𝐞𝐫𝐢𝐧𝐠 𝐩𝐚𝐫𝐭𝐧𝐞𝐫 𝐟𝐨𝐫 𝐒𝐚𝐚𝐒 𝐚𝐧𝐝 𝐩𝐫𝐨𝐝𝐮𝐜𝐭-𝐥𝐞𝐝 𝐭𝐞𝐚𝐦𝐬.  We help 𝐒𝐚𝐚𝐒, 𝐁𝟐𝐁, 𝐚𝐧𝐝 𝐝𝐢𝐠𝐢𝐭𝐚𝐥 𝐩𝐫𝐨𝐝𝐮𝐜𝐭 𝐜𝐨𝐦𝐩𝐚𝐧𝐢𝐞𝐬 𝐚𝐜𝐫𝐨𝐬𝐬 𝐍𝐨𝐫𝐭𝐡 𝐀𝐦𝐞𝐫𝐢𝐜𝐚, 𝐔𝐊, 𝐄𝐮𝐫𝐨𝐩𝐞, 𝐚𝐧𝐝 𝐀𝐏𝐀𝐂 ship faster—without compromising quality, performance, or user trust.  Unlike general IT vendors, 𝐰𝐞 𝐚𝐫𝐞 𝐚 𝐐𝐀-𝐨𝐧𝐥𝐲 𝐜𝐨𝐦𝐩𝐚𝐧𝐲. Quality is not a service line for us—it’s our core expertise.  Since 2010, we’ve partnered with fast-growing startups and scaling product teams by embedding 𝐪𝐮𝐚𝐥𝐢𝐭𝐲 𝐞𝐚𝐫𝐥𝐲 𝐢𝐧𝐭𝐨 𝐭𝐡𝐞 𝐝𝐞𝐯𝐞𝐥𝐨𝐩𝐦𝐞𝐧𝐭 𝐥𝐢𝐟𝐞𝐜𝐲𝐜𝐥",2015,63,51-200,10771,Privately Held,IT Services and IT Consulting,"SaaS App Testing, Manual Software Testing, Beta Testing, API Testing, Performance Testing, Security Testing, Accessibility Testing, Mobile App Testing, User Acceptance Testing, Load Testing, Software Quality Assurance, Test Automation, QA Testing, QA Engineering, Selenium, Bug Tracking & Reports, Mobile QA, Regression Testing, QA Management, QA Software & Testing Tools, Postman, Cypress, Website Testing, Web App Testing, Mobile Automation Testing, Web App Automation Testing, Functional Testing, QA Manual Testing,  Web Testing Specialists, Mobile App Testers,  Bug Testers, Software Quality Management (SQM), Database Testing, Web Testing, CI/CD,  Black Box Testing, Software QA Testing,  QA Analysts, Test Automation Engineers, Staff Augmentation, QA Engineers, JIRA, JMeter, Appium, Playwright, JAVA, TypeScript, JavaScript, Load Runner, Project Management, Regression Test Scripts,  Katalon Studio, Cucumber, Exploratory Testing, End-to-End Testing, Usability Testing, Qualiity Assurance, QA Automation, Technical Documentation, Component Testing, Test Case Design, Performance Test Engineer, Mobile QA Tester, Bug Testing, Software QA, Annotated Screenshot, Agile Project Management, Test Report, GUI Testing, Swagger, REST Assured, Jenkins, GitLab CI, Azure DevOps, BrowserStack, QA Automation Engineer, User Testing, Software Testing & Quality Assurance (QA) Services,  Behavior Driven Development (BDD) Specialists, Defect Tracking, Scripting, Test Plan Development, Test Case Development , Asana, BugZilla, Notion, Confluence, Trello, Slack, Game Testing, UI/UX Testing, Test Execution, Quality Control, Agile Software Development, Cross-Browser Compatibility, Google Docs, Quality Control, Ecommerce Testing",Indore,India
Numeric Infosystem Pvt. Ltd.,https://www.linkedin.com/company/numericinfosystem/,http://numericinfosystems.com,Numeric Infosystem is Mobile & Web App Development Company that provides end-to-end Business Solution - India,"A drive for success with perfection led to the existence of our company.Numeric Infosystem is offering a complete range of mobile and web solutions including IOS / Android App development, web designing & development, e-commerce solutions, business solutions and many more.We started this journey in 2009 with a team of few enthusiaitics who thrive to achieve fame with hard work and perfection. Our team creates highly customized solutions with an approach to deal with future,once in use they will ",2009,88,51-200,1944,Privately Held,Information Technology & Services,,Gwalior,India
MedTecpinion,https://www.linkedin.com/company/medtecpinion/,MedTecpinion.com,"Empowering Episode-Based Oncology Care with Clinical Intelligence, Financial Visibility & Better Outcomes","Reimagining How Oncology Is Managed.  Cancer care shouldn't be measured by isolated claims, disconnected workflows, or delayed financial reports.  It should be managed as one continuous episode, where every treatment decision, operational milestone, and financial outcome is connected.  That's the future MedTecpinion is building.  We are an Episode-Based Oncology Intelligence Platform helping healthcare organizations transition from reactive care management to proactive, intelligence-driven oncol",2026,1,11-50,26,Sole Proprietorship,Hospitals and Health Care,,,
PerfElite Solutions,https://www.linkedin.com/company/perfelite-solutions/,https://perfelite.com/,Where Innovation Meets Elite Execution.,"Welcome to PerfElite Solutions, where we excel at turning digital dreams into reality! 🌟 Who We Are: PerfElite Solutions is a well-established software company with a rich legacy of 15+ years in the industry. Our journey has been a continuous quest for excellence, innovation, and unwavering commitment to our clients.  What We Do: Our core expertise lies in three key domains:  1. Web Development: We are the architects of custom web applications and cutting-edge websites. From crafting intuitive u",,13,51-200,3758,Partnership,IT Services and IT Consulting,"Software development, Web development, App Development , Mobile App dvelopment, Software Testing , Non-Functional testing , Functional Testing , QA Testing , Selenium, JMeter , Website, Ene to End Web Solutions ",Indore,India
Zetawiz Technologies,https://www.linkedin.com/company/zetawiz-technologies/,https://zetawiz.com/,"We provide value, not just services ","At Zetawiz Technologies, we're your trusted partners in the digital landscape, committed to delivering top-notch solutions that drive your business forward.  🌐 Our Expertise: UI/UX Design:- We believe in creating user-centric experiences that not only look stunning but also enhance user engagement and satisfaction.  WordPress Wizards:- With a team of WordPress experts, we bring your website vision to life with custom designs, seamless functionality, and robust security.  SEO Pioneers: Boost your",,18,51-200,1076,Sole Proprietorship,IT Services and IT Consulting,,INDORE,India
Nuance Infotech,https://www.linkedin.com/company/nuance-infotech/,http://nuanceinfotech.com,Innovation & Creativity,"Nuance Infotech is a diversified software development company.  Our competencies lie in setting up dedicated software development teams for animation, web development, application maintenance, search engine optimization, open source and mobile applications development. We deliver high quality business solutions that reflect the profound knowledge & understanding of emerging technologies in today's emerging competitive world. Nuance Infotech gives you a platform to shape your business through t",2014,29,11-50,1635,Partnership,IT Services and IT Consulting,"Web Development, Animation, Graphic Designing, Mobile Application Development",Indore,India
BitTwoByte Technology Pvt Ltd,https://www.linkedin.com/company/bittwobyte-technology/,https://www.bittwobyte.com/,Delivering on the promise of data platform to unlock the growth for customers,"Welcome to BitTwoByte - Your Data, Technology, and Cloud Computing Partner!   BitTwoByte is your trusted data company specializing in Data Warehousing (DWH), Artificial Intelligence (AI), Machine Learning (ML), and Cloud Computing solutions, empowering organizations across Banking, Healthcare, Retail, and Manufacturing with cutting-edge data and cloud innovations that facilitate data-driven success by transforming applications, infrastructure, and data to enhance operational efficiency, enable b",2022,31,11-50,1645,Privately Held,IT Services and IT Consulting,"Oracle Cloud Supply Planning, Oracle Cloud Demand Management, Data Warehousing , Business Intelligence , Cloud Computing, Data Transformation, Artificial Intelligence , Machine Learning",Rewa,India
ZecData Technology- A CMMI Level 3 Company,https://www.linkedin.com/company/zecdata/,https://zecdata.com/,"Ready to scale with AI, ML, and GenAI? We’re the team you’ve been looking for.","Welcome to Zecdata, a leading IT startup CMMI Level 3 certified technology company focused on delivering innovative technology solutions to help businesses achieve their digital transformation goals. We're committed to providing our clients with cutting-edge technology solutions that enhance their productivity, improve their efficiency, and drive their growth.  Our team of highly skilled IT professionals has extensive experience in developing customized software applications, creating intuitive ",2021,109,51-200,30040,Privately Held,IT Services and IT Consulting,"Software Development, Solutions, Internet of Things, API management, Big Data & Analytic, Chatbots, website development, Data Tech, Cloud Technologies, Artificial Intelligence, Machine Learning, Generative AI, AI Management",Indore,India
Jmbliss IT Solutions,https://www.linkedin.com/company/jmbliss-it-solutions/,https://jmbliss.com/,Hub of IT Experts,"Jmbliss IT Solutions is Young, Dynamic and Professional IT Company based in India, offering Website Designing, Website Development, Maintenance services and SEO. We have over 10+ Years Experience working as a Front and Back-end developer and we are here to bring your ideas and vision to life. “We are so quick and smart, and always very kind and helpful.”  We create and deliver Word Press website based on your requirement & needs. These Websites can boost & accelerates your business to greater he",2012,22,11-50,776,Privately Held,IT Services and IT Consulting,"Website Design and Development, Website Maintenance , UI / UX, SEO , E-Commerce development , Wordpress development ",Indore,India
The House of SHK,https://www.linkedin.com/company/the-house-of-shk/,www.TheHouseOfSHK.com,"India's Luxury Ecosystem Platform. One Category. Zero Competition. Mumbai, Come Home, to Luxury.","Most operating models scale within real estate. We built the category above it.  The House of SHK is India's first and only dedicated Luxury Ecosystem Platform — architected to serve the complete world of the Indian and global ultra-high-net-worth individual, not just the transaction.  At the core is Indian luxury real estate. Surrounding it is the full luxury lifecycle: fine living, bespoke lifestyle assets, and UHNI engagement. One category. Zero direct competition.  Backed by our founder's 35",,2,2-10,15,Privately Held,Strategic Management Services,,,
Tronexa,https://www.linkedin.com/company/tronexa/,https://tronexa.com/,"Strategic Excellence, Digital Innovation: Redefining Possibilities in IT Services and Consulting","Welcome to Tronexa, your dedicated partner in navigating the intricate realms of Information Technology. As a dynamic IT consulting and staffing firm, we bring a trifecta of services—Staff Augmentation, and App Development-to empower businesses in achieving their digital ambitions.  About Us: At Tronexa, we pride ourselves on being at the forefront of technological innovation. Established with a commitment to excellence, we seamlessly integrate consulting, staffing, and app development to offer ",,73,11-50,1128,Privately Held,IT Services and IT Consulting,,Dover,United States
Decent Infotech,https://www.linkedin.com/company/decent-infotech/,http://decentinfotech.in,Mobile App & Web Development | SaaS Development | Hire Dedicate Resource | LMS | React Native | Hybrid App | AI-ML | CMS,"About Us : DECENT INFOTECH is an IT firm focused on building and implementing technology and business solutions for customers. Industry always expects better and more better. DECENT INFOTECH is the place where your dreams come true and draw a footsteps towards the most popular software development.  Why Us : ""Our commitment is our capital"" Decent Infotech strive to ensure peace of MIND as we confidently handle your global needs. ",2017,22,11-50,984,Partnership,IT Services and IT Consulting,"ANDROID, IOS APP DEVELOPMENT , MOBILE APP DEVELOPMENT, WEBSITE DEVELOPMENT , SAAS , CUSTOM SOFTWARE DEVELOPMENT , HYBRID APP DEVELOPMENT , DIGITAL MARKETING , CUSTOM APP DEVELOPMENT , ON DEMAND APP & WEB DEVELOPMENT",INDORE,India
SR NEXT,https://www.linkedin.com/company/sr-next/,https://srnext.in/,Redefining Software Solutions,"SR Next is all about the latest technology and innovation that in some way or another tends to ease your life with the help of technology. Our innovation and familiarity with the latest technical trends can help in updating yourself and your business or services. With the fullest dedication and latest technological exposure, we work to fulfill the vision of our clients. We develop Responsive Websites and Web Apps ,through which you can showcase your ideas, skills, products and services to give y",2021,29,51-200,12768,Partnership,IT Services and IT Consulting,"web development, App Development",Indore,India
Adonai Technowares,https://www.linkedin.com/company/adonai-softwares/,http://adonai.co.in,A Better Revolution For A Better Future....,"ADONAI software is a growing software solution having 18 years of experience in developing innovative software applications. Our team is using various programming languages to make the software for schools better and better. Our software is used by more than 10 lakh students and we are growing more ..  Our vision is to create innovative and powerful solutions .From 2004 our company is actively involved for providing services in wide spectrum in different domains like Educational institutions, Go",2004,14,11-50,168,Privately Held,Information Technology & Services,"School Management ERP, College Management ERP, Customised ERP for Industries, Customised ERP for Non Profits, Web Designing and Hosting, SEO and Digital Marketing, Customised software solutions, Web design solutions, MIS solutions, ERP solutions, CRM solutions, Mobile Applications, One stop solutions, Dedicated Team of Professionals",Bhopal,India
Kreyon Systems Pvt Ltd,https://www.linkedin.com/company/kreyon-systems-pvt-ltd/,http://www.kreyonsystems.com/,"Stay ahead of the competition with Cloud Software, Social media, Data Analytics & insights for your business growth.","Kreyon Systems Pvt. Ltd. is a global IT company with rich experience of working with clients in US, UK, Australia, Japan & Africa. Kreyon Systems offers an in-depth experience in business process automations for various sectors like Healthcare, Manufacturing, Retail, Education, Gas, Power, banking & finance etc. The company has earned reputed clientele with projects like JICA Finance software for MPPTCL with funding of more than US$200mln & managed assets of more than US$1bln.",2010,34,11-50,1216,Privately Held,Information Technology & Services,"Asset management system, Team task CRM, Project management system, Lender management system, Illuminous ERP, Help desk and Chat tool , Finance, Supply chain management, Payroll and HRMS, Facility Management solution, Content management system, Minimum viable product, Mobile application, Digital marketing,SEO, Video animations, Business Process Automation, Dynamic website, End-to-End IT Solutions",Jabalpur,India
Multiple Companies,https://www.linkedin.com/company/multiple-companies_2/,http://serraconsult.com,,None for now.,,3935,2-10,9273,Privately Held,IT Services and IT Consulting,,,United States
Plus91Labs,https://www.linkedin.com/company/plus91labs/,https://www.plus91labs.com,Salesforce Platinum Consulting Partner,"Our offerings :  - Salesforce.com Implementations & Heroku apps  - Loan Staffing SalesforceConsultants, Administrators, Integrations, Automation, Apex Programming, Custom App Development for AppExchange, Salesforce Partner Portal Setup, and many Salesforce-related services. -iPhone / Android Application Development  Plus91Labs is a Five-year-old company based out of Gwalior having main fortes as Salesforce development services & Mobile application development. With the experience in multiple imp",2016,101,51-200,4304,Privately Held,IT Services and IT Consulting,"Salesforce, Android, iOS, Consulting, SFA, DMS, Commerce, Heroku, Edtech, Digital Transformation ",Gwalior,India
MyTechBro Solutions Pvt. Ltd.,https://www.linkedin.com/company/mytechbro-solutions/,https://mytechbro.com,Your TechBro,your idea our innovation ,2024,14,2-10,536,Partnership,IT Services and IT Consulting,,Bhopal ,India
AlignTogether.live,https://www.linkedin.com/company/aligntogether-live/,http://aligntogether.live,Aligning for the future. Together.,"AlignTogether.live is the world's first and only platform that offers a marketplace for bookable courses, workshops, and consultations with an integrated free all-in-one business management software. It's designed to make it easier for instructors, consultants, and businesses to offer their services and manage their operations in one place. The platform provides a range of tools and features that help instructors to create and publish their courses and workshops, promote them, and manage booking",2016,4,11-50,2663,Privately Held,"Technology, Information and Internet","marketplace, Freelance, digital services, live interactive sessions, zoom integration, online classes, online workshops, online scheduling, calendar availability, booking sessions, eCommerce, Amazon of Services",Bhopal,India
Macky's Society,https://www.linkedin.com/company/mackys-society/,www.mackysociety.xyz,"To connect, learn, and grow within the tech industry.","""Macky's Society"" primarily refers to a recently launched tech community aimed at learners and innovators interested in emerging technologies. It is an initiative by Macky’s Tech, an IT software solution company based in Bhopal.   Core Focus Areas The community provides a platform for individuals to learn, connect, and grow in the following fields:   Artificial Intelligence (AI) Machine Learning Cyber Security Robotics Activities & Initiatives Skill Quests & Challenges: The society organises eve",,3,11-50,76,Self Employed,Community Services,,,
Codes For Tomorrow,https://www.linkedin.com/company/codes-for-tomorrow/,http://codesfortomorrow.com,"Building Enterprise-Grade Blockchain, Web3, Mobile & Digital Solutions for Global Businesses
","Building the Future of Digital Innovation   We are a technology-driven company focused on delivering next-generation digital solutions across Blockchain Development, Crypto Wallet Solutions, Token Development, Mobile App Development, iGaming Platforms, and Custom Software Engineering.  Our mission is to help startups, enterprises, and emerging businesses transform ideas into scalable, secure, and user-centric digital products.  With expertise spanning emerging technologies and modern product dev",2018,83,51-200,11209,Privately Held,Information Technology & Services,,Indore,India
Sansys Informatics Pvt Ltd,https://www.linkedin.com/company/sansys-informatics-pvt-ltd/,http://sansysinformatics.com/,Electronic Health Record For Everyone ! ,"Sansys Informatics enable Hospitals to implement Electronic Medical Record through Open Source VistA EHR at affordable cost ! Sansys Informatics Pvt. Ltd. provides Integrated Healthcare HIS, EMR & ERP solutions. Our customized GlobalVistA EMR solution is affordable and backed by reliable support services. We are specialized in Designing, Customization, Implementation, Integration, Data Migration, Supporting products and other services for our clients.  We have developed and customized many m",,29,11-50,289,Privately Held,IT Services and IT Consulting,"VistA Electronic Medical Records, Hospital Inofrmation System /Ancillary Product, Implementation Services, HL7 Integration /Data Migration",Bhopal,India
KakushinEcosystem,https://www.linkedin.com/company/kakushinecosystem/,http://www.kakushin.tech,"A DECENTRALISED INNOVATION AND INTELLECTUAL
PROPERTY-DRIVEN ECOSYSTEM","Kakushin Ecosystem (KES)creates a synergized place for different audiences that did not interact before, such as inventor, innovators, product designers, manufacturers, technology and innovation enthusiasts, patent holders, creators of ICO and cryptocurrency projects and their backers, or creators of classical crowdfunding campaigns and their backers who have never dealt with cryptocurrencies before, authors of their projects and experienced army of advisors, moderators, designers, translators a",2017,4,51-200,242,Public Company,IT Services and IT Consulting,"Finance, Exchange, Cryptocurrency, Fintech, Innovation",Adelaide,Australia
Fifilo Designs - UI/UX Design Studio,https://www.linkedin.com/company/fifilodesigns/,https://www.fifilo.com/,UI/UX Designs | UX Research | Brainstorming | Wireframing | Prototyping | Figma Adobe XD,"We have always been ensuring an amazing user-end experience for our clients with the assistance of our very passionate UI/UX Design team. With the help of research, we always tend to know more about our clients and end-users as well.  Our commendable fusion of the information analyzing skills and the UI/UX industry knowledge has made us a successful company. We continually align the organizational goals with the audience goals and ensure that all of our users get the best experience. We make sur",,9,11-50,4300,Partnership,Design Services,,Indore,India
eWebWorld,https://www.linkedin.com/company/ewebworld1/,https://ewebworld.in/,You Think We Design,"Website Development + Mobile App Development Best Quality & Excellent Support make us Unique eWebWorld is a private IT company, based in INDIA, providing the best standard web design and development, App development, Graphic design . We support these best CMS - WordPress , Shopify , Magento , Squarespace , Wix. Unique Idea, Quality & Support are the three best combinations provided by the expert team members of eWebWorld We follow best Industry approach as well as our key feature is to provide l",2019,45,51-200,11867,Privately Held,IT Services and IT Consulting,"SEO, Flutter, Digital Marketing, Content Writer , Ui/UX , Designer , Design , Web Design, PHP, CMS, WordPress , Shopify, Android , IOS, React , Mobile App, Magento, Digital Transformation , Content Creation , Developers , Social Media, Content Editor, Proofreading , #Analysis , Research, Project Management , BDE , Hire Services , HR , Human Resources ",Indore,India
Tecvolo Labs,https://www.linkedin.com/company/tecvolo-labs/,https://www.tecvolo.com,We're Your Product Thinkers | Web Development | Digital Transformation | Digital Marketing Automation | Mobile Apps,"We're your ""Product Thinkers"" - a technology firm providing Digital Transformation and Product Engineering services to StartUps, MSMEs and Enterprises.   We design and build digital platforms powered by cloud with a customer centric approach. DevOps and CI/CD led processes help us deliver better and faster.   Our expertise includes Web Development, Mobile Apps, Data Engineering and Dashboarding, Creative Designing, Social Media Marketing, Marketing Automation, Smart TV Apps, APIs Development and",2016,10,11-50,1858,Privately Held,IT Services and IT Consulting,"Website Design and Development, Enterprise Applications Development, Mobile Apps Development, Exclusive MVP Development for Start Ups, Dashboard Development, CMS Development, Shopify, Virtual Event Platform, Events Management Portal, Metaverse, DevOps, AI & ML, Hybrid App",Jabalpur,India
Gigaflop TechLab,https://www.linkedin.com/company/gigaflop-techlab/,https://gigafloptechlab.com/,"AI agents, AI products, and data systems built and shipped in 4–8 weeks by a 14-year engineering team.","We build AI products and data systems not just sell consulting.  Gigaflop TechLab is an AI and data engineering practice built on 14 years of engineering depth at our parent company, DiscoverWebTech Pvt Ltd. We ship AI agents, AI products, AI process automation, data infrastructure, and analytics dashboards for funded SaaS, D2C brands, and growing operational teams.  What makes us different: we ship our own AI products into market before selling to clients. VidoShare and our twin-based product a",2018,11,11-50,289,Sole Proprietorship,Information Technology & Services,"AI Agents, AI Automation, Generative AI, Large Language Models, Machine Learning, Data Engineering, Data Analytics, Business Intelligence, Custom Software Development, Artificial Intelligence (AI)",Indore,India
Startappss System India Pvt. Ltd.,https://www.linkedin.com/company/startappss-pvt-ltd/,www.startappss.com,Startappss is a design and development consultancy that brings your digital product ideas to life.,"Startappss is a hub of brilliant and visionary minds, converging to craft avant-garde technological solutions, innovative design paradigms, and exceptional customer experiences.  Our culture thrives on dynamism and eschews hierarchies, fostering an environment where creativity and innovation flourish. We deeply value our employees, considering them our paramount asset, and we are committed to fostering their development and advancement. A competitive salary and comprehensive benefits package com",,109,51-200,4672,Privately Held,IT Services and IT Consulting,,Indore,India
Flinko,https://www.linkedin.com/company/flinko-in/,www.flinko.in,"Try, Buy & Exchange, Delivered in ⚡️60 min!","Flinko is transforming fashion retail with its ultra-fast 60-minute delivery service, offering a wide range of clothing and footwear. The ""Try, Buy & Exchange in 60 minutes"" feature allows customers to try on items upon delivery, ensuring a seamless, convenient shopping experience that eliminates the need for store visits.",2024,2,2-10,225,Privately Held,"Technology, Information and Internet","Clothes Delivered in 60 min, Fashion & Apparel, Brands Collaboration, Fast Fashion, Try, Buy & Exchange in 60 min",Indore,India
Infograins Software Solutions Pvt. Ltd.,https://www.linkedin.com/company/infograin-software-solutions/,https://infograins.com/,Let's Think Beyond IT,"Infograins is a leading provider of IT services and solutions. We are dedicated to working through the complications of technological innovation to deliver solutions that are intuitive and simple. We are a team of passionate engineers who are dedicated to produce client achievements and contribute to technology world. We aim to be the partner of choice for entrepreneurs and business organizations.     We build up technological designs with the vibrancy of features which catalyses the growth a",2011,128,201-500,40575,Privately Held,IT Services and IT Consulting,"Website Design, Mobile Application, Ionic, Backbone / Node/ Angular JS, Blockchain Development, Defi, DAO, Enterprise Blockchain Development, Private Blockchain Development, Flutter, NFT Development, Token Development, Smartcontract , RUST, SOLIDITY, DEX, Blockchain Protocol Development, Staffing",Indore,India
Singaji Software Solutions,https://www.linkedin.com/company/singaji-software-solutions/,https://singaji.in,"Empowering Innovation, Delivering Excellence – Transforming Ideas into Digital Solutions.","Singaji Software Solutions (SSS) helps startups and businesses bring their product ideas to life through modern, scalable, and production-ready software solutions.  We offer end-to-end software development services, helping you go from idea to launch with speed, quality, and customer validation in mind.   What We Do:  Custom Software & ERP Development  Android App Development (POS systems, logistics, mobile networking)  Website Design & Development  UI/UX Design & Branding  DevOps, DevSecOps & C",2013,29,11-50,1870,Privately Held,IT Services and IT Consulting,"Website Development, UI & UX, Java, Rest APIs, Product Development, DevOps, DevSecOps, Mobile App Development, IOT, MERN,MEAN, Cyber Security, Salesforce, Spring Boot, MySQL, MongoDB, PostgreSQL, AWS, Azure, Branding, Graphic Design",Sandalpur,IN
Sheryians Coding School,https://www.linkedin.com/company/the-sheryians-coding-school/,http://sheryians.com/,"Sheryians — Revolutionizing the Way the World Learns, Builds, and Innovates","Sheryians Coding School | Shaping the Future of Technology Leaders  Sheryians Coding School is a leading EdTech organization dedicated to empowering the next generation of technology professionals. Our mission is to deliver world-class coding education that bridges the gap between academic knowledge and industry requirements, preparing students for impactful careers in the digital era.  Through a combination of innovative pedagogy, hands-on projects, and real-world exposure, we ensure learners a",2017,320,51-200,48127,Educational Institution,IT Services and IT Consulting,,Bhopal,India
Vigisolvo,https://www.linkedin.com/company/vigisolvopvtltd/,https://vigisolvo.com,You think We Build,"At Vigisolvo Private Limited, we aim to make your online business experience smooth, fast, and efficient. With our strategic digital marketing and technology-driven approach, we help your business stand out from the competition and boost sales growth. Our mission is to empower you to become a market leader by designing fully customized, responsive, and high-performing websites that are both valuable and economical. Vigisolvo specializes in developing SEO-optimized websites that rank on Google, d",2019,48,11-50,15910,Privately Held,IT Services and IT Consulting,"ERPNEXT, ERP, ERP Consulting, Frappe, HRMS, ERP Manufacturing, Healthcare",Indore,India
Rise Digitech,https://www.linkedin.com/company/risedigitech/,http://www.risedigitech.com,The Digital Dawn ,"Zoho Authorized Partner | Zoho Integrations | Digital Marketing | Web Development | App development | Graphic Design  Risedigitech is a customized software company and a trusted Zoho Authorized Partner. As a recognized Zoho Authorized Partner, we specialize in helping organizations unlock the full potential of Zoho's suite of powerful business tools.  RiseDigitech’s main services are Web Design and Development, Mobile App Development, and Digital Marketing, UI / UX Design. We are all about provi",2017,18,11-50,4609,Privately Held,Information Technology & Services,"Javascript, AngularJS, ReactJS, Laravel, Java, NodeJs, Android, iOS, digital marketing, SEO, SMM, Marketing, ZohoPartner, ZOHO",Indore,India
Hire SEO Expert- Digital Marketing Agency,https://www.linkedin.com/company/hire-seo-expert/,https://www.hireseoexpert.co.in/,AI SEO Agency | SEO | GEO | AEO | ChatGPT Optimization | Digital Marketing | Branding | Social Media | India,"Hire SEO Expert is a leading AI SEO & Digital Marketing Agency in India, helping businesses improve their online visibility, rank higher in search engines, and generate qualified leads through AI-powered digital marketing strategies.  As search evolves beyond traditional Google results, we help brands optimize for AI Search, ChatGPT, Google AI Overviews, Gemini, Perplexity, Generative Engine Optimization (GEO), and Answer Engine Optimization (AEO) to stay ahead of the competition.  Our team comb",2010,14,11-50,4909,Public Company,IT Services and IT Consulting,"Hire SEO Expert, Hire Full Time SEO Expert, Hire Part Time SEO Expert, Link building Service, PPC CONSULTANT SERVICES, AI SEO , Search Engine Optimization , GEO , AEO , ChatGPT Optimization, AI Search Optimization , Google AI Overview , Technical SEO , Local SEO Digital Marketing, Branding , Social Media Marketing , Content Marketing , Online Reputation Management , Lead Generation, SEO Audit, Keyword Research , Link Building , Website SEO , SEO Consulting",Indore,India
IT SPARK TECHNOLOGY PVT. LTD.,https://www.linkedin.com/company/itsparktechnology/,https://www.itsparktechnology.com,Your Trusted Tech Partner ,"𝗜𝗧 𝗦𝗽𝗮𝗿𝗸 𝗧𝗲𝗰𝗵𝗻𝗼𝗹𝗼𝗴𝘆 | 𝗙𝘂𝗹𝗹-𝗖𝘆𝗰𝗹𝗲 𝗦𝗼𝗳𝘁𝘄𝗮𝗿𝗲 𝗗𝗲𝘃𝗲𝗹𝗼𝗽𝗺𝗲𝗻𝘁 𝗖𝗼𝗺𝗽𝗮𝗻𝘆  Trusted by global clients for over 10 years, IT Spark Technology delivers secure, scalable, and high-performance digital solutions across iGaming, Blockchain, AI, and Enterprise Applications.  With a 70+ in-house engineering team and 100+ successful projects delivered, we help startups, scaleups, and enterprises turn complex ideas into powerful, revenue-generating products.  𝗪𝗲 𝗦𝗽𝗲𝗰𝗶𝗮𝗹𝗶𝘇𝗲 𝗜𝗻:   𝗶𝗚𝗮𝗺𝗶𝗻𝗴 𝗗𝗲𝘃𝗲𝗹𝗼𝗽𝗺𝗲𝗻𝘁 Custom casino platf",2016,46,51-200,7114,Privately Held,IT Services and IT Consulting,,Indore,India
iMentus Technologies Private,https://www.linkedin.com/company/imentus/,https://www.imentus.com,Your vision crafted & delivered!,"We are a Web3 & Blockchain development company trusted by 50+ clients across 12 countries since 2015.  From DeFi platforms and blockchain bridges to NFT launchpads, AI trading models, smart contracts, and dApps we've delivered 100+ high-end projects with a 95%+ success rate.  What makes us different: We don't just write code. We embed into your product team, understand your vision, and ship production-ready Web3 infrastructure 2–3x faster than building in-house.  🔧 Our Core Expertise: ✦ Blockcha",2015,59,51-200,18854,Privately Held,IT Services and IT Consulting,"Token/NFT Launch, DeFi Protocol Development, DAO Setup, Solana Development,, Ethereum Development, Cross-Chain Bridges, DAO Development,  Smart Contracts, NFT Development, Blockchain Development, Web3 Development",Indore,India
TechnoDuxx,https://www.linkedin.com/company/technoduxx/,http://www.technoduxx.com,The Technology Leader,"TechnoDuxx is an information technology services and training provider company. We are a team of experts, helping organisation in their technology needs. Our target is to provide best in class services to our end Customers.",,64,11-50,4049,Privately Held,IT Services and IT Consulting,,Bhopal,India
The IT Talent,https://www.linkedin.com/company/the-it-talent/,https://www.theittalent.com/,CMMI L3 & ISO -certified IT staffing | Powering secure GCCs with elite tech experts in in 3-7 days,"Scale your engineering team with pre-vetted IT professionals in 3 to 7 days.  The IT Talent is a premier IT staffing and staff augmentation partner backed by 14+ years of expertise. We seamlessly connect enterprises and high-growth startups across the US, UK, Canada, and India with elite technology professionals on C2C, contract, and full-time terms. By maintaining a deep pool of over 10,000 pre-screened specialists, we help you eliminate hiring friction, slash operational overheads by up to 40%",2019,19,11-50,1938,Privately Held,IT Services and IT Consulting,"Recruitment, Full Time Hiring, C2H, Contract to Hiring, Remote Contract, Bench Resources, IT services, AI, Software development, Staffing",Indore,India
Kimirica,https://www.linkedin.com/company/kimirica/,https://www.kimirica.shop,"A luxury lifestyle brand rooted in thoughtful self-care✨
","Kimirica is a luxury lifestyle brand rooted in thoughtful self-care. We believe in creating an experiential self-care journey through unique fragrances, premium vegan formulations & creatively designed products, bringing moments of happiness into your everyday life. 100% Vegan | Cruelty-Free| Paraben-free  Loved and trusted by the biggest luxury hotels and resorts globally, Kimirica has evolved into a quintessential Indian brand. With a decade-old legacy, we passionately innovate, formulate and ",2017,148,51-200,26081,Privately Held,Retail,,Indore,India
Logical Soft Tech Private Limited,https://www.linkedin.com/company/logicalsofttech/,http://logicalsofttech.com/,"Software development, App development, Web development,Marketing","Logical Soft Tech Private Limited is an IT Firm located in Central India, we deals in IT projects as well as complete IT Solution Provider. We provide Mobile App design and development for your business, B2B, B2C, as well as we supporting your business through your ideas into realistic.  Also we are specialized in SEO/SMM/Digital marketing which helps you to stand out from traffic as well as help to grow your business. We provide compete on page, off page , PPC, google AdWords, CPC, Amazon PPC, ",2019,78,51-200,23453,Privately Held,Information Technology & Services,,indore,India
Abacus Consultancy Services (I) Pvt Ltd,https://www.linkedin.com/company/abacus-consultancy-services-i-pvt-ltd/,https://www.itsabacus.com/,Information Technology Services,"About US At Abacus Consultancy Services (ACS), we specialize in providing innovative IT solutions tailored to meet the unique needs of businesses worldwide. With over 25 years of experience, we deliver end-to-end services ranging from Cloud Services, Data Science, Business Process Automation, Data Security, IoT, CRM, ERP Systems, to 3rd Party Integrations. Our solutions cater to industries such as Logistics & Supply Chain, Retail, Telecom, Construction, and Education. We also offer specialized p",2002,90,51-200,4812,Privately Held,IT Services and IT Consulting,"Inforamtion Technology, CRM Integration, Business Process Automation, ERP Integration, QuickBooks Integration, Mobile App Development, Software Development Company, Data Science & AI, IOT, Quality Assurance and Testing Services, Artificial Intelligence, Cloud, Application Management Services",Indore,India
Hvantage Technologies Inc USA,https://www.linkedin.com/company/hvantage-technologies-inc-usa-/,https://www.hvantagetechnologies.com,,"With domain expertise on Aerospace, Banking, Insurance, Tele Communication, Education, Financial Services and Retail, Hvantage Technologies brings in world class software solutions and support services tailored to the unique requirements for clients across the world. Our IT services & products suit the viability to serve the global IT domain requirements.  Hvantage Technologies Inc. is an established company with the nimbleness and agility of a growing organization. Our dedicated development c",2011,77,201-500,19809,Public Company,Information Technology & Services,"Software Dev, Web & Mobile Apps/Sites, Android/IOS Apps, IT Services for E Commerce, IT Services-Education,retails,automotive,entertainment, IT Services-Banking, Finance & Insurance, Data Mining, Cloud, Testing, Data Warehousing & Management, BPO & Call Center",Los Angeles,United States
Infominez,https://www.linkedin.com/company/infominez/,https://www.infominez.com,Engineering Intelligent Digital Solutions for Enterprises and GCCs,"We are a digital engineering and software development partner helping enterprises and GCCs build scalable, secure, and future-ready digital capabilities with a strong focus on agentic AI. Our team develops web and enterprise mobility solutions, AI-driven automation, and MCP-based integration layers that help AI-enable legacy systems for use by agent swarms, enabling workflow orchestration, process assistance, and decision support across business functions. Our approach is designed to help GCCs a",2022,31,51-200,782,Privately Held,IT Services and IT Consulting,"Digital Payment Services, AI, Data Analytics, Data Governance, Blockchain, Custom Software Development, Microservices, Cloud Services, Fintech, SaaS , Data Fabric, Conversational UI, Natural Language Processing, Data Governance & Compliance, Augmented Analytics, Edge Computing, Low-code/No-code Development, Cloud Cost Optimisation, Hybrid and Multi-Cloud Environments, Microservices Architecture, Serverless Architecture,  API-driven Integration, Data Catalogs, Predictive Analytics, Robotic Process Automation, Web 3, DevOps, CloudOps",Indore,India
Advait Business Solution Hub,https://www.linkedin.com/company/advait-business-solution-hub/,www.advaitsolutionhub.in,"We believe to scale up your business to new heights with our innovative, effective and affordable development expertise","We believe to Scale up your business to new heights with our innovative, effective and affordable development expertise.",2018,11,11-50,3607,Sole Proprietorship,IT Services and IT Consulting,,bhopal,India
Synsoft Global,https://www.linkedin.com/company/synsoft-global/,https://www.synsoftglobal.com/,MEAN | MERN | LARAVEL | .NET | Python | React Native Mobile Apps | Website | Blockchain | Data | AI | ML | IOT | 20+ Yrs,"Synsoft Global is a leading Web, Mobile & Blockchain Development Company offering reliable solutions for your digital business. Our team of experts bring together their passion and experience in creating seamless user experiences. Technology creates a connected world. We believe in empowering people through Tech.   Our services include: Web Application Development Cross-platform Mobile App Development  Data, AI & ML Solutions, Blockchain & Cryptocurrency Development UI/UX Design  Digital Marketi",2005,80,51-200,9020,Privately Held,IT Services and IT Consulting,"Web Development and Design, Mobile App Development, E-commerce Solutions, Blockchain Development, MERN stack, MEAN Stack, React Native, React JS, Vue JS, DATA Analytics, Data Visualization, Machine Learning, Artificial Intelligence, Python, .Net Core, Node JS, Open AI, Generative AI, team collaboration",Indore,India
Vibe6 Digital,https://www.linkedin.com/company/vibe6/,www.vibe6.com,India's Trusted IT & Digital Growth Partner | Web • Apps • ERP • Digital Marketing | Empowering Doctors & Clinics,"At Vibe6 Digital LLP, we are India's trusted IT and digital growth partner with offices across USA, UK, & UAE. Headquartered in Indore, Madhya Pradesh, we help startups and enterprises innovate, automate, and thrive in a rapidly evolving digital world - delivering cutting-edge technology and digital marketing under one roof. 🖥️ IT Services  Powered by AI, ML, IoT, Web3 & Blockchain, we design and develop scalable, secure and high-performance technology solutions built around your business needs.",,22,11-50,3282,Partnership,IT Services and IT Consulting,"Artifical Intelligence, Blockchain, IoT, Mobile Application Development,  Clinic Management Software, Custom ERP Development, Digital Marketing, Performance Marketing, ERP/Enterprise Resource Planning, Website Development, Patient App Development, Hospital ERP, Healthcare IT Solutions, Custom Software Development, Social Media Marketing, Google Ads",Indore,India
Pataa®,https://www.linkedin.com/company/pataa/,https://pataa.com/,"Pataa® simplifies your long complex address into your own unique shortcode that is easy to explain, share & navigate.","Pataa - Address Made Simple  Navigating, explaining and finding addresses is not as easy as it seems! How annoying it is when a delivery guy calls you repeatedly for your address or a cab driver a few meters away roams around to get your exact location. What if your address could be made simpler?  The Pataa app is based on an innovative concept that simplifies your long complex address into a unique short code that is easy to share, remember, search and navigate. No more explaining and typing of",,12,51-200,3312,Privately Held,IT Services and IT Consulting,,Indore,India
Infobyd Software Solutions,https://www.linkedin.com/company/infobyd-software-solutions/,https://www.infobyd.com,"A Complete Software Solution Provider
Zoho Advanced Partner | Automating Business with CRM, Creator & QA Solutions","Infobyd is a technology and business solutions company helping organizations drive growth through automation, digital transformation, and innovative technology services. We empower businesses to streamline operations, improve efficiency, and achieve sustainable success.  Business Automation & Technology Solutions: We help businesses streamline operations through CRM, workflow automation, cloud solutions, and digital transformation services tailored to their unique requirements. End-to-End Servic",2016,43,11-50,7136,Public Company,IT Services and IT Consulting,"Information Technology, Zoho Consultant, Zoho CRM, Zoho Creator, Web Development, SEO, Zoho People, Zoho, Testing, Digital Marketing, Zoho Implementation, Zoho Customization, App Development, Staff Augmentation, Power Platform, Office 365",Indore,India
Ira Softwares,https://www.linkedin.com/company/ira-softwares/,http://www.irasoftwares.com,AI that reaches production — and stays there.,"I IRA Softwares is a global software development firm specializing in IT services, web application development, and custom software solutions. We empower businesses across diverse industries, including Healthcare, Finance, E-commerce, Manufacturing, and Entertainment, by delivering innovative and scalable technology solutions. Our expertise drives digital transformation, helping clients stay ahead in a competitive landscape.  At IRA Softwares, we are committed to driving digital transformation f",2013,21,11-50,597,Sole Proprietorship,IT Services and IT Consulting,"AI and Data Analytics, Analytical and Modelling Services, Data Delivery and Transformation, ERP and CRM Implementation, Web Application Development, B2B SaaS, WebRTC & audio/video application, Conversational AI bots",Indore,India
Cloud1 Web Solutions,https://www.linkedin.com/company/cloud1-web-solutions/,https://cloud1.me,We Design For You To Shine :),"Cloud1 Web Solutions warm welcome you to shine in world of codes. We are well established company :)  We offer a wide range of web solutions and IT services that are bespoke in nature, can best fit our client’s business needs and provide them cost benefits needed for their business.  List of Services which we offered - Web Designing (HTML, CSS, JavaScript, Angualr.Js) Web Development (Php, CI, Laravel, Node.Js) CMS Customization(Wordpress, Magento, Shopify) Mobile App Development (IOS and Androi",2016,28,11-50,5617,Self Owned,Information Technology & Services,"Software Development, Application Development, Web Design & Development, Graphisc & Logo design, E-commerce, Industrial Training",Indore,India
Cognic Systems LLC,https://www.linkedin.com/company/cognic-systems/,https://www.cognicsys.com,"Tech Partner in Generative AI Development, Power platform, Legacy System Modernization, and IT Support.","Cognic Systems — We Build AI That Grows Your Business At Cognic Systems, we help founders and SMBs replace manual work and outdated systems with AI-powered solutions that are fast, scalable, and cost-effective.  → AI bots & automation for better workflows → Power BI dashboards & custom apps → Legacy system modernization → Offshore development & IT support  Trusted by global teams in FinTech, Healthcare, Real Estate, Insurance, and more.  We don’t just solve problems. We automate, scale, and futu",2011,45,51-200,3273,Privately Held,IT System Custom Software Development,"Enterprise Application Development, Independent Testing Services, Mobile App Development, Umbraco (All Versions), QA Automation, Power BI, Machine Learning, Power Apps, Android App Development, iOS App Development, ChatBot Development, Generative AI Development, BOT, RPA",Cedar Park,United States
Vected Technologies Pvt. Ltd.,https://www.linkedin.com/company/vected-technologies/,https://vectedtech.com,"Crafting business-friendly IT solutions that drive innovation, amplify impact, and future-ready growth.","Vected Technologies Private Limited is a dynamic IT solutions provider specializing in end-to-end digital transformation services. Our offerings include custom software development, staffing solutions, corporate training, and innovative financial products.  At Vected Technologies, we leverage cutting-edge technologies such as Java, Python, ReactJS, .Net, and more to deliver scalable, secure, and innovative solutions tailored to meet our clients' unique business needs.",2023,134,51-200,5112,Privately Held,IT Services and IT Consulting,,indore,India
TheITUnited,https://www.linkedin.com/company/theitunited/,theitunited.com,We Build Future ,"🔹 About Us At TheITUnited, we are dedicated to delivering innovative and reliable IT services and consultancy solutions that empower businesses to thrive in the digital age. From strategy to execution, we help our clients harness technology to streamline operations, enhance performance, and drive growth.  🔹 What We Do We specialize in a wide range of services, including: • IT Consulting & Strategy • Software Development & Integration • Cloud Solutions & Migration • Cybersecurity & Risk Managemen",2024,14,11-50,998,Partnership,IT Services and IT Consulting,,INDORE,India
MaxCode IT Solutions Pvt. Ltd.,https://www.linkedin.com/company/maxcode-it-solutions/,http://www.maxcodeitsolutions.com/,"AI,Automation & Software development | Web, Mobile, SaaS, Enterprise Solutions | AI that Predicts,Testing that Performs","Technology is evolving faster than ever, but many businesses struggle to turn innovation into measurable outcomes. At MaxCode IT Solutions, we bridge that gap. Founded in 2014, MaxCode is an AI-First Product Engineering and Digital Transformation company helping businesses build, automate, and scale using Artificial Intelligence, Generative AI, and modern software engineering. With 12+ years of experience and 10K+ successful projects delivered, we help startups, growing businesses, and enterpris",2014,27,11-50,6118,Sole Proprietorship,IT Services and IT Consulting,"Wordpress Web Development, SEO, PHP, HTML 5, CSS3, JS, SMO, SEM, SMM, Digital Marketing, Mobile Apps, Shopify, artificial intelligence , AI Development",Indore,India
Statfinity,https://www.linkedin.com/company/statfinity/,https://statfinity.in/,Your data team.,"Built by serial entrepreneurs and graduates from the Indian Institute of Technology (IIT) Kanpur, Statfinity leads the pack in Data Science, Business Intelligence and Analytics services. We have served over 60 clients all over the globe.   Statfinity provides world-class services in the following domains: 1. Data Visualisation and dashboards building using BI Tools like: ✅Google Data Studio ✅Power BI ✅Zoho Analytics ✅Looker ✅Tableau  2. Data Analysis/Machine Learning using: ✅Google Cloud Platfor",,21,11-50,7663,Privately Held,IT Services and IT Consulting,,Indore,India
Technogaze Solutions Pvt. Ltd.,https://www.linkedin.com/company/technogazesolutions/,http://www.technogaze.com,"We help businesses to increase revenue by expanding their digital reach in the Market.
Our solutions #SEO | #SMO | #PPC ","TechnoGaze Solutions is a leading Digital Marketing & Solutions Company in India.Fully focused on delivering the best and most cost-effective solutions to its valuable clients. TechnoGaze is promoted by highly experienced and technically sound professionals under one roof. It possesses not only the latest technology gadgets but also the most knowledgeable and experienced minds to offer most user-friendly, scalable, customized solutions.  We provide our clients with a strategic competitive edge i",2009,80,11-50,4671,Partnership,IT Services and IT Consulting,"Web Design & Developement, Digital Marketing, Skills Training, SEO & SEM, E-Commerce Web Development, Software Testing & Maintenance, IT Consulting, Custom Software Development, Domain Registration & Web Hosting, Internship Training, PHP Training, Contentwriting",Bhopal,India
CodeNote IT Solutions Private Limited,https://www.linkedin.com/company/codenote-it/,http://www.codenote-it.com,Professional Technology Assistance,"We are well-versed in a variety of skills, technologies & frameworks. We work with just about any technology a business would encounter. We use the expertise to help clients with small, mid-sized or enterprise level projects.",2019,31,11-50,2877,Privately Held,IT Services and IT Consulting,,Indore,India
Webiators Technologies PVT. LTD.,https://www.linkedin.com/company/webiators/,http://webiators.com,"We Empower Brands Innovatively, And Tailor Outstanding Results Strategically","Webiators Technologies was launched in 2017, We also offer low cost ""Express""​ solutions and multiple financing options for Ecommerce business . Since our inception in 2017, we have worked on different domain areas and have builtup our expertise on all fronts of the industry and have delivered to the requirements of 15s of businesses and organizations around the globe. Our team excels at seamlessly combining exceptional graphic design, dynamic Web programming and powerful online marketing. Our c",2018,33,11-50,3372,Privately Held,IT Services and IT Consulting,,Indore,India
Xylity Technologies,https://www.linkedin.com/company/xylity-technologies/,https://xylitytech.com/,Consulting Depth. Delivery Talent. One Partner.,"Solving complex technology problems with Data + AI depth.  Founded in 2014, Xylity Technologies has spent over a decade helping businesses navigate the technology landscape, today operating as a full stack technology partner combining consulting led delivery with specialist talent across 20+ technology domains and 22 industries.  Every AI initiative starts as a data engineering project, so that's where we lead: Fabric and Databricks lakehouse architecture, data warehouse modernization, governanc",2014,14,11-50,767,Privately Held,IT Services and IT Consulting,"Data Engineering, Artificial Intelligence & Automation, Generative AI, RAG & Knowledge Systems, LLM Application Development, Enterprise AI Agents, MLOps & Machine Learning, Databricks Lakehouse Consulting, Microsoft Fabric Consulting, Data Warehouse Modernization, Power BI & Business Intelligence, Microsoft Copilot Consulting, Power Platform , Dynamics 365 & CRM Implementation, Cloud Migration & Architecture, DevOps & Kubernetes, Salesforce Consulting, ERP Modernization (SAP, Oracle), IT Staff Augmentation, Application Modernization",Indore,India
Sourcebae,https://www.linkedin.com/company/sourcebae/,https://sourcebae.com/?utm_source=LinkedIn&utm_medium=social&utm_campaign=review_platform_tracking,Talent that trains tomorrow’s AI,"Talent that trains tomorrow's AI.  Sourcebae is an AI-powered expert platform that provides on-demand domain experts to AI labs and enterprises for model training, evaluation, and technical hiring.  Our 200,000+ technical professionals are vetted through Saira, our proprietary AI recruiter agent that conducts 500+ real-time interviews daily across 33+ languages with enterprise-grade anti-cheat detection.  What we do:  → AI Training & Evaluation Domain experts for RLHF data labeling, code evaluat",2022,91,51-200,242783,Privately Held,"Technology, Information and Internet","Remote Engineer, Contract Staffing, Dedicated Developer, AI Interviewer, Remote Work, Tech Hiring, Recruitment, data annotations , ai trainer",Indore,India
CraftandCode solutions private limited,https://www.linkedin.com/company/craft-code-solutions-pvt-ltd/,http://craftandcode.in/,A results-driven IT solutions company leveraging technology and analytics to drive business growth and profitability.,"We are experts in Web Application Development and Mobile App Development, delivering scalable, secure, and high-performance digital solutions.  We help businesses connect seamlessly with customers, integrate efficiently with vendors, and build strong digital ecosystems. From idea validation to growth, we support your business at every stage through strategic planning, development, testing, deployment, and continuous optimization. We specialize in custom web and mobile app development that helps ",,12,11-50,1125,Public Company,IT Services and IT Consulting,,Gwalior,India
Cubixsys Technologies PVT LTD,https://www.linkedin.com/company/cubixsys-technologies-pvt-ltd/,https://cubixsys.com/,We are an energetic team of innovative developers committed to turning your digital dreams into reality.,"Cubixsys Technologies PVT LTD is a comprehensive IT solution provider and corporation personalized app development firm founded in 2015. Our young squad of multi-skilled and multi-cultural technological tools has decided to join us on our journey to develop the most reliable and long-term employee and customer engagement model possible, with a central objective on inventions, technological advancements, corporation solutions, and constant improvement. With an average level of experience of far m",2015,18,11-50,5795,Privately Held,IT Services and IT Consulting,"App Development, Web Development, Blockchain, Artificial Intelligence, Machine Learning, UI/UX, Digital Marketing",Indore,India
Mobimint,https://www.linkedin.com/company/mobimintco/,www.mobimint.co,Your store in every pocket.,"Your store gets 80% of its traffic on mobile. But mobile websites convert at half the rate of desktop. The gap between your traffic and your revenue? That's the mobile app problem.  We built Mobimint to close it.  Mobimint is a no-code mobile app builder built exclusively for Shopify and WooCommerce stores.  Store owners install the plugin, design their app using a drag-and-drop builder, and go live on iOS and Android — usually within 48 hours. No developers. No agencies. No second dashboard to ",,4,2-10,35,Privately Held,Software Development,,Indore,India
Bitvision Technologies - FZCO,https://www.linkedin.com/company/bitvisiontechnologies/,https://www.bitvisiontechnologies.com/,UAE-Based Technology Partner for Custom Software & Digital Transformation,"We build Digital Products that help your business move forward.  BitVision Technologies is a UAE-based technology company helping businesses turn ideas, operational challenges and growth opportunities into scalable digital products.  We discover, design, build and support custom software solutions that are aligned with the way your business actually works. From initial strategy and UI/UX design to development, testing, deployment and long-term support, our team got you all covered.   What do we ",,1,11-50,3,Privately Held,IT Services and IT Consulting,"Custom Software Development, Web Application Development, Mobile App Development, SaaS development, Business Process Automation, UI/UX Design, Product Design, Product Design, API Integration, Software Testing & QA, Dedicated Development Teams, Digital Transformation, Software Product Development, Enterprise Software Development, IT Consulting",Dubai,United Arab Emirates
Vigility Technologies Private Limited,https://www.linkedin.com/company/vigility-technologies-private-limited/,http://www.vigility.in,Your True Partner,"Vigility Technologies: Empowering Enterprises with Intelligent IT and AI Solutions  At Vigility Technologies, we're at the forefront of transforming enterprise IT landscapes through innovative solutions that drive efficiency, security, and growth. With deep expertise in IT service management, we specialize in observability, infrastructure monitoring, cybersecurity services, cloud optimization, and application performance monitoring—ensuring your operations run seamlessly in today's dynamic digit",2017,39,11-50,2857,Privately Held,IT Services and IT Consulting,"Enterprise Management Solution, Software Development, ERP Consulting, Infrastructure Management, Robotics Automation, Outsource Consulting",Indore,India
TCQ IT Solutions,https://www.linkedin.com/company/techconqueror/,https://techconqueror.com,Empowering Digital Growth with Scalable IT Solutions.,"Your Trusted Technology Partner. At Techconqueror, we’re more than just development company — we’re solution architects. With a passionate team of experienced professionals, we specialize in building high-performance web platforms, mobile applications, and scalable cloud solutions.",2025,18,11-50,182,Sole Proprietorship,IT Services and IT Consulting,"Mobile application development, Software Development, CMS, E-commerce platform development, CRM', Website Development",Dewas,India
LMS Solutions (India) Pvt. Ltd.,https://www.linkedin.com/company/lms-solutions-india-pvt-ltd/,http://www.lmsin.com,Dedicated to Deliver,"Incorporated in 2008, We are full-fledged software design and development company, offering top of the line solutions to its clients globally. With the purpose to offer the exceptional services and as per our clients’ needs, we have expanded our international office in USA and the development center in Indore.  With a team of 250+ experienced and enthusiastic resources in various areas of technologies, design, and quality control, we are proudly known as the full-stack technology partners for ou",2008,234,201-500,6363,Privately Held,IT Services and IT Consulting,,Indore,India
Swifnix Technologies,https://www.linkedin.com/company/swifnixtechnologies/,https://swifnix.com/,Development is our Passion,"As a leading IT services company, we specialise in software development with a focus on providing top-notch services and innovative products to our clients and partners. Our service offerings include cutting-edge technologies such as Web 3, NFT, and Metaverse development, as well as traditional services like web development, mobile app development, digital marketing, UI/UX design, and automation testing. Our team of experts is dedicated to providing exceptional value to our clients through servi",2015,21,11-50,3128,Partnership,IT Services and IT Consulting,"MOBILE APPLICATION DEVELOPMENT, SOFTWARE PRODUCT DEVELOPMENT, WEB DEVELOPMENT, INDUSTRIAL & CORPORATE TRAINING SERVICES, INTERNET MARKETING , SEO, Security, Security solutions, android app development, ios app development , web3 , automation testing, AWS, Full stack Development , design support , AI Tools, digital marketing",Gwalior,India
Msgclub,https://www.linkedin.com/company/msgclub-net---india/,http://msgclub.net,"We are communications platform solutions provider company.- Inhouse developed application, Open for Customisation ","We have established our company as a bulk SMS service provider in the year 2009. Our company's office is situated at the business capital of Madhya Pradesh, Indore.   Starting off as a bulk SMS provider, we have expanded ourselves in a various division like Voice Call, Missed call alert, URL Shortener, SMS plugins, Software integrations etc. This has made us a complete solution provider for those who wish to gain competitive excellence. We have a team of 50+ professionals who have come together ",2009,16,11-50,782,Privately Held,IT Services and IT Consulting,"Communication Solution, Communication API, Bulk SMS SMPP, Bulk SMS Platform, Voice OBD, Whatsapp Business API, Whatsapp Green tick Solution, RCS, IVR, IVRS, Bulk SMS API",Indore,India
DigiChum Infotech,https://www.linkedin.com/company/digichum-infotech/,http://digichuminfotech.com,Building AI-First Systems for Smarter Business Growth,"DigiChum Infotech is an AI‑first technology company based in Indore, India, helping businesses build smarter, scalable, and future‑ready systems.  We specialize in designing AI‑driven solutions alongside robust software development, enabling companies to move from manual operations to intelligent, automated workflows.  Our core belief is simple: AI should not be a buzzword it should be a practical tool to solve real business problems.  What We Do :  We partner with startups and enterprises to: •",2023,29,51-200,2217,Partnership,IT Services and IT Consulting,"Artificial Intelligence (AI), Machine Learning (ML), Generative AI & LLM Integrations, AI Workflow Automation, Custom Software & SaaS Development, Web (React, Angular, Node, Vue), Mobile (Flutter, React Native, iOS, Android), Backend (Java, Spring Boot, Python, FastAPI, Django), Data Engineering & Analytics, Cloud & Scalable Architecture",Indore,India
Brillsense Private Limited,https://www.linkedin.com/company/brillsense/,http://www.brillsense.com,Brilliant Sense of Rapid Growth,"Thank you for reaching out to us & considering Brillsense Pvt. Ltd. as your Business Strategy | Branding | IT Partner. Incepted in the year 2014 Brillsense Pvt. Ltd. is an ISO, CE, GMP, and FDA certified Private Limited Company, an Innovative DIPP recognized startup company in India, dealing in Public Relations [PR], Information Technology [IT], Digital Marketing & Startup Sectors.  We Empower Brands to Grow Digitally We love social media, connecting with people, knowing their thoughts, engaging",2014,31,11-50,2083,Privately Held,IT Services and IT Consulting,"Customise software solutions  , Cost Effective Search Engine Optimization, Cross Platform Mobile Applications, Digital Marketing, Startup Product Development, Branding, PPC, Public Relation, Social Media Management, Professional Website ",Ujjain,India
Tecpinion,https://www.linkedin.com/company/tecpinion/,https://www.tecpinion.com/,Delivering IT End-To-End,"Tecpinion is a trusted technology company that offers software development services and provides ready B2B solutions across industries. With more than 6 years of experience and a team of 20+ passionate developers, we have been instrumental in the digital transformation of more than 100 businesses from across the world.  We have rolled our successful digital businesses in the Market that are actually running, have a huge user base, stakeholders are reaping profits from their operations and lastly",2016,35,11-50,3252,Sole Proprietorship,Information Technology & Services,"software development, website design & development, mobile app design & development, fantasy sports software, sports betting software solutions, eSports tournament, online casino, live casino, healthcare solutions & services, telemedicine platform, telepharmacy software, custom development services, iGaming, project management, startup software development",Indore,India
DSS Digital Success Solutions LLP,https://www.linkedin.com/company/dss-digital-success-solutions-llp/,https://digitalsuccesssolutions.in/,Your Satisfaction is Our Success,"DSS Digital Success Solutions LLP is a technology and digital growth partner helping businesses build, scale, and automate their digital presence. With 6+ years of industry experience, we have successfully delivered 1,600+ projects for 950+ clients, including businesses across India and international markets. We combine technology, performance marketing, creative strategy, and business growth to help brands generate visibility, qualified leads, customers, and sustainable revenue. Our Core Servic",2021,16,11-50,565,Privately Held,IT Services and IT Consulting,"Website Developement, Application Development, Custom website developement, Cross Platform Mobile application developement, UI/UX designing",Indore,India
NI Ventures Pvt. Ltd.,https://www.linkedin.com/company/ni-ventures-pvt-ltd/,,"Leading the region’s restaurant industry with quality, service, and sustainable growth for all stakeholders.","NIVPL is the parent company of 14 diverse restaurant and catering brands, built on a legacy of passion, consistency, and innovation.  We are committed to delivering exceptional food quality, world-class service, and the highest standards of hygiene across all our ventures. From fine dining restaurants to large-scale catering services, our focus is on creating memorable experiences for our customers while ensuring sustainable growth and strong partnerships with our stakeholders.",2017,27,501-1000,252,Privately Held,Hospitality,"Hospitality, Restaurants, Events, Catering",Belgaum,India
InfoSparkles IT Solution LLP,https://www.linkedin.com/company/infosparkles-it-solution/,http://infosparkles.com/,We at InfoSparkles believe in excellence and delivering top-notch work to turn a good idea into a successful enterprise.,"Our foremost objective is to ensure our clients' complete satisfaction while delivering top-notch quality in every aspect of our work. Our comprehensive suite of services encompasses e-commerce solutions, website development, consulting services, internet marketing, as well as mobile app development and maintenance.  Our unwavering passion for branding, coupled with our team's diverse backgrounds and profound industry expertise, empowers us to craft bespoke, cutting-edge solutions tailored to th",2017,29,11-50,23174,Partnership,IT Services and IT Consulting,"Website development, Mobile app development, Graphic design and UI UX, IT services and Consulting, Online store development, Wordpress, Shopify, WIX and Opencart, Laravel, Codeigniter and PHP, IOS and Android app, Support and maintenance, CRM, ERP, POS and business management dashboard, Complete Restaurant management system, Food delivery app, Job seeker and provider app, On demand service app, Hardware connectivity, Full stack developer",Indore,India
Morse Consulting,https://www.linkedin.com/company/morseconsulting/,www.morseconsulting.co,Innovating Progress & Delivering Excellence,"At Morse Consulting, we consider ourselves more than just a provider of services, we are your strategic allies in achieving success. Our goal is to offer innovative solutions tailored to meet your business requirements, ensuring your edge over the competition.   Established in 2025, Morse Consulting is a reliable partner for top-tier MSP programs and specialize in recruitment-based talent acquisition, delivering multi-sector staffing solutions to Fortune 500 companies worldwide.   Morse Consulti",2025,16,11-50,1314,Privately Held,IT Services and IT Consulting,"IT Strategy, Software Engineering, IT Workforce Services, Product development",Indore,India
Softinator TechLabs Private Limited,https://www.linkedin.com/company/softinator/,https://softinator.com,"Digitizing Dreams, Expanding Horizons.","Step into the world of technological mastery with Softinator TechLabs, where we bring your digital dreams to life. As pioneers in AI, Mobility, Web, Cloud, Development, IoT, AR, and Security Solutions, we're more than just an IT company; we're your partners in innovation and growth.  Here at Softinator TechLabs, our heartbeat is the pulse of technology. With our deep-rooted passion for crafting bespoke digital experiences, we empower businesses across the spectrum to soar in the ever-changing di",2009,69,201-500,3514,Privately Held,IT Services and IT Consulting,"LLM Training, Custom Model Development, n8n Automation and Integration, Workflow Automation, AI Model Optimization and Fine Tuning, Generative AI Solutions, NLP and Large Language Model Engineering, AI Consulting and Strategy, AI Powered Chatbots, Cybersecurity AI, Payload CMS Development, Low Code Development, Big Data and Data Science, AI in Healthcare, Drag and Drop Web App Development, Data Annotation Services",Indore,India
i-SOFTZONE,https://www.linkedin.com/company/i-softzone/,http://www.isoftzone.com,Think Software Think i-SOFT,"i-Softzone specializes in the business of providing Software Development and website design & development services to its clients. i-Softzone's expertise lies in reducing costs and enhancing productivity by bringing the strategic advantage of website designing and Software Development to our customers.",2009,25,51-200,2467,Sole Proprietorship,Information Technology & Services,"Software Development, Website Designing & Development, Search Engine Optimization, Customized Software",INDORE,India
Open Source Connect,https://www.linkedin.com/company/open-source-connect/,https://www.osconnect.org/,Connecting the World Through Open Source.,"Open Source Connect is an international open-source community initiative dedicated to connecting developers, contributors, and tech enthusiasts across the world. We provide learning programs, hands-on contributor opportunities, and international networking events to help individuals grow in open-source development.  Our vision is to establish the world’s most trusted and inclusive open-source network, enabling millions to gain hands-on experience, enhance their skills, and grow professionally. W",2025,605,11-50,17638,Educational Institution,Education,,Delhi,India
Ixora Infotech Private Limited,https://www.linkedin.com/company/instate-infotech-private-limited/,http://www.ixorainfotech.com,Empowered by Innovation,"Ixora Infotech is a global leader in next-generation digital services and consulting. We enable clients in different countries to navigate their digital transformation. With over three decades of experience in managing the systems and workings of global enterprises, we expertly steer our clients through the many next of their digital journey. We do it by enabling the enterprise with an AI-powered core that helps prioritize the execution of change. We also empower the business with agile digital ",2013,21,51-200,2460,Privately Held,IT Services and IT Consulting,"Android, IOS, Web development, React Native, Mobile App development, Flutter, Node.js, Laravel, Codeigniter, Web App, Html, CSS",Indore,India
Nanostack.io,https://www.linkedin.com/company/nanostackio/,https://nanostack.io,"NanoStack Software: Pioneering Innovation in Software Solutions for a Smaller, Smarter World","NanoStack Software is a cutting-edge technology company at the forefront of innovation. We specialize in developing advanced software solutions that harness the power of nanotechnology to create a smaller, smarter world. Our mission is to revolutionize industries through our expertise in coding, entrepreneurship, and research and development.  At NanoStack Software, we are driven by a passion for pushing the boundaries of what is possible in the tech world. Our dedicated team of developers and r",2023,11,2-10,595,Sole Proprietorship,IT Services and IT Consulting,"software development, it industry, passinate developers",Bhopal,India
Zehntech,https://www.linkedin.com/company/zehntech-technologies/,https://www.zehntech.com/,"We build IT solutions for business challenges.
","Founded in 2013, Zehntech is a certified Odoo Ready Partner specializing in Odoo ERP that helps businesses streamline operations, automate processes, and drive growth.  We deliver end-to-end Odoo services—implementation, customization, integration, and migration- to unify core functions like CRM, Sales, Inventory, Accounting, HR, and Manufacturing into a single scalable platform.  Zehntech supports organizations in modernizing systems, optimizing workflows, and scaling digital infrastructure wit",2013,135,51-200,34906,Privately Held,IT Services and IT Consulting,"IIOT, Enterprise Work Flow Automation, Data Science, Job Scheduler, Application Management Service, NodeJS, AngularJS, web development, mobile app development, Cloud migration, Robotic Process Automation, Digital Marketing, Custom WordPress Development, Saas Development, Data Visualization, Dev Ops Services, Workload Automation,  Robotic Process Automation, Managed File Transfer, Odoo website development, Odoo migration services, odoo implemetation services, odoo apps and themes development, Artificial Intelligence",Indore,India
CDN Solutions Group,https://www.linkedin.com/company/cdnsolutionsgroup/,https://www.cdnsol.com,"Consistently Delivering Quality Solutions in Custom Software Development, Web and Mobile App Development.","CDN Solutions Group a leading App development company, started off as a team of four in the year 2000, by two passionate entrepreneurs, Mr. Surajit Mitra and Mr. Chetan Naik, who had this irresistible dream of building an organization that would embrace everything from soup to nuts of the IT services Industry. CDN Solutions Group Achievements:  # Glad to be listed among Top 15 Python Development Companies Worldwide # Elected as Top eCommerce Development Companies 2018 -Goodfirms.co # Listed in T",2000,252,201-500,17413,Privately Held,IT Services and IT Consulting,"IT Services, Mobile app Development, Software Development, Website Development, Web designing, Smart living solution, PHP, HTML5, Ruby on Rails, Internet of things, Dot Net, Ecommerce, iPhone, Quality  Testing, Android, Mobile Computing, Joomla, Bootstrap, Cross patform, Beacon, Hardware Integration, Blockchain, ibeacon, reactjs, NodeJS, AngularJS, Smart Contract, dAPP, ICO Development, NFT Development, Protocol Development, Wallet Development, Defi, Metaverse Development, DAO",Indore,India
Mute Web Technologies Pvt Ltd,https://www.linkedin.com/company/mw-technologies-pvt-ltd/,http://www.mutewebtechnologies.com,White-Label WordPress & Shopify Development for Agencies | 1500+ Projects | NDA on Every Build,"Some of the best agency work in the US, UK, and Europe has Mute Web behind it.  The clients who received it never knew we existed. That is exactly how we designed it.  Mute Web Technologies is a white-label WordPress and Shopify development company built exclusively for digital agencies, web design studios, and creative consultancies who need a development team they can trust with their most valuable asset — their client relationships.  We don't compete with agencies. We power them.  When an age",2016,13,51-200,3692,Privately Held,IT Services and IT Consulting,"White Label Development, WordPress Development, Shopify Development, Agency Partner, WooCommerce, Mobile App Development, AI Development & Integration, White Label Agency, Digital Agency Partner, E-Commerce Development, Webflow, Go High level Development, UI/UX Design, Backend Development, MVP Development",Indore,India
Augment Infotech Private Limited,https://www.linkedin.com/company/augment-infotechprivate-limited/,,Augmenting Businesses with Smart IT Solutions,"Augment Infotech Private Limited is an IT consulting and services provider based in Indore, India. We help businesses optimize, manage, and scale their technology through reliable IT consulting, managed services, technical support, and infrastructure solutions. Our focus is on delivering secure, efficient, and scalable IT systems that support business growth. With a client-centric approach and strong technical expertise, we enable organizations to navigate digital transformation with confidence ",2026,26,51-200,2395,Privately Held,IT Services and IT Consulting,"custom software development , web development , SaaS Development , Mobile App Development ",Indore,India
Anav WebTech Private Ltd.,https://www.linkedin.com/company/anav-webtech-pvt-ltd/,https://anavwebtech.com,"Beyond Technology, Building Intelligent Solutions.","Anav WebTech provides specialized workstream capacity to boutique OutSystems, AI, and ServiceNow agencies across the US, Canada, Australia, and Malaysia — under your brand, on your terms. ISO 27001 and ISO 9001:2015 certified. 50+ certified OutSystems developers, 10+ architects, 60+ team members. NDA-first engagement, MSA/SOW ready, W-8BEN-E on file, USD billing — built for fast contract onboarding with established agencies. Since 2022, we've delivered for 30+ clients across 5 geographies, with ",2022,54,51-200,3729,Privately Held,IT Services and IT Consulting,"OutSystems, Low Code - No Code, training, lowcodenocode, partnership",Bhopal,India
DigiGyor Tech Pvt Ltd.,https://www.linkedin.com/company/digigyor/,digigyor.com,Accelerating Brands to 10X Growth with Digital Power 🚀,"DigiGyor helps businesses to supercharge their growth and revenue. Our expertise lies in driving 10x growth for Amazon sellers and transforming digital strategies that lead to long-term success.   💼 𝗦𝗽𝗲𝗰𝗶𝗮𝗹𝗶𝘇𝗲𝗱 𝗘𝘅𝗽𝗲𝗿𝘁𝗶𝘀𝗲 𝗧𝗵𝗮𝘁 𝗣𝗼𝘄𝗲𝗿𝘀 𝗕𝘂𝘀𝗶𝗻𝗲𝘀𝘀 𝗚𝗿𝗼𝘄𝘁𝗵 & 𝗗𝗶𝗴𝗶𝘁𝗮𝗹 𝗧𝗿𝗮𝗻𝘀𝗳𝗼𝗿𝗺𝗮𝘁𝗶𝗼𝗻  🚀 𝗔𝗺𝗮𝘇𝗼𝗻 𝗔𝗰𝗰𝗼𝘂𝗻𝘁 𝗠𝗮𝗻𝗮𝗴𝗲𝗺𝗲𝗻𝘁 We ensure full account setup, optimization, and fix technical or policy-related errors. Providing services including listings, research, brand registry, and catalog creation.  📈 𝗔𝗱𝘃𝗲𝗿𝘁𝗶𝘀𝗶𝗻𝗴 & 𝗣𝗣𝗖 𝗠",2018,30,11-50,4529,Privately Held,Information Technology & Services,"smm, UI/UX design, Web Development, App Development, Mobile Applications, Meta Ads, Shopify, ecommerce, Ebay, Graphic Designing, SEO, Content Writing, SMM, Social Media Management, Amazon account management, Wordpress, Amazon A+ content, Premium A+ content, Project Management, Customer Support, Copywriting, Google Adwords, Amazon PPC, Amazon Product Listing, Branding, Content marketing, Digital marketing, Website development, PHP websites, Logo designing, Packaging design",Indore,India
InfoKoders Technologies Private Limited,https://www.linkedin.com/company/infokoders-technologies/,https://www.infokoders.com,World Class Software Development & Solutions Company | Hire Dedicated Resources,"InfoKoders Software Technologies is a `high tech and global professional company that specializes in digital technologies. With unbeatable experience and specialized talents across more than 20 industries, we offer development, Enterprise Mobile & web applications development, and Hybrid app development with a wide array of engagement models like dedicated staffing solution, offshore development, and more, specially designed to achieve customer development wants.  Every day, our enthusiast profe",2021,22,11-50,1524,Privately Held,IT Services and IT Consulting,,Indore,India
Loyaltics Tech Private Limited,https://www.linkedin.com/company/loyaltics-tech-pvt-ltd/,https://bzloyalty.com/,"We build CleanLoyalty™, SFA , DMS , RMS 
Simple Journeys. Honest Rewards.","Loyaltics Tech Private Limited is a next-generation loyalty and retention engine built to help brands accelerate customer lifetime value, increase repeat revenue, and create high-engagement customer ecosystems.  Powered by a flexible rules engine, Loyaltics lets you launch dynamic programs such as points, cashback, tiers, referrals, gamified journeys; without apps, heavy tech integrations, or operational complexity.  Whether you're in retail, F&B, salons, e-commerce, or services, Loyaltics equip",2024,13,11-50,514,Privately Held,IT Services and IT Consulting,,Indore,India
LendingLogik,https://www.linkedin.com/company/lendinglogik/,https://www.lendinglogik.com/,"Delivering transformational value to Lending Companies, with AI, Salesforce, Cloud & Full Stack technologies.","LendingLogik: Transforming Lending with AI & Salesforce.  At LendingLogik, we empower lending companies to thrive in a digital-first world. By delivering cutting-edge AI and Salesforce-powered solutions, we enable ‘Digital Lending’ and automations that streamline operations, reduce costs, enhance efficiency and borrower experience. With over two decades of experience serving lenders across Australia, USA, Canada, and UK, we combine our expertise in AI, Salesforce, Cloud, and Full-Stack technolog",,57,51-200,453,Privately Held,IT Services and IT Consulting,"AI, Salesforce",,
Rayosys,https://www.linkedin.com/company/rayo-sys/,https://www.rayosys.com,Global IT Consulting & AI-Powered Solutions | Staff Augmentation Services | Pre-Vetted Developers Available on Contract ,"Rayosys Services Pvt. Ltd., headquartered in the vibrant city of Indore, India, is a global leader in providing innovative and cutting-edge technological solutions. Originally founded as Webmosk Softwares in 2016, we have since evolved into Rayosys, representing not just a change in name but a testament to our global reach and commitment to excellence.  Our Global Presence :   With a strong foothold in Indore, we have expanded our footprint to four more countries: the United States, the United A",2016,47,51-200,5680,Privately Held,IT Services and IT Consulting,"Web Design, Web Development, Mobile App Development, IT Consulting , Digital Marketing, UI/UX Design, Wordpress Website Design, React / Node Development, SEO, Salesforce, React Native, Flutter, MERN Stack, Full Stack, Graphics Design, Paid Marketing, Lead Generation, Ecommerce Development, Social Media Post Design, US Staffing Services, Managed Services , Providing Remote Developers, Staff Augmentation, Staffing, Gen AI, AI/ML",Indore,India
ABIR Networks®,https://www.linkedin.com/company/abirnetworks/,https://www.abirnetworks.com,Next Gen. Cybersecurity Team,"Founded in 2017, ABIR Networks is a fast-growing cybersecurity company specializing in Penetration Testing, Risk Advisory, Cloud Security, and Bug Bounty Management. Our mission is to help businesses proactively secure their assets, streamline security testing, and optimize costs with flexible, output-based models.  With a dynamic team of 25+ cybersecurity experts and over a decade of deep industry experience, we have built a reputation for delivering actionable security insights and real-time p",2017,40,11-50,1274,Privately Held,Information Technology & Services,"Penetration Testing, Risk Advisory, Mobile Security, Code Review, Cloud Security & DevSecOps, IOT Pentest, Threat Modeling, HIPPA, FDA",Bhopal,India
TOSS Solutions [ Training | Outsourcing | Sales | Service ],https://www.linkedin.com/company/tosssolution/,https://tosssolution.com/,TOSS – Structuring Data. Driving Growth.,"TOSS Stands for Training Outsourcing Sales and Services, We are a woman-owned ed-Tech Start up, that was founded on the principles of developing and delivering high-quality Services. We offer Artificial Intelligence, Machine Learning, Business Intelligence and BPO services to FlipKart, Shopsy,  Defined Crowd, Playment, Uplara, Markteck Solutions, Trell and more.  TOSS SOLUTIONS has been providing training, outsourcing (Business & Manpower) and IT services with highest quality and on time deliver",2019,100,51-200,1206,Partnership,IT Services and IT Consulting,"Training , Outsourcing, Sales, Sevices, Annotation, Transcription, BPO, Telesales, Chatbot, Artificial Intelligence , Machine Learning, Product mapping, Business Intelligence",Jabalpur,India
Camncloud,https://www.linkedin.com/company/camncloud/,https://camncloud.com/,We Monitor What Matter You The Most,"Camncloud is a Cloud Video Surveillance platform, for streaming, sharing, storing & analysing any surveillance device. We are the only platform, supporting, Analog & IP cameras of almost any major surveillance brand.  Camncloud brings cutting-edge Cloud and Edge technology to streamline operations, enhance business security & productivity, and deliver robust smart surveillance solutions for modern organisations. We are trusted by shops, retail shops, showrooms, schools, universities, corporate o",2015,21,11-50,1128,Privately Held,IT Services and IT Consulting,"Cloud Storage, Live CCTV Streaming, Video Analytics, IoT, Transport Monitoring, VSaaS, Cloud Based Software, Cloud Video Surveillance, Artificial Intelligence, Computer Vision AI, Cloud based, Smart Security, Business Productivity, Operational Efficiency, Real time, Monitoring, Peace of Mind, Home Security, Industry Security, Remote Location, Low bandwidth support, Edge Solution, Cloud Solution, Customised Solutions",Indore,India
Karmyug,https://www.linkedin.com/company/karmyug/,https://karmyugtechzone.in/,"Unlock your tech potential with our cutting-edge IT training programs, designed to propel your career forward.","Karmyug Tech Zone is an innovative educational hub in Ratlam, dedicated to providing high-quality tech education and career guidance at an affordable price. Our mission is to empower students and professionals with the skills and knowledge needed to thrive in today's competitive tech industry.  We offer a wide range of practical courses, competitive exam preparation, and free workshops designed to help you reach your full potential. With expert faculty, hands-on projects, and placement assistanc",2023,20,2-10,549,Self-Employed,IT Services and IT Consulting,"Web Development, App Development, Full Stack Development, Backend Development, Frontend Development, Three.js, Digital Marketing, Placement Assistance, AI tools, Aptitude, Mock Interviews, Python, C, C++",Ratlam,India
InnovateNX,https://www.linkedin.com/company/innovatenx/,https://innovatenx.com,Electronics and Electrical Products Manufacturing Company with a vision to make Green Energy Products,"InnovateNX is an electronics and electrical product manufacturing company with a vision to make green energy products. Our product range begins with Led Lights. We have a inhouse manufacturing plant of Street Lights, Flood Lights, HighBay Lights.",2024,11,11-50,210,Partnership,Electric Lighting Equipment Manufacturing,"Energy Efficient, Made in India, Power Saving",,
IndoriCoders,https://www.linkedin.com/company/indoricoders/,www.indoricoders.com,Empowering Tomorrow's Innovators Today: IT Services and Training Excellence with Indoricoders,"Indoricoders leads the way in IT excellence, offering comprehensive services and expert training programs tailored for college students. Our commitment to innovation and education ensures that we not only meet current IT needs but also prepare future generations of tech leaders with cutting-edge skills and knowledge.",2024,28,11-50,1308,Privately Held,IT Services and IT Consulting,"Python, Django, React, MERN, DSA, ITtraining, computer education, Developer Training",Indore,India
DIGITALE-SAMARTH LLP,https://www.linkedin.com/company/digitale-samarth-llp/,www.digitalesamarth.com,Make Your Business Digitally Samarth,"We Provide Complete digital marketing services like Social Media Marketing, Website Development, Graphic design, Search Engine Optimization, Google ads Theatre ads and Railway Audio Ads. ",2023,11,2-10,64,Partnership,Digital Accessibility Services,"Branding Agency, social media marketing",Satna,India
BridgeFix Technology,https://www.linkedin.com/company/bridgefix/,https://bridgefix.co/,"Empowering Innovation, Enhancing Lives.","Bridgefix Technology Pvt. Limited is a global leader providing comprehensive solutions in both software development and engineering services, offering cutting-edge technology and manpower solutions to help businesses thrive.  Founded in September 2021 and located in Indore, India, we have quickly grown into a team of 50-100 highly skilled professionals serving 60+ satisfied clients globally. Our services span across two primary areas:  * Software Development and Consultant Services:  Bridgefix e",2020,65,51-200,20145,Privately Held,IT Services and IT Consulting,,Indore,India
AT Technologies,https://www.linkedin.com/company/at-technologiesindore/,www.attechnologies.in,Lets Create Future Together,"At AT Technologies, we are not just developers; we are dreamers, creators, and innovators dedicated to crafting exceptional iOS applications. WE HELP COMPANIES SHAPE THE FUTURE through our expertise in iOS development, delivering sleek, high-performance apps that drive growth and create impact.  From ambitious startups to established enterprises, we have successfully launched numerous iOS applications across industries such as healthcare, finance, fitness, and education. Every project is an oppo",2020,15,2-10,1837,Partnership,IT Services and IT Consulting,"iOS Development, Mobile App Development",Indore,India
Web Desire Web Solutions PVT LTD,https://www.linkedin.com/company/web-desire-web-solutions/,https://webdesire.in/,Building Brands With Web Solutions That Inspire Connections. | Digital Marketing | Website Devlopment,"🌐 WebDesire Web Solutions – Driving Digital Success At WebDesire Web Solutions, we help businesses grow through smart, scalable, and result-oriented digital solutions. With deep expertise in market research, technology, and creative design, we deliver solutions that perform—whether it's a website, mobile app, or full-scale marketing strategy.  ✅ Why Choose WebDesire? 🔹 Smart Design – Clean, responsive websites that engage users  📈 Data-Driven Growth – SEO, analytics, and strategy for real result",2018,21,11-50,546,Sole Proprietorship,IT Services and IT Consulting,,Indore,India
VAGMI INFOTECH,https://www.linkedin.com/company/vagmiinfotech/,http://www.vagmiinfotech.com,Your Digital Companion,"VAGMI INFOTECH is a leading, highly innovative software company that is established to provide leading edge digital solutions and consulting services to businesses, organizations to promote their business and make a brand for them. We are specialists in Digital marketing , Web Application Development ,  Mobile Apps , Ecommerce solution Provider , Search Engine Optimization , Social Media Marketing.",2015,12,2-10,288,Sole Proprietorship,Information Technology & Services,"Digital Marketing, Web Development, Digital Solutions, Ecommerce Solution Provider, Social Media Marketing, Content Marketing, Mobile Apps, Search Engine Optimization, AI",Bhopal,India
FXBytes Technologies Pvt. Ltd.,https://www.linkedin.com/company/fx-bytes-technologies-private-limited/,http://www.fxbytes.com,,"FXBytes Technologies  Private Limited is an information technology and services company based out of No. 220 A Bansi Trade Center, Indore, Madhya Pradesh, India.",,59,51-200,4200,Partnership,IT Services and IT Consulting,,Indore,India
The UpThrust,https://www.linkedin.com/company/theupthrust/,http://theupthrust.com,Boosting Tech Competence,"The UpThrust is a leading career-focused technology and industrial training institute dedicated to empowering students and professionals with job-ready skills in emerging technologies.  Founded in 2019, we specialize in Game Development, Game Design, Digital Marketing, AI, Web Development, Mobile App Development, UI/UX Design, Video Editing, and Web Design through industry-oriented training, live projects, internships, and expert mentorship.  Our mission is to bridge the gap between academic edu",2019,12,51-200,3013,Educational Institution,Education Administration Programs,"Industrial Training, Game Designing, Digital Marketing, Skill Development, Game Development Training, Game Design Institute, AI Training, Web Development Training, Mobile App Development, AI Marketing, Placement Assistance, Job-Oriented Training, Professional Certification, EdTech, Career Transformation, Digital Marketing Institute, Game Design Institute, Live Projects, Internship Programs, SEO, UI/UX Design"," Indore, India",India
SKILL INTELLIGENCE WORLD,https://www.linkedin.com/company/skill-intelligence-world/,,Join the journey to skillful,"Welcome to Skill Intelligence World, where innovation meets expertise, and technology transforms the future.  At SIW, we envision a world where technology is harnessed to its fullest potential, empowering businesses and individuals to achieve new heights of success. We are dedicated to leading this charge with cutting-edge solutions and unparalleled skills.",,14,2-10,94,Privately Held,IT Services and IT Consulting,,Indore,India
Cuztomise,https://www.linkedin.com/company/cuztomise/,http://www.cuztomise.com,Connecting Salesforce Productively.,"Cuztomise is an SAAS-based Enterprise Mobility company which provides smart mobile platforms for field sales & operations.    With Cuztomise we want to touch millions of lives by creating a better, more efficient and simpler field management tools. We started Cuztomise in 2012, since then we have grown into a big family with presence in multiple of countries.   We focus on value creation for our clients and help them set new benchmarks.   Our belief -  ""Deliver Happiness, Not Just Services",2013,37,11-50,2033,Privately Held,IT Services and IT Consulting,"Field Solutions, Field Service Management, Enterprise Mobility",Indore,India
manali hot chips,https://www.linkedin.com/company/manali-hot-chips/,https://masalanet.com/,"Indian snacks crafted with food-grade automation, cold-pressed oils and 100% natural, preservative-free ingredients.",,,1,2-10,7,Privately Held,Food and Beverage Services,,,
Pitchgrow.AI | CRM,https://www.linkedin.com/company/crmpitchgrowai/,https://www.newsteintech.com/,Unlock Your Sales Potential with Pitchgrow.AI,"Pitchgrow.AI is a powerful CRM platform designed to help businesses streamline their lead management, sales pipeline, and customer communication. With an intuitive interface and smart automation, Pitchgrow.AI teams can capture, track, and convert leads more efficiently. Whether you're a startup or an enterprise, our cloud-based solution ensures your sales team never misses an opportunity. From lead nurturing to deal closure, Pitchgrow.AI is your all-in-one sales growth partner. Our mission is to",2017,2,11-50,2216,Privately Held,Information Technology & Services,"CRM Software, Lead Management, Sales Automation, Customer Relationship Management, Pipeline Tracking, Email & SMS Integration, Sales Analytics, Lead Nurturing, Workflow Automation, Cloud-Based CRM, Small Business CRM, Enterprise Sales Solutions, Real-time Reporting, Customizable Dashboards",Indore,India
QuantaRock Systems,https://www.linkedin.com/company/quantarock-systems/,www.quantarock.in,Embrace Your IT business with the strength of Rocks," Hosting & Datacenters: Experience seamless performance and reliability with our cutting-edge hosting solutions and state-of-the-art datacenters.  IT Consultation: Our experts craft strategic IT roadmaps tailored to your business needs, ensuring efficiency and innovation.  IT Sale & Service: Elevate your tech arsenal with top-notch products and enjoy full lifecycle support for seamless integration and maintenance.  Software Development: Transform your ideas into reality with our custom software ",2023,14,11-50,545,Privately Held,IT Services and IT Consulting,"IT Solution Building, Cyber Security Management, Compliance, Cloud Services, Datacenter services, Web Development, Project Management",Indore,India
Self Employed,https://www.linkedin.com/company/indpendent-contractor/,https://selfemployedhq.com,"Helping you get through your work day, one post at a time!","The world's largest independent community for freelancers, entrepreneurs, and self employed professionals.  Self Employed is an independent media company, backed by Zefs Capital.",,1171156,2-10,1980910,Self-Employed,Education,"Finacial Services, Private Investigations, Dive Master, Nonprofit Management, Tax Planning, Accounting, Fire Protection Engineering, Plant Engineering, Computer Consulting, Military Science, Electronic Security Engineering, Food Service Management, Groundskeeper, Bee keeper, Auditor, Editor, Proof Reader, Chaplin, Mentor, Cook, History Instructor, Biblical Studies, Equity Trading, Sales, Boating Safety Instructor, Project Management, Investment Banker",Satellite Beach,United States
Eagle in Cloud,https://www.linkedin.com/company/eagle-in-cloud/,http://www.eagleincloud.io/,"Your Vision, Our Tech !","At Eagle In Cloud, we specialize in delivering next-generation cloud and data solutions to help businesses thrive in the digital era. With a strong focus on AWS Cloud, Python, Power BI, and AI/ML, our team empowers organizations to harness the full potential of their data.  We design and implement scalable data pipelines, real-time analytics platforms, and intelligent automation workflows that drive smarter decisions and faster growth. Whether you're modernizing infrastructure, building AI model",2007,26,11-50,1148,Privately Held,IT Services and IT Consulting,,Indore,India
P&P Infotech,https://www.linkedin.com/company/p&p-universe/,http://www.pnpuniverse.com/,"P&P Infotech is a leading IT Company in india . it provide web hosting , website development , IVR services, bulksms etc","*Creating & Releasing Recruitment advertisement on job portals, screening and short listing of candidates of all levels. *Scheduling and conducting interviews. *Handling on boarding process (Documentation, Issuing offer letter, Joining formalities, Induction, Reference check, coordinating with vendors. *Handling all documentation and maintaining database of employees. *Attendance management, performance management, succession planning, training and development. *Maintaining salary account,v",2009,82,11-50,1714,Sole Proprietorship,IT Services and IT Consulting,"Proficient and devoted workforce, Time commitment, Effective communication system, Affable ambiance, Technological support",Indore,India
Gupta Tech Web LLP,https://www.linkedin.com/company/gupta-tech-web/,https://guptatechweb.com/,Connecting You to Future Tech ,"We specialize in app development, web development, and digital marketing; we turn ideas into great experiences-influencing growth and engagement. Let us build a future together!",2024,30,11-50,3606,Partnership,IT Services and IT Consulting,"Digital Marketing , SEO , SMO, PPC, Web Development, App Development, Software Development",Indore,India
Royal IT Service,https://www.linkedin.com/company/royalitservice/,http://www.royalitservice.com,An Excelling IT Solutions,"Royal IT is a strategy and digital marketing company in Indore, (m.p.) Innovating and creating graphics, logos, packaging, advertising,  ecommerce websites and interactive social media since 2013. We at royal IT Designs are here to serve as your design partners providing solutions for all your branding needs from creating your logo to designing your product, from developing your website to strategically advertising your brand. Our keen observation of everyday life and current trends drive our de",,27,11-50,1177,Sole Proprietorship,IT Services and IT Consulting,,Indore,India
I Prompt Solution,https://www.linkedin.com/company/i-prompt-solution/,https://www.ipromptsolution.com/,"We craft web/app solutions & digital marketing strategies, trusted by 100+clients to grow brands and build partnerships.","i Prompt Solutions is a dynamic software and digital solutions company that empowers businesses to succeed in the digital world. We specialize in website development, mobile app creation, and digital marketing, offering tailored services that meet the unique needs of startups, small businesses, and enterprises.  Our mission is to deliver smart, scalable, and effective digital solutions that help our clients grow online, reach their target audience, and achieve real results. Whether it's designin",2017,27,11-50,2429,Public Company,IT Services and IT Consulting,,Indore,India
Winlancer Technologies Pvt Ltd,https://www.linkedin.com/company/winlancer-technologies-pvt-ltd/,http://www.winlancers.com/,Next Level IT Solutions,"We, Winlancer Technologies Pvt Ltd having 10+ years experience in Information Technologies and serving in:   Mobile app development (Native & Cross) Web Development  Windows Development Digital Marketing UI & UX  We have served on several industries such as: -- Banking domain -- Health &Wellness domain -- Real Estate domain -- Marketplace in Food & Beverage (POS System) -- Gambling & Betting  -- Education domain  We've extensive experience with Project Management tools and execution of Projects ",2016,48,11-50,21124,Privately Held,IT Services and IT Consulting,"UI Design, Digital Marketing, Technical Support, Xamarin, MVVM CROSS , Xamarin Forms, React Native, Ionic, Phonegap, Android native app development , iOS, Android, Reactjs, it company, development services, software solution",Indore,India
PROCODE IT SERVICES,https://www.linkedin.com/company/procode-it-services/,http://www.procodeitservices.com,Next Generation Programming,"PROCODE IT SERVICES, is an IT services provider company, which develops Software,Web Applications and Mobile Applications. We keep upgrading our domain expertise to help our clients to provide not only IT services but valuable business services. We have skills and expertise to facilitate complex business solutions. The services and products offered by us are highly engineered according to the customer needs. Our main goal is that the clients associated with us have a high growth in their busines",2015,12,11-50,296,Sole Proprietorship,Information Technology & Services,"Website Development, Web Applications, Mobile Apps, Database Management, Social Media Integration, Web Designing, Payment Gateway Integration, API Integration, CMS, CRM",Indore,India
Cypher Analytica,https://www.linkedin.com/company/cypheranalytica/,http://www.cypheranalytica.com,"Cypher Analytica is a data science training institutes, providing training in analytics, data science, ML , AI .","Cypher Analytica has been working in Data Analytics and Data Science domain for more than 20 years. Cypher advanced analytics and our experts combine cutting-edge techniques with the latest tools to ensure breakthrough results. They work across all industries. However, they focus on three disciplines—primary research, advanced analytics, and Big Data. Cypher Analytica Consulting Services help clients by making data simpler to access. In addition, they assist companies in understanding and improv",2020,15,2-10,1030,Partnership,IT Services and IT Consulting,"Corporate Training and Workshop-, Consultancy, Statistical Analysis for PhD Thesis,",Indore,India
Techstuff Pvt Ltd.,https://www.linkedin.com/company/techstuff-pvt-ltd/,https://techstuff.cloud/,Level up your Business with Techstuff,"At Techstuff Pvt Ltd, we specialize in building modern, scalable, and AI-powered digital solutions for businesses across industries. From full-stack web & mobile applications to AI-driven platforms and intelligent automation, we help organizations simplify operations, enhance customer experiences, and unlock new growth opportunities.  🔹 What We Do AI Agents & Chatbots for support, CRM, and workflow automation Industry-specific solutions in Retail, Healthcare, Finance, and Agriculture Custom POS ",,22,11-50,3123,Privately Held,IT Services and IT Consulting,"Web Development, Web Applications, Mobile Applications, Software Development, Custom ERP, Desktop Applications, UI/UX Designing, Graphic Designing, Hosting, AI, n8n",Indore,India
TECHNOMANCERAI,https://www.linkedin.com/company/technomanceraisolutions/,https://technomancerai.com/,We Build High-Performance AI & Software Products That Scale,"TECHNOMANCERAI is an AI-driven and data-centric technology company focused on building intelligent, scalable, and high-performance digital solutions.  We specialize in transforming business ideas into powerful products through advanced AI, Data Science, and Data Engineering capabilities. Our team of skilled developers, data engineers, and AI experts, along with experienced project managers, ensures delivery of robust and future-ready solutions tailored to diverse business needs.  From startups t",,40,51-200,1937,Privately Held,IT Services and IT Consulting,"Artificial Intelligence (AI), Machine Learning (ML), Agentic AI, Data Science, Data Engineering, Python Development, AI Product Development, Predictive Analytics, NLP (Natural Language Processing), Computer Vision, Big Data, ETL Pipelines, Data Analytics, Cloud Computing, DevOps, MLOps, SaaS Development, API Development, Web Development, Automation Solutions",Indore,India
Webangel Technologies LLP,https://www.linkedin.com/company/webangeltech/,https://webangeltech.com/,Creativity in creation,"With a necessity of Digitization for all individuals and business to stand ahead of the crowd and to fulfill their needs, WEB ANGEL TECHNOLOGIES laid its foundation on March 1st, 2017.  Using Creativity in creation, we provide exceptional and matchless facilities to our users. We came up with an astounding and dissimilar vision to provide finest services to our clients in India and ashore. Assuring for cost-effectiveness & Excellence, we are providing complete digital marketing and IT solutions.",2017,30,11-50,594,Partnership,Information Technology & Services,"Digital Marketing specialist, Graphics Designing specialist, Web Design Specialist, Web Development, Android Application",Bhopal,India
VKTechno Solutions Pvt Ltd,https://www.linkedin.com/company/vktechno-solution/,https://www.vktechnos.com/,AI-Driven Software & Intelligent Automation for Logistics and Enterprise Businesses,"VKTechno Solutions Pvt. Ltd. is a DPIIT-certified technology company specializing in Logistics & Supply Chain digital transformation.   We help freight forwarders, NVOCCs, shipping agencies, logistics providers, and enterprise businesses streamline operations through intelligent software products, automation platforms, and custom technology solutions.   Our expertise includes shipment visibility, cargo tracking, booking management, vessel schedules, workflow automation, customer portals, system ",2019,23,11-50,5699,Privately Held,IT Services and IT Consulting,,Indore,India
DNDC IT Training Institute,https://www.linkedin.com/company/dndc-it-institute/,www.dndc.in,Vision.Mission.Create,"At DNDC – Data and Development Center, we provide industry-focused training programs designed to build strong technical skills and prepare students for real-world careers in technology. With 15+ years of combined industry and training experience, our team focuses on practical learning and career-oriented skill development.  Our Technologies: • Python • Java • C++ • Data Analytics & Data Science (DA/DS) • MERN Stack Development • Artificial Intelligence & Machine Learning (AI/ML) • Full Stack Dev",2020,12,11-50,141,Educational Institution,IT Services and IT Consulting,,Huzur,IN
Votive Technologies I IT Staff Augmentation,https://www.linkedin.com/company/votive-technologies/,http://www.votivetech.com,,"Votive Technologies – Your Trusted IT Staff Augmentation Partner  Votive Technologies is a premier IT solutions provider based in India, specializing in IT staff augmentation and custom software development services. With over a decade of experience, we empower businesses globally by providing highly skilled developers and technology experts on-demand, ensuring faster project execution and cost-efficient delivery.  Our IT Staff Augmentation services allow organizations to scale their teams quick",2008,77,51-200,13569,Privately Held,IT Services and IT Consulting,"Web Development, E-Commerce, IT solutions, Information Technologies, Mobile App development, Android App Development , IOS developments, Digital Marketing, SEO, SMO, Online Marketing , ERP Solution, Web Maintenance , Mobile Maintenance , Open Source , CMS , Software Development , Hardware support , Business Solutions , PHP, WordPress, Shopify, codeigniter, UI / UX, Graphics Designing ",Indore,India
orbosisglobal,https://www.linkedin.com/company/orbosisglobal/,orbosis.com,"From Vision to Value – Your Digital Partner in  Innovation,Process & Transformation","Orbosis Global Pvt. Ltd. is a multidisciplinary enterprise driving innovation across technology, infrastructure, education, and human capital.  With a vision to empower businesses, uplift communities, and build the workforce of the future, Orbosis Global operates through five strategic verticals — IT Services, Infrastructure, Foundation, Education & Training, and Staff Augmentation.  Each vertical complements the other, creating a robust ecosystem that connects digital transformation, skill deve",2025,93,51-200,1948,Privately Held,IT Services and IT Consulting,,indore,India
Nagar Software Solution Pvt. Ltd.,https://www.linkedin.com/company/nagarsoftwaresolution/,https://www.nagarsoftwaresolution.com/,Turning Business Challenges into AI & Technology Solutions,"Nagar Software Solution (NSS) is an AI-first software engineering and technology services company. We partner with businesses of all sizes — startups, mid-size companies, and enterprises — to solve complex technology problems and build digital products that create lasting business value.  Founded in 2017, we have spent 8 years doing one thing exceptionally well: turning ambitious technology goals into working, scalable reality.  We design, build, and deliver end-to-end solutions across AI & Mach",2017,49,51-200,8071,Privately Held,IT Services and IT Consulting,"Artificial Intelligence, Machine Learning, Generative AI, Data Science & Analytics, Cloud Computing, DevOps & CI/CD, Custom Software Development, Web Development, Mobile App Development, System Integration, Salesforce, ServiceNow, IoT & Automation, API Development, Cybersecurity",Indore,India
WebDroid Technologies,https://www.linkedin.com/company/webdroid-technologies/,http://www.webdroidtech.com,,"We build digital Identity with innovative ideas and we believe this digital Identity gives you best result in running business or start-up, that is what our moto. We are specialized with plenty of experience in web development, application development, search engine optimization (SEO) and standalone application. WebDroid Technologies's key details:  Responsive:  Web design approach aimed at crafting sites to provide an optimal viewing experience, easy reading and navigation with a minimum of res",2018,11,2-10,413,Partnership,IT Services and IT Consulting,"Web Development, Web Designing, Application Development, Standalone Application, SEO, Search Engine Optimization",Indore,India
NextDay Software Solutions Private Limited,https://www.linkedin.com/company/nextday-software-solutions-private-limited/,http://www.nextdaysoft.com,"Strategic Mobile & Full-Stack Engineering | Native, Hybrid & IoT Specialists","NextDay Software Solutions is a full-cycle engineering firm that bridges the gap between complex business logic and seamless user experience. With a 10-year track record and over 250+ successfully delivered projects [Updated your count], we specialize in building scalable, secure, and mission-critical applications for a global clientele.  We don't believe in a ""one-size-fits-all"" approach. Our team of 10 seasoned engineers evaluates your project’s unique requirements to recommend the most effici",2017,10,11-50,3531,Privately Held,IT Services and IT Consulting,"Mobile: Swift, Kotlin, Flutter, React Native, MAUI, Ionic, IoT: BLE, Beacon Apps, Hardware Integration, Backend/Enterprise: .NET, PHP, MERN Stack, C#, Desktop: macOS App Development, Windows Desktop, Creative: Game Development, UI/UX Design, Prototyping",Indore,India
Satya Kabir E-Solutions Private Limited,https://www.linkedin.com/company/satya-kabir-e-solutions-pvt-ltd/,https://www.satyakabir.com,Ready For The Future,Satya Kabir E-solutions is a new way to use business software and other IT solutions to effectively manage your entire business. We are a well-known software development firm based in Bhopal (Lake City).  4+ Offices in india | 200+ Successful Web and App Projects| Clutch certified IT service provider| ISO Certified | Global presence | Quality assurance | Timely delivery  Our Services  Web Development E-commerce & Marketplace | Custom Web Development | Content Management System | React.js & Node.,2020,76,201-500,9508,Privately Held,IT Services and IT Consulting,"IT Solutions , Andriod & IOS Application, Website Designing, Game Development, Hosting Services, ML & AI Solutions, Digital Marketing, Social Media Marketing, Figma Designing, Software Development, IOT Solutions, Home Automation Solutions",Bhopal ,India
Gems Essence Infotech Pvt Ltd,https://www.linkedin.com/company/gemsessencepvt/,http://www.gemsessence.com/,"We turn your tech dreams into reality and brilliant solutions for your digital world.

","Gems Essence Infotech, a leading IT company that has been making waves in the industry since 2015. Over the years, we’ve built a strong reputation and achieved numerous milestones by turning our clients’ visions into reality through exceptional web and app development. Whether it’s Ruby on Rails, Flutter, Python, React Native, Java, .NET, React JS, or AI/ML solutions, we have consistently delivered top-notch results that meet and exceed expectations.  Our Expertise Spans Across Multiple Vertical",2015,50,51-200,11221,Privately Held,IT Services and IT Consulting,"Digital Transformation, SaaS Services , Product Design & Development  , Manage IT Services , Custom Software development , Web and Mobile Development  , Dedicated team Outsourcing , AI / Ml Services , Micro Services , Blockchain, Quality Assurance & Testing , Sales Force ",Indore,India
Tummoc,https://www.linkedin.com/company/tummoc/,https://www.tummoc.com/,Transit for India,"Think Travel, Think Tummoc!  Tummoc is India’s only Patented Transit Tech Application with multimodal journey planning and ticketing.   Tummoc helps track and find actionable & accurate intra-city travel information for the bus/metro/suburban rail.  ✅Book BMTC Bus Passes ✅ Book DTC Bus Tickets ✅ Book Autos, Bikes and Taxis ✅Book Outstation Bus Tickets ✅Find Actionable Public Transport Information ✅Easy to Use Journey Planner ✅Make the Most of Multiple Modes of Transport  The application is avail",2016,37,11-50,17418,Privately Held,Urban Transit Services,"Smart Commute App, Bus Timings and Routes, Metro Timings and Routes, Commute Planning, Last Mile Connectivity , Route Planner, Public Transport Information, BMTC Bus , Live Tracking of Buses & Metros, Outstation Bus Tickets, DTC Bus Tickets, MaaS, Transit Services",Bengaluru,India
Acharya Enterprises,https://www.linkedin.com/company/acharya-enterprises/,https://acharyaenterprise.com/,"Modernize and streamline your SAP Ecosystem
with the highest ROI","Running an SAP environment shouldn't feel like wrestling a black box.  At Acharya Enterprises, we help IT leaders and enterprise buyers modernize, scale, and optimize their SAP landscape without the bloat, delay, or inflated cost structures typical of massive global system integrators.  Headquartered in Dubai with execution capabilities across international markets, we specialize in high-impact SAP consulting, cloud migrations, and Application Management Services (AMS).  What We Do Core Applicat",,13,51-200,284,Privately Held,IT Services and IT Consulting,"SAP Application Solutions, SAP Net weaver Solutions, SAP CLOUD Solutions, SAP S/4HANA Implementation, RISE with SAP, SAP SuccessFactors, SAP Data Migration, SAP Process Integration",Dubai,United Arab Emirates
Vixon Tecnimont,https://www.linkedin.com/company/vixon-tecnimont/,https://vixon.tech/,Developing Products that Impact.,VIXON TECNIMONT SOLUTIONS PRIVATE LIMITED Developing Products that Impact.,2022,18,2-10,1081,Privately Held,IT Services and IT Consulting,,Indore,India
Lemosys Infotech Pvt Ltd ™,https://www.linkedin.com/company/lemosys-infotech/,https://www.lemosys.com/?utm_source=LinkedIn&utm_medium=social,Lemosys Infotech is an ISO Certified web Development & Design Company having its operations in India & USA. ,"Lemosys Infotech is ISO Certified company having its operations in India and Unites States, company was formed in Lemosys Infotech is an ISO Certified Company having its operations in India and the United States. The company was formed in 2007 with an aim to become the highest quality website development and designing company in the world for offering excellent services and delivering standard value to our customers and associates. Lemosys is the dominant IT Company in Asia.   Lemosys Infotech h",2007,84,51-200,24655,Privately Held,IT Services and IT Consulting,"PHP, ROR, DRUPAL, JOOMLA, WordPress, Magento, Zencart, VTIGER, SUGAR CRM, CodeIgniter, FACEBOOK API, Internet Marketing, Android application, Iphone Application, Website Development, Web Designing, Mobile Aplication Development, PHP Development, E-commerce Development, HTML/CSS Development, Graphics Designing-Logo Designing, Template Design, T-shirt Designing, IOS Aplication Development, Android Aplication Development, Ionic framework Development, Hybrid app Development , React Native Development , IOS/iPad App Development, PhoneGap App Development, Framework Development, CodeIgniter Development, Laravel Development, React JS Development, Drupal Development, Open cart Development, CMS Development , Shopify Development, WordPress Development, Magneto Development, Testing/Quality Assurance, Maintenance and Support Services, ROR, Wordpress Development",Indore,India
Ascend,https://www.linkedin.com/company/ascendhqin/,www.ascendhq.in,From Average To Premium,"Ascend is a tactical toolkit to help freelancers scale to ₹1L/month and beyond — by building premium offers, client systems, and magnetic positioning. From average to premium. From hustle to clarity.",2025,1,2-10,3,Sole Proprietorship,"Technology, Information and Internet",,,
"QR Staff - Free staff attendance, payroll & tracking",https://www.linkedin.com/company/qrstaff/,https://qrstaff.in,"Free Staff Attendance, Leaves, Payroll, Survey & Live Tracking App.","To make the business organized, the first and foremost important thing is staff management. Managing the staff is a very tiring job. The job can be easy with the use of software but choosing the best software, which is easy and cost effective, is even more difficult. But QR Staff understood this struggle and came up with the easiest way to manage your staff digitally.  With some finger clicks, manage your staff attendance, payroll, keep the track of everything and grow your business effectively.",2021,7,11-50,1294,Privately Held,Information Technology & Services,"App page, Product/Service, Software Company, Staff Management, Payroll software, Employee Attendance management, Staff attendance, Free payroll software, free staff attendance management software, Staff attendance",Bhopal,India
Network-IE Infosystems Pvt. Ltd.,https://www.linkedin.com/company/network-ieinfosystems/,http://www.network-ie.com,Empowering the Network Communication,"Network-IE InfoSystems Pvt. Ltd. is incorporated under ROC in the year 2016.  We are an ISO:9001-2015 Certified Company. Network-IE guarantees strong business results immediately to all its customers. It does this by leveraging its unique delivery model & technology, its uniqueness is its people. We are one of the best company in Network Design, Integration, Maintenance, Support and Technical Training Domain in Bhopal Madhya Pradesh. Network-IE is very proud of its people. We have a staff of har",2016,17,11-50,289,Privately Held,Information Technology & Services,,Bhopal,India
Crush IT Techno,https://www.linkedin.com/company/crushittechno/,http://www.crushittechno.in,Training & Placement,"We are specialized in IT Training's & IT Recruitment's in Indore. Tie-up with 250+ Indore, Ahmedabad, Pune based top notch IT Companies (MNC+Middle Tier Company).",2019,25,11-50,9787,Partnership,Information Technology & Services,,Indore,India
Diztal -Your Digital Marketing Expert,https://www.linkedin.com/company/diztal-services/,https://diztal.com/,Your Digital Marketing Expert,"Here’s a simple description for digital marketing services:  ""Our digital marketing services help your business grow online. We use tools like social media, websites, and emails to promote your products or services. From creating ads to managing your online presence, we work to increase your visibility, attract customers, and boost sales. Whether you're looking to reach more people or improve your brand, we’ve got the right strategies to help you succeed.""",2015,3,51-200,1018,Privately Held,Marketing Services,,"Indore, India",India
Datazen Consulting & Analytics LLP,https://www.linkedin.com/company/datazen-consulting-analytics-llp/,https://datazenconsulting.in/,DataZen Consulting: Your Bridge to Talent Excellence,"Service Offerings Data Analytics (On-Premises or On-Cloud) Data Migration ( On-Premises to Cloud) Data Visualization Data Warehousing Business Intelligence Data Quality & ETL Machine Learning/Artificial Intelligence Bigdata Analytics Consulting & Development on all the above offerings. Hiring, Staffing & Consultancy Services.  ",2021,12,51-200,1677,Partnership,Information Technology & Services,,Indore,India
Saify Technologies,https://www.linkedin.com/company/saify-technologies/,https://saifytech.com/,Specialized in Mobile and Web Development,"Saify Technologies is a leading technology firm specializing in AI, Mobile, and Software Development. With our cutting-edge solutions, we help businesses revolutionize their operations and stay ahead in the competitive market.  At Saify Technologies, we offer expert AI consulting and development services. Our team of highly skilled developers has a deep understanding of AI and its applications across various industries. We develop AI-powered applications that automate processes, enhance decision",2019,12,11-50,634,Privately Held,Information Technology & Services,,ratlam,India
Global Crystal IT Solutions Pvt .Ltd,https://www.linkedin.com/company/global-crystal-it-solutions-pvt-ltd/,https://crystalit.co.in/,Empowering Businesses Through Technology,"Global Crystal IT Solutions Pvt. Ltd. delivers enterprise IT infrastructure, software licensing, cybersecurity, networking, cloud, AV, and technology solutions across PAN India. ",2000,8,11-50,16,Privately Held,IT Services and IT Consulting,"IT Infrastructure, Software Licensing, Cybersecurity, Hardware Solution, Adobe Licensing,",Patel Nagar,India
Orphic Solution,https://www.linkedin.com/company/orphicsolution/,https://www.orphicsolution.com,We Design Your Future," At Orphic Solution, we specialize in Digital Marketing, Content Creation, and Brand Strategy to help businesses grow, engage, and convert. Our unique, data-driven approach is designed to connect you with your target audience, drive higher ROI, and build lasting brand value.  Whether you're a startup or an established business, our customized strategies in SEO, Social Media Marketing, Performance Marketing, and Creative Content Development will fuel your growth in the digital landscape.  🔹 Let’s",2016,62,51-200,8563,Privately Held,IT Services and IT Consulting,"Content development , digital marketing , Web designing & Development , Animation",Bhopal,India
"Renaissance University, Indore",https://www.linkedin.com/school/renaissance-university-indore/,http://www.renaissance.ac.in,,"Education is not learning of facts, but the training of the mind to think.  Education does a lot to us. It changes our perspective towards things. Other dimensions appear and we become more aware.  In the logo, the book is the base that signifies that the roots are in knowledge, education and becoming aware. The darkened background shows that though the world out there has lot of adversities, trauma, badness, and filth, but the tiny light of lamp of knowledge can end it all.  The little greenery",,320,201-500,9124,Educational Institution,Higher Education,"University, BCom, BBA, MBA, PGDM, Bsc Agriculture, BPT, LLM, LLB, Btech CS, Btech IT, Btech Cloud Computing, MBA+PGP Business Analytics, B.Design, M.Design, PHDs, Bsc Forensic Science, BCA, Bsc Computer, MSc Food Technology, MSc. Computer",Indore,India
Panda International,https://www.linkedin.com/company/pandainternational98/,https://pandainternational.in/,Connecting | Dreams | Worldwide ,"🌍 Panda International – India's First One-Stop Solution for International Students! 🎓  At Panda International, we simplify the journey of studying abroad, providing seamless support from the application process to the completion of your educational adventure. Our mission is to resolve every challenge faced by international students with ease and expertise.  📍 Global Presence:  With a strong network across major countries including the USA, UK, Canada, Australia, Germany, New Zealand, Europe, and",2020,17,11-50,1957,Educational Institution,Education,,Bhopal,India
Dits Company India Private Limited,https://www.linkedin.com/company/ditscompany/,http://www.ditscompany.com,"A Leading Software Company from India, Specializing in Building and Managing Web Applications for Global Clients.","DitsCompany India Pvt. Ltd. is a global leader in information technology, consulting, and outsourcing. We specialize in developing and integrating innovative web applications, offering comprehensive services in WordPress, PHP, IT support, and recruitment solutions. Our expertise enables us to create value for businesses and individuals worldwide by delivering seamless digital experiences and effective management systems.",2025,20,11-50,2896,Sole Proprietorship,IT Services and IT Consulting,"To carry on the business of information technology, software development, artificial intelligence, data analytics, cybersecurity, cloud computing, and related services in India and abroad., To design, develop, import, export, buy, sell, and maintain computer software, mobile applications, IoT devices, hardware peripherals, and digital solutions., To provide consultancy, advisory, implementation, and maintenance services in IT, communication technology, AI, blockchain, and automation., To establish and operate training centers, online platforms, and educational programs for imparting knowledge in software, AI, IoT, cybersecurity, and management., To undertake research, innovation, and development in emerging technologies such as robotics, virtual reality, augmented reality, and quantum computing, To promote digital transformation, provide quality IT solutions, and expand globally through collaborations, partnerships, and strategic investments.",Vidisha,India
DevelopersPoint Barwani,https://www.linkedin.com/company/developer-spoint/,https://developerspoint.org/,Building the Skills to Make You a Developer,"At Developer'sPoint, we are more than just an IT company – we are a hub for innovation, learning, and growth. Our mission revolves around three core pillars:  1️⃣ Software Development Services We deliver end-to-end software solutions tailored to meet the diverse needs of our clients. With expertise in a wide array of technologies, including C, C++, Java, Python, HTML5, CSS, JavaScript, Dart, Flutter, React Native, React.js, Angular.js, Node.js, Express.js, MongoDB, and Salesforce, we create scal",2024,20,11-50,581,Privately Held,IT Services and IT Consulting,"Flutter, React Native, MERN, SalesForce, Business Development Executive, Java Springboot, Web Development, Mobile App Development",Barwani,India
N MEDIA LABS,https://www.linkedin.com/company/n-media-labs/,http://nmedialabs.in,GET SPOTTED WITH US ,"we provide high level, digital marketing refers to advertising delivered through digital channels such as search engines, websites, social media, email, and mobile apps. ",2019,13,2-10,1389,Partnership,IT System Custom Software Development,"Digital Marketing, Web Development, Graphic Design , PHP, Word press, react , Laravel , Bulk SMS, Bulk whatsapp",Indore,India
PriFab IT Solutions,https://www.linkedin.com/company/prifabitsolutions/,https://www.prifabit.com,"One-Stop Solutions for AI, Software Development & Dedicated Resources — Your Trusted IT Partner","PriFab IT Solutions operates with a strong commitment to software quality standards and structured development processes. As a leading software development company based in India, we deliver robust, scalable, and future-ready solutions across multiple business domains.  Our team of highly skilled, full-time developers specializes in IT outsourcing, mobile application development, and web-based solutions. With deep expertise in modern technologies, we help organizations accelerate digital transfo",2019,35,51-200,5904,Privately Held,IT Services and IT Consulting,"Mobile Application, Web Development, AI & ML, Dedicated Resources, Pre-vetted Resources, Staff Augmentation",Indore,India
Torenia Technology,https://www.linkedin.com/company/toreniatechnology/,http://toreniatechnology.com,Torenia Technology is a service provider company in different E- Commerce Portal & Digital Marketing.,"Torenia Technology is an India based search engine promotion company offering an array of online marketing services to strengthen the competitiveness of your online business. We develop unique and result driven digital marketing programs or E-Commerce to let your business leap ahead of all its online competitors in terms of ranking, revenues and business popularity. We provide affordable and customized SEO solutions to ensure that even small brands and businesses can reap the benefits out of our",2018,23,51-200,618,Self Owned,Information Technology & Services,,"605, Princes, Business Skyline, Vijay Nagar, Scheme No 54",India
Opsight AI Pvt Ltd,https://www.linkedin.com/company/opsight-ai-pvt-ltd/,http://www.opsight.ai,Revolutionizing Manufacturing through Operational Insights !,Opsight AI is a Manufacturing Analytics Startup. We are building an Industrial Data Platform that utilizes advanced machine learning algorithms to optimize production processes & improve overall efficiency. ,2023,11,11-50,1633,Privately Held,IT Services and IT Consulting,,Bhopal,India
Jusmark Tech,https://www.linkedin.com/company/jusmarktech/,http://www.jusmarktech.com,"""Your Digital Partner""","“Jusmark Tech ” is an exceptional Technology Company which conceives au courant unique and aesthetic concepts and transforms them into a cutting edge end result. We provide an inventive array of specialized services. Perfection is achieved, not when there is nothing more to add, but when there is nothing left to take away. At Jusmark Tech, we firmly believe in surpassing excellence in the pursuit of perfection. Our Company comprises of an industrious bevy of proficient professionals who are high",2013,16,11-50,1426,Partnership,IT Services and IT Consulting,"Website Development ( Static | Dynamic ), Mobile & Desktop Application Development, Search Engine Optimization, Designing Solutions, Online Marketing, Content Writing, Creative Logo Designing, Hardware ( Sales | Installation | Maintenance )",Bhopal,India
HostelPGDekho,https://www.linkedin.com/company/hostelpgdekho/,https://hostelpgdekho.com/,"Discover Safe, Affordable & Comfortable PGs and Hostels Across India",,,1,2-10,2,Public Company,Real Estate,,,
Credit Samadhaan,https://www.linkedin.com/company/creditsamadhaan/,https://creditsamadhaan.com/,We Improve Credit Scores Within 45 Days.,"We are Bharat's First Fintech on a mission to empower credit-underrated individuals and businesses by resolving their credit score issues and significantly improving their creditworthiness.   Services we provide:   1. Credit score Analysis with all 4 major credit bureaus operating in India: TransUnion CIBIL, Experian, Equifax, and CRIF High Mark.   2. Credit Counselling based on the reports.   3. Credit score repair by resolving the disputes.   4. Credit Monitoring and 3 months guidance.   Our i",2024,12,11-50,1116,Privately Held,Financial Services,"credit score, credit analysis, credit score improvement, Credit score uplifting, Reduced Interest Rates, Higher Eligibility , credit worthiness, credit score issues resolution",Indore,India
Zara Inforise,https://www.linkedin.com/company/zarainforiseindia/,http://www.zarainforise.com,Power up your business with E- Wine Inventory Management Software,"Zara Inforise is a Private Limited Software Company incorporated on 02 May 2013 at Patna, India. It deals in Software as a Service & Data Analytics.  Zara Inforise Private Limited's Corporate Identification Number is (CIN) U51909BR2013PTC020221 and its registration number is 20221.Its Email address is ceo@zarainforise.com",2013,16,11-50,225,Privately Held,IT Services and IT Consulting,"Software as a Services, Retail Inventory Management, Data Ananlytics",Indore,India
Amarya Business Consultancy,https://www.linkedin.com/company/amarya-business-consultancy-1/,https://amaryaconsultancy.com/,Your helping hand to automate the world,"Amarya was founded in 2015 by two alumni from the Indian Institute of Technology, who have worked as SAP consultants in various large MNCs. We bring the fusion of new technology and industrial experience to bring out the best potential of your business with technologies such as SAP Development, Web Development, Machine Learning, Mobile App Development, Software Development, etc.",2015,18,11-50,493,Partnership,IT Services and IT Consulting,"SAP, Web Development, App Development, data Science, React, Node, Springboot, ABAP, Python",Jabalpur,India
Next Gen Tech Services,https://www.linkedin.com/company/next-gen-tech-services/,https://ngtsindore.com/,Empowering businesses with innovative IT solutions.,Next-Gen Tech Service is a company that aims towards developing technology at the advanced level of the digital world. We pursue the decrease of time-driven technological barriers with the most innovative and interactive form of technology. We are here to form the connections which will make the transactions of the technological differences smoother to get you fulfilled and up-to-date in working on your projects.,2022,24,11-50,5600,Partnership,IT Services and IT Consulting,,Indore,India
AnnCode Solutions,https://www.linkedin.com/company/anncode-solutions-ai/,https://www.anncode.com,Your Shopify Partner for Digital Excellence. 🚀 | Empowering Businesses with Innovative E-commerce Solutions 🌟,"At Anncode, we specialize in transforming ideas into digital realities. As a dedicated Shopify Partner agency, we are passionate about empowering businesses to thrive in the digital age.  With a commitment to innovation and excellence, we provide tailored solutions that enhance online presence, boost sales, and elevate customer engagement. Our team of experts combines technical expertise with creative flair to deliver impactful results.   Whether you're looking to launch a new Shopify store, opt",2018,24,11-50,1663,Privately Held,IT Services and IT Consulting,"Shopify App Development, E commerce Store Development, E-commerce Solutions, Custom Shopify Apps, Headless Development, Online Store Optimization, User Experience (UX) Design, Mobile-Responsive Design, Web Development",Bhopal,India
WeStack AI,https://www.linkedin.com/company/westack-ai/,https://westack.ai/,"GenAI, LLMs, Voice AI & RAG Solutions | Cloud-Native AI Product Engineering","WeStack AI is an AI and cloud engineering company that builds intelligent, scalable, and production-ready solutions for modern businesses. We specialize in Generative AI, Large Language Models (LLMs), Voice AI, and Retrieval-Augmented Generation (RAG), helping organizations transform ideas into real-world products.  Our expertise spans AI engineering, cloud-native architecture, and full-stack web and mobile development. Using platforms such as AWS and GCP, along with Kubernetes and Terraform, we",2024,19,11-50,1550,Partnership,IT Services and IT Consulting,"Artificial Intelligence (AI), Voice AI Solutions, Voice Automation Tools, Conversational AI, Natural Language Processing (NLP), AI Agents, Generative AI, Web Application Development, Mobile Application Development, Scalable AI Applications, LLM-based Solutions, Retrieval-Augmented Generation (RAG), AI Infrastructure & Deployment",Indore,India
Codiotic Technologies PVT LTD,https://www.linkedin.com/company/codiotic-technologies-pvt-ltd/,https://www.codiotic.com/,Empowering Businesses,"At Codiotic, our purpose is to help businesses solve complex problems using new-age technologies and automate their processes. We are industry leaders in ERP solutions and we leverage our deep industry knowledge and technical expertise to optimize business processes, maximize impact and foster business growth. We are driven by our passion to innovate and create solutions that inspire the future.",2019,31,11-50,1203,Privately Held,IT Services and IT Consulting,"web development, Mobile Development, Artificial Intelligence, Data Science, Business Automation, Enterprise Resource Planing",Indore,India
Cloud Pivot Technologies Pvt Ltd,https://www.linkedin.com/company/cloud-pivot/,www.cloudpivottechnologies.com,AI-Driven Digital Transformation & Cloud Consulting,"Cloud Pivot is a global IT consulting and digital transformation company delivering intelligent, scalable, and secure technology solutions to businesses worldwide.  With operations across India, New Zealand, and the United Kingdom, we combine global expertise with local execution to deliver high-impact enterprise solutions.  Our core services include Managed IT Services, Artificial Intelligence & Automation, Salesforce Consulting, Data Science & Advanced Analytics, Cyber Security Solutions, Micr",,16,51-200,241,Privately Held,IT Services and IT Consulting,"Data Bricks , Application Development, Data Integration and Migration, AI Applications, Website Development, Chatbot Development, Claude Partner, Trainning in Latest Technology",Bhopal,India
E-Skills Web LLP,https://www.linkedin.com/company/eskillsweb/,http://eskillsweb.com,"🚀Providing Cutting-Edge IT Developers to 💡Power the Tech Industry📈 .
We're gonna Make Indore Known For Full Stack Dev","At E-Skills Web LLP, we began our journey in 2018 with a mission to bridge the gap between skilled talent and the rapidly evolving IT industry. Since our inception, we've been committed to providing high-quality training, development, and placement services to aspiring tech professionals.  We specialize in offering cutting-edge IT talent to companies across India, with a strong focus on practical training, industry-relevant skills, and real-world experience. Over the years, we've built a reputat",2018,142,51-200,3005,Partnership,IT Services and IT Consulting,"web designing, mean stack, digital marketing, mern stack, palcement offer, career counseling, consulting, Data Analytics, Data Science, UI/UX Designing",Indore,India
TheRapidHire - CMMI Level 5 | Web| App Development | IT Consulting,https://www.linkedin.com/company/therapidhire/,https://www.therapidhire.com/,Software | Website | Mobile App Development| IT outsourcing |Certified CMMI Level - 5 company |Product Development,"TheRapidHire is a CMMI Level-5  software development, IT outsourcing, and human resources firm that focuses on the most important domains. The company has one of the most comfortable infrastructures in the industry, as well as a very strong team of technical candidates. TheRapidHire takes an agile, collaborative approach to create customized solutions across the digital value chain, with a mission to deliver quality services at a reasonable cost. Our extensive experience in infrastructure and ap",2019,104,51-200,10770,Public Company,Information Technology & Services,"Saleforce, Wordpress, shopify, java, Mobile app development, Software Development, python, React JS, Mern stack, Mean stack, website development, angular js, kubernetes, java, react native",Indore,India
AmbassadorPerk,https://www.linkedin.com/company/ambassadorperk/,https://www.linkedin.com/redir/suspicious-page?url=https%3A%2F%2Fambassadorperk%2ecom%2F,Voice Of Brands,"AmbassadorPerk stands as a dynamic force in the digital landscape, redefining how brands connect, grow, and dominate their markets. As a leading Influencer Marketing Agency and Social Media Management Agency, it blends creativity, strategy, and technology to deliver unmatched results.  At its core, AmbassadorPerk is built on the belief that every brand has a story worth amplifying. Through powerful influencer collaborations, the agency connects businesses with the right voices—ensuring authentic",2024,1,11-50,577,Sole Proprietorship,Marketing Services,"Marketing, Promotion, Business Strategies, SMM, Influencer Marketing, Meta Advertising, Web Designing, Talent Management, Campaign Marketing, Advertising, Social Media Marketig, Social Media Campaign, Regional Marketing, Social Media Management",New Delhi,India
NavTark Solutions Pvt. Ltd.,https://www.linkedin.com/company/navtark-solutions/,http://navtark.com,Latest Tech @ Right Cost. A Trustworthy IT Partner.,"Navtark (ISO 9001: 2015 Certified Company) is a one stop technology solutions provider offering cutting edge and affordable products/ services to domestic as well as global clients.  We are a trusted name in end-to-end IT services, digital marketing services, enterprise, and cloud-based solutions.  Not just enterprises, we also provide services to grass root, small and mid-level businesses where need to setup better IT infra has increased tremendously, especially after COVID 19.   ✔ Started and ",2019,20,11-50,4080,Privately Held,IT Services and IT Consulting,"Product/Application Development , Support Solutions, Digital Transformations, Cloud Solutions, Staff Augmentation Solutions, IT Consulting, Cloud Enablement (AWS, Azure, GCP), Application Mordenization , Enterprise Solutions, IT and IT infra Setup and Support, Software Architechture Design and Development, SaaS services, AWS Cloud, Opensource",Indore,India
Technestra,https://www.linkedin.com/company/technestrallp/,https://technestra.com/,Transforming Ideas into Digital Success,Technestra is a forward-thinking technology services company committed to delivering high-impact digital solutions. We partner with businesses of all sizes — from startups to enterprises — to solve real challenges with innovative technology and engineering excellence,2024,2,11-50,8,Privately Held,IT Services and IT Consulting,,Indore,India
Capital Consulting Inc,https://www.linkedin.com/company/capital-consulting-inc24/,https://capitalconsultingzen.com/,"Founded with a mission to provide exceptional accounting, auditing, and tax services.","We are dedicated to making your financial journey smooth and successful. Whether you're in IT services, selling on Amazon, developing applications, running an online retail store, or managing real estate investments, our expert team is here to help.   We offer comprehensive accounting, auditing, and tax services tailored to meet your specific needs.  We know what startups and their investors need, and we're here to support you at every stage.  We’re a creative and professional team passionate ab",2015,2,2-10,5,Partnership,Business Consulting and Services,"Due diligence, Tax service - Business and personal taxes, Management Accountant, Setup business, Accounting, Business consulting",Los Gatos,United States
TFP Technologies,https://www.linkedin.com/company/tfptechnologies/,https://www.tfptechnologies.in/,Powering innovation for startups and enterprises alike,"TFP Technologies is a dynamic IT solutions company that offers a comprehensive range of services to meet the diverse needs of businesses in the digital age. Specializing in web development, TFP Technologies builds responsive and scalable websites that enhance user experience and drive business growth. The company also provides robust DevOps services, ensuring smooth integration, continuous delivery, and operational efficiency for seamless project execution.  In addition to its expertise in web d",2022,20,11-50,120,Partnership,IT Services and IT Consulting,,Satna,India
CloudNet Solutions Pvt Ltd,https://www.linkedin.com/company/cloudnet-solutions-pvt-ltd/,cloudnetsolutions.in,"""Innovative Solutions, Reliable Results""","At CloudNet Solutions, we're dedicated to helping your business thrive in the digital age. Whether you need custom software, a stunning website, or expert IT consulting, we are here to make your vision a reality. Partner with us and let’s grow together.",2024,19,11-50,72,Partnership,IT Services and IT Consulting,,Indore,India
Bheema Infotech Pvt Ltd,https://www.linkedin.com/company/bheema-infotech/,https://bheemainfotech.in/,Offshore Engineering Partner | Dedicated Developers for Agencies & Scaling Tech Teams,"Bheema Infotech Pvt Ltd is an offshore engineering partner helping digital agencies and growing tech teams scale their development capacity with dedicated remote developers.  With over 7+ years of experience and 100+ successful projects delivered, we specialize in providing pre-vetted developers who integrate seamlessly into client workflows and deliver consistent sprint-based results.  Our Core Capabilities  • Dedicated MERN Stack Developers • PHP & Laravel Engineers • Flutter & Mobile App Deve",2024,19,11-50,995,Privately Held,IT Services and IT Consulting,"Healthcare Website & App Solutions, Real Estate & Property Tech Platforms, Staff Augmentation Services, Offshore Software Development, Dedicated Remote Developers, White-Label Development Partner, Fintech & Financial Planning Platforms, eLearning & Education Portals, Business Automation Solutions, SaaS Application Development, Dedicated Development Teams, Staff Augmentation for Agencies",Indore,India
Workholics,https://www.linkedin.com/company/workholics/,http://www.workholics.com/,,"We are Workaholics “Addicted to work”. We at workaholics provides innovative wings to your imagination so as to ease up your complexity.   Workholics InfoCorp is a complete web solutions group which provides all IT solutions that comprehend hi-end IT strategic solutions, design solutions and software development services for the organizations across the GLOBE.  Our innovative products and services are well designed to suit the clients imagination all over the world. Our services usually cove",2014,43,11-50,5024,Sole Proprietorship,Information Technology & Services,,Indore,India
Cakelicious - The most beautiful cakes in town,https://www.linkedin.com/company/cakelicious-the-most-beautiful-cakes-in-town/,,The most beautiful cakes in town,"During my journey from “I can do it” to “I did it”, I found myself.   With passion, innovation comes naturally! When you are determined, focused, and committed, quality and efficiency are inevitable. Positioning our products as gourmet with healthy decadent ingredients is a sight to behold. Cakelicious- Indore’s first truly personalized Eggfree cake design studio which I started in 2011 where we create, share and buy smiles through bakes.  I became a professional baker and cake designer as it st",2012,1,2-10,26,Sole Proprietorship,Baked Goods Manufacturing,,Indore,India
Aerozef Creations,https://www.linkedin.com/company/aerozef-creations/,http://aerozefcreations.com/,Your Digital Roadmap to Revenue: IT Solutions That Pay Off.,"Welcome to Aerozef Creations – Where Expertise Meets Innovation!  🚀 About Us 🚀  At Aerozef, we're not just a team; we're your dedicated partners in the dynamic world of IT solutions. With a passion for excellence and a commitment to delivering top-notch services, we bring a collective of skilled freelancers under one roof to cater to all your IT needs.  🌐 What Sets Us Apart:  - Versatility: From web development to cybersecurity, graphic design to software solutions, our diverse team covers the e",2018,15,2-10,857,Sole Proprietorship,IT Services and IT Consulting,,Indore,India
Delta Clue,https://www.linkedin.com/company/delta-clue/,https://www.deltaclue.com/,Top-Notch eCommerce and Amazon SC & VC Experts and Digital Marketing Service Provider!,"We don’t speak for ourselves much, it’s our work that does all the talking. In a nutshell, Delta Clue is a Digital Marketing Service Provider Company based in Indore (India). Our team of Digital Marketing and Content experts works their heart out to handle every project delicately and deliver the results with a fresh touch. With all that achievements going around us, how can we not be influenced? So, we work to provide you with the best.",2015,14,11-50,1331,Sole Proprietorship,IT Services and IT Consulting,"Digital Marketing, E-commerce Marketing",Indore,India
ClecoTech (CMMI Level 3 and ISO 27001 Certified),https://www.linkedin.com/company/clecotech/,https://www.clecotech.com,"Happy Team is dedicated to providing excellent IT services in Web, Mobile, GPTs, and AI/ML based projects. ","Clecotech is a global IT software services provider company, with a committed team of happy engineers based across India.  For more than 7 years we have been developing cutting edge software solutions for various small & large enterprises. Clecotech believes in a ""Customer for Life""​ philosophy to build collaborative partnerships and creates long-term business value for its clients by investing in IP, solutions and industry-focused delivery teams with deep domain knowledge.  We wake up and chase",2012,29,11-50,7036,Privately Held,IT Services and IT Consulting,"Ruby, Ruby on Rails, Python, Django, Javascript, jQuery, AngularJS, ReactJS, Relay, PHP, SQL, NoSQL, HTML, CSS, Odoo, Canvas LMS, Fedena",Indore,India
Mentroid,https://www.linkedin.com/company/mentroid1/,www.mentroid.co.in,AI Solutions for Smarter Business Growth,"Empowering businesses and individuals with intelligent chatbot development, advanced ML training, and strategic AI career guidance — turning innovation into impact.",2025,12,2-10,1289,Privately Held,IT Services and IT Consulting,"AI/Ml, Photo/Video editing",Sehore,India
DigiQure E-Clinic,https://www.linkedin.com/company/digiqure-eclinic/,https://sakshamhealth.com/,Delivering Last-Mile Healthcare,"At DigiQure E-clinic, We are democratizing access to quality healthcare for 1 billion rural & semi-urban populations, using telemedicine. 72% of India's population lives in rural/semi-urban areas, where only 21% of all the doctors are available, resulting in a huge demand-supply mismatch.  We are solving this problem by establishing telemedicine-based E-clinics in these areas (10 working E-clinics in MP, UP & Bihar), which facilitate Video consultation with specialist doctors, digital prescripti",2020,15,11-50,1506,Privately Held,Hospitals and Health Care,"Clinic Management System, Appointment Management, Prescription Management, Patient Management, Mobile App for Patients, Financial Billing and Analytics, Video Consultation, Telemedicine Solutions, Poly Clinic Management, Pharmacy Management, Lab Management, Medical Document Repository, Social Media Management, Data Security with 256 bit encryption, 24x7 Customer Support, HIPAA Compliance, EHR Compliance, Virtual Receptionist, Eclinics, E-clinic, e-Clinics, digiqure e-clinic, saksham health",Bhopal,India
Retinodes Software Solutions Pvt. Ltd.,https://www.linkedin.com/company/retinodes/,https://www.retinodes.com,~ Following Dreams,"Retinodes is an emerging and youthful company providing motivation and solutions to various other software companies and organizations. The three pillars on which the institute stands are not fictional, but are real life living versions of the prestige and legacy it carries. All that it has achieved and strives to achieve in future are all the efforts and dedication of the young bubbling team working behind the stage.  Retinodes not only dreams to provide quality services to its clients but also",2014,32,11-50,1620,Privately Held,IT Services and IT Consulting,,JABALPUR,India
Snayvik Tech Labs PVT. LTD.,https://www.linkedin.com/company/snayvik-tech-labs-pvt-ltd/,http://Snayvik.com,"“Creating value through turns your idea into reality”.
","Snayvik Tech Labs is a versatile platform for all Development solutions. We have created a unique identity among thousands of organisation across the globe because of our performance. Our hard work, creativity, and skills make us a leading company in IT services.  We are proud to collaborate with professionals IT software developers who are experts in providing services like Web Development, Mobile App Development, Software Testing, Cloud Service, Internet of Things, UI/UX Design, etc. We offer ",,23,11-50,3466,Privately Held,IT Services and IT Consulting,,Indore,India
SEOBEAM INFOTECH PRIVATE LIMITED,https://www.linkedin.com/company/seobeam-infotech-private-limited/,https://www.indazo.com/,,SEOBEAM INFOTECH PRIVATE LIMITED is a company .,,25,2-10,315,Privately Held,IT Services and IT Consulting,,BHOPAL,India
White Feather Consultancy,https://www.linkedin.com/company/white-feather-consultancy/,https://white-feather.in/,"Innovation in Your Hands |
Let’s build the future together |","We are a digital agency that enables brands to accomplish their business objectives. We leverage technology as a tool to create amazing things that matter. We focus on people and align our solutions with the business to provide the highest value and outcomes for organisations. We offer comprehensive enterprise software consulting with strategic advice, support and solutions that help organisations realise their potential.",2021,37,11-50,1298,Privately Held,IT Services and IT Consulting,,Bhopal,India
Cloudnine,https://www.linkedin.com/company/cloudnine9/,https://cloudnine.llc,"Japan Market Entry Consultant for Global Brands — Localization, E-commerce, and Strategy that Work in Japan","Cloudnine helps global brands successfully enter the Japanese market.  Many companies fail in Japan not because of product quality, but because of poor localization and lack of cultural understanding.  We go beyond translation. Our team provides market-fit localization, e-commerce optimization, and strategic support designed specifically for the Japanese audience.  Our services include market research, localization, Shopify and Amazon setup, and UX optimization for Japan.  If you are exploring t",2020,55,2-10,71,Privately Held,IT Services and IT Consulting,,Akashi,Japan
DOES Solutions Infotech Pvt. Ltd.,https://www.linkedin.com/company/doessolutions/,http://www.doessolutions.co.in,Sorts You Out,"DOES Solutions is a worldwide outsourcing provider of information technology services. We offers web development, software development, and IT consulting for corporate and small businesses. DOES Solutions headquartered in India that has the most dynamic growth of IT business in not only in Asia but all over the Globe.  DOES Solutions is an Indian professional web design and web development company providing a full range of web services including ecommerce website design, flash animation web si",1999,21,11-50,468,Privately Held,IT Services and IT Consulting,"Custome ERP Specialist, Inventory Management ERP, php core / ecommerce, CRM / CMS, SEO  / SMO / SMM, e-Commerce applications, Mobile Applications, Internet Marketing, Corporate Identity Creation, Institute / School Management, Email / Server Solutions",Indore,India
ShowTimeBro,https://www.linkedin.com/company/showtimebro/,https://showtimebro.com/,From Your Couch to the Front Row – ShowTimeBro,"Welcome to ShowTimeBro – India's fastest-growing event management and ticketing platform!At ShowTimeBro, we're transforming how Indians discover, book, and experience live events. Whether you're seeking your next concert, sports event, or cultural show, or an event organizer wanting to reach millions – we've got you covered.FOR EVENT ENTHUSIASTS:  Browse thousands of events across music, sports, entertainment, comedy, and cultural shows Secure ticket booking in seconds with instant digital ticke",,1,2-10,15,Privately Held,Events Services,,,
HL Institute of Technology,https://www.linkedin.com/company/hlinstituteoftechnology/,www.hlcodingschool.com,Empowering Coder’s for Success…🧑‍💻,"C , C++ , Java ,Python , Full Stack Development , DSA , Cloud Computing , Machine Learning , Data Science, Cyber Security etc..",2023,2,2-10,114,Educational Institution,Education,,Bhopal,India
Soft Solution,https://www.linkedin.com/company/soft-solution/,http://www.softsolution.org,,"SoftSolution offer IT services, Training and Server access to clients to fulfill their needs for their growth & prosperity, to enhance their productivity and to innovate their business strategies aiming towards taking business to new heights.  Soft Solution is a fast growing, Consulting organization, providing technology enabled high quality, cost effective and business integrated solutions and services to its customers worldwide. Soft Solution is esteemed to deliver a broad spectrum of IT sol",,115,51-200,547,Partnership,IT Services and IT Consulting,,Ghaziabad,India
Star Web India,https://www.linkedin.com/company/starwebindia/,https://starwebindia.com,"We transform BRANDS, into DIGITAL experience","Star Web India was established in 2015 and over the last 07 years has grown into a leading full-web application, Mobile application company in India Indore. We have a dynamic team of 20+ talented developers and designers who are determined in delivering award-winning digital solutions.  Best Solutions to Improve your Business like Application, website design, SEO, SMO, Domain, Business promotion. What we say, we do, no ifs, ands, or buts. Star web India will work with you to create a scope of wo",2015,23,11-50,678,Sole Proprietorship,IT Services and IT Consulting,,indore,India
FUTURUM,https://www.linkedin.com/company/futurumgroup/,https://futurum.in/,Result-Driven Creative Agency,Futurum Marketing Agency 8 Years Of Building Brand 💫 MP’S Trusted Branding Company,2017,14,11-50,548,Sole Proprietorship,IT Services and IT Consulting,,Indore,India
webOdoctor,https://www.linkedin.com/company/webodoctor/,http://webodoctor.com/,"150+ Clients Worldwide. 7+ Years of Exp. webOdoctor | Aheading Innovations
",We re-affirmed our long term commitment to your brand through the meaningful innovation of our strategies and products with the launch of brand new promise- webOdoctor delivers product aheading innovations.  Our '​ Aheading Innovations'​ brand line is the simplest distillation of our brand commitment which encapsulates a meaning innovation creating a difference for your brand.  Our Service:- App Development Fantasy Sports Development Sports Betting Crypto Currency Website Development Digital Mar,2017,12,11-50,1193,Partnership,Information Technology & Services,"Software Development, Custom Software Development, Mobile Game Development, Custom Web Development, PHP Web Development, IoT Development, App Development ( IOS & Android), Crypto Exchange Software, Casino Game Development, Crypto Currency Development, Angular. JS Web Development, Chatbot Development, Website Design, Java Development, E-Commerce Solution, JS Frameworks Development, API Services, Payment Gateway Services, Content Writing, Digital Marketing, Social Media Marketing, Pay-Per-Click Advertising, ERP Solutions, Facebook Marketing",Bhopal,India
Engineer Sahab Education,https://www.linkedin.com/company/engineer-sahab-edu/,https://www.engineersahabedu.com/,Building Tomorrow's Tech Leaders Today,"Engineer Sahab Education, a leading software training institute specializing in UI/UX Design, MEAN Stack, MERN Stack, AngularJS, ReactJS, NodeJS, and Digital Marketing. We offer expert-led training, hands-on projects, internships, and 100% placement support. Our courses are designed to bridge the gap between academic knowledge and industry demands, ensuring students gain practical experience and job-ready skills. With flexible learning options and a dedicated placement cell, we prepare you for a",,107,11-50,2299,Educational,Education,,Indore,India
Maverick Console Services Pvt. Ltd.,https://www.linkedin.com/company/maverick-console-services-pvt--ltd-/,https://www.maverickconsole.com/,Contact +91-8889785888 For : Startup Solution | Website/Software/Mobile App Development | Digital Marketing ,"""Innovating Beyond Boundaries, Delivering Unmatched Excellence""  At Maverick Console Services Pvt Ltd (MCS), we redefine the IT landscape by breaking barriers and challenging conventions. Founded by visionary engineers with a passion for technology, we are relentless in our pursuit of innovation and excellence.    From our inception, we have embraced change, adopting cutting-edge Agile methodologies to ensure faster, more flexible, and high-quality project deliveries. Our commitment to collabora",2014,22,11-50,5328,Privately Held,Information Technology & Services,"Website Designing, Website Development, Software Development, Digital Marketing, Logo Designing, SEO, Bulk SMS, Branding Services, Android Application Development, Startup Solution, IT Consultation",Indore,India
FODUU - Web Design Company India,https://www.linkedin.com/company/foduu---best-web-design-company-in-india/,https://www.foduu.com/,FODUU offers affordable web design solutions. Also know for digital marketing & custom build website design company. ,"FODUU is a Best Web Design and software development services provider IT Company located In Indore, India. We are a efficient company specializing in custom website design and development, identity building and online marketing at affordable and competitive rates. Using the latest technologies, we are able to develop effective and attractive, best web design  they will be customized to fit your individualized needs. To view our more services visit our website and make the success of your web pre",2008,38,11-50,7359,Sole Proprietorship,IT Services and IT Consulting,"Website designers, Web design services, Best website design, Professional web designer, Website developers, Search engine Optimizaition, Graphic design, website graphic designer, Bulk SMS, Best web designers",Indore,India
Casavo Soft,https://www.linkedin.com/company/casavo-softt/,www.casavosoft.com,Your Vision Our Tech...,"Casavo Soft is one of the well-known IT solutions providers in India that primarily focuses on the provision of software development and IT outsourcing services. With a focus on providing software development outsourcing and offshore software services for individuals, small and medium-sized organizations, and corporate clients, we have a team of specialists with experience, innovation, and dynamism.  Additionally, we excel at developing enterprise applications, products, web and mobile applicati",2022,11,11-50,3759,Sole Proprietorship,IT Services and IT Consulting,,Indore,India
Smarg Technologies,https://www.linkedin.com/company/smarg-theparkking/,http://www.smargtech.com,Transform governance and incident management effortlessly with our award-winning solution,"Reinvent governance and incident management with our revolutionary award-winning solution! Our remarkable accuracy rate of over 95% ensures you proactively stay ahead of the incident's impact. Harness the power of advanced analytics, alerts, specialized dashboards and governance tools. Ready to transform security and operational efficiency for your enterprise? Request a demo at: sales@smargtech.com, +91 7000068331  ",2018,17,2-10,2020,Privately Held,IT Services and IT Consulting,"Smart Parking & Traffic, Smart Surveillance & Security, Communication & Culture, Customer Insights & Analytics",Indore,India
Prema Software Solutions,https://www.linkedin.com/company/prema-software-solutions/,https://premasoftware.com/,,PREMA GROUP was incorporated in 1989 with the objective of enhansing the knowledge of students to meet the real life challenges of industry.,1989,18,11-50,40,Sole Proprietorship,IT Services and IT Consulting,"3D Printing, 3D Scanning, CAD Customization, Reverse Engineering, CAE Solutions",Bhopal,India
Aimerse Technologies India Private Limited,https://www.linkedin.com/company/aimerse/,https://aimerse.com,Aim and achieve a goal with deadline,"Welcome to Aimerse Technologies India Private Limited! 🚀  At Aimerse, we transcend the conventional; we are not just a company, but a collective of passionate developers dedicated to turning ambitions into reality. Our journey is defined by purpose, and every day is a canvas where we strive to achieve our goals with unwavering commitment.  What Sets Us Apart: 🌐 Software Development Excellence: We breathe life into ideas through cutting-edge software development. Whether you're an MSME, a startup",2019,12,201-500,1133,Privately Held,IT Services and IT Consulting,"Android Applications, Web Portals, IOS Applications, UI/UX Design, Custom Software Development, Mobile App Development, Web Application Development, Digital Marketing Strategy, Search Engine Optimization (SEO), Social Media Marketing, E-commerce Solutions, Collaborative Consulting, Innovative Solutions, Client-Centric Approach, Efficiency Meets Affordability",Bhopal,India
The HR India,https://www.linkedin.com/company/thehrindia/,https://www.thehrindia.com/,Search Jobs | Hire Candidates,"The HR India portal has been prepared with the objective of bringing job seekers and employers on a common platform. The portal allows Job Seekers to register themselves, develop their profile, generate a resume, select employment opportunities, and apply for them on a click of a button. The employers registered on the portal can post vacancies, invite applicants, and identify suitable profiles registered on the portal. Further, the portal will also build a mechanism to schedule interview teleph",2019,18,11-50,97,Sole Proprietorship,Human Resources Services,,Bhopal,India
Fealty Technologies,https://www.linkedin.com/company/fealty-technologies/,https://www.fealtytechnologies.com/,we believe in thought Technology Changes Lives,"Fealty Technologies founded in October 2020 and based in central part of India. Fealty Technologies help its customer in their Digital Transformation Journey.   As our tagline we believe in thought Technology Changes Lives.  We are here to change traditional business into new modern way to do business. We suggest new cutting edge technology to solve customer old business problems.   We work as technology partner with our clients.  We are providing solution in all modern technologies like AI/ML, ",,23,2-10,2253,Self-Employed,IT Services and IT Consulting,,Indore,India
Zara Inforise,https://www.linkedin.com/company/zarainforiseindia/,http://www.zarainforise.com,Power up your business with E- Wine Inventory Management Software,"Zara Inforise is a Private Limited Software Company incorporated on 02 May 2013 at Patna, India. It deals in Software as a Service & Data Analytics.  Zara Inforise Private Limited's Corporate Identification Number is (CIN) U51909BR2013PTC020221 and its registration number is 20221.Its Email address is ceo@zarainforise.com",2013,16,11-50,225,Privately Held,IT Services and IT Consulting,"Software as a Services, Retail Inventory Management, Data Ananlytics",Indore,India
10XWeb Solutions Pvt. Ltd.,https://www.linkedin.com/company/10xwebsolutions/,https://10xwebsolution.com/shopify-website-development.php,Leading WordPress and Shopify Website Development Agency,"10XWeb Solutions is the leading Web and Mobile Apps Development agency with 10+ professional software engineers. The firm was founded in 2011, which means over one and half-decade, with the vast network and expertise, we continuously cater our flawless services to clients across the world. We are a team of domestic and international skilled developers who have broad knowledge in a wide range of technologies and frameworks for web and app designing and development.  Our Skills and Expertise: Back",2011,35,2-10,373,Privately Held,IT Services and IT Consulting,,Indore,India
Digital Marketing Systems Pvt. Ltd.,https://www.linkedin.com/company/digital-marketing-systems-pvt.-ltd./,http://digitalerp.xyz,,"Digital Marketing System Pvt. Ltd. is a Silver Partner of ODOO, and offering ODOO ERP solutions, IOT (Internet of things), Mobile app development, & Digital marketing to the businesses.  Business Unit Introduction The year 1992, Digital Marketing Systems Pvt. Ltd.  Indore An ISO 9001:2008 and NSIC-Crisil rated organization came into existence. We are working in the areas of industrial automation and instrumentation from last two decades and have diversified into the IT software solutions.   Segm",1992,28,11-50,651,Privately Held,IT Services and IT Consulting,"Erp Development in ODOO, SEO and Digital marketing, E-commerce, Websites",Indore,India
Trank Tite Technologies,https://www.linkedin.com/company/trank-tite-technology/,https://tranktite.com,Innovate. Integrate. Accelerate.,"Trank Tite Technology is a dynamic IT and digital marketing company committed to transforming businesses through innovation, strategy, and smart technology. We specialize in delivering scalable, secure, and customized digital solutions that align with modern business goals. From AI-powered software development and cloud infrastructure to data analytics, cybersecurity, and marketing automation, we help organizations of all sizes embrace digital transformation with confidence.  Our services includ",2023,13,11-50,3149,Self-Employed,IT Services and IT Consulting,,Indore,India
Ample eBusiness,https://www.linkedin.com/company/ample-ebusiness/,https://www.ampleebusiness.com/,"Purpose-Driven #Development Teams Aim For High #Performance, #Innovation, and #Productivity.","Ample eBusiness is one of the fastest-growing IT companies in India. We provide services that are a key pillar of any business. An appealing website, favourable branding, and development that will take your business to new heights. Specializing in custom web development, responsive web designing, mobile app development, business application development, and software development. Delving into new horizons with development in winery solutions, and wine website development.  We provide dedicated de",2013,21,11-50,1573,Privately Held,IT Services and IT Consulting,"Website Design and Development, Digital Marketing, Mobile App Development, Web Design, Web Development, Social Media Marketing",Indore,India
Zeroteq Software Pvt Ltd,https://www.linkedin.com/company/zeroteq/,https://zeroteq.tech/,Engineering the Future of Intelligent Software,"Zeroteq Software Pvt. Ltd. is a technology company focused on building intelligent, secure, and scalable digital ecosystems for the Banking, Financial Services, Telecom, and Retail industries.  We specialize in API architecture, event-driven systems, and AI agents, enabling enterprises to securely exchange, process, and leverage data at scale.  Our mission is to power the next generation of digital enterprises through intelligent automation, secure data orchestration, and real-time decision inte",2025,3,11-50,13,Privately Held,Software Development,,Dubai,United Arab Emirates
Sun Shine IT Solution,https://www.linkedin.com/company/sun-shine-it-solution/,https://sunshineitsolution.com/,Smart Solutions for a Digital World.,"Sun Shine is leading IT company in India ,UK & Canada we provide IT services like software , web development , App development , Digital marketing and also provide software products. Company started by Akshay Shrivastav  from 2015 and establish & registered on 31-May-2016, That time all software consulting was  in India  , After some time Akshay Shrivastav Started work internationally and the first project was from Saudi Arabia. We also possess strong Web development and web application Developm",2015,42,201-500,495,Privately Held,IT Services and IT Consulting,"Development, Designing, Android App Development, Ios App Development, Game Development, Website Design, Software development, Customize Software",Indore,India
CodeRevolts,https://www.linkedin.com/company/coderevolts/,http://coderevolts.com,,"A leading web based Application development and web design company based in India. We strive to deliver quality solutions by using technology and our vast experience. Equipped with all required offshore development infrastructure and team in India, we specialize in offshore development of Web Enabled Applications, offshore website development, E-commerce, PHP / Ruby on Rails programming.",2007,12,2-10,69,Sole Proprietorship,IT Services and IT Consulting,"PHP, Ruby on Rails, Oracle, Linux",Indore,India
ThinkDebug,https://www.linkedin.com/company/thinkdebug/,http://thinkdebug.com,"Thinkdebug | End-to-end IT solutions | Website, Mobile App, Software, ERP, CRM, Blockchain & SEO Experts","ThinkDebug is a multinational  IT Software development Company having its head office in Indore(India) that spotlights on lucrative, timely delivered and extremely qualitative IT enabled services.  With prosperous and speckled knowledge in software development solution that gives your business a new dimension over your contestants. Its unique software model fetches utmost targeted results to your business.  This Software Development Company team of professionals having in-depth expertise in la",2012,35,11-50,2386,Privately Held,Information Technology & Services,"web development, web design, android app development, php development, ios development",indore,India
BUZZART SOFTWARE PVT LTD,https://www.linkedin.com/company/buzzart-software-pvt-ltd/,https://www.buzzartsoftware.com/,We Create Future Together ,"Our inventive, data-driven approaches help organizations and people around the world to perform more effectively and achieve better results. We aim at establishing strategic, long-term client relationships with continued persistent support.  We are buzzartians.  We work with a strong understanding of your business needs to discover results that meet your long-term goals. Our specialist can help to develop and implement an effective IT strategy, help in smooth digital transfigure and system integ",,20,201-500,2184,Privately Held,IT Services and IT Consulting,,Bhopal,India
Design Monks - UI UX | Branding | SaaS | Webapp Design Agency,https://www.linkedin.com/company/designmonks/,https://designmonks.co/,"Good Design, Good business","Design Monks LLC is a leading UI/UX and web design agency helping brands create high-impact digital experiences. With a talented in-house team of 30+ designers and developers, we craft intuitive, conversion-focused websites and digital products that drive real business growth.  From UX research and wireframes to final development, every project is built with one goal in mind - helping brands grow through smarter, user-centered design.  We’ve proudly worked with some of the world’s most respected",2021,50,11-50,17778,Privately Held,Design Services,"Illustration, App design, App development, project management, Animation, Website Design , Website Development , Design Framework, Kiosk app design, Software design , Software development, Brand Identity , Logo design, UX Audit, UI Design, Android Apps  , Domain , Hosting, Product Design",Mount Arlington,United States
Cubexo,https://www.linkedin.com/company/cubexo/,https://www.cubexo.io,,"CubexO Software Solution LLP is a technology consulting, digital engineering, and IT staff augmentation company helping businesses accelerate digital transformation through innovative and scalable technology solutions. Since 2019, we have partnered with startups, SMEs, and enterprises to deliver custom software development, AI & Machine Learning, Data Engineering, Cloud & DevOps, Full-Stack Development, Web & Mobile Applications, QA, and dedicated engineering teams. With flexible engagement mode",2019,116,51-200,16700,Partnership,IT Services and IT Consulting,"IT Staff Augmentation, Software Development, Custom Software Development, AI & Machine Learning, Generative AI, Backend Development, Frontend Development, Product Development",Indore,India
Webdunia,https://www.linkedin.com/company/webdunia/,http://www.webdunia.net,,"Webdunia is a unique combination of technology and language intellectual wealth along with a proven track record of customer empathy, unequivocal delivery standards and satisfied long-term customer engagement. More than 12 years of a strong customer-centric approach with continuous quest for high-class quality solutions that have enabled us to attain and sustain leadership in all business verticals we serve. Webdunia collaborates with clients and is always committed to divulge the key ingredient",2000,323,201-500,12308,Privately Held,IT Services and IT Consulting,"Localization & Translation, IT Services, Software Development, Content Services, SMS Based Services",Indore,India
Solwin Technologies,https://www.linkedin.com/company/solwin-technologies/,https://solwintech.in,INNOVATION . INTEGRATE . INSPIRE .,"The journey of Solwin Technologies began in 2003 with a simple vision — to use technology not just as a tool, but as a bridge that connects ideas, businesses, and people. What started as a small initiative driven by passion, dedication, and innovation gradually evolved into a trusted technology partner for businesses across multiple industries.  Today, Solwin provides a wide range of IT and digital services including software development, web and mobile application development, AI solutions, tec",2003,12,11-50,73,Sole Proprietorship,IT Services and IT Consulting,,,IN
"A.I.G. Technologies, Inc.",https://www.linkedin.com/company/aigtechnologies/,http://www.aigtechnologies.net,,"A.I.G. Technologies, Inc. is a quality developer and manufacturer of personal care, cosmetic, OTC (over-the-counter) and pharmaceutical topical drug products.  Incorporated in 1997, A.I.G. Technologies is a Florida-based company that has established a reputation for building long-term relationships with our clientele. We have achieved this success by consistently meeting the needs of our clients through quality and commitment.  Our philosophy has always been to constantly strive towards providin",1997,5,11-50,364,Privately Held,Manufacturing,"Topical Pharmaceuticals, Cosmetics, Active Ingredient Products, Consulting, Manufacturing, Formulation, Scaling Lab Samples to Production Size, Research and Development",Deerfield Beach,United States
Innovait Technologies,https://www.linkedin.com/company/innovait-technologies/,https://www.innovait.in,One Stop Solution for All IT Needs.,"Innovait Technologies is a premier IT Solutions & Digital Marketing Agency, recognized for delivering excellence, innovation, and measurable business growth. As a forward-thinking technology partner, we provide over 50+ services, making us the true One-Stop Solution for all your IT and digital needs.  At Innovait, we go beyond conventional service delivery—we combine strategy, creativity, and advanced technology to build solutions that help businesses scale with confidence. Our approach is simpl",,11,11-50,95,Privately Held,IT Services and IT Consulting,,indore,India
Shrimad Technologies,https://www.linkedin.com/company/shrimad-technologies/,http://www.shrimadtechnologies.com,Delivering Beyond Expectations !,"At Shrimad Technologies, our team of proficient experts delivers highly dependable and swift professional assistance to our valued clients. Our core competencies encompass the management of IT support and services, as well as expertly navigating Microsoft Cloud and Hybrid solutions. We are well-versed in modern work solutions and robust security measures to empower your organization.",2018,18,11-50,3356,Partnership,IT Services and IT Consulting,IT Managed Services,Indore,India
Dhakad Technosoft Private Limited,https://www.linkedin.com/company/dhakad-technosoft-private-limited/,http://www.dhakadsoft.com/,,"Dhakad Technosoft is a rapidly growing, new generation IT company with extensive experience in designing and developing cutting edge custom software solutions and e-Business solutions. We develop robust Mobile and web solutions that transform businesses into online management tools. We are a group of highly motivated IT professionals with ability to innovate and a strong desire to excel. From start ups to established businesses, we help people transform their mobile and web presence into an asse",2017,20,11-50,1010,Privately Held,IT Services and IT Consulting,"Mobile development , Web development",Indore,India
Cyber Elite,https://www.linkedin.com/company/cyber-elite/,http://www.cyberelite.in,The Best Results Are Obtained by Tasking the Right People to The Right Project,"Headquartered in Indore, Madhya Pradesh, Cyber Elite is a group of Information Technology & Workforce solutions experts involved in learning and serving the private, public and social sectors specialising in Business Transformation.   From our C-suite to the front line, we partner with our clients to evolve their organisation’s in the ways that make the biggest difference by adding value. This requires embedding digital and design oriented approaches into core processes and building capabilities",2012,18,11-50,1223,Privately Held,IT Services and IT Consulting,"Web Designing, software Development, Mobile Application Development, Custom Application Development ",Indore,India
Infobyd | Complete CRM Solution Provider (Zoho Alliance Partner),https://www.linkedin.com/company/infobyd/,http://infobyd.com/,,"We make quick and informed decisions in a complex, fast-paced, competitive business environment and adopt innovations in technologies to create more value for customers which maximizing customer opportunity across the relationship lifecycle with offerings needed to gain repeat business and stability.",2016,12,11-50,378,Privately Held,IT Services and IT Consulting,"ZOHO CUSTOMIZATION, ZOHO INTEGRATION, ZOHO API, ADMIN SUPPORT, Zoho Finance Plus, Zoho Desk, Mail2Lead Automation , Infobyd Knowledge Hub",Indore ,India
MyInfoline For All Your Local Search,https://www.linkedin.com/company/my-infoline/,https://www.myinfoline.com,,"My Infoline -whole world at your fingertips is internet based company offering local search facilities to the visitor of sites for finding manufacturer, whole seller, distributors, retailers, dealers, B2B businesses and Products.  My Infoline forum providing latest local and international news, knowledge about new technologies, gossip of bollywood and hollywood, funny photos and Videos to the visitor of site.  My Infoline providing free digital business listing, free digital business cards, ",2013,7,11-50,80,Partnership,IT Services and IT Consulting,"Internet Marketing, Laed Generation, Online branding & Promotion, It Services",,
Unique World Robotics,https://www.linkedin.com/company/uniqueworldrobotics/,https://uniqueworldrobotics.com/,Unique World Robotics LLC is one of the finest corporations in the Middle East offering end to end robotic solutions.,"Anybody can build a Robot. Sounds preposterous, doesn’t it?  We believe that, with the right guidance and exposure to real-world Robotics, we can build an educational ecosystem where anyone from a young primary school student to a working professional, could learn to build a fully functional Robot. Be it a Humanoid or an Industrial Robot or Drones, you’ll get to experience the latest models, up close and personal. Humanoid Robots, Industrial robots, Drones and Fable shaped Robots are just a few ",2019,97,11-50,11545,Educational Institution,Education Administration Programs,"Robotics Classes, IoT, Dobot, Sanbot, Cozmo, Industrial robots, Humanoid Robots",Dubai,United Arab Emirates
ATOMS GROUP,https://www.linkedin.com/company/atomindia/,https://atomsindia.com,"Atoms Group Information Technology based company provides 360 IT Solutions  & software development ""You think We create""","Since 2009, Atoms Group, an Information Technology based company is providing 360 IT business process solutions and management to transform any business process. We have thousands of plus happy customers across India and abroad. Atoms services  Including –  Complete quality website development,      Software development,  Android Application Development,               Recharge and Utility Services,  Services API,              SEO Services,                 SMS services,  Digital Security Solution",2011,19,11-50,139,Public Company,IT Services and IT Consulting,,Bhopal,India
Azone jewelry,https://www.linkedin.com/company/azone-jewelry/,https://azonejewelry.com/,"OEM & ODM Jewelry Manufacturer | Stainless Steel, Brass & Silver Jewelry | Custom Designs, Private Label & Global Wholes","Trusted Jewelry Manufacturer in China Custom Jewelry Production Since 2003 Stainless Steel, Brass & Sterling Silver OEM • ODM • Wholesale",2003,1,11-50,697,Privately Held,Wholesale Luxury Goods and Jewelry,"jewelry, stainless, brass, gold plated, fashion jewelry, fine jewelry, wholesale , b2b, manufacturing",Dongguan,China
IT FRNDLeads,https://www.linkedin.com/company/itfrndleads/,http://theitfrnd.com/,Precision in Every Prospect,"🚀 Welcome to IT Frnd – Your Trusted Tech & Lead Gen Partner 🚀  Founded by Shahrukh Baig, a data-driven growth strategist and Co-Founder of IT Frnd, we help businesses scale smarter with powerful lead generation & automation solutions. We're not just another service provider — we’re your extended growth team.  🎯 Our mission: Empower businesses with clean, accurate, and ready-to-use B2B data to fuel outreach, boost pipeline, and drive results.  🔍 What We Do Best We blend human intelligence with au",2018,16,11-50,188,Privately Held,IT Services and IT Consulting,"B2B Lead Generation, LinkedIn Lead Sourcing, Email List Building & Verification, CRM Data Enrichment & Cleanup, Contact List Building, Web Scraping & Automation, Google Maps Data Extraction, Sales Navigator Research, Cold Outreach Support (Email & LinkedIn), Prospect Research & ICP Targeting, Company & Contact Profiling, Data Mining & Data Cleansing, Startup & Agency Growth Support, Custom Tech Solutions for Data Collection, Real-Time Data Scraping Projects, List Cleaning & Email Validation",Burhanpur,India
MR Softwares,https://www.linkedin.com/company/mr-softwares/,http://mrsoftwares.in,Looking for one stop solution for your tech needs? Look no further the  Mr. Softwares is here,"MR Softwares started software operations in Sept, 2008 at Ujjain (MP). We pride ourselves in being a team of highly motivated & dedicated professionals working on cutting edge web and smartphone technologies to produce reliable solutions for your business. Through all the years of our existence, we have developed a strong presence in the Education, Law and Government verticals and as of today, we are serving 1000+ customers spread across  2 continents",2008,44,11-50,1813,Sole Proprietorship,IT Services and IT Consulting,"ERP for End to end School Management, Mobile Apps for Schools, parents and staff, Case, document management solutions for legal practioners, Mobile Apps for Advocates",Ujjain,India
Jawam Infotech,https://www.linkedin.com/company/jawam-infotech/,http://www.jawaminfotech.com/,"Journey to an Innovation, Jawam Infotech delivers end-to-end solutions in staff augmentation, vendor management.","We are Jawam Infotech: Journey to an Innovation  At Jawam Infotech, we’re dedicated to bridging the gap between innovative software solutions and exceptional talent. Specializing in outsourcing, we provide businesses with the resources and expertise needed to bring their projects to life efficiently and effectively.  Our approach is rooted in understanding your unique challenges and delivering tailored solutions that drive results. From project management to technical execution, we ensure a seam",2024,24,11-50,4113,Privately Held,IT Services and IT Consulting,"Web Development, Application Development, Staff Agumentation, Quality Assurance, B2B, B2C",Indore,India
Insignia Web and Marketing Private Limited,https://www.linkedin.com/company/insignia-web-and-marketing-pvt-ltd/,https://www.insigniawm.com/,"Driving digital growth through strategy, technology, and measurable results.","Insignia Web and Marketing Pvt. Ltd. is a leading Web Design & Development, Digital Marketing Company founded in 2012 located at Bhopal, Madhya Pradesh, India. At Insignia, we offers services like Website Design, Website Development, E-Commerce, Search Engine Optimisation, Mobile Application Development, Digital Marketing Solution. We thrive to become leading Application and Program Developer. Constantly improving our work techniques we are here to lead the field of web and web 2.0.  Facebook pa",2012,13,11-50,1144,Privately Held,IT Services and IT Consulting,"Website Design, E-Commerce Solutions, Application Development, SEO & SMO, Bulk SMS, Digital Marketing, Domain and Server, Website Development, ERP Solution, CRM Solution, Wordpress, Magento, Opencart, Business Emails, Google Adword , Reputation Management , Content Management , Custom Web Designing , Payment Gateway",Bhopal,India
Seize | Institute of Consulting and Business Solutions,https://www.linkedin.com/company/seize-org/,https://seize.sa/,," An integrated and advanced consulting entity concerned with supporting the governmental, private and non-profit sectors with appropriate contractual solutions and meeting their needs in managing, implementing and operating their major projects and initiatives flexibly and efficiently ",2016,354,1001-5000,24555,Educational Institution,Business Consulting and Services,"إدارة العقود والمشاريع, الخدمات الاستشارية والمبادرات, الخدمات التطويرية والتدريبية, الفعاليات والمؤتمرات, مراكز الأعمال التخصصية.",Riyadh,Saudi Arabia
InstaDot Analytics™,https://www.linkedin.com/company/instadotanalytics/,https://instadotanalytics.com,"Technical & Non-technical courses with 100% placement support and assistance, resume building and standout portfolio.","Welcome to Insta Dot Analytics, a premier training and placement institute offering comprehensive programs in Data Analytics, Data Science, MERN Stack, MEAN Stack, Java Development, and Python Development. If you aspire to excel in these cutting-edge fields and secure promising career opportunities, we provide the ideal platform to enhance your skills and realize your professional goals.  💡 About InstaDot Analytics: InstaDot Analytics is a leading institute committed to equipping individuals wit",2021,71,11-50,7553,Educational Institution,Information Technology & Services,"Training, Placement Support, HR Interview prep, Resume Building, Portfolio Building, Data Science with AI, UI UX with AI, MERN Stack with AI",Indore,India
Webdroid Edutech l Infotech l Robotics,https://www.linkedin.com/company/webdroid-edutech/,https://webdroidedutech.com,Grow by Growing Others ...,"Webdroid Edutech is a leading IT Training and Software Development Company in Nagpur. Webdroid Edutech is established to offer unique training and development course by delivering courses that not only knowledge but also practice outcome-oriented skills and non-academic training solutions to trainees to meet the ever changing employment needs. Webdroid Edutech offers training and development experience by delivering software, hardware, digital marketing courses and opportunities to progress comp",2019,29,11-50,386,Partnership,Software Development,,Nagpur,India
Quickly Platforms,https://www.linkedin.com/company/platform-quickly/,https://quicklyplatforms.com/,WEB DEVELOPMENT | E-COMMERCE | APP DEVELOPMENT | DIGITAL MARKETING | MEDIA SERVICES | OTHER SERVICES,"We are a product and service-based company aiming to provide you with the best technical experience with curated services for Web Development, Application Development, E-Commerce, Digital Marketing, Media Services, and others. Also, we have created gratifying products such as a beginner-friendly investment application. The application is successfully running, including Rewards, Portfolios, Withdrawals, and many more features. This application is being used by a diverse group of people for invest",2022,17,11-50,2172,Public Company,Information Technology & Services," PHP Development, Mobile App Development, NodeJS, Angular, React Native, Laravel, Web Development, HTML5, CSS3, Bootstrap, Javascript, UI/UX Design, Digital Marketing ", Indore,India
Cresol,https://www.linkedin.com/company/cresol/,http://www.cresol.in,,"Creativity is thinking up new things. Innovation is doing new things. Cresol is the combination of both. Cresol delivers interactive training & workshops which equip its participants with better practical understanding and preparation for jobs in industry. The hands-on sessions and lectures are designed based on current industry trends and draw on the rich experience of instructors and organizers. We focus on App Development, Cloud Computing, Hybrid App Development and other Microsoft Technologi",2008,45,11-50,1532,Privately Held,IT Services and IT Consulting,"Training, Web development with Responsive Design, Software development, Services and Consulting, Product, Microsoft Certification Exams, Native and Cross Platform Mobile Application, Microsoft Education Reseller, Android Application Development, Blockchain Development",Gwalior,India
Fast Dolphin,https://www.linkedin.com/company/fast-dolphin/,http://www.fastdolphin.com,➡️ IT Staffing & Headhunting. The best IT talent for your onshore & nearshore needs.🇺🇸🇲🇽🇧🇷🇨🇴🇨🇦,"⭕ Whenever you need to fill an IT job opening, let us help. It doesn't matter if it is a temporary or perm position, if it is a confidential opening, or your HR department is full and you just need additional hands to focus on certain roles.  ✔️Access to specialized IT Talent, bilingual or trilingual (English, Spanish, Portuguese).  ✔️ We help our clients with their IT staffing needs, both temp or perm, onshore or nearshore.  ✔️ Save costs and time, we will become an extension of your recruiting",2004,82,51-200,87887,Privately Held,Staffing and Recruiting,"Staff Augmentation, Nearshore Resources, Outsourcing, IT Staffing, Headhunting, ERP, Oracle, SAP, Recruiting Services, Bilingual Resources, Cloud, Java, .Net, Python, Americas, LATAM, Mexico, Brazil, Canada, Colombia, USA",Ft. Lauderdale,United States
iMentus Technologies Private,https://www.linkedin.com/company/imentus/,https://www.imentus.com,Your vision crafted & delivered!,"We are a Web3 & Blockchain development company trusted by 50+ clients across 12 countries since 2015.  From DeFi platforms and blockchain bridges to NFT launchpads, AI trading models, smart contracts, and dApps we've delivered 100+ high-end projects with a 95%+ success rate.  What makes us different: We don't just write code. We embed into your product team, understand your vision, and ship production-ready Web3 infrastructure 2–3x faster than building in-house.  🔧 Our Core Expertise: ✦ Blockcha",2015,59,51-200,18854,Privately Held,IT Services and IT Consulting,"Token/NFT Launch, DeFi Protocol Development, DAO Setup, Solana Development,, Ethereum Development, Cross-Chain Bridges, DAO Development,  Smart Contracts, NFT Development, Blockchain Development, Web3 Development",Indore,India
Ray Technology,https://www.linkedin.com/company/ray-technology-indore/,https://raytechnology.in/,,Web design Company call now 9039391440,2000,14,2-10,28,Privately Held,Information Technology & Services,,Indore,India
Cuztomise,https://www.linkedin.com/company/cuztomise/,http://www.cuztomise.com,Connecting Salesforce Productively.,"Cuztomise is an SAAS-based Enterprise Mobility company which provides smart mobile platforms for field sales & operations.    With Cuztomise we want to touch millions of lives by creating a better, more efficient and simpler field management tools. We started Cuztomise in 2012, since then we have grown into a big family with presence in multiple of countries.   We focus on value creation for our clients and help them set new benchmarks.   Our belief -  ""Deliver Happiness, Not Just Services",2013,37,11-50,2033,Privately Held,IT Services and IT Consulting,"Field Solutions, Field Service Management, Enterprise Mobility",Indore,India
Arna Softech,https://www.linkedin.com/company/arna-softech/,https://arnasoftech.com/,Engineering Digital Success,"𝐀𝐫𝐧𝐚 𝐒𝐨𝐟𝐭𝐞𝐜𝐡 | 𝐄𝐧𝐠𝐢𝐧𝐞𝐞𝐫𝐢𝐧𝐠 𝐃𝐢𝐠𝐢𝐭𝐚𝐥 𝐒𝐮𝐜𝐜𝐞𝐬𝐬, 𝐁𝐞𝐲𝐨𝐧𝐝 𝐂𝐨𝐝𝐞  We are more than just engineers—we’re technology partners, problem-solvers, and digital innovators. Our work spans 𝗗𝗶𝗴𝗶𝘁𝗮𝗹 𝗘𝗻𝗴𝗶𝗻𝗲𝗲𝗿𝗶𝗻𝗴 & 𝗘𝗻𝘁𝗲𝗿𝗽𝗿𝗶𝘀𝗲 𝗧𝗿𝗮𝗻𝘀𝗳𝗼𝗿𝗺𝗮𝘁𝗶𝗼𝗻, helping businesses scale, modernize, and evolve with advanced cloud, data, and software solutions.  With 110+ certified specialists across Azure, .NET, C#, SharePoint, and other Microsoft technologies, we deliver expertise in 𝗔𝗜/𝗠𝗟, 𝗣𝗿𝗼𝗱𝘂𝗰𝘁 𝗘𝗻𝗴𝗶𝗻𝗲𝗲𝗿𝗶𝗻𝗴, 𝗗𝗮𝘁𝗮 𝗘𝗻𝗴𝗶𝗻𝗲𝗲𝗿𝗶𝗻𝗴, QA Auto",2015,119,51-200,10159,Privately Held,IT Services and IT Consulting,"Data Engineering, Product Engineering, AI/ML Engineering, Microsoft Consulting Services, Cloud Solutions, QA Automation, IT Staff Augmentation, Enterprise Solutions, Enterprise Application Development, Azure Solution, UI/ UX, Full Stack Development, Microsoft ASP.NET, C#, Java/ JS, MySQL, Snowflake Expert, Opensource, PHP, Mobile App Development, Playwright Automation Tool, iOS Development, SaaS Development,  Microsoft Technology",Indore,India
Ebot Educación: Robótica educativa y tecnología STEM,https://www.linkedin.com/company/ebot/,https://ebot.es,Ciencia y tecnología para crecer,"En Ebot Educación nos dedicamos a desarrollar e impartir actividades extraescolares talleres para niños basados en la robótica educativa y las nuevas tecnologías tanto en colegios y centros públicos como privados, ayuntamientos, academia y otras entidades.  Somos educadores y es por ello que en todas nuestras actividades potenciamos la adquisición y el desarrollo de habilidades para el futuro personal y profesional de los alumnos, de una forma divertida para ellos. ",2013,17,2-10,697,Sole Proprietorship,Primary and Secondary Education,"Actividades extraescolares, Educación dinámica, Robótica, robótica educativa, Desarrollo de videojuegos, Scratch, Lego Education, STEM, Educación",Madrid,Spain
Sveltose Technologies Pvt. Ltd.,https://www.linkedin.com/company/sveltose-technologies-pvt-ltd/,https://www.sveltose.in/,"Global Software Solution
Web & App Design & Development company in India | USA","Sveltose Technolgies is designed to provide you with the last trends in web design. It'll help you to focus on your product, launch your website faster and reach more customer.",,30,11-50,2695,Privately Held,IT Services and IT Consulting,,Indore,India
Deepak Enterprise,https://www.linkedin.com/company/deepak-enterprise/,,,"Deepak Enterprise is an information technology and services company based out of MP SH 37A, Jabalpur, Madhya Pradesh, India.",,22,11-50,73,,Information Technology & Services,,Jabalpur,India
Sparrow Ventures,https://www.linkedin.com/company/sparrow-ventures/,http://www.sparrow-ventures.com,Building kick-ass ventures and investing in promising startups!,"Sparrow Ventures is a Zurich-based venture builder and growth equity investor. With a unique organizational structure and an experienced team of business-driven experts, Sparrow Ventures focus lies on building ventures and investing in companies in a multitude of relevant fields, in particular Food & Beverage, Fintech, Last-Mile, Digital Health, Sustainability & Circular Economy as well as Commerce & Shopping.   We are an autonomous operating subsidiary of Migros – one of the largest retailers i",2018,7,51-200,10253,Public Company,Venture Capital and Private Equity Principals,"banking, digital health, growth equity, logistic tech, eCommerce, venture building, venture capital, fintech, startups",Zurich,Switzerland
Aditya Computers,https://www.linkedin.com/company/aditya-computers/,http://www.adityacomputer.com,,"Aditya Computers provides web hosting for clients all over the India. We offer the most economical web hosting plans to clients who wish to host their web sites on our US based servers. Our services include shared web hosting, reseller hosting, domain name registration, SSL certificates, etc.. targeted for small-medium enterprise businesses, government, personal sites, and also non-profit organizations. We offer reliable web hosting solutions at affordable prices with remarkable services!",2003,60,2-10,59,Partnership,IT Services and IT Consulting,,Dewas,India
Shree Krishna Traders - India,https://www.linkedin.com/company/shree-krishna-traders---india/,http://sktindia.co.in,,"Shree Krishna Traders - India is an information technology and services company based out of MZ-13A/13B, Mahatma Gandhi Rd, Opposite Jaipur Jewellers, New Palasia, Indore, Madhya Pradesh, India.",,27,-,20,,IT Services and IT Consulting,,Indore,India
Conative IT Solutions Pvt. Ltd,https://www.linkedin.com/company/conative-it-solutions-pvt-ltd/,http://www.conativeitsolutions.com/,"We at Conative believe in Innovation, Passion and Dedication.","Conative IT Solutions is a professional Web Design & Web Development company located in Indore, Madhya Pradesh. We specialized in offering high-quality services in a quick, efficient and creative manner. We specialized in offering high-quality services in a quick, efficient and creative manner.  Among our services are : Graphic Designing Mobile App Development Web Designing E-commerce Services Web Development Digital Marketing Content Management  Our services help clients grow their businesses i",2014,63,11-50,25553,Privately Held,Information Technology & Services,"Mobile app development, Web app development, Web designing, Responsive website, Customised web applications, eCommerce website, Shopify development, Laravel development, Drupal websites, Magento websites, Web and Graphics design, iOS app development, Android app development, , UI/UX, Brand Tshirt Design, App design, Graphic, Logo Design",Indore,India
Java R&D Pvt. Ltd.,https://www.linkedin.com/company/javar&dpvt.ltd/,https://javarndcorp.com/,"For your IT Solutions 
Today, Tomorrow and Beyond…
","Java R&D Pvt. Ltd. is a Product and Service based Software development company. We are a growing software company, providing IT software development services as well as growing towards SAAS based product development.  Java R&D acts as a trusted adviser to its clients, providing a full range of IT and management consulting services, including IT strategic planning, staffing, business process engineering and systems architecture. Java R&D works primarily for development of IT projects for its USA ",2008,202,201-500,46517,Privately Held,Information Technology & Services,"IT Solutions and Services, Products and Platforms, IT Consulting, Java/J2ee, Javascript & AngularJS, Android/iOS, ReactJS/Redux, MEAN, BigData/Hadoop, Machine Learning/R, Python/Django, PHP/Laravel/Symphony, RealTime/WebRTC, Ruby/ROR, GoLang, Artificial Intelligence, EmberJS, Iconic",Bhopal,India
DigiParser,https://www.linkedin.com/company/digiparser/,https://www.digiparser.com,DigiParser automates document processing and workflows with AI and OCR models and helps businesses save costs and time.,"DigiParser is a document workflow automation platform that simplifies data extraction from documents like invoices, receipts, resumes, contracts, and forms.  It uses advanced OCR and machine learning to extract, validate, and process data, converting documents into structured formats like JSON and CSVs.  Users can create custom parsers for their documents, automate workflows, and integrate the extracted data into tools like Zapier, Quickbooks, Xero, Salesforce, etc. DigiParser supports team coll",2024,1,2-10,42,Privately Held,Software Development,"Data Extraction Software, Intelligent Document Processing Software, Document AI Platform, Invoice Processing Software, Accounts Payable Automation Software, Accounting Automation Software, OCR",Indore,India
FCG Bhopal,https://www.linkedin.com/company/fcg-bhopal/,http://www.flairsoftgroup.com,Great People . Outstanding Results,"FCG is a global software solutions center supporting clients across the globe leveraging best-in-class people, processes, and technologies. We provide high-quality, high-value software development and support services to our clients. Our core competency includes software engineering, business process management, Mobile Development, and Geospatial information services.",2009,64,51-200,4118,Partnership,Information Technology & Services,,Bhopal,India
SSR FINTECH,https://www.linkedin.com/company/ssr-fintech/,http://www.ssrfintech.com/,"Your SAP SAC, GR, BPC, BTP, DataSphere Partner with AI-Powered Financial Solutions","We specialize in finance automation, leveraging advanced tools such as SAP Analytics Cloud (SAC), BPC, BTP, DataSphere, Salesforce, SuccessFactors, and Anaplan, enhanced by AI to streamline and accelerate financial processes.   Our services go beyond implementation; focusing on optimizing and integrating third-party software to maximize performance and ensure seamless workflows.  What we offer: - Finance Automation: AI-driven solutions to automate and optimize financial processes. - Consulting: ",2023,12,11-50,397,Privately Held,IT Services and IT Consulting,"Python, Artificial Intelligence, SAP , SAC, Machine Learning , ML, Finance Automation, Salesforce, Consultation, Data Strategy, Data Analytics, Research & analysis, FinTech, FP&A, BTP, DataSphere",Bhopal,India
G-Infosoft Technologies,https://www.linkedin.com/company/ginfosofttech/,https://www.ginfosoft.com/,Software | Web | Mobile App | Android | AI/ML ,G-infosoft is leading Software and IT services provider in India offers IT and web solutions. Ginfosoft is a leading provider of comprehensive solutions for all e-commerce and other web-applications. The Company has been offering and supporting high quality work and service to its clients in India and abroad. We offer you a unique website that establishes your corporate identity in the online market. Your website is an integral part of your brand image. Therefore you need a website that is uniqu,2014,21,11-50,2321,Partnership,Information Technology & Services,"Software Development, e-Commerce Solution, ERP Solution, Web Site Designing & Development, Mobile Apps Development, SEO & online Marketing, Android App, Custom Software",Bhopal,India
Certainty Infotech,https://www.linkedin.com/company/certainty-infotech/,http://certaintyinfotech.com,Driving Business Growth through Analytics and Insights,"Certainty is a Business Intelligence and Consumer Insights organization with the focus on solving client's business challenges through right set of analytical tools.   We work as an extended team or in managed-services mode, delivering excellent solutions, to let our clients focus on their core business and outperform the competition. We provide our clients an array of unique, innovative and affordable solutions to beat the business challenges and unleash their growth potential. We collaborate t",2017,55,51-200,5886,Privately Held,Information Technology & Services,"Data Analytics, Data Science, Data Engineering, Statistics, Machine Learning, Deep Learning, Artificial Intelligence, Big Data, Visualization, Dashboards, Research, Cloud Computing, Python, AWS, Tableau, R",Indore,India
INDORE SOFTWARE ASSOCIATION (ISA),https://www.linkedin.com/company/i-s-a/,https://indoresa.com,Indore's Largest Software Networking Organization,"Indore Software Association (ISA) is the largest referral networking organization for tech leaders in Indore. We help you connect with the right professional to grow your business. ISA was founded for monthly meetings with you to promote an environment for regular networking, sharing ideas, and building quality business relationship possibilities that will add value to our member's businesses. It is helping not just others but also you to build your network and the meeting type that fits your li",2022,27,2-10,7630,Privately Held,IT Services and IT Consulting,"Networking, Growth, Collaboration, Business, Communication, Innovation, Opportunity",Indore,India
60db.ai,https://www.linkedin.com/company/60-db/,https://60db.ai,Give your product a voice.,"Give your product a voice.                                                                                                                                                                                                                             60db is the all-in-one AI voice platform that lets developers and teams add human-quality voice to any product — in minutes, not months.                                                                                                                     ",2026,2,2-10,344,Privately Held,Embedded Software Products,,Indore,India
Digiflex LTD,https://www.linkedin.com/company/digiflex-ltd/,http://www.digiflex.co.uk/,,"We are an established UK SME specialising in multi channel global online retail with over 10 years experience. We pride ourselves in providing a great customer experience and provide a range of quality products at affordable prices.  Our mission is to provide the UK and Europe with the best products at the best possible price and to back this up with exceptional service. Our company name DIGIFLEX and brand ‘TRIXES’ is well recognized in the e-commerce world and we aim to maintain the great rep",2004,18,11-50,438,Privately Held,Retail,"Internet Sales, Marketplace, E-Commerce, Online Retail",Hockley,UK
Aasmo Digital Pvt Ltd,https://www.linkedin.com/company/aasmodigitalpvtltd/,https://aasmo.in/,AASMO DIGITAL PVT LTD is India's leading Digital Marketing Agency ,"AASMO DIGITAL PVT LTD is India's leading Digital Marketing Agency Specializing in Organic Digital Marketing Campaigns which build & highlight your online business presence, connecting your business with people looking for your products/services online & generate sales.""  AASMO DIGITAL - A Knowledge Base Digital Marketing Strategy THAT GROW YOUR BUSINESS! 🚀  We can help you to take your business to new heights. 🏆  📈 We Build Your Brand with our Innovative Ideas &   💢 Logo & Banner Design 💢 Websit",2018,17,201-500,1555,Partnership,Advertising Services,"Digital Marketing, IT Consultancy, Graphic Designing, Branding",Indore,India
TekIT Software Solutions Pvt. Ltd. (India & USA),https://www.linkedin.com/company/tekit-softwares/,https://tekitsolution.com,"Tech Innovation and Skilled Talent, Unified.","TekIT Software Solutions is an IT service and staffing-first tech partner that uses AI-powered recruitment to match businesses with the right talent, faster and smarter than the old-school way. We're not just filling seats — we're building teams that actually move the needle. Our offices are located in USA, Indore & Bangalore, India, we've been doing this since 2018 for clients across the US, UK, Australia, Europe, Dubai, and India.   Our Primary 4 Staffing Models:   🔹 GCC — Building your Global",2018,85,201-500,124920,Privately Held,IT Services and IT Consulting,"Web development, SDLC, Agile, Git, iOS, Android, Automation testing, React, Managed Services, Staff Augmentation, Full Stack Developers, Dot Net Developers, Devops, UI/UX developers, Backend developers, Frontend Developers, AIML",Indore,India
MINDIII Systems Pvt. Ltd.,https://www.linkedin.com/company/mindiii-systems/,https://www.mindiii.com/,"AI, Data & Cloud Engineering Partner | Building Secure Software & SaaS Products for Global Enterprises and Startups","Founded in 2015, MINDIII is a trusted AI, Data & Cloud Engineering partner helping startups and enterprises worldwide build secure, scalable, and intelligent digital products.  Over the last decade, we've partnered with 50+ startups and enterprise customers globally — accelerating digital transformation, modernizing legacy systems, and delivering measurable business value through Artificial Intelligence, Data Engineering, Cloud Engineering, Cybersecurity, and Custom Software Development.  Our Ex",2015,65,51-200,15038,Privately Held,IT Services and IT Consulting,"Artificial Intelligence, Generative AI, Machine Learning, AI Agents & Automation, Data Engineering, Data Analytics & BI, Cloud Engineering, Cloud Migration, AWS, Microsoft Azure, Google Cloud Platform, DevSecOps, Cybersecurity, Custom Software Development, SaaS Product Development, Enterprise Application Development, Web & Mobile App Development, QA & Test Automation, Staff Augmentation, Digital Transformation Consulting, Dedicated Engineering Teams, Staff Augmentation, Technology Consulting, Databricks, Managed IT Services, DevOps",Indore,India
Techlene Software Solutions Pvt. Ltd.,https://www.linkedin.com/company/techlene/,http://www.techlene.com/,Let us help you with your Digital Transformation!,"Techlene is a leading ERP software, enterprise technology, and digital transformation company headquartered in Indore, India. We specialize in delivering intelligent ERP solutions, business automation platforms, cloud applications, and advanced data-driven technologies that help businesses, industries, and educational institutions streamline operations, improve efficiency, and accelerate growth.  At Techlene, we combine enterprise software expertise with modern technologies including AI, Big Dat",2015,77,51-200,9020,Privately Held,IT Services and IT Consulting,"Custom ERP Software Development, Business Anlaysis, Manufacturing ERP Software, Industrial ERP Software, School Management System, College Management System, Payroll Management Software, CRM Software, Android Development, Big Data Solutions, Java Development, Software Development, Custom Business Application Development, Custom Mobile App Development, Custom Mobile Application Development, ERP Software for Electronics Company, ERP Software for Furniture Company, ERP Software for Plastics Company, Construction ERP Software, HRMS Software, ERP Consultation, ERP Planning, ERP Consultant, ERP Consultancy, Industrail IOT Integration, Industry 4.0 Development, IoT Applications, Internet of Things, PLC Integration, Enterprise Resource Planning, Industry 4.0 Standards, Payroll Software, RexoERP, RexoAsset, Rexocampus, Rexoiot, Rexoapps, Supply Chain Management Softwrae, AI based ERP Software, AI based school erp, ai based college erp, Logistic Management Software, Asset Management Software, Flutter Developement, Node.js developement, React Development, ERP company in indore, Android development in indore, Software developement in indore, software company in indore",Indore,India
MindVora Solution,https://www.linkedin.com/company/mindvora-solution/,https://mindvorasolution.com/,IT Services and IT Consulting | Digital Engineering | FinTech & Capital Markets Technology.,"MindVora Solution is a technology-driven IT services, digital engineering, and resource augmentation company helping organizations access skilled technology professionals and scalable engineering capabilities.  We support businesses requiring additional technology capacity, niche expertise, or flexible resources for ongoing and new initiatives.  Our Technology Capabilities: • Java / Spring Boot / Microservices • Python & Full Stack Development • Cloud – AWS / Azure • Data Engineering & Analytics",2021,7,11-50,1624,Privately Held,IT Services and IT Consulting,"IT Resource Augmentation, IT Consulting, Digital Engineering, IT Staffing, Custom Software Development, Java Development, Cloud Computing, Data Engineering, Artificial Intelligence, Generative AI, DevOps, QA & Automation, Cybersecurity, FinTech, Capital Markets, Calypso, Murex, Business Analysis, Technology Consulting, Software Testing",Indore,India
BETFOC,https://www.linkedin.com/company/betfoc-official/,https://www.betfoc.com/,BETFOC | New Age Leader in Innovative iGaming Solutions | 450+ Platforms Launched | 10+ Years of Experience | Dubai HQ,"BETFOC is the leading iGaming Software Provider, based in Dubai. With 10+ years of experience, we specialize in launching Online Casino Platforms, Sportsbook Platforms, Online Lottery Platforms, Fast Games Platforms, and iGaming API Integration Services. These solutions are designed to help individuals and businesses in the iGaming industry thrive.  BETFOC has successfully launched over 450+ platforms, engaging more than 5M+ users across 10+ countries. We work with premium game providers like Ev",2014,56,51-200,8962,Privately Held,Software Development,,Dubai,United Arab Emirates
Global Successors,https://www.linkedin.com/company/global-successors/,https://globalsuccessors.com/,,"At Global Successors, we are dedicated to delivering exceptional software development services tailored to meet the unique needs of businesses worldwide. Our expertise spans across frontend and backend development, mobility solutions, and cloud computing, ensuring comprehensive and innovative digital solutions.   Our industry expertise is vast and diverse, covering sectors such as:  ~ SAAS: Develop powerful, scalable, and secure solutions to streamline operations and enhance customer engagement.",2022,18,11-50,550,Privately Held,IT Services and IT Consulting,"SAAS, eComm, Fintech, Hospitality, Tourism, IT Services, Ticketing, Solar Software",Indore,India
MaMITs Pvt. Ltd.,https://www.linkedin.com/company/mamits/,https://www.mamits.com,"You Imagine, We Innovate! #FreedomOfDevelopment 🌟We bring your ideas to life with innovative digital solutions. 🚀","Achieve Scalable Growth with Our Business Solutions!  Since 2015, MaM ITs Pvt. Ltd. has been a leading IT development and design firm serving businesses in Bhopal, Indore, and beyond. We are committed to providing the best, most innovative digital solutions to help our clients succeed.  We're committed to propelling your business to the next stage, regardless of its size. Our innovative solutions ensure rapid and scalable growth. 🚀  Launch Your Dream Startup!  Starting your own business can be d",2015,13,11-50,648,Privately Held,Information Technology & Services,"SEO, e-Commerce,   M-Commerce, Web Casting, Wordpress development, Opencart Development, Android Apps Development, Virtual Assistant, Social Media Page Management, IOS Development, Ionic, CMS Development, Web Streaming, web, website development, Swift, 3D , 3D Graphic, 3D Product Design, PPC, logo designing, graphic designing, Motion Graphics",Bhopal,India
Laati Consulting Private Limited,https://www.linkedin.com/company/laaticon/,https://laaticonsulting.com,Strengthening trust with certified cybersecurity from GRC to VAPT and Audit Readiness,"Laati Consulting Private Limited is an ISO 27001- and ISO 9001-certified cybersecurity and IT advisory firm (founded 2022) offering end-to-end services: GRC, audit readiness, VAPT, penetration testing, smart contract audits, and cyber risk management for enterprises, SMBs, government and non-profits.",2022,26,2-10,1334,Privately Held,IT Services and IT Consulting,,Indore,India
Amenses Innovation Pvt Ltd,https://www.linkedin.com/company/amenses-innovation-pvt-ltd/,https://amenses.com/,"REIMAGINING COLLABORATION, BREAKING PHYSICAL BARRIERS","Who We Are?  Amenses Innovation applies next-generation technology to help the business to transform digitally and to increase its product reach. Amenses provides a hassle-free way for businesses and small startups to enter the digital world by providing best-in-class solutions as per business needs. Happy Customers are the fuel of our company, the end goal of Amenses is to provide the best solutions to our customers. Our Technology Experts are the leading pillar of Amenses as they lead our cust",2021,25,11-50,3812,Privately Held,Information Technology & Services,"innovation, team work, work together grow together , AMENSES",indore,India
DisplayFort,https://www.linkedin.com/company/displayfort/,https://www.displayfort.com,We'll make you noticeable !!,"Displayfort - We'll make you noticeable!   A complete range of digital signage hardware and software solutions for all possible display solutions.  Interactive & non interactive screen interfaces with magnificent elaborate software that control every fine customization that renders a sharp high definition user experience.   Samsung has also chosen us as the development partner for various display software applications.   We serve complete digital signage solutions; right from display, content ma",2018,11,11-50,770,Privately Held,IT Services and IT Consulting,"digital signages, Video Walls, Interactive KIOSK, NON-Interactive KIOSK, Way Finder solutions, Digital Menuboard, Artistic Displays, Software development, Mobile Software Development, Web Development",Indore,India
We Automate You LLP,https://www.linkedin.com/company/we-automate-you/,https://www.weautomateyou.com/,Powering Growth,"We specialize in transforming businesses through innovative digital solutions. At We Automate You LLP, we leverage technology, creativity, and strategy to provide services that help you work smarter, reach farther, and achieve more. Whether you’re scaling a startup or optimizing an established business, we’re here to help you succeed.",2024,3,11-50,134,Privately Held,Marketing Services,"Digital Marketing, UGC , Automation, Website Development, CRM, Email Marketing, E-Commerce, PR Management, Starting YouTube Channel",Bhopal,India
PromotUs,https://www.linkedin.com/company/promotus-ny/,https://promotusny.com,One stop for all your Business Solutions,PROMOTUS business solutions provide resources you need to help you select the best platforms and systems to complement and integrate your existing technology investments. We help small and medium sized mental health clinics and counselors to optimize their business and make them a brand which and guide them with HIPAA Compliance.,2022,6,11-50,19,Privately Held,Business Consulting and Services,,Valley Stream,United States
Blueslag Technologies l  Shopify Partner Agency,https://www.linkedin.com/company/blueslagtech/,https://linkpop.com/blueslag,"Building Beautiful Shopify Stores, Driving Sales.","More Than a Shopify Partner — Your D2C Growth Team  Top 1% Agency Worldwide • 5,000+ Projects • 30+ Shopify Experts • 220 Reviews • 5.0 Rating • Since 2020 Most Shopify agencies focus only on building the store.  Blueslag helps D2C brands build, market, convert and scale.  We combine Shopify Development, CRO, Meta Performance Marketing, SEO, Social Media Management, Retention, UGC and AI-Powered Creatives under one team — so every part of your ecommerce growth works together.  What Makes Us Diff",2019,16,11-50,1482,Partnership,IT Services and IT Consulting,"Shopify, Conversion Rate Optimization, Lead Genration, High Converting eCommerce website, SEO, Meta ads, Performance Marketing, Instagram Marketing, ecommerce website and app, shopify store development,  UGC Ads, Ad Creatives",indore,India
Vinfotech,https://www.linkedin.com/company/vinfotech/,https://www.vinfotech.com,"Specialists in Prediction Markets, Fan Zones, and Fantasy Sports Software","Vinfotech is a specialist software company focused on building prediction market platforms for businesses worldwide. Alongside this core strength, we also create fan engagement platforms, fantasy sports products, and AI-powered solutions for leagues, media companies, operators, and brands. With strong product thinking and deep domain expertise, we combine proven foundations with custom development to help clients launch engaging, scalable, and thoughtfully built digital platforms.",1999,172,51-200,15370,Privately Held,IT System Custom Software Development,"igaming software solutions provider, White Label Fantasy Sports Software Development, Fan Engagement Solutions, Prediction market platform development, White Label Prediction Market, Prediction Market for Brokers",Indore,India
Innovestigia360 Consulting Pvt. Ltd.,https://www.linkedin.com/company/innovestigialtd/,http://www.innovestigia.com,Investigate Innovate Simplify,Your Consultation search ends here,2018,18,11-50,148,Privately Held,IT Services and IT Consulting,"Software Developer, Application Developer, Annalatic Transformation, Digital Transformation, Business Transformation",Jabalpur,India
Truesales,https://www.linkedin.com/company/truesales-ai/,https://truesales.ai,Convert your organization & Channel partner into a sales powerhouse with a high-velocity sales mobile app,"TrueSales app framework is a one-stop solution to Intelligently digitalize your Field Team, Distributor, Retailers & End Consumers.  The framework also includes a powerful Lead management app to help your sales and marketing team to nurture their leads better. This ensures better ROI for your lead generation marketing campaigns.  Primary and Secondary Visits - Capture Orders, Meeting notes and Surveys from distributors and retailers via a simplified mobile app interface for SFA and DMS.  Channel",2022,4,11-50,284,Privately Held,Software Development,"Enterprise Mobility Solutions, Sales Force Automation, Distributor Management System, Retail Execution, CRM, Call Center, Lead Management, Secondary Sales, Commerce App, SFA, MR app, FMCG, Pharma, AgriTech, Consumer Goods,  Automation,  Intelligent Sales,  SaaS Platform, Digital Transformation",Delhi,India
Tech Radix,https://www.linkedin.com/company/tech-radix/,https://www.tech-radix.com/,Tech Radix is a new age tech company that excels in providing innovative cloud solutions across the business value chain,"Tech Radix is an Employee-First new, age technology company providing innovative cloud solutions that unify business workflows and analytics across the value chain, from Customers to internal ops, to empowering the modern executives and managers.   Tech Radix is founded by Technology industry veterans with a single aim to let the business experts, executives, entrepreneurs, solopreneurs, and professionals focus only on building their business. We at Tech Radix will do what we do best, that is to",2021,13,11-50,882,Privately Held,IT Services and IT Consulting,"Software Development, Cloud Solutions, Web Development, Mobile Development, ERP Implementation, Low Code No Code Development, Technology Benchmarking, Enterprise Software Landscape , Technology Bootcamps, Digital Marketing & Branding, Leadership Development, Campus to Corporate programs, ERP, FP&A, CRM, FinTech, Technology Stack, AI & ML, Software as a Service, Enterprise Solution",Indore,India
Supreme innovations,https://www.linkedin.com/company/supreme-innovations/,http://www.supremeinv.com,Software Development Company ,"Supreme Innovation is Serving Business Organisation with Innovative approaches specialised in Software Development services and Healthcare IT.  Our services include   Software Solution  Hospital Information System  Custom Software Development     We at Supreme Innovation are committed to Innovative Solutions for your Needs.  We apply technology in an innovative and pragmatic way to develop smart solutions, to give you real business benefits. Feel free to discuss your requirements with us.",2012,22,11-50,506,Privately Held,Information Technology & Services,"Open source technologies, HOSPITAL INFORMATION SYSTEM, SOFTWARE DEVELOPMENT",Dewas,India
InstaTrain,https://www.linkedin.com/company/instatrain/,https://instatrain.io/,"Through AI-driven immersive simulations, InstaTrain helps hotel chains improve their profitability & employee outcomes.",Our mission is to help hotels thrive in an increasingly competitive landscape by equipping their staff with the skills and knowledge needed to deliver exceptional guest experiences. Our patent-pending software will revolutionize training and boost operational profitability forever. ,2024,3,2-10,1597,Self-Employed,Hospitality,,Lewes,United States
Syscal Tech Private Limited,https://www.linkedin.com/company/syscal-tech/,www.syscaltech.com,"Our Technology, A New Passion","At Syscal Tech Pvt. Ltd., we specialize in staff augmentation services, helping businesses scale efficiently by providing top-tier IT talent. As a service-based IT company, we cater to both domestic and international clients, delivering skilled professionals who seamlessly integrate into their teams and projects.  🌟 Our Core Services 🔹 IT Staff Augmentation – Flexible hiring solutions for scaling teams 🔹 Talent Acquisition & Management – Sourcing the right talent for your business needs 🔹 Workfo",2021,17,11-50,858,Privately Held,IT Services and IT Consulting,,Indore,India
ExpressTech Software Solutions,https://www.linkedin.com/company/expresstech-software-solutions-private-limited/,https://www.expresstechsoftwares.com/,Building Finest WordPress Plugins.,"ExpressTech Software is a leading WordPress development company that specializes in building custom solutions for membership and course management. Our team of skilled and experienced developers has a deep understanding of tools like PaidMembershipPro, MemberPress, LifterLMS, and LearnDash, and we have helped countless clients create dynamic and engaging online experiences that meet the needs of their members and students.  In addition to our custom plugin and theme development services, we also",2017,16,11-50,1934,Privately Held,IT Services and IT Consulting,"At ExpressTech Software, we specialize in WordPress development, API integration and development, and membership site data migration and building. We are focused on delivering top-notch solutions for our clients, ensuring their websites and online platforms are running smoothly and efficiently. Whether you need help with a simple WordPress plugin or a complex API integration, we have the skills and expertise to get the job done right. Contact us today to learn more about our services and how we can help you take your online presence to the next level.",Indore,India
Digital Fox Solutions,https://www.linkedin.com/company/digital-fox-solutions/,https://digitalfoxsolutions.com/,"Beyond Solutions, Building Futures.","Digital Fox Solutions is a leading provider of IT services, consulting, and digital marketing solutions. Specializing in seamless IT operations, strategic consulting, and impactful digital strategies, we offer a one-stop-solution for businesses. Our experienced team ensures your competitiveness with the latest tech and digital trends. Whether you need innovative IT solutions or a powerful digital marketing strategy, Digital Fox Solutions is your trusted partner for business growth and success. C",2016,14,11-50,268,Partnership,IT Services and IT Consulting,"Software Development, Mobile App Development, Digital Marketing",Indore,India
Intallia24,https://www.linkedin.com/company/intallia24/,https://intallia24.com/,Intallia24 aims to develop multi-skill manpower for future demands of BFSI across the world.,"For Recruiters Reduce your hiring time and cost by at least 50% and eliminate CV from the process. Use our innovative skill matrix to find the rightfully skilled candidate.  For Candidates We make you simulate job roles across finance, marketing, HR and supply chain to make you multiskilled. ",2024,16,11-50,165,Privately Held,IT System Custom Software Development,"HR analytics, financial analytics, marketing analytics, market research, consulting, supply chain analytics, supply chain management, business analytics, accounting, data analytics, research analyst, project management, business development manager, product manager, Auditor, Investment Analyst",Indore,India
Engineer Master Labs Pvt. Ltd™,https://www.linkedin.com/company/engineer-master/,http://www.emasterlabs.com,"You think, we deliver!","Engineer Master Labs Pvt Ltd is an AI-focused technology company helping businesses build intelligent, automated, and scalable digital products. We specialize in AI agents, automation systems, custom software development, web and mobile applications, and AI-powered business workflows.  Our focus is to help startups, enterprises, and growing companies use artificial intelligence to reduce manual work, improve customer experience, and  Contact Us: https://emasterlabs.com/contact-us  Book a discove",2015,132,51-200,18375,Privately Held,IT Services and IT Consulting,"Mobile Development, Web Applications, Websites, Android and IOS Development, Metero, MEAN Stack, Voice AI, AI/ML, Machine Learning, SaaS, Agentic AI",Newark,United States
Talent Spiral,https://www.linkedin.com/company/talent-spiral-inc/,https://www.talentspiral.com,Get opportunity to work on live projects and practical exposure of IT industry with our training & internship program,"Talent Spiral is an IT company which provides solutions in Softwares, Digital Marketing, App Development and so on. We are specialized and awarded in conducting Training, Internship and Workshop programs for Technical & Management students. We help companies and students for placement and staffing solutions as well",2012,12,2-10,115,Privately Held,Information Technology & Services,"Training, Internship, Workshop, Web Development, SEO, SMO/SMM, Human Resource Management, Cloud Computing, Ethical Hacking, Data Science, Artificial Intelligence, Mobile App Development, Content Writing, Graphic Designing, Machine Learning, Automation Testing",BHOPAL,India
Quazma,https://www.linkedin.com/company/quazma/,http://www.quazma.com,Quality Does Matter,"Quazma - Quality Does Matter  Quazma Techno Solutions is a fast-growing offshore IT service provider focused on delivering various web development services across continents. We are a team of expertise in Front-end Development, Back-end Development, CMS Web Development and Website Security and Maintainance Solutions.  Our services are highly flexible and affordable with the ability to hire a single developer to medium or large development teams. We work with businesses of all sizes and industrie",2014,14,11-50,6279,Partnership,IT Services and IT Consulting,"Front-end Web Development, Website  Security and Maintenance Solutions, CMS Web Development, Back-end Web Development, Web Application Development, Mobile Application Development, Staffing Solutions, IOS Mobile App Development, Salesforce, Digital Marketing",Indore,India
Technik Science,https://www.linkedin.com/company/technikscience/,www.technikscience.com,Technik's ultimate goal is to design and build ESG solutions that will make a positive global impact on the environment.,"Technik Science is a world leading cleantech company focused on addressing today's environmental issues. Our patented solutions clean wastewater in industries including oil and gas, mining, and manufacturing. Our research and development team is  the driving force behind our vision of a sustainable future. ",2023,7,2-10,122,Privately Held,"Air, Water, and Waste Program Management",,Hanwell,Canada
Fit Faat,https://www.linkedin.com/company/fitfaat/,https://www.fitfaat.com,"AI Healthcare Company, FitFaat App will help billions to live happier & healthy lives. Looking influencer for promotion","Fit Faat : If you're short on time and have just a few minutes per day to squeeze in a gym workout or home workout like yoga, Fitfaat may worth a download. This app provides over 200 workouts, 1000 of yoga videos all of which require just a few minutes per day.  Using our app you can also get to know your BMI (Body Mass Index), Ideal Body Weight, Calorie (Protein, Fat, Carbohydrate percentage) consume per day to become fit and healthy by getting food and nutritional info from an expert.  Fit Faa",2022,5,11-50,724,Self Owned,"Technology, Information and Internet","Fit Faat, Health and fitness, gym workout, yoga asanas, gym workout video, yoga , yoga pranayama videos, yoga asanas videos, Intermediate Fasting techniques, Calorie Calculation, blood pressure test, blood o2 test, heart rate test, meal plan, diet plan, BMI calculation, find ideal body weight, health ai, AI Health Company, ai healthcare companies, AI Healthcare",Indore,India
Katyayani Organics,https://www.linkedin.com/company/katyayani-organics/,http://www.katyayaniorganics.com,Innovating Agri-Solutions 24x7 🌾,"Katyayani Is A Fast-Growing, Tech-Driven Agrochemical Company. With A Diverse Portfolio Of Over 250+ Lab-Tested Products Ensuring Latest Formulations, Katyayani Provides End-To-End Farming Solutions Including Insecticides, Fungicides, Fertilisers, Herbicide And Pest-Control With Just One Click. Katyayani Ensures That Every Product Delivers Strong, Reliable Results While Understanding The Importance Of Affordability, We Work To Provide The Best In The Market.",2016,365,51-200,31481,Sole Proprietorship,Agricultural Chemical Manufacturing,"Agri Tech, Agri Solutions, Agri Inputs, Fertilizers, Pesticides, Organic , Farmer Solutions, Online Consultancy, Agri-Ecommerce, Hydroponics, Plant Growth Regulators, Seeds, Agri Chemicals",Bhopal,India
Tapti Tech,https://www.linkedin.com/company/taptitech/,https://www.taptitech.com,"India’s New Age Way To Empower Brands.
Replacing guesswork in IT & Digital marketing with sure shot solutions.","TaptiTech is a future-focused digital marketing and software solutions company based in Bhopal, Madhya Pradesh. Since our inception in June 2022, we’ve been dedicated to supporting publishers, content creators, and businesses through an integrated platform designed to streamline content creation, distribution, and monetization.  We offer a wide range of services, including:  Website & App Development  Social Media Management & Digital PR  Shopify Development & Strategic Marketing  Content Market",2022,22,51-200,619,Privately Held,Information Technology & Services,"IT service, Digital Marketing, Website Design , Software Service, Google ads,  Facebook Ads, News Website, Cloud Services", Bhopal,India
Precious Infosystem,https://www.linkedin.com/company/preciousinfosystem/,https://preciousinfosystem.com?utm_source=linkedin&utm_medium=profile&utm_campaign=profile,Simply Being A One Stop IT Solutions Provider For All Our Prospects who turn into Clients Alliances!,"At Precious Infosystem, we are a leading global software development company dedicated to helping businesses achieve their goals through world-class, industry-specific software solutions. Our team of highly experienced professionals excels in providing cutting-edge web and mobile application development using AngularJS, ReactJS, NodeJS, Ruby on Rails, and various other JavaScript frameworks.  As an IT company headquartered in Indore, INDIA, we have been rapidly growing since our establishment in",2015,93,51-200,11360,Privately Held,IT Services and IT Consulting,"rubyonrails, reactjs, b2b, softwaredevelopment, webdevelopment, leadership, mentorship, intern, mobiledevelopment, reactnative, ruby, coding, programming, betterlifeatprecious, itcompany, indore, GenAI development, data engineering, agentic ai",Indore,India
Matex Technology,https://www.linkedin.com/company/matex-technology/,http://matextechnology.net,,,,19,11-50,93,Self-Employed,IT Services and IT Consulting,,Indore G.P.O.,India
Cartier,https://www.linkedin.com/company/cartier/,http://www.cartier.com,,"A reference in the world of luxury, Cartier, whose name is synonymous with open-mindedness and curiosity, stands out with its creations and finds beauty wherever it may lie.  The Maison has several areas of expression. From jewelry to high jewelry, from watchmaking to fragrances and leather goods and accessories, Cartier's creations symbolize the convergence between exceptional craftsmanship and a timeless signature.   Santos de Cartier and Tank watches, Trinity ring, Love and Juste un Clou brac",1847,11032,5001-10000,1510281,Public Company,Retail Luxury Goods and Jewelry,"Jewellery, Watchmaking",Meyrin,Switzerland
IOTA Informatics,https://www.linkedin.com/company/iota-informatics/,https://www.iotainformatics.com/,Delivering Smarter Tech Solutions,"IOTA Informatics is a team of highly skilled professionals passionate about harnessing the power of technology to solve complexities of the Real Estate and Healthcare industries and make a positive impact on the world.  Our platform (ERP for Real Estate) is a robust solution designed to ease all the complexities involved in Real Estate project/site management. Our solution serves in administration, project surveys, lead generation, and sales management. For workforce management, it seamlessly st",2018,15,11-50,1674,Privately Held,Information Technology & Services,"HealthTech, software app development, web app development, Healthcare IT, mobile app development, artificial intelligence, IT Consulting, Data Analytics, Data Security, IoT Integration, Search Engine Optimization, real estate, real estate software, real estate services, real estate tools",Bhopal,India
Bharat Petroleum Corporation Limited,https://www.linkedin.com/company/bpcl/,http://www.bharatpetroleum.in,"Official LinkedIn Page of Bharat Petroleum Corp. Ltd, a Fortune 500 Oil & Gas Maharatna PSU in India.","Fortune Global 500 Company, Bharat Petroleum is the second largest Indian Oil Marketing Company and one of the premier integrated energy companies in India, engaged in refining of crude oil and marketing of petroleum products, with a significant presence in the upstream and downstream sectors of the oil and gas industry. The company attained the coveted Maharatna status, joining the elite club of companies having greater operational & financial autonomy.   Bharat Petroleum’s Refineries at Mumbai",1976,23649,10001-None,407448,Public Company,Oil and Gas,,Mumbai,India
Diet Dial,https://www.linkedin.com/company/diet-dial/,http://dietdial.in,Dieting made easy for the smart generation 😎,DietDial is a Healthy food aggregator based out of Indore  The Startup aims at simplifying everyday Diet and nutrition hassles faced by a common man.   DietDial caters to the people through their subscription based meal plans entirely personalised as per an individual’s health or fitness goals  The firm envisions at making healthy & diet food affordable and ease the dieting challenges smartly for today’s busy and stressful folks  #Healthypeople HealthyNation,2020,3,11-50,109,Partnership,Food and Beverage Services,"Healthy food, Home Delivery",Indore,India
Oncam,https://www.linkedin.com/company/oncam-inc-/,http://www.Oncam.com,,Oncam is the new definitive video calling app for the modern world...,2010,3,11-50,175,Privately Held,"Technology, Information and Internet",Video Calling,Los Angeles,United States
ITSolutionWala-ITSWTECHOPS SOLUTIONS PVT. LTD,https://www.linkedin.com/company/itsolutionwalaexperts/,https://itsolutionwala.com,INDIA based Consulting and Staffing:- Revolutionary Support and Service for Infra/Network/Cloud/DevOps/SRE/Data/AI/ML,"Revolutionary Support and Service Company  We ideate, design and build innovative Infrastructure, Cloud, DevOps , SRE , Data and AI solutions for resilience and scalability  -> We are here to tackle your specific problem or requirement -> Best in Service and Cost Saving one as no need to higher full-time experts , Pay only for results -> 14-day satisfaction (or money-back) -> We are available 24x7,Quick On-boarding , release and replacement. -> One Stop Solution for all your Company Needs  -> Pr",2023,21,11-50,408,Privately Held,IT Services and IT Consulting,"Server, Network, Cloud, DevOps, SRE, Migration, Backup, Security, Data, AI",Indore,India
local stores,https://www.linkedin.com/company/local-stores/,http://localsstores.com/,🛍️ One Click Every Things Quick,g🛍️ One Click Every Things Quick  📍 Grocery | Medicine | Food | Clinics | Many More  📢 Register You Store 👇🏻  https://localsstores.com/public/auth/store-registration,2025,12,2-10,53,Privately Held,Digital Accessibility Services,,jabalpur ,India
Nexora,https://www.linkedin.com/company/wearenexora/,https://www.nexora.com,"Progressive Technology, Enriching Lives.","Nexora (formerly DCC Technology) is a community of twenty-seven specialist businesses across Europe and North America, united by a shared belief in the power of technology to enrich lives. We bring together forward thinkers with deep expertise across Pro AV, business infrastructure and home technology, all driven to create value, enhance experiences and move society forward through progressive technology.   Our heritage sets us apart. For decades, our businesses have supported vendors and custom",,544,1001-5000,13862,Public Company,"Technology, Information and Media",,,
Datatech Genius,https://www.linkedin.com/company/datatechgenius/,https://www.datatechgenius.com,Technology Meet's Genius,"Datatech genius is located at the economic giant of tamilnadu, India and making apps for worldwide idea innovators. Apps we build are appraised for intuitive navigation and extensive utility by its owners and users. Our day rises with a sole question every day that motivates us to do what we do - “Why a user will take time to download an app that is sure of occupying space on their phone device?” and we know the answer! We’re a community of versatile talent and passions; we’re designers, develop",2021,88,51-200,2394,Partnership,IT Services and IT Consulting,"Software Development, Mobile app Developement, Contract to Hire, C2C, LMS, CRM, SAAS, ERP, E-commerce, Transportation Apps, Billing softwares, MERN/MEAN/PHP/.NET/Full stack / JAVA / QA / ReactJS/NODE JS/, Parking Apps, Hotel Apps, Angular, Python",Puducherry,India
Opera Leads,https://www.linkedin.com/company/opera-leads/,https://operaleads.com/,"Powering B2B growth with clean, accurate, and actionable data tailored for smarter outreach and lead generation.","🎯 Opera Leads | Smart B2B Data Solutions for Targeted Growth 📍 www.operaleads.com 📞 7477038573 | 📧 Shahrukh@operaleads.com  At Opera Leads, we help businesses connect with their ideal clients using clean, accurate, and actionable B2B data. Whether you're building email campaigns, enhancing CRM performance, or expanding your outreach—our data is designed to drive growth.  🔍 Our Services Include 📊 Data Mining & Market Analysis – Understand trends, patterns, and customer behavior 📩 Verified Email L",2020,2,11-50,12,Privately Held,IT Services and IT Consulting,"B2B Lead Generation, Data Mining, Email & Contact List Building, Web Scraping, LinkedIn Scraping, CRM Data Enrichment, Market Research, Bulk Email Verification, B2B Data Solutions, Growth Strategy, Data-Driven Marketing, Prospect List Building, Sales Intelligence, Cold Email Outreach Support, Intent-Based Lead Targeting",Burhanpur,India
Bansal Group of Institutes - BGI Bhopal,https://www.linkedin.com/company/bgibhopal/,www.bgibhopal.com,Bansal Group of Institutes is one of the leading education group in central India with 24 years of excellence.,"Bansal Group of Institutes has been taking care of true potential, talent, intellect, and skills for the last 24 years. It has successfully trained terrific minds into skilled technocrats that willfully contribute large amounts to the nation while obtaining top placements at renowned companies and is well-equipped with modern infrastructure norms. BGI strongly believes in promoting innovation through IIC Establishment, maintaining strong industry connections, and proudly holds the silver band in",2000,168,201-500,4316,Educational Institution,Higher Education,,Bhopal,India
iTRAC Technology,https://www.linkedin.com/company/itrack-technology/,http://itractechnology.com/,"""Connecting Ideas, Transforming Tomorrow.""","iTRAC Technology is a leading mobile, web, and software development company having 13+ years of experience in delivering exceptional solutions to businesses of all sizes. We have developed mobile apps for clients across a wide range of industries including Renewable Energy, E-commerce, Retail, Telecommunication, Education, and logistics. We provide end-to-end software solutions in a variety of industries verticals, including publishing, finance, real estate, insurance, retail, Automotive, Engine",2009,15,51-200,97,Sole Proprietorship,IT System Design Services,"Web Development , Engineering Services, Design , Training, Customer Support, Internet Marketing, Mobile App Development ",Indore,India
Synoris Technologies Pvt. Ltd.,https://www.linkedin.com/company/synoris-technologies-pvt-ltd-/,http://www.synoris.com/,Runs For It's Client Victory,"Synoris Technologies is a software development company, set to carve out a niche for itself in the area of IT enabled services and product development. We provide the state-of-the art services, ensuring adaptability to client needs, and thus bringing out the most innovative solutions in every business and technology today.",2008,69,51-200,1062,Privately Held,IT Services and IT Consulting,"Software devlopment, Web designing, Software testing, Seo/Smm","CAT Road,Indore MP India",India
Faith Computers,https://www.linkedin.com/company/faith-computers/,http://laptopinfotech.com,,"Faith Computers is an information technology and services company based out of Chamunda Complex 1St Floor Ab Rd, Dewas, Madhya Pradesh, India.",,18,11-50,10,,Information Technology & Services,,Dewas,India
NovarsisTech Pvt. Ltd.,https://www.linkedin.com/company/novarsis-tech-pvt-ltd/,https://novarsistech.com/,“Web & App Development | SEO | Digital Growth Partner for Startups & Businesses”,"Novarsis Technology is a global IT solutions provider delivering comprehensive and integrated digital services to businesses of all sizes. We specialize in software development, website design & development, mobile application development, and digital marketing, helping organizations build a strong and scalable digital presence.  Our expertise extends to the development and implementation of mission-critical business applications, powered by cutting-edge technologies and innovative strategies. W",2019,21,51-200,518,Self Owned,IT Services and IT Consulting,"It solution, DIgital marketing, web development, App Development, CRM Development, WhatsApp api Chat Bot, SEO , PPC, Social Media Management , Social Media Marketing, Software Development",Indore,India
Freelance,https://www.linkedin.com/company/workfreelance/,https://linktr.ee/theblitzcyber,TheBlitzCyber NFT,Freelancers or freelancers,,60801,10001-None,108279,Self-Employed,Advertising Services,,,
Mindtree,https://www.linkedin.com/company/mindtreeltd/,http://www.ltimindtree.com,,"LTIMindtree is a global technology consulting and digital solutions company that enables enterprises across industries to reimagine business models, accelerate innovation, and maximize growth by harnessing digital technologies. As a digital transformation partner to more than 700 clients, LTIMindtree brings extensive domain and technology expertise to help drive superior competitive differentiation, customer experiences, and business outcomes in a converging world. Powered by 86,000+ talented an",,19438,10001-None,1652173,Public Company,Information Technology & Services,"Infrastructure Management Services, Mobility, Independent Testing, Analytics and Information Management, Banking, Financial Services and Insurance, Retail & Consumer Packaged Goods, Manufacturing, Digital Transformation, Cloud, Agile, and Hi-tech, Product IT Operating Model, Travel, Tourism & Hospitality",Bangalore,India
Prema Software Solutions,https://www.linkedin.com/company/prema-software-solutions/,https://premasoftware.com/,,PREMA GROUP was incorporated in 1989 with the objective of enhansing the knowledge of students to meet the real life challenges of industry.,1989,18,11-50,40,Sole Proprietorship,IT Services and IT Consulting,"3D Printing, 3D Scanning, CAD Customization, Reverse Engineering, CAE Solutions",Bhopal,India
HLBS Tech (P) Ltd.,https://www.linkedin.com/company/hlbs-tech-p-ltd./,http://www.hlbstech.com,,"First And The Best Computer Manufacturers in MP. We provide turnkey solutions in the field of Information Technology right from the scratch to the best possible technologies available today. We provide Security Solutions, RFID solutions, Barcode Solutions, Networking Solutions, Software and Web Development services and have the latest range of products that no other company provides as yet. We are the biggest suppliers of MP Govt. We are registered on DGS&D, MPLUN, NCCF and MPCCF.",2005,63,11-50,946,Privately Held,IT Services and IT Consulting,Turnkey IT Solutions,Bhopal,India
Simply Global Media,https://www.linkedin.com/company/simply-global-media-indore/,https://www.simplyglobalmedia.com/,"1.	360 degree effective digital solutions
2.	Fruitful and timely results
3.	A One-stop-shop for your brand image","Simply Global Media is a Digital Marketing company with high profile IT solutions providing skills and expertise to facilitate complex business alternatives.   We convey the messages through stories, create identity of your brand, build and be spoke websites and help grow businesses on digital platforms which empower our clients to stand out and always be on top and bring their visions to life.  Our team of certified and experienced professionals is working on modern day technologies by using in",2017,13,11-50,186,Partnership,IT Services and IT Consulting,"Digital Marketing, Web Development/Designing, Mobile App Development/Designing, Email Marketing, Ecommerce Marketing, Affiliated Marketing, Game Development/Designing, Brand Advertisement, CRM/Software Development, Search Engine Marketing, Search Engine Optimization, Video Advertisement, Social Media Marketing, Lead Generation, Mobile Advertisement, Creative Designing",Indore,India
SureVin,https://www.linkedin.com/company/surevin/,http://surevin.com,,"SureVin is one of the leading IT company having expertise in Business Transformation, Product Development, Marketing and Sales, Skill Development & Training program, Digital Solutions and Voice broadcasting and is one of the leading Virtual Reality Content Provider based in India having operations in many countries. SureVin provides digitally reconstruct the real-world spaces with the help of latest technology of Virtual Reality( 360 degree view). Our 100% dedicated team to creation a quality co",1987,140,1001-5000,845,Privately Held,IT Services and IT Consulting,"IT Solution, Outsourcing Services, Virtual Reality, Skill Development And Training Program, Voice Broadcasting Services, Web Development Service",Bhopal,India
Shriffle Technologies Pvt. Ltd.,https://www.linkedin.com/company/shriffle/,https://www.shriffle.com,"You Think It, We Build It !!","Shriffle Technologies is a B2B technology partner and software development company in Indore helping businesses build, scale, and manage digital products with ease. We provide dedicated developers and end-to-end software development services tailored to your business needs.  From custom software and SaaS platforms to web and mobile applications, we work as an extended part of your team to deliver reliable and scalable solutions. Our expertise includes technologies like Node.js, React.js, Angular",2019,78,51-200,13825,Privately Held,IT Services and IT Consulting,"web development, mobile application development, backend development, frontend development, website design",Indore,India
Suvrin Technologies,https://www.linkedin.com/company/suvrin-technologies/,https://www.suvrin.com/,Your IT Partner,"Emerging from a team of experts with rich expertise in the field of information technology and marketing, Suvrin is a tech consulting organization which endeavors in creating diverse methods and innovative mechanisms to provide you with the best of website, mobile, ERP and CRM solutions.     Our Services  Website Development  Digital Marketing  Mobile Development  E-Commerce  Testing     Our Products  Custom Software  Bespoke software development  Odoo ERP  Manufacturing ERP  E-commerce ERP  Con",2016,4,2-10,150,Privately Held,IT Services and IT Consulting,,Gurgaon,India
Get A Job,https://www.linkedin.com/company/get-your-new-job/,https://techsimplus.com/,Where you will get your dream job,We hire best developers. ,2017,98,11-50,99300,Privately Held,IT Services and IT Consulting,"Full Stack Development, Python Programming, Django Framework, Machine Learning, Deep Learning, React JS, Node.js, SQL & Databases, Data Science, Web Development, Project-Based Learning, Placement-Oriented Training, Industry-Ready Curriculum, Classroom & Online Workshops, Career Mentorship, Technical Interview Preparation, Soft Skills for Tech Careers, Final Year Project Guidance, Coding Bootcamps, College-to-Corporate Transition, Data Analytic",Bhopal,India
Point Blank,https://www.linkedin.com/company/pointblank-club/,www.pointblank.club,A Community Focused towards development of Industry ready engineers as wholesome individuals.,"Point Blank is a multidisciplinary community of programmers.  We focus on creating industry ready individuals by participating  in competitions such as Google Summer of Code, ACM ICPC, Smart India Hackathon and others. We also focus on interdisciplinary research and are committed to free open source software (FOSS).   Regular updates about what we do can be found on our forum: www.pointblank.club",2019,60,51-200,4607,Educational Institution,Software Development,,Bengaluru,India
Your Software Supplier,https://www.linkedin.com/company/yoursoftwaresupplier/,http://www.yoursoftwaresupplier.com,Connecting companies with the world’s best software developers.,"Your Software Supplier runs a global software marketplace and ecosystem that helps companies build websites, apps, AI and software solutions with the right development partners.  We support companies in finding the best software development companies for their projects. From early ideation to product launch, we guide organizations through the entire digital product journey.  Our mission is simple: make building great software easier, faster and more successful.  Through our global ecosystem we c",2019,65,51-200,12810,Privately Held,IT Services and IT Consulting,"Software Marketplace, Software Ecosystem, Custom Software Development, Web Development, Mobile Development, Artificial Intelligence, UI/UX Design, Project Management, Outsourcing, Staff Augmentation, Blockchain, Software Testing, Consultancy, Research & Matchmaking, Sales & Marketing, Global Business, Startups & Scaleups, Recruitment & Selection",Amsterdam,Netherlands
InfoFeat Technologies Pvt. Ltd.,https://www.linkedin.com/company/infofeat-technologies-pvt-ltd/,https://infofeat.com/,"A Salesforce Consulting Partner.
Strength, Skills and Spirit to TRANSFORM.","InfoFeat is a salesforce consulting partner. Our mission is to drive revenue, consumer experience and growth for our customers. We believe in helping organizations achieve success through Sales Cloud Service Cloud and Marketing Cloud.  We offer our proficiencies with - Consulting and Implementation in Sales, Service and Marketing cloud. Integrations : We solve any complex integration challenge.  We use best practices and experienced consultants to deliver Salesforce solutions which leads to high",2021,22,11-50,3579,Privately Held,Information Technology & Services,"Salesforce Consulting, Salesforce Implementation, Salesforce Sales Cloud, Salesforce Service Cloud , Salesforce Marketing Cloud, Integrations, Quality Assurance, Software Consulting",Indore,India
SureVin,https://www.linkedin.com/company/surevin/,http://surevin.com,,"SureVin is one of the leading IT company having expertise in Business Transformation, Product Development, Marketing and Sales, Skill Development & Training program, Digital Solutions and Voice broadcasting and is one of the leading Virtual Reality Content Provider based in India having operations in many countries. SureVin provides digitally reconstruct the real-world spaces with the help of latest technology of Virtual Reality( 360 degree view). Our 100% dedicated team to creation a quality co",1987,140,1001-5000,845,Privately Held,IT Services and IT Consulting,"IT Solution, Outsourcing Services, Virtual Reality, Skill Development And Training Program, Voice Broadcasting Services, Web Development Service",Bhopal,India
iRECOGNIFY,https://www.linkedin.com/company/irecognify/,https://irecognify.com/,"Reclaim Your Identity, Resume Your Success","At iRecognify, our mission is to empower women who have sacrificed their professional identities in the pursuit of social duties. We believe in a world where every woman, regardless of her journey, can reclaim her place in the workforce with dignity and flexibility.  Our initiative is driven by a passionate team of women, dedicated to breaking down barriers and redefining workplace norms. We partner with progressive corporations to ensure that leadership roles are not just filled, but filled by ",2024,4,2-10,440,Privately Held,IT Services and IT Consulting,"Freelancing Platform, Internet Services, Advertisement Services, Technology, Information & Internet, Women Empowerment, Job Opportunities, Expert Guidance, Career Advancement, IT Services and IT Consulting, Digital Marketing, Freelance Platform, Success, Recognition, Independent Women",Indore ,India
Nabhovid Software Solutions Pvt Ltd,https://www.linkedin.com/company/nabhovid-software-solutions/,http://www.nabhovid.com,Knowing the Sky,"Nabhovid Software Solution is a Software Development and Android App Development company. Having Multi Domain expert team to provide on time delivery, Software development and services across the world. We work in cloud technology Salesforce Design Development, Configuration, Testing, Deployment and Support with Classic and Lightning Web Component (LWC), Flow and Automation, Android App and other App and web-based services. ",2021,13,11-50,815,Privately Held,IT Services and IT Consulting,"Web Application Development, Website Design and Hosting, Android App Development, IT Staffing and Support Service, Salesforce Development, Salesforce Support Services, Lightning Web Component Development, Apex Development, Salesforce Integration Services, Salesforce resource outsourcing",Indore,India
Cubix WebTech Solutions PVT LTD,https://www.linkedin.com/company/cubix-webtech-solutions-pvt-ltd/,http://cubixwebtechsolutions.com/,"Cubix is leading IT company, We are specializing in enterprise software development for web and mobile.","Cubix WebTech Solutions Pvt Ltd (CWS) is focused in Software Development, Web Design and Development, Mobile Applications Development, Search Engine Optimization, Web Marketing, E-Commerce, Multimedia Solutions, Content Writing, Graphic and Logo Design. We have a highly capable team of professionals, who know how to deliver results. We treat each of our clients individually and therefore we do not offer set prices on any service. We offers very affordable service in each of our field.Our advanta",2016,15,11-50,1066,Privately Held,IT Services and IT Consulting,"Web Development, Software Development, Mobile Application Development, IT Related Services, Webresearch, Digital Marketing, PHP, Code Ignitor, Laravel, Word Press",Ujjain,India
Landmark,https://www.linkedin.com/school/landmark/,http://www.landmarkworldwide.com,An Experience Like No Other,"Landmark is a global educational enterprise offering The Landmark Forum and graduate courses that are innovative, effective, and immediately relevant. Our leading-edge educational methodology enables people to produce extraordinary results and enhance the quality of their lives.   Landmark’s courses and seminars are delivered online and in person in more than 130 cities via 53 major offices around the globe. More than 193,000 people participate in Landmark's courses each year.   A fundamental pr",1991,2103,501-1000,46251,Privately Held,Professional Training and Coaching,"Leadership, Personal Effectiveness, Communication, Empowerment, Collaboration",,United States
Design Madari,https://www.linkedin.com/company/designmadari/,https://designmadari.com/,"India's First Subscription Based Design Platform
sales@designmadari.com","We are the old-style Madari (graphic designing company) adept in planning, executing and showcasing monkey dance of every mood and flavour (read a wide variety of graphic designs you want from us). We have on board the agile, creative and super dynamic monkeys (aka graphic designers) and you are the audience (aka our clients) willing to ask for any show and we will deliver to you promptly, no questions asked! We cater to both B2B and B2C clients!",2022,20,51-200,196,Privately Held,Graphic Design,"Graphic Design, Social Media Marketing, branding, Advertising, Logo Design, Social Media Management, Marketing, Creative Design, Strategy Devlopment, SMM, SMO, Google Ads",kolkata,India
