domain,website,name,needs
techexactly.com,https://techexactly.com/?utm_source=Goodfirms&utm_medium=referral,Tech Exactly,wayback+homepage+careers
promaticsindia.com,https://www.promaticsindia.com/?utm_source=Goodfirms&utm_medium=referral,Promatics Technologies,wayback+homepage+careers
ajackus.com,https://www.ajackus.com/?utm_source=Goodfirms&utm_medium=referral&utm_campaign=directory,Ajackus,wayback+homepage+careers
zerone-consulting.com,http://www.zerone-consulting.com?utm_source=Goodfirms&utm_medium=referral,Zerone Consulting,wayback+homepage+careers
reckonsys.com,https://www.reckonsys.com,Reckonsys Tech labs Private Limited,wayback+homepage
vitinfotech.com,http://www.vitinfotech.com,VIT,wayback+homepage+careers
aguaisolutions.com,http://www.aguaisolutions.com,Aguai Solutions Pvt Ltd,wayback+homepage+careers
mayuraconsultancy.com,https://www.mayuraconsultancy.com,Mayura Consultancy Services (MCS),wayback+homepage+careers
emizentech.com,https://emizentech.com/,Emizen Tech Pvt Ltd,wayback+homepage+careers
zerozilla.com,http://www.zerozilla.com,Zerozilla,wayback+homepage+careers
trudosys.com,https://trudosys.com/,Trudosys,wayback+homepage+careers
aspiresoftwareconsultancy.com,https://aspiresoftwareconsultancy.com,Aspire Software Consultancy,wayback+homepage+careers
userfacet.com,https://www.userfacet.com,Userfacet,wayback+homepage+careers
ionicfirebaseapp.com,https://www.ionicfirebaseapp.com/,IONICFIREBASE,wayback+homepage+careers
galaxyweblinks.com,https://www.galaxyweblinks.com,Galaxy Weblinks,wayback+homepage+careers
zethic.com,https://zethic.com/,Zethic Technologies,wayback+homepage+careers
krazimo.ai,https://krazimo.ai/,Krazimo Private Limited,wayback+homepage+careers
webosmotic.com,https://webosmotic.com/,WebOsmotic Pvt. Ltd.,wayback+homepage+careers
mobileapptelligence.com,http://www.mobileapptelligence.com/,Mobile Apptelligence,wayback+homepage+careers
sodio.tech,https://sodio.tech,Sodio Technologies Pvt Ltd,wayback+homepage+careers
appmocx.com,https://appmocx.com/,Appmocx Pvt Ltd,wayback+homepage+careers
mcbirdtechnologies.com,https://mcbirdtechnologies.com/,McBird Technologies Pvt Ltd,wayback+homepage+careers
roarsinc.com,https://www.roarsinc.com,Roars Technologies Pvt. Ltd.,wayback+homepage+careers
avgisolutions.com,https://avgisolutions.com/,AVGI Solutions,wayback+homepage+careers
indatalabs.com,https://indatalabs.com/,InData Labs,wayback+homepage+careers
v2soft.com,https://www.v2soft.com/,V2Soft Pvt Ltd,wayback+homepage+careers
wisdomleaf.com,http://www.wisdomleaf.com/,Wisdomleaf Technologies,wayback+homepage+careers
mofosys.com,http://www.mofosys.com,Mofosys Technologies,wayback+homepage+careers
netsqure.com,https://netsqure.com/,Netsqure Technologies Pvt Ltd,wayback+homepage+careers
ombrulla.com,https://www.ombrulla.com/ai-visual-inspection,Ombrulla,wayback+homepage+careers
itcinfotech.com,https://www.itcinfotech.com/,ITC Infotech,wayback+homepage+careers
posibolt.com,http://www.posibolt.com,Posibolt Solutions Pvt Ltd,wayback+homepage+careers
vdhosts.com,https://vdhosts.com/,VD Hosts,wayback+homepage+careers
recro.io,http://recro.io/,Recrosoft Technologies Pvt. Ltd,wayback+homepage+careers
vistasadindia.com,https://vistasadindia.com/,Vistas AD Media Communications,wayback+homepage+careers
goodworklabs.com,http://www.goodworklabs.com/,GoodWorkLabs,wayback+homepage+careers
optirise.in,http://www.optirise.in/,Optrise Software Pvt.Ltd,wayback+homepage+careers
techautomationsolutions.com,https://techautomationsolutions.com/,Tech Automation Solutions,wayback+homepage+careers
eidesign.net,https://www.eidesign.net/,EI Design Pvt Ltd,wayback+homepage+careers
tesseractlearning.com,http://www.tesseractlearning.com,Tesseract Learning Inc,wayback+homepage+careers
teknotrait.com,https://teknotrait.com/,Teknotrait,wayback+homepage+careers
valuechain.com,https://valuechain.com/,Value Chain,wayback+homepage+careers
locus.sh,https://locus.sh/,Locus,wayback+homepage+careers
sen-sei.in,https://www.sen-sei.in/index.html,Sensible solutions,wayback+homepage+careers
bitsnpixs.com,https://www.bitsnpixs.com/services/embroidery-digitizing,BitsNPixs,wayback+homepage+careers
flipkoins.com,https://flipkoins.com/,Flipkoins,wayback+homepage+careers
iterator.in,https://iterator.in/,Iterator,wayback+homepage+careers
slksoftware.com,https://www.slksoftware.com/,SLK Software,wayback+homepage+careers
onebytelabs.in,https://onebytelabs.in,One Byte Labs,wayback+homepage+careers
cloudonhire.com,https://CloudOnHire.com,CloudOnHire,wayback+homepage+careers
websigmaglobal.com,https://www.websigmaglobal.com,Websigma Private Limited,wayback+homepage+careers
nexevo.in,http://www.nexevo.in/,Nexevo Technologies.,wayback+homepage+careers
thedevengine.com,https://thedevengine.com/,The Dev Engine,wayback+homepage+careers
qdesigns.co.in,https://qdesigns.co.in,Qdesigns Web Developement Services,wayback+homepage+careers
erppeers.com,https://erppeers.com/,ERP Peers,wayback+homepage+careers
codewave.com,https://codewave.com,Codewave,wayback+homepage+careers
metafic.co,https://metafic.co,Metafic,wayback+homepage+careers
thoughtcoders.com,https://thoughtcoders.com/,Thoughtcoders,wayback+homepage+careers
aryushinfotech.com,http://www.aryushinfotech.com,Aryush Infotech India Private Limited,wayback+homepage+careers
nextdynamix.com,http://www.nextdynamix.com/,NextDynamix Tech,wayback+homepage+careers
kyurius.tech,https://kyurius.tech/,Kyurius Tech Studios,wayback+homepage+careers
carmatec.com,https://www.carmatec.com/,Carmatec,wayback+homepage+careers
imcrinox.com,https://www.imcrinox.com,Imcrinox,wayback+homepage+careers
webshark.in,https://www.webshark.in,Webshark Web Services,wayback+homepage+careers
dbzeus.com,https://www.dbzeus.com,DBZeus,wayback+homepage+careers
codegres.com,https://codegres.com,Codegres,wayback+homepage+careers
codelinear.com,https://codelinear.com,Codelinear Software Solutions Pvt Ltd,wayback+homepage+careers
covalensedigital.com,https://covalensedigital.com/,Covalense Digital Solutions,wayback+homepage+careers
vivantatechnologies.com,http://www.vivantatechnologies.com,Vivanta Technologies,wayback+homepage+careers
flashyminds.com,https://flashyminds.com,Flashyminds,wayback+homepage+careers
imperialwebdesign.in,http://www.imperialwebdesign.in/,Imperial Web Design,wayback+homepage+careers
sugoilabs.com,http://sugoilabs.com,Sugoi Labs,wayback+homepage+careers
limrasoftech.com,https://www.limrasoftech.com/,Limra Softech Private Limited,wayback+homepage+careers
unizentechnologies.com,https://www.unizentechnologies.com/,Unizen Technologies,wayback+homepage+careers
arjunrajkumar.in,https://www.arjunrajkumar.in,Arjun Rajkumar,wayback+homepage+careers
simplyfi.tech,http://simplyfi.tech/,SimplyFI Softech India Pvt. Ltd.,wayback+homepage+careers
systemmade.com,http://www.systemmade.com,SystemMade Software Solutions,wayback+homepage+careers
techmanyata.com,https://techmanyata.com/,Tech Manyata,wayback+homepage+careers
geeksynergy.com,https://geeksynergy.com/,Geeksynergy Technologies Private Limited,wayback+homepage+careers
thecodework.com,https://thecodework.com/,TheCodeWork,wayback+homepage+careers
healimpilo.com,https://www.healimpilo.com/,Healimpilo,wayback+homepage+careers
echopx.com,https://echopx.com/,Echopx Technologies,wayback+homepage+careers
coact.co.in,https://www.coact.co.in/,COACT,wayback+homepage+careers
versatile.club,https://www.versatile.club/,Versatile Club,wayback+homepage+careers
reintenspark.com,https://reintenspark.com,Reintenspark Technology Private Limited,wayback+homepage+careers
techbrainz.com,https://techbrainz.com/,TechBrainz Consulting,wayback+homepage+careers
techtez.com,https://www.techtez.com/,TechTez LLP,wayback+homepage+careers
zool.in,https://zool.in,Zool Tech Solutions Pvt Ltd,wayback+homepage+careers
tunerlabs.com,https://www.tunerlabs.com/,Tunerlabs Consulting Private Limited,wayback+homepage+careers
inncrewin.com,https://www.inncrewin.com/,Inncrewin Technologies,wayback+homepage+careers
appswise.com,https://appswise.com,AppsWise Technologies Pvt. Ltd,wayback+homepage+careers
bcits.co.in,https://www.bcits.co.in,BCITS PVT LTD,wayback+homepage+careers
gavista.com,https://gavista.com/,Gavista Tech,wayback+homepage+careers
nynedge.com,https://www.nynedge.com,NYNEDGE SOFTWARE PRIVATE LIMITED,wayback+homepage+careers
smoketrees.in,https://smoketrees.in,SMOKETREES DIGITAL LLP,wayback+homepage+careers
abstrabit.com,https://www.abstrabit.com/,Abstrabit Technologies Private Limited,wayback+homepage+careers
xmplar.in,https://www.xmplar.in/,Xmplar Management Solutions,wayback+homepage+careers
technoforte.co.in,https://www.technoforte.co.in/,Technoforte,wayback+homepage+careers
mantiqh.com,https://mantiqh.com/,Mantiqh Technologies Pvt Ltd,wayback+homepage+careers
flatworldsolutions.com,https://www.flatworldsolutions.com/,Flatworld Solutions,wayback+homepage
hitouchtechnologies.com,http://hitouchtechnologies.com/,Hitouch Technologies (P) Ltd.,wayback+homepage+careers
facileconsulting.com,http://www.facileconsulting.com,Facile Consulting Private Limited,wayback+homepage+careers
infolinkindia.com,http://www.infolinkindia.com,Infolink Technologies Pvt.Ltd,wayback+homepage+careers
velozion.com,https://www.velozion.com,Velozion Technologies Pvt Ltd,wayback+homepage+careers
pentechs.com,http://www.pentechs.com,Pentechs,wayback+homepage+careers
altorumleren.com,https://www.altorumleren.com/,Altorum Leren Pvt Ltd,wayback+homepage+careers
vsmsoftware.com,http://www.vsmsoftware.com,VSM Software P Ltd,wayback+homepage+careers
wawbiz.com,https://wawbiz.com/,Wawbiz,wayback+homepage+careers
officeanywhere.io,https://officeanywhere.io,ERachana Technologies,wayback+homepage+careers
softicatechnologies.com,https://www.softicatechnologies.com/,Softica,wayback+homepage+careers
zivratech.com,http://zivratech.com/,Zivra Technologies,wayback+homepage+careers
geogo.in,https://geogo.in,GEOGO Technologies,wayback+homepage+careers
q-dat.com,http://www.q-dat.com/,Q-Dat IT Solutions,wayback+homepage+careers
hexad.de,https://www.hexad.de/en/index.html,Hexad Infosoft Private Limited,wayback+homepage+careers
thesileo.com,https://www.thesileo.com,SILEO TECHNOLOGIES PRIVATE LIMITED,wayback+homepage+careers
forklyft.in,https://forklyft.in/,Forklyft ERP Solutions,wayback+homepage+careers
finvatech.com,https://finvatech.com,Finva Tech Pvt Ltd,wayback+homepage+careers
enaviya.com,https://www.enaviya.com/,Enaviya Information Technologies Pvt Ltd,wayback+homepage+careers
cortexcraft.com,https://cortexcraft.com/,Cortexcraft Innovation Labs Pvt Ltd,wayback+homepage+careers
idattec.com,https://idattec.com/,IDATTEC,wayback+homepage+careers
equantechsolutions.com,https://www.equantechsolutions.com,EQUANTECH SOLUTIONS PVT LTD,wayback+homepage+careers
truerize.com,https://www.truerize.com/,Truerize IQ Strategic Solutions Pvt Ltd,wayback+homepage+careers
weframetech.com,https://weframetech.com/,WeframeTech,wayback+homepage+careers
techinflo.com,https://www.techinflo.com/,Techinflo solution pvt ltd,wayback+homepage+careers
six30labs.io,https://six30labs.io/,Six30 Labs Pvt. Ltd.,wayback+homepage+careers
detrans.io,https://www.detrans.io/,Detrans Solutions LLP,wayback+homepage+careers
gideons.tech,https://gideons.tech,Gideons Catalyst,wayback+homepage+careers
sodaru.com,https://sodaru.com,Sodaru Technologies,wayback+homepage+careers
techsopi.com,https://techsopi.com/,Techsopi Global Pvt Ltd,wayback+homepage+careers
greypathsolutions.com,https://www.greypathsolutions.com/,Greypath Solutions,wayback+homepage+careers
corseltechnologies.com,https://corseltechnologies.com/,Corsel Technologies,wayback+homepage+careers
magnence.com,https://www.magnence.com,Magnence,wayback+homepage+careers
claritytechnologies.com,https://claritytechnologies.com,Clarity Information Technologes Pvt Ltd,wayback+homepage+careers
spritzsf.com,http://www.spritzsf.com/,Spritz LLC,wayback+homepage+careers
techiesys.in,http://www.techiesys.in/,Techiesys It Solutions,wayback+homepage+careers
gramenerit.com,https://www.gramenerit.com,Gramener IT Services,wayback+homepage+careers
thirdeyeinfo.com,https://thirdeyeinfo.com/,Third Eye Infosystems,wayback+homepage+careers
visparatechnosoft.com,https://visparatechnosoft.com,Vispara Technosoft Pvt Ltd,wayback+homepage+careers
divum.in,https://divum.in/,Divum Corporate Services Pvt Ltd,wayback+homepage+careers
spartanlabs.in,https://spartanlabs.in/,Spartan Labs Software Pvt Ltd,wayback+homepage+careers
smacware.com,https://www.smacware.com/,Smacware,wayback+homepage+careers
ibux.in,https://www.ibux.in,iBux Business Solutions,wayback+homepage+careers
think201.com,https://think201.com/,Think201,wayback+homepage+careers
mobiux.in,https://www.mobiux.in/,Mobiux,wayback+homepage+careers
wizmobi.com,https://wizmobi.com,Wizmobi Technologies Pvt Ltd,wayback+homepage+careers
binarysemantics.com,https://www.binarysemantics.com/,Binary Semantics,wayback+homepage+careers
tedlite.com,https://tedlite.com/,Tedlite 4+ Gen Software Company,wayback+homepage+careers
criadorlabs.com,https://www.criadorlabs.com/,Criador Design Labs Pvt Ltd,wayback+homepage+careers
logmate.co.in,http://www.logmate.co.in,Logmate Logistics,wayback+homepage+careers
ruckustech.co,https://ruckustech.co/,Ruckus Tech,wayback+homepage+careers
techfnatic.com,https://www.techfnatic.com/,TechFNatic,wayback+homepage+careers
reapmind.com,https://reapmind.com,ReapMind Innovations Pvt Ltd,wayback+homepage+careers
speedwebservice.in,https://www.speedwebservice.in/,Speedweb services,wayback+homepage+careers
lookupitsolutions.com,https://www.lookupitsolutions.com/,Lookupit Solutions,wayback+homepage+careers
tudotechnologies.com,https://tudotechnologies.com/,Tudo Technologies Pvt Ltd,wayback+homepage+careers
rubixe.com,https://www.rubixe.com,Rubixe,wayback+homepage+careers
zeptcode.com,https://zeptcode.com,ZEPTCODE TECHNOLOGIES LIMTED,wayback+homepage+careers
sashinfo.com,https://www.sashinfo.com/,Sash Info,wayback+homepage+careers
techkit.in,https://site.techkit.in/,Techkit,wayback+homepage+careers
smartborn.io,https://smartborn.io/,SMARTBORN,wayback+homepage+careers
bluetickconsultants.com,https://www.bluetickconsultants.com/,Bluetick Consultants LLP,wayback+homepage+careers
evoqins.com,https://evoqins.com/,Evoqins,wayback+homepage+careers
techpearl.com,https://techpearl.com/,Techpearl,wayback+homepage+careers
steemasoftware.com,https://www.steemasoftware.com/,Steema,wayback+homepage+careers
diatoz.com,https://www.diatoz.com,DIATOZ SOLUTIONS PRIVATE LIMITED,wayback+homepage+careers
codolin.com,https://codolin.com/,Codolin Technologies Pvt. Ltd,wayback+homepage+careers
indosakura.com,https://indosakura.com/,Indo-Sakura Software Pvt Ltd.,wayback+homepage+careers
nexzon.tech,https://www.nexzon.tech,Nexzon Tech,wayback+homepage+careers
wtipl.com,https://wtipl.com,Wincent Technologies India Pvt. Ltd.,wayback+homepage+careers
sidsoft.in,http://sidsoft.in,SIDSOFT Technologies Pvt Ltd,wayback+homepage+careers
elasticdevs.io,https://www.elasticdevs.io,ElasticDevs,wayback+homepage+careers
vinnovatelabz.com,https://vinnovatelabz.com/,VinnovateLabz,wayback+homepage+careers
sitefy.co,https://sitefy.co,Sitefy,wayback+homepage+careers
ciphertrivia.com,http://ciphertrivia.com/,Cipher Trivia,wayback+homepage+careers
huntertechglobal.com,http://huntertechglobal.com/,HunterTech Ventures,wayback+homepage+careers
fugenx.com,https://www.fugenx.com/,FuGenX Technologies Pvt Ltd,wayback+homepage+careers
techasoft.com,https://www.techasoft.com/,Techasoft Pvt. Ltd.,wayback+homepage+careers
gyanmatrix.com,https://gyanmatrix.com/,GyanMatrix Technologies Pvt Ltd,wayback+homepage+careers
zeksta.com,https://www.zeksta.com,Zeksta Technology,wayback+homepage+careers
bizitatech.com,https://bizitatech.com/,Bizita Technologies,wayback+homepage+careers
cloudodyssey.co,https://cloudodyssey.co/,Cloud Odyssey,wayback+homepage+careers
cloudsoftwaresolution.in,https://cloudsoftwaresolution.in,Cloud Software Solution,wayback+homepage+careers
brilln.com,https://www.brilln.com,Brilln,wayback+homepage+careers
axcess.io,https://axcess.io,Axcess.io,wayback+homepage+careers
svinzy.com,https://www.svinzy.com/,Svinzy,wayback+homepage+careers
mindcomgroup.com,https://mindcomgroup.com/,Mindcom Group,wayback+homepage+careers
cybercurate.com,https://cybercurate.com/,Cyber Curate Tech,wayback+homepage+careers
cloudloom.io,https://cloudloom.io,Cloudloom Technologies Pvt Ltd,wayback+homepage+careers
zysk.tech,https://zysk.tech/,Zysk Technologies Private Limited,wayback+homepage+careers
altumind.ai,https://altumind.ai/,Altumind AI,wayback+homepage+careers
nrinnovium.com,https://nrinnovium.com/,NR Innovium Technologies Private Limited,wayback+homepage+careers
hudbil.com,https://hudbil.com/,Hudbil Private Limited,wayback+homepage+careers
inspironlabs.com,https://www.inspironlabs.com/,InspironLabs,wayback+homepage+careers
atlantixdigital.com,https://atlantixdigital.com/,Atlantix Digital.com,wayback+homepage+careers
crypticalsoftware.in,https://crypticalsoftware.in/,Cryptical Software,wayback+homepage+careers
populardigital.ai,https://www.populardigital.ai/,Popular Digital AI,wayback+homepage+careers
pathnovo.com,https://www.pathnovo.com/,Pathnovo Solutions Private limited,wayback+homepage+careers
iglulabs.com,http://www.iglulabs.com,Iglu Labs,wayback+homepage+careers
immortaldreamz.com,http://immortaldreamz.com/,Immortal Dreamz,wayback+homepage+careers
dekkodigital.com,http://www.dekkodigital.com/,Dekko Digital,wayback+homepage+careers
unique-creations.biz,https://www.unique-creations.biz/,Unique Creations Software India Pvt Ltd,wayback+homepage+careers
pattemdigital.com,https://pattemdigital.com/,Pattem Digital Technologies Private Limited,wayback+homepage+careers
claritiz.com,http://www.claritiz.com/,Claritiz Innovations Private LImited,wayback+homepage+careers
cornerstonesolutiononline.com,https://cornerstonesolutiononline.com,Corner Stone Solutions,wayback+homepage+careers
trioedge.com,https://trioedge.com/,TRIOEDGE SOFTWARE SOLUTIONS PRIVATE LIMITED,wayback+homepage+careers
minebrat.com,https://www.minebrat.com/,Minebrat Private Limited,wayback+homepage+careers
martpro.net,https://www.martpro.net/,MartPro,wayback+homepage+careers
talentskape.com,https://talentskape.com/,Talentskape,wayback+homepage+careers
cosmonetsolutions.com,https://cosmonetsolutions.com/,Cosmonet Solutions Pvt. Ltd.,wayback+homepage+careers
evolfinity.com,https://www.evolfinity.com/,Evolfinity Technologies Private Limited,wayback+homepage+careers
pradeepit.com,https://pradeepit.com,PradeepIT Consulting Services Pvt Ltd,wayback+homepage+careers
deuglo.com,https://www.deuglo.com/,Deuglo Infosystem Pvt Lmt,wayback+homepage+careers
ijonaservices.com,https://ijonaservices.com/,Ijona technologies,wayback+homepage+careers
techrowth.com,https://techrowth.com,Techrowth Pvt. Ltd.,wayback+homepage+careers
virgosys.com,https://www.virgosys.com/,Virgosys Software,wayback+homepage+careers
superiorcodelabs.com,https://superiorcodelabs.com,Superior Codelabs,wayback+homepage+careers
ceegees.in,https://ceegees.in/,Ceegees,wayback+homepage+careers
zeppstr.com,https://zeppstr.com/,Zeppstrr,wayback+homepage+careers
acubetechnologies.in,https://acubetechnologies.in,ACubetech Solutions Pvt Ltd,wayback+homepage+careers
gsussoftware.in,https://gsussoftware.in,GSUS STAR SOFTWARE SOLUTIONS PRIVATE LIMITED,wayback+homepage+careers
panelcs.com,https://www.panelcs.com/,PanelCS,wayback+homepage+careers
trueigtech.com,https://www.trueigtech.com/,TRUEiGTECH,wayback+homepage+careers
campionsoftware.com,http://www.campionsoftware.com,Campion Software,wayback+homepage+careers
nteos.ca,https://nteos.ca/,NTeos,wayback+homepage+careers
zaapr.com,https://zaapr.com/,Zaapr,wayback+homepage+careers
renderinfotech.com,https://www.renderinfotech.com/,Render Infotech,wayback+homepage+careers
acubetechnologies.com,https://acubetechnologies.com/,ACUBE USA LL,wayback+homepage+careers
logiclegends.com,http://www.logiclegends.com,Logiclegends,wayback+homepage+careers
emantra.in,https://emantra.in,EMantra,wayback+homepage+careers
snowtint.com,https://snowtint.com,Snowtint Technologies,wayback+homepage+careers
versionx.in,https://www.versionx.in/,VersionX,wayback+homepage+careers
advertroindia.co.in,https://advertroindia.co.in,Advertro India,wayback+homepage+careers
go2hire.com,https://www.Go2hire.com,Go2hire,wayback+homepage+careers
touchcrypto.org,https://www.touchcrypto.org/,Touch Crypto,wayback+homepage+careers
symphony-solution.com,https://www.symphony-solution.com/,Symphony Solution,wayback+homepage+careers
siddhatech.com,https://www.siddhatech.com/,Siddhatech Software Services Pvt. Ltd.,wayback+homepage+careers
stw-services.com,https://www.stw-services.com/,STW Services LLP,wayback+homepage+careers
grawlixsoft.com,https://grawlixsoft.com,Grawlix Software Private Limited,wayback+homepage+careers
codescastle.com,http://codescastle.com,Codescastle Software Pvt. Ltd.,wayback+homepage+careers
wednesday.is,https://www.wednesday.is/contact-us/goodfirms,Wednesday Solutions,wayback+homepage+careers
sphinx-solution.com,https://www.sphinx-solution.com/,Sphinx Solutions,wayback+homepage+careers
tudip.com,https://tudip.com/,Tudip Technologies Pvt. Ltd.,wayback+homepage
kinetikalabs.com,https://www.kinetikalabs.com/,Kinetikalabs,wayback+homepage+careers
teksolto.com,http://www.teksolto.com,Teksolto Softwares,wayback+homepage+careers
iprogrammer.com,https://www.iprogrammer.com,iProgrammer Solutions Private Limited,wayback+homepage+careers
quadlogix.com,https://www.quadlogix.com/,QuadLogix Technologies Pvt. Ltd.,wayback+homepage+careers
kodesoft.in,http://www.kodesoft.in,Kodesoft Technologies Pvt. Ltd,wayback+homepage+careers
buzzybrains.com,https://www.buzzybrains.com/,BuzzyBrains software (I) Pvt. Ltd,wayback+homepage+careers
codiasticsoft.com,https://www.codiasticsoft.com,Codiastic Soft Pvt Ltd,wayback+homepage+careers
ventagenie.com,http://www.ventagenie.com/,Ventagenie Delivery Solution,wayback+homepage+careers
panaceatek.com,http://www.panaceatek.com/,Panacea Infotech Private limited,wayback+homepage+careers
redbytes.in,http://www.redbytes.in/,Redbytes Software,wayback+homepage+careers
smokingchimneystudios.com,https://smokingchimneystudios.com/,Smoking Chimney Studios,wayback+homepage+careers
softlinkinternational.com,http://www.softlinkinternational.com,SoftLink International Pvt. Ltd.,wayback+homepage+careers
newtonindia.com,https://www.newtonindia.com/,Newton Software Pvt Ltd,wayback+homepage+careers
avercast.in,https://www.avercast.in,Avercast Infotech,wayback+homepage+careers
upsidelearning.com,http://www.upsidelearning.com,Upside Learning Solutions,wayback+homepage+careers
harbingerlearning.com,https://www.harbingerlearning.com/,Harbinger interactive learning,wayback+homepage+careers
datavsn.com,http://www.datavsn.com/,DataVision,wayback+homepage+careers
cerillion.com,http://www.cerillion.com/,Cerillion Technologies,wayback+homepage+careers
pcsoftindia.com,http://www.pcsoftindia.com/,Pcsoft ERP Solutions,wayback+homepage+careers
companybench.com,https://companybench.com/c/home,Company Bench,wayback+homepage+careers
abhinavdcs.com,https://abhinavdcs.com/,AbhinavDCS,wayback+homepage+careers
inferwise.com,https://www.inferwise.com,Inferwise LLP,wayback+homepage+careers
probytes.net,http://www.probytes.net/,Probytes,wayback+homepage+careers
acquiscent.com,http://www.acquiscent.com/,Acquiscent Technologies Pvt Ltd,wayback+homepage+careers
vibeosys.com,https://www.vibeosys.com/,Vibeosys Software Pvt Ltd,wayback+homepage+careers
inichepro.com,https://inichepro.com/,Inichepro IT Solutions Private Limited,wayback+homepage+careers
ikf.co.in,https://www.ikf.co.in/,I Knowledge Factory Pvt. Ltd.,wayback+homepage+careers
austeresystems.com,http://austeresystems.com,Austere Systems Pvt Ltd,wayback+homepage+careers
mindworxsoftware.com,https://www.mindworxsoftware.com/,MindWorx Software Services Pvt. Ltd.,wayback+homepage+careers
aladinntech.com,https://www.aladinntech.com/,Aladinn Digital Solutions,wayback+homepage+careers
ubmatic.com,http://www.ubmatic.com,Ubmatic,wayback+homepage+careers
leftrightmind.com,http://www.leftrightmind.com/,Left Right Mind Pvt Ltd,wayback+homepage+careers
asmobisoft.com,http://www.asmobisoft.com,Asmobisoft Services Pvt. Ltd.,wayback+homepage+careers
teqstudio.com,https://www.teqstudio.com,TeQstudio Pvt. Ltd,wayback+homepage+careers
appconsultio.com,https://www.appconsultio.com,appconsultio,wayback+homepage+careers
fidosofts.com,https://fidosofts.com/,FIDOSOFTS PRIVATE LIMITED,wayback+homepage+careers
marsdevs.com,https://www.marsdevs.com/,MarsDevs,wayback+homepage+careers
vervelo.com,https://vervelo.com/,Vervelo,wayback+homepage+careers
vtestcorp.com,https://www.vtestcorp.com/,vTEST,wayback+homepage+careers
techjoomla.com,https://techjoomla.com/,Techjoomla,wayback+homepage+careers
1e9advisors.com,https://1e9advisors.com/,1E9 Advisors,wayback+homepage+careers
varseno.com,https://www.varseno.com/,Varseno Solutions,wayback+homepage+careers
floatinity.com,https://floatinity.com/,Floatinity Systems LLP,wayback+homepage+careers
paitsystems.com,https://www.paitsystems.com/,PAIT Systems,wayback+homepage+careers
oxvsys.com,https://oxvsys.com/,Oxvsys Automation Technologies Pvt. Ltd.,wayback+homepage+careers
latenthq.com,https://www.latenthq.com/,latent hq,wayback+homepage+careers
spiralogics.com,https://www.spiralogics.com/,Spiralogics Inc.,wayback+homepage+careers
teople.co.in,https://teople.co.in/,Teople Technologies,wayback+homepage+careers
infinitiplc.com,https://infinitiplc.com/,Infiniti Infosystems,wayback+homepage+careers
smartnetsoftware.com,https://www.smartnetsoftware.com,Smartnet software pvt ltd,wayback+homepage+careers
swaliyasoftech.com,http://swaliyasoftech.com/index.html#,Swaliya Softech Pvt Ltd,wayback+homepage+careers
codengine.co,https://codengine.co,CodeNgine Technologies,wayback+homepage+careers
digeetaly.com,https://www.digeetaly.com/,Digeetaly,wayback+homepage+careers
swastidatamatrix.com,https://www.swastidatamatrix.com/,Swasti Datamatrix,wayback+homepage+careers
homekodiconsulting.com,https://homekodiconsulting.com/,HOMEKODI CONSULTING PRIVATE LIMITED,wayback+homepage+careers
blackcherie.com,https://www.blackcherie.com/,BLACK CHERIE TECHNOLOGIES,wayback+homepage+careers
kpatricii.com,http://kpatricii.com,kPatricii IT Services LLP,wayback+homepage+careers
sourcekode.com,http://www.sourcekode.com/,SourceKode,wayback+homepage+careers
gestell.in,http://gestell.in/,Gestell Technologies,wayback+homepage+careers
abanyantree.com,https://www.abanyantree.com,Banyan Tree Ecosys Pvt. Ltd.,wayback+homepage+careers
cybage.com,https://www.cybage.com,Cybage Software,wayback+homepage
webcogitate.com,http://www.webcogitate.com,WebCogitate Technologies,wayback+homepage+careers
technokarts.com,http://technokarts.com/,TECHNOKARTS,wayback+homepage+careers
invezzatechnologies.com,https://www.invezzatechnologies.com/,Invezza Technologies,wayback+homepage+careers
prolincur.com,https://prolincur.com,Prolincur Technologies,wayback+homepage+careers
patterns7tech.com,https://patterns7tech.com/,Patterns7 Technologies Pvt Ltd,wayback+homepage+careers
beadaptify.com,https://beadaptify.com/,Beadaptify,wayback+homepage+careers
techpulseitservices.com,https://techpulseitservices.com/,TechPulse IT Services Pvt. Ltd,wayback+homepage+careers
vpmtech.co,https://www.vpmtech.co/website-design-companies-in-pune.html,VPM Technologies Pvt Ltd,wayback+homepage+careers
synkrama.com,https://synkrama.com/,Synkrama Technologies,wayback+homepage+careers
zpluscybertech.com,https://zpluscybertech.com/,Z Plus Cyber Tech,wayback+homepage+careers
softhubtechno.com,https://softhubtechno.com/,Softhub Technologies,wayback+homepage+careers
apiscribe.com,https://apiscribe.com,Apiscribe Software Pvt. Ltd.,wayback+homepage+careers
spsoftindia.com,https://www.spsoftindia.com/,SPSOFT India,wayback+homepage+careers
opticalarc.com,https://opticalarc.com/,Optical Arc Pvt. Ltd,wayback+homepage+careers
bynaric.in,https://web.bynaric.in/,Bynaric Systems Pvt. Ltd.,wayback+homepage+careers
cakesofttech.com,https://cakesofttech.com/,Cakesoft Technologies,wayback+homepage+careers
zeplinix.com,https://zeplinix.com/,Zeplinix Technologies,wayback+homepage+careers
saeesoft.com,https://saeesoft.com,saee software pvt ltd,wayback+homepage+careers
noovosoft.com,https://www.noovosoft.com,Noovosoft Technologies LLP,wayback+homepage+careers
techbirdit.in,https://techbirdit.in,Techbird IT Services Pvt Ltd,wayback+homepage+careers
variantspark.com,https://variantspark.com,Variant Spark,wayback+homepage+careers
itmtb.com,https://www.itmtb.com,ITMTB Technologies Private Limited,wayback+homepage+careers
extentia.com,http://www.extentia.com/,"Extentia, a Merkle Company",wayback+homepage+careers
quickensol.com,http://www.quickensol.com,Quickensol,wayback+homepage+careers
synthesisworld.com,http://www.synthesisworld.com,Synthesis World,wayback+homepage+careers
bmconsulting.in,https://www.bmconsulting.in,BM Consulting,wayback+homepage+careers
cloudtrains.com,https://www.cloudtrains.com,CloudTrains Technologies Pvt.Ltd,wayback+homepage+careers
interfaceinfosoft.com,http://www.interfaceinfosoft.com/,Interface Infosoft Solutions Pvt Ltd,wayback+homepage+careers
clinchsoft.com,https://www.clinchsoft.com/index.html,ClinchSoft,wayback+homepage+careers
verticalsoftware.co.in,http://verticalsoftware.co.in,Vertical Software,wayback+homepage+careers
nlpcube.com,https://nlpcube.com/,NLPCube Technologies,wayback+homepage+careers
incubxperts.com,http://www.incubxperts.com,IncubXperts TechnoConsulting Pvt Ltd,wayback+homepage+careers
admsoft.in,https://admsoft.in/,ADMsoft Technologies Pvt. Ltd.,wayback+homepage+careers
marquery.com,https://marquery.com,MarQuery,wayback+homepage+careers
iauro.com,https://www.iauro.com/,iauro systems pvt ltd,wayback+homepage+careers
devsoft.in,https://www.devsoft.in,DevSoft,wayback+homepage+careers
kodxl.com,http://kodxl.com/,KodXL Technologies,wayback+homepage+careers
sevenofspade.com,https://www.sevenofspade.com/,Seven Of Spade Technologies Pvt. Ltd.,wayback+homepage+careers
realitypremedia.com,https://www.realitypremedia.com/technology/our-expertise/,Reality Premedia Services Private Limited,wayback+homepage+careers
nobrainsolutions.com,http://nobrainsolutions.com/,NO BRAIN IT SOLUTIONS PRIVATE LIMITED,wayback+homepage+careers
bee-logical.com,http://bee-logical.com,Bee Logical Software Solutions,wayback+homepage+careers
persistent.com,https://www.persistent.com/,Persistent Systems,homepage
explicate.in,https://explicate.in/,Explicate Technologies,wayback+homepage+careers
qodequay.com,https://www.qodequay.com/,Qodequay Technologies,wayback+homepage+careers
webplat.in,https://www.webplat.in/,Webplat Technologies Pvt Ltd,wayback+homepage+careers
digitalflake.com,https://digitalflake.com/,DigitalFlake,wayback+homepage+careers
unitglo.com,https://unitglo.com,Unitglo Solutions Private Limited,wayback+homepage+careers
digisuave.com,https://digisuave.com/,Digisuave Solutions,wayback+homepage+careers
excitetemplate.com,https://excitetemplate.com/,Excite Systems IT LLP,wayback+homepage+careers
cocotechoes.com,https://cocotechoes.com/,COCOTECHOES,wayback+homepage+careers
leadsqure.com,http://leadsqure.com/,Lead Squre Tech Pvt. Ltd.,wayback+homepage+careers
softomatic.tech,https://softomatic.tech/,Softomatic,wayback+homepage+careers
wargstech.com,https://wargstech.com,Wargstech,wayback+homepage+careers
techechelons.com,https://www.techechelons.com/,Techechelons Infosolutions,wayback+homepage+careers
webtrixsolutions.com,https://www.webtrixsolutions.com,Webtrix Solutions Pvt. Ltd.,wayback+homepage+careers
coditude.com,https://www.coditude.com/,Coditude,wayback+homepage+careers
webomaticsoftech.com,https://webomaticsoftech.com/,Webomatic Softech,wayback+homepage+careers
sujosu.com,https://www.sujosu.com,SUJOSU Technology,wayback+homepage+careers
weblinkservices.net,https://www.weblinkservices.net/,Web Link Services Pvt Ltd,wayback+homepage+careers
techneutron.in,https://techneutron.in/,Techneutron,wayback+homepage+careers
synexticglobal.com,https://synexticglobal.com/,Synextic Global Business Solution Pvt Ltd.,wayback+homepage+careers
istreettechnologies.com,https://www.istreettechnologies.com/,iStreet Technologies Pvt. Ltd.,wayback+homepage+careers
scalevista.com,https://scalevista.com/,Scalevista,wayback+homepage+careers
pcpl.io,https://pcpl.io,PERSPICIENTIA CONSULTANCY PRIVATE LIMITED,wayback+homepage+careers
digitalwebitservices.com,https://digitalwebitservices.com,Digital Web IT Services,wayback+homepage+careers
miracify.com,https://www.miracify.com/,Miracify IT Company,wayback+homepage+careers
vikasietum.com,https://www.vikasietum.com/,Vikasietum Tecknology,wayback+homepage+careers
unihox.com,https://www.unihox.com,UNIHOX,wayback+homepage+careers
nextsmartmove.ai,https://nextsmartmove.ai/,Next Smart Move,wayback+homepage+careers
immersivedata.ai,https://immersivedata.ai/,ImmersiveData.AI,wayback+homepage+careers
gsuntec.com,https://www.gsuntec.com/,Global Suntec Solutions,wayback+homepage+careers
avertastrategy.com,https://www.avertastrategy.com,Averta Strategy Pvt LTd.,wayback+homepage+careers
chainscorelabs.com,https://chainscorelabs.com/?utm_source=goodfirms&utm_medium=profile&utm_campaign=organic_blockchain_web3,ChainScore Labs,wayback+homepage+careers
bugbattlers.com,https://bugbattlers.com,Bugbattlers Technologies Pvt Ltd,wayback+homepage+careers
moveneticsdigital.com,https://www.moveneticsdigital.com/,Movenetics Digital,wayback+homepage+careers
mindbowser.com,http://www.mindbowser.com/,Mindbowser InfoSolutions,wayback+homepage+careers
spidrontech.com,http://spidrontech.com,SpidronTech LLP,wayback+homepage+careers
velotio.com,https://velotio.com,Velotio,wayback+homepage+careers
techspawn.com,https://techspawn.com/,Techspawn Solutions,wayback+homepage+careers
precloud.in,http://PreCloud.in,Precloud Technologies,wayback+homepage+careers
tapsoft.in,https://tapsoft.in,Tapsoft Technologies,wayback+homepage+careers
ethonindia.com,http://www.ethonindia.com,Ethon Technologies,wayback+homepage+careers
britwise.com,https://www.britwise.com/,Britwise Technologies,wayback+homepage+careers
connectingdotsinfotech.com,https://connectingdotsinfotech.com/,ConnectingDots Infotech,wayback+homepage+careers
ideatesystemsindia.com,https://www.ideatesystemsindia.com/,IDEATE SYSTEMS INDIA PRIVATE LIMITED,wayback+homepage+careers
eracal.com,https://eracal.com/,Eracal Software Private Limited,wayback+homepage+careers
sapours.com,https://www.sapours.com/,Sapours Technologies,wayback+homepage+careers
nectarinfotel.com,https://nectarinfotel.com,Nectar Infotel,wayback+homepage+careers
macrocosms.in,https://www.macrocosms.in/,Macrocosms,wayback+homepage+careers
geekyworks.com,https://geekyworks.com/,Geekyworks,wayback+homepage+careers
nirmitee.io,https://nirmitee.io/,Nirmitee,wayback+homepage+careers
fintalklabs.com,https://fintalklabs.com/,Fintalk Software Labs,wayback+homepage+careers
scriptshub.net,https://www.scriptshub.net/,Scriptshub Technologies,wayback+homepage+careers
webmobi360.com,https://www.webmobi360.com/,WebMobi 360,wayback+homepage+careers
growsoftindia.com,https://growsoftindia.com/,Growsoft india,wayback+homepage+careers
radiantitservices.in,https://www.radiantitservices.in/,Radiant IT services in pune,wayback+homepage+careers
wemotiveforge.com,https://wemotiveforge.com/,Wemotive,wayback+homepage+careers
mavericksindia.com,http://www.mavericksindia.com,Mavericks Web Services (India) Pvt. Ltd.,wayback+homepage+careers
digiperfect.com,https://digiperfect.com,Digiperfect Technologies,wayback+homepage+careers
consoleinfotech.com,https://www.consoleinfotech.com/,Console Infotech,wayback+homepage+careers
sterlingtechnolabs.com,http://sterlingtechnolabs.com/,Sterling Technolabs Private Limited,wayback+homepage+careers
connexistech.com,https://www.connexistech.com,Connexis Technology Pvt. Ltd.,wayback+homepage+careers
vm3techsolution.com,https://vm3techsolution.com/,VM3 Tech Solutions LLP,wayback+homepage+careers
globalisoftware.com,http://globalisoftware.com,Global Intelligence Software Limited,wayback+homepage+careers
evolotech.com,http://www.evolotech.com/,EvoloTech Software,wayback+homepage+careers
micropediaglobal.com,https://www.micropediaglobal.com,MicroPedia Global Services,wayback+homepage+careers
oxcytech.com,https://oxcytech.com/,Oxcytech System,wayback+homepage+careers
leadmillion.com,https://www.leadmillion.com,Lead Million : Denizen Fortune Pvt Limited,wayback+homepage+careers
flexiblesoftwares.com,https://flexiblesoftwares.com/,Flexible Softwares,wayback+homepage+careers
neurosoftech.in,https://neurosoftech.in/,NeurosofTech,wayback+homepage+careers
sciqus.com,https://sciqus.com/,Sciqus Infotech Pvt. Ltd.,wayback+homepage+careers
shellcode.co.in,https://www.shellcode.co.in/,Shellcode Solutions,wayback+homepage+careers
jointworksolutions.com,https://jointworksolutions.com/,Jointworks Solutions LLP,wayback+homepage+careers
senwellsys.com,https://senwellsys.com/,Senwell Solutions Pvt. Ltd,wayback+homepage+careers
xform.in,https://www.xform.in,XFORM TECHNOLOGIES PRIVATE LIMITED,wayback+homepage+careers
trinesis.com,https://trinesis.com/,Trinesis,wayback+homepage+careers
appristine.com,https://appristine.com/,Appristine Technology,wayback+homepage+careers
dempirellp.com,https://www.dempirellp.com,D EMPIRE,wayback+homepage+careers
namebing.in,https://namebing.in,Namebing Solution LLP,wayback+homepage+careers
aexonic.com,https://www.aexonic.com/,Aexonic Technologies,wayback+homepage+careers
prototechsolutions.com,https://prototechsolutions.com/,ProtoTech Solutions,wayback+homepage+careers
webducts.com,https://webducts.com/,Webducts,wayback+homepage+careers
tangledesign.in,https://www.tangledesign.in/,Tangle Design,wayback+homepage+careers
compumatrixtechnologies.com,https://www.compumatrixtechnologies.com/,Compumatrix Technologies,wayback+homepage+careers
trailique.ai,https://trailique.ai/,trAIlique technologies,wayback+homepage+careers
tectigonitsolutions.com,https://tectigonitsolutions.com/,Tectigon IT Solution Pvt Ltd,wayback+homepage+careers
ibsl-it.com,http://www.ibsl-it.com,INDIBA BUSINESS SOLUTIONS,wayback+homepage+careers
maxgentechnologies.com,https://www.maxgentechnologies.com/,Maxgen Technologies Pvt. Ltd.,wayback+homepage+careers
smart-analytica.com,https://smart-analytica.com/,Smart Analytica,wayback+homepage+careers
greenmintlabs.com,https://greenmintlabs.com/,Greenmint Labs,wayback+homepage+careers
fidelsoftech.com,http://www.fidelsoftech.com,Fidel Softech Pvt Ltd,wayback+homepage+careers
resulyticsservices.com,https://www.resulyticsservices.com,Resulytics Services,wayback+homepage+careers
starkdigital.net,https://www.starkdigital.net/,Stark Digital Media Services Pvt Ltd,wayback+homepage+careers
aitglobalindia.com,https://aitglobalindia.com/,AIT Global India Pvt. Ltd.,wayback+homepage+careers
scalent.io,https://scalent.io,Scalent Infotech Pvt. Ltd.,wayback+homepage+careers
ayanworks.com,https://www.ayanworks.com/,AyanWorks Technology Solutions Private Limited,wayback+homepage+careers
headspur.it,https://headspur.it,Headspur Technologies,wayback+homepage+careers
subtlesolutions.in,https://www.subtlesolutions.in/,Subtle Solutions Pune,wayback+homepage+careers
lipontech.com,https://lipontech.com/,Lipon Technologies,wayback+homepage+careers
technolize.in,https://www.technolize.in,Technolize,wayback+homepage+careers
mplussoft.com,https://www.mplussoft.com/,Mplussoft,wayback+homepage+careers
summationit.com,http://www.summationit.com/,Summation IT,wayback+homepage+careers
tvisha.com,http://www.tvisha.com,Tvisha Technologies Inc,wayback+homepage+careers
zipnom.com,https://zipnom.com,ZipNom Technologies Private Limited,wayback+homepage+careers
ahex.co,http://ahex.co/,Ahex Technologies Pvt. Ltd.,wayback+homepage
itester.com,https://www.itester.com/,ITester Inc,wayback+homepage+careers
zazz.io,https://www.zazz.io/?utm_campaign=Goodfirms&utm_source=Goodfirms%20-%20Visit%20Website&utm_medium=referral&utm_term=Visit%20Website&utm_content=Visit%20Website,Zazz,wayback+homepage+careers
inovar-tech.com,https://www.inovar-tech.com,InovarTech,wayback+homepage+careers
navtech.io,http://www.navtech.io/,Navtech,wayback+homepage+careers
rwaltz.com,http://www.rwaltz.com/,RWaltz Group Inc.,wayback+homepage+careers
wpslab.in,https://wpslab.in,NJS Web Publishing Systems Pvt.Ltd,wayback+homepage+careers
pixelstat.com,https://pixelstat.com/,Pixelstat,wayback+homepage+careers
micropyramid.com,https://micropyramid.com/,Micropyramid Informatics Pvt Ltd,wayback+homepage+careers
beyondscale.tech,https://beyondscale.tech,BeyondScale Technologies Private Limited,wayback+homepage+careers
iprismtech.com,https://iprismtech.com,iPrism Technologies,wayback+homepage+careers
eqaim.com,https://www.eqaim.com/,Eqaim Technology & Services Pvt. Ltd.,wayback+homepage+careers
extwebtech.com,http://www.extwebtech.com,Extended Web AppTech LLP,wayback+homepage+careers
landmarkit.in,http://www.landmarkit.in/,Landmark IT Solutions,wayback+homepage+careers
allcloud.in,https://allcloud.in/,All Cloud,wayback+homepage
jayamsolutions.com,http://www.jayamsolutions.com/,Jayam Solutions,wayback+homepage+careers
novayasoft.com,https://novayasoft.com/,Novaya,wayback+homepage+careers
vnsoftvergtechnology.com,https://vnsoftvergtechnology.com/,VN Softverg Technology PVT LTD,wayback+homepage+careers
cadfem.ai,https://cadfem.ai/in/products/fea-analysis/,CADFEM India Pvt. Ltd.,wayback+homepage+careers
cannyfore.com,https://cannyfore.com/service/offshore-development-center/,Cannyfore Technology Solutions Private Limited,wayback+homepage+careers
laddusystems.com,https://laddusystems.com,Laddu Systems,wayback+homepage+careers
qloron.com,https://qloron.com/,Qloron Pvt Ltd,wayback+homepage+careers
wordwizard.co.in,http://wordwizard.co.in,Wordwizard Services,wayback+homepage+careers
kkeydos.com,http://www.kkeydos.com/,KKEYDOS INFO TECH PVT LTD,wayback+homepage+careers
openteqgroup.com,https://www.openteqgroup.com/,OpenTeQ Technologies,wayback+homepage+careers
osiltec.com,https://osiltec.com/,Osiltec Infotech,wayback+homepage+careers
bigdatamatica.com,https://bigdatamatica.com/,Bigdatamatica Solutions Private Limited,wayback+homepage+careers
altecisys.com,http://www.altecisys.com/india/index.aspx,ALTECiSyS Pvt. Ltd.,wayback+homepage+careers
ninthcreationsmedia.com,https://www.ninthcreationsmedia.com/,Ninth Creations Media Pvt Ltd,wayback+homepage+careers
japptech.com,https://www.japptech.com,Japp Tech Private Limited,wayback+homepage+careers
mydatainsightspvtltd.com,https://www.mydatainsightspvtltd.com/,MyData Insights,wayback+homepage+careers
totempr.com,http://totempr.com/,Totem PR,wayback+homepage+careers
kloudportal.com,https://www.kloudportal.com,KloudPortal,wayback+homepage+careers
mosol9.com,https://www.mosol9.com/,The Mosol9,wayback+homepage+careers
tecnolynx.com,https://www.tecnolynx.com/,Tecnolynx Global PVT LTD,wayback+homepage+careers
zensoftit.com,http://www.zensoftit.com/,ZENSOFT IT SOLUTIONS INC.,wayback+homepage+careers
cliniv.in,https://www.cliniv.in/,Cliniv Health Tech,wayback+homepage+careers
royalitpark.com,http://royalitpark.com/,Royal IT Park Services,wayback+homepage+careers
tapadiatech.com,http://www.tapadiatech.com,Tapadia Tech,wayback+homepage+careers
mtouchlabs.com,http://mtouchlabs.com/,mTouchlabs PVT LTD,homepage
swiftelearningservices.com,http://www.swiftelearningservices.com/,Swift Elearning Services,wayback+homepage+careers
ceredox.com,http://ceredox.com/,Ceredox Technologies Pvt Ltd,wayback+homepage+careers
riddhicorporate.co.in,http://www.riddhicorporate.co.in/,Riddhi Corporate Services Limited,wayback+homepage+careers
transdyne.co.in,http://www.transdyne.co.in/,Transdyne,wayback+homepage+careers
wethinkapp.com,https://wethinkapp.com/,WTA - We Think App,wayback+homepage+careers
envisionesl.com,https://www.envisionesl.com/,Envision Enterprise Solutions Ltd,wayback+homepage+careers
arbotechsolutions.com,https://arbotechsolutions.com/,Arbotech Solutions Pvt Ltd,wayback+homepage+careers
iconwavetech.com,https://iconwavetech.com/,IconWave Technologies Private Limited,wayback+homepage+careers
finexcore.com,https://www.finexcore.com,Finexcore Software Solutions,wayback+homepage+careers
tisostudio.com,https://tisostudio.com,Tiso Studio,wayback+homepage+careers
ariscentsoft.com,https://www.ariscentsoft.com/,Ariscent Software Solutions,wayback+homepage+careers
tectoro.com,http://tectoro.com,Tectoro Consulting Pvt Ltd,wayback+homepage+careers
deltacubes.us,http://deltacubes.us,Deltacubes Technology,wayback+homepage
ajrinfosystems.com,https://www.ajrinfosystems.com/,AJR Info Systems,wayback+homepage+careers
techefolks.com,https://techefolks.com,TechEFolks,wayback+homepage+careers
insta9.in,http://insta9.in/,Insta9 Innovative Technologies Pvt Ltd,wayback+homepage+careers
hopnet.co.in,https://www.hopnet.co.in,Hopnet Communications LLP,wayback+homepage+careers
believecreative.com,https://www.believecreative.com/,Believe Creative ITES Pvt Ltd,wayback+homepage+careers
aitservices.com,http://aitservices.com/,AITServices,wayback+homepage+careers
briltus.com,https://www.briltus.com,Briltus Services Private Limited,wayback+homepage+careers
enspirit.co,https://www.enspirit.co/,Enspirit,wayback+homepage+careers
codeethics.in,http://www.codeethics.in,Code Ethics,wayback+homepage+careers
honeysoftsolutions.in,https://www.honeysoftsolutions.in/web-designing/,honey soft solutions,wayback+homepage+careers
pronteff.com,https://pronteff.com/,Pronteff IT Solutions,wayback+homepage+careers
appshark.com,http://www.appshark.com/,AppShark Software,wayback+homepage+careers
enterpi.com,http://www.enterpi.com,EnterPi Software Solutions,wayback+homepage+careers
mellontechnologies.co.in,http://mellontechnologies.co.in/,Mellon Technologies,wayback+homepage+careers
taashee.com,https://www.taashee.com/,Taashee Linux Services,homepage
masarrati.com,https://masarrati.com/,Masarrati,wayback+homepage+careers
assettl.com,https://www.assettl.com,Asset Telematics Pvt Ltd,wayback+homepage+careers
fountane.com,https://fountane.com/,Fountane,wayback+homepage+careers
dhruvsoft.com,https://www.dhruvsoft.com/,Dhruvsoft Services Private Limited,wayback+homepage+careers
macrofix.com,https://macrofix.com/,MACROFIX,wayback+homepage+careers
craftnotion.com,https://www.craftnotion.com/,Craftnotion Private Limited,wayback+homepage+careers
vlacksolutions.in,https://vlacksolutions.in,Vlack Solutions,wayback+homepage+careers
mytechcs.com,https://www.mytechcs.com,MYtech Consulting Services,wayback+homepage+careers
bwjts.com,https://bwjts.com/,BWJ Tech Solutions Private Limited,wayback+homepage+careers
aideastech.com,https://aideastech.com/,Aideas Tech Solutions,wayback+homepage+careers
snmatrix.com,https://www.snmatrix.com/,SNMatrix Software Pvt. Ltd.,wayback+homepage+careers
itzoone.com,https://itzoone.com/,IT Zoone,wayback+homepage+careers
zetagile.com,http://www.zetagile.com/,Zetagile,wayback+homepage+careers
mirakidigital.ai,https://mirakidigital.ai/,Miraki Digital,wayback+homepage+careers
maazads.com,http://www.maazads.com,Maaz Software Solution,wayback+homepage+careers
nygci.com,https://www.nygci.com/,New York Global Consultants Private Limited,wayback+homepage+careers
chakravuyha.com,https://www.chakravuyha.com/,Chakravuyha Software Technologies,wayback+homepage+careers
heightsitsolutions.com,http://heightsitsolutions.com/,Heights ItSolutions,wayback+homepage+careers
innomick.com,https://innomick.com/,Innomick Technologies,wayback+homepage+careers
escapadetechnologies.com,http://escapadetechnologies.com/,Escapade Technologies,wayback+homepage+careers
onpassive.com,https://www.onpassive.com/,ONPASSIVE AI,wayback+homepage+careers
erad.co.in,http://erad.co.in/,E-Rad,wayback+homepage+careers
americanitinc.com,https://www.americanitinc.com,American IT Solutions,wayback+homepage+careers
manteio.in,https://manteio.in/,Manteio IT solutions,wayback+homepage+careers
kbkbusinesssolutions.com,https://www.kbkbusinesssolutions.com/,LBK Business Solutions,wayback+homepage+careers
prodigit.in,https://www.prodigit.in,Pro-digit,wayback+homepage+careers
yellowblock.net,https://yellowblock.net/,YellowBlock Software Solutions LLP,wayback+homepage+careers
zyxantech.com,https://www.zyxantech.com/,Zyxan Technologies Pvt Ltd,wayback+homepage+careers
spsoftglobal.com,https://www.spsoftglobal.com/,SP Software (P) Limited,wayback+homepage+careers
oacer.in,https://oacer.in/,Oacer Web Services,wayback+homepage+careers
tericsoft.com,https://www.tericsoft.com/,Tericsoft,wayback+homepage+careers
7dotss.com,https://7dotss.com/,7 Dots Smart Solutions pvt Ltd,wayback+homepage+careers
spydtech.com,https://www.spydtech.com/,SpY D Technology,wayback+homepage+careers
shvintech.com,https://shvintech.com/,Shvintech,wayback+homepage+careers
panaceaitservices.com,https://panaceaitservices.com/,Panacea,wayback+homepage+careers
pinkmoontech.com,https://pinkmoontech.com/,PINKMOON TECHNOLOGIES,wayback+homepage+careers
stalconsolutions.com,https://www.stalconsolutions.com,Stalcon Solutions,wayback+homepage+careers
flivv.com,https://www.flivv.com,Flivv Web Development Pvt Ltd,wayback+homepage+careers
piniteinfo.com,https://piniteinfo.com/,Pinite Info Solutions Pvt.Ltd,wayback+homepage+careers
searchenginelabs.in,http://www.searchenginelabs.in/,SearchEngineLabs,wayback+homepage+careers
roundcodebox.com,http://www.roundcodebox.com/,RoundCodeBox,wayback+homepage+careers
moduluspi.com,http://www.moduluspi.com,ModulusPI,wayback+homepage+careers
gwintech.com,https://www.gwintech.com,GW InTech,wayback+homepage+careers
walbrydge.com,https://www.walbrydge.com,Walbrydge Technologies,wayback+homepage+careers
xpertladr.com,https://xpertladr.com/,XpertLadr Consulting LLP,wayback+homepage+careers
redblocks.solutions,https://www.redblocks.solutions/,RedBlocks Solutions,wayback+homepage+careers
trigitaltech.com,https://trigitaltech.com/,Trigital Technologies Pvt Ltd,wayback+homepage+careers
mmstinfo.com,https://www.mmstinfo.com,Mind Merge Soft Tech Private Limited,wayback+homepage+careers
yellowbeez.com,https://www.yellowbeez.com/,yellowbeez,wayback+homepage+careers
quantuvacs.com,https://quantuvacs.com/,QuantuvaCS,wayback+homepage+careers
cloudamigo.co.in,https://cloudamigo.co.in,Cloudamigo Consultancy Services LLP,wayback+homepage+careers
jteksoftware.in,https://jteksoftware.in,Jtek Software Solutions Pvt Ltd,wayback+homepage+careers
syoft.com,https://www.syoft.com/,Syoft,wayback+homepage+careers
inrisoft.com,http://www.inrisoft.com/,Inrisoft Pvt Ltd,wayback+homepage+careers
appmajix.com,http://appmajix.com/,Appmajix Technologies,wayback+homepage+careers
sindtech.in,https://www.sindtech.in,SIND TECHNOLOGIES PRIVATE LIMITED,wayback+homepage+careers
aspirantsoftsolutions.com,http://www.aspirantsoftsolutions.com/,aspirantsoftsolutions,wayback+homepage+careers
soulpageit.com,https://soulpageit.com/,Soulpage IT Solutions,wayback+homepage+careers
techvedhas.com,https://www.techvedhas.com/,Vedhas Technology Solutions LLC,wayback+homepage+careers
suchirsoftech.com,https://www.suchirsoftech.com/,Suchir Softech Pvt Ltd,wayback+homepage+careers
kateit.in,https://kateit.in,KATE Technologies Pvt Ltd,wayback+homepage+careers
laharitechnologies.info,http://www.laharitechnologies.info,Lahari Technologies,wayback+homepage+careers
walkingtree.tech,https://walkingtree.tech/,Walking Tree Technologies,wayback+homepage+careers
stigentech.com,https://stigentech.com/,STIGENTECH IT SERVICES PRIVATE LIMITED,wayback+homepage+careers
launchship.com,https://www.launchship.com/,Launchship Technology Solutions Pvt Ltd,wayback+homepage+careers
9and9.com,https://9and9.com/,9and9 DigiSoft Insights Private Limited,wayback+homepage+careers
ennobletechnologies.com,http://www.ennobletechnologies.com/,Ennoble Technologies,wayback+homepage+careers
zessta.com,http://www.zessta.com,Zessta Software Services,wayback+homepage+careers
software10x.com,https://www.software10x.com/,Software10x,wayback+homepage+careers
optcdigi.com,https://www.optcdigi.com,OPT-C Digital Solutions Pvt Ltd,wayback+homepage+careers
cocoon-studios.com,https://cocoon-studios.com,Cocoon Studios,wayback+homepage+careers
rationaltechnologies.com,https://www.rationaltechnologies.com,Rational Technologies,wayback+homepage+careers
smartifysol.com,https://smartifysol.com/,Smartify Software Solutions LLP,wayback+homepage+careers
ibaseit.com,https://ibaseit.com/,iBaseIT,homepage
nestack.com,https://nestack.com/,Nestack technologies Pvt Ltd,wayback+homepage+careers
scienstechnologies.com,https://scienstechnologies.com/,Sciens Technologies,wayback+homepage+careers
unicornsoftlabs.com,http://www.unicornsoftlabs.com,Unicorn Soft Labs Private Limited,wayback+homepage+careers
tech-influx.com,https://tech-influx.com/,Tech Influx Private Limited,wayback+homepage+careers
kleza.io,https://www.kleza.io/,Kleza Solutions Pvt Ltd,wayback+homepage+careers
qaprogrammer.com,https://qaprogrammer.com/,QA PROGRAMMER,wayback+homepage+careers
desidea.com,https://www.desidea.com/,DesIDEA Software Technologies Pvt ltd,wayback+homepage+careers
aspiringresolutions.com,https://www.aspiringresolutions.com/,Aspiring Resolutions Softtech Pvt.Ltd.,wayback+homepage+careers
hintburg.com,https://hintburg.com/,Hintburg Pvt. Ltd.,wayback+homepage+careers
sidgs.com,https://sidgs.com/,SID Global Solutions,wayback+homepage+careers
retunesitmedia.com,https://www.retunesitmedia.com,Retunes IT Media,wayback+homepage+careers
weblink.co.in,https://www.weblink.co.in,Weblink Solutions,wayback+homepage+careers
spaceinventive.com,https://spaceinventive.com/,Space Inventive,wayback+homepage
infosprint.com,https://infosprint.com/,Infosprint Technologies,wayback+homepage+careers
databeat.io,https://databeat.io,DataBeat - AdTech Consultants,wayback+homepage+careers
quadrantitservices.com,https://quadrantitservices.com/,Quadrant it services,wayback+homepage+careers
sixjuly.com,https://www.sixjuly.com/,SixJuly,wayback+homepage+careers
eparivartan.com,https://eparivartan.com/,Parivartan Software and Multimedia Pvt Ltd,wayback+homepage+careers
hiltonglobal.in,https://hiltonglobal.in/,Hilton Software Technologies Pvt Ltd.,wayback+homepage+careers
intellisoft.in,https://www.intellisoft.in/,Intellisoft Group,wayback+homepage+careers
stablx.com,https://www.stablx.com,STABLX,wayback+homepage+careers
shrewdify.com,http://www.shrewdify.com,Shrewdify Technologies,wayback+homepage+careers
vixspace.com,https://www.vixspace.com,VixSpace,wayback+homepage+careers
zyclyx.com,https://www.zyclyx.com/,Zyclyx Consulting Services Pvt. Ltd.,wayback+homepage+careers
scrollahead.in,https://www.scrollahead.in,Scroll Ahead Private Limited,wayback+homepage+careers
waytowebs.com,https://www.waytowebs.com/,Waytowebs,wayback+homepage+careers
techtriad.com,https://www.techtriad.com,TechTriad,wayback+homepage+careers
findernest.com,https://www.findernest.com/,FindErnest,wayback+homepage+careers
sbsolutions.in,https://sbsolutions.in/,SB Solutions,wayback+homepage+careers
webgrid.in,https://webgrid.in,Avantech Web Grid,wayback+homepage+careers
instinctools.com,https://www.instinctools.com/?utm_source=goodfirms.co&utm_medium=referral&utm_campaign=profile,Instinctools,wayback+homepage+careers
sharpquest.com,https://www.sharpquest.com/software-development-company/?utm_source=Goodfirms&utm_medium=referral,"SharpQuest, Inc.",wayback+homepage+careers
i-hiddentalent.com,https://i-hiddentalent.com/?utm_source=Goodfirms&utm_medium=referral,i-hiddentalent,wayback+homepage+careers
alliancetek.com,https://www.alliancetek.com/?utm_source=goodfirms&utm_medium=main&utm_campaign=goodfirmsprofile,AllianceTek,wayback+homepage+careers
codeflashinfotech.com,https://codeflashinfotech.com/?utm_source=goodfirms,Codeflash Infotech,wayback+homepage+careers
codesclue.com,https://codesclue.com/,CodesClue Technologies,wayback+homepage+careers
reversebits.tech,https://www.reversebits.tech,reverseBits,wayback+homepage+careers
faciletechnolab.com,https://www.faciletechnolab.com,Facile Technolab Pvt Ltd,wayback+homepage+careers
ncoresoft.com,http://www.ncoresoft.com,NCoreSoft,wayback+homepage+careers
metwaves.com,https://www.metwaves.com/,Metwaves Technologies,wayback+homepage+careers
techextensor.com,http://www.techextensor.com,TechExtensor PVT LTD,wayback+homepage+careers
techcronus.com,https://www.techcronus.com/,Techcronus Business Solutions,wayback+homepage
tuvoc.com,https://www.tuvoc.com/,Tuvoc Technologies Pvt Ltd,wayback+homepage+careers
peanutsquare.com,https://www.peanutsquare.com/,PEANUT SQUARE LLP,wayback+homepage+careers
ncodetechnologies.com,http://www.ncodetechnologies.com/,"NCode Technologies, Inc.",wayback+homepage+careers
plexoc.com,https://plexoc.com,Plexoc Solutions Pvt. Ltd.,wayback+homepage+careers
ociustechnologies.com,https://www.ociustechnologies.com/,ocius technologies,wayback+homepage+careers
saubhagyam.com,http://saubhagyam.com,Saubhagyam Web Pvt. Ltd.,wayback+homepage+careers
conceptinfoway.net,https://www.conceptinfoway.net/,Concept Infoway,wayback+homepage+careers
linearloop.io,https://www.linearloop.io/,Linearloop Private Limited,wayback+homepage+careers
albiorixtech.com,https://www.albiorixtech.com/,Albiorix Technology Private Limited,wayback+homepage+careers
sapphiresolutions.net,https://www.sapphiresolutions.net/?utm_source=goodfirms.co,Sapphire Software Solutions,wayback+homepage+careers
itservicesindia.com,https://www.itservicesindia.com/,IT Services India,wayback+homepage+careers
zealousys.com,https://zealousys.com/?utm_source=goodfirms&utm_medium=listing,Zealous System,wayback+homepage+careers
xongolab.com,https://www.xongolab.com,XongoLab Technologies LLP,wayback+homepage+careers
indianic.com,https://www.indianic.com/?utm_campaign=Business-Directory&utm_source=Goodfirms&utm_term=Profile,IndiaNIC,wayback+homepage+careers
doersinfosoft.com,https://doersinfosoft.com,Doers InfoSoft,wayback+homepage+careers
techwize.com,https://techwize.com/?utm_source=goodfirms&utm_medium=review_site&utm_campaign=software_services&utm_content=website&utm_term=web_app_software_development,TechWize,wayback+homepage+careers
qrioustech.com,https://www.qrioustech.com,Qrious Tech,wayback+homepage+careers
captustechnologies.com,https://captustechnologies.com/,Captus Technologies,wayback+homepage+careers
itpathsolutions.com,http://www.itpathsolutions.com,IT Path Solutions,wayback+homepage+careers
essencesolusoft.com,https://essencesolusoft.com,Essence Solusoft,wayback+homepage+careers
citrusbug.com,https://citrusbug.com/,Citrusbug Technolabs,wayback+homepage+careers
dezdok.com,https://dezdok.com/,Dezdok,wayback+homepage+careers
techlusion.io,https://techlusion.io/,Techlusion,wayback+homepage+careers
siddhiinfosoft.com,https://www.siddhiinfosoft.com/,Siddhi Infosoft,wayback+homepage+careers
inexture.com,https://www.inexture.com,INEXTURE Solutions,wayback+homepage+careers
caxsol.com,https://www.caxsol.com/,Caxsol Tech,wayback+homepage+careers
icoderzsolutions.com,http://icoderzsolutions.com,iCoderz Solutions Pvt. Ltd.,wayback+homepage+careers
agileinfoways.com,http://www.agileinfoways.com,Agile Infoways LLC,wayback+homepage+careers
rushkar.com,https://rushkar.com/,Rushkar,wayback+homepage+careers
innoventixsolutions.com,https://innoventixsolutions.com/,Innoventixsolutions,wayback+homepage+careers
radixweb.com,https://radixweb.com/,Radixweb,wayback+homepage+careers
kryptoninc.co,http://kryptoninc.co,Kryptoninc,wayback+homepage
icubetechnolabs.com,https://icubetechnolabs.com/,ICUBE TECHNOLABS,wayback+homepage+careers
xynnity.com,https://www.xynnity.com/,Xynnity,wayback+homepage+careers
xillentech.com,https://xillentech.com/,Xillentech,wayback+homepage+careers
i-verve.com,https://i-verve.com/,i-Verve Inc,wayback+homepage+careers
siliconithub.com,https://www.siliconithub.com/,Silicon IT Hub,wayback+homepage+careers
iqlance.com,https://www.iqlance.com/,iQlance Solutions,wayback+homepage+careers
infostork.com,https://infostork.com/,Infostork Technolabs,wayback+homepage+careers
siliconsignals.io,https://siliconsignals.io/,Silicon Signals Pvt. Ltd.,wayback+homepage+careers
epnovate.com,https://epnovate.com/,Epnovate Technology Pvt. Ltd.,wayback+homepage+careers
technobrains.io,https://technobrains.io,Technobrains Business Solutions LLP,wayback+homepage+careers
raindropsinfotech.com,https://www.raindropsinfotech.com,Raindrops InfoTech,wayback+homepage+careers
webcluesinfotech.com,http://www.webcluesinfotech.com/,WebClues Infotech,wayback+homepage+careers
peerbits.com,http://www.peerbits.com/,Peerbits,wayback+homepage+careers
weblineindia.com,https://www.weblineindia.com/,WeblineIndia,wayback+homepage+careers
varianceinfotech.com,https://www.varianceinfotech.com/,Variance InfoTech Pvt Ltd,wayback+homepage+careers
xcodewebsolutions.com,https://www.xcodewebsolutions.com,XCode Web Solutions,wayback+homepage+careers
worldwebtechnology.com,https://www.worldwebtechnology.com,World Web Technology Pvt. Ltd.,wayback+homepage+careers
samarpaninfotech.com,https://www.samarpaninfotech.com/,Samarpan Infotech,wayback+homepage+careers
ashapurasoftech.com,https://ashapurasoftech.com/,Ashapura Softech,wayback+homepage+careers
instacloudsolutions.com,https://instacloudsolutions.com/,InstaCloud Solutions LLP,wayback+homepage+careers
tecxar.io,https://tecxar.io/,Tecxar Consultants,wayback+homepage+careers
elightwalk.com,https://elightwalk.com,Elightwalk Technology Private Limited,wayback+homepage+careers
techtic.com,https://www.techtic.com/?utm_source=Goodfirms&utm_medium=Referral&utm_campaign=B2BLead,TECHTIC SOLUTIONS INC,wayback+homepage+careers
apptraitsolutions.com,http://apptraitsolutions.com,AppTrait Solutions,wayback+homepage+careers
encodedots.com,https://www.encodedots.com,Encodedots Technolabs Pvt Ltd,wayback+homepage+careers
tatvasoft.com,http://www.tatvasoft.com/,TatvaSoft,wayback+homepage+careers
skyquestt.com,http://skyquestt.com/,SkyQuest Technology Consulting Pvt. Ltd.,wayback+homepage+careers
techforceglobal.com,https://techforceglobal.com/,Techforce Global,wayback+homepage+careers
multipz.com,https://www.multipz.com,Multipz Technology,wayback+homepage+careers
raoinformationtechnology.com,https://raoinformationtechnology.com/,Rao Information Technology,wayback+homepage+careers
dexoc.com,https://dexoc.com/,Dexoc,wayback+homepage+careers
ansibytecode.com,http://www.ansibytecode.com,Ansi ByteCode LLP,wayback+homepage+careers
thedezine.in,https://www.thedezine.in/,The Dezine,wayback+homepage+careers
vervesys.com,https://www.vervesys.com/,Verve Systems Pvt. Ltd.,wayback+homepage+careers
areinfotech.com,https://www.areinfotech.com,Are InfoTech,wayback+homepage+careers
amcodr.com,https://amcodr.com/,AmCodr IT Solutions Pvt. Ltd.,wayback+homepage+careers
wirefuture.com,https://wirefuture.com/,WireFuture,wayback+homepage+careers
devstree.com,https://devstree.com/,Devstree IT Solutions,wayback+homepage+careers
analytixit.com,https://www.analytixit.com/,Analytix Solutions,wayback+homepage+careers
vnnovate.com,http://vnnovate.com/,Vnnovate Solutions Pvt Ltd,wayback+homepage+careers
techrover.us,https://www.techrover.us/,TechRover Solutions,wayback+homepage+careers
turtlesoftsolution.com,https://turtlesoftsolution.com,TurtleSoft Solution,wayback+homepage+careers
viitorcloud.com,https://viitorcloud.com,ViitorCloud,wayback+homepage+careers
botreetechnologies.com,https://www.botreetechnologies.com,BoTree Technologies Pvt. Ltd.,wayback+homepage+careers
rlogical.com,http://www.rlogical.com,Rlogical Techsoft pvt ltd.,wayback+homepage+careers
stalwartinfo.com,https://stalwartinfo.com/,Stalwart Info,wayback+homepage+careers
octosglobal.com,http://octosglobal.com/,Octos Global Solutions,wayback+homepage+careers
aisoftwarellc.com,http://www.aisoftwarellc.com,AI Software LLC,wayback+homepage+careers
spiraltechnolabs.com,https://www.spiraltechnolabs.com/,Spiral Technolabs Pvt Ltd,wayback+homepage+careers
hupp.tech,https://hupp.tech,Hupp Technologies Pvt. Ltd.,wayback+homepage+careers
thebridgecode.com,http://www.thebridgecode.com,Bridgecode Technologies LLP,wayback+homepage+careers
wappnet.com,https://wappnet.com/,Wappnet Systems,wayback+homepage+careers
digi-corp.com,http://www.digi-corp.com,Digicorp Information Systems Pvt.Ltd,wayback+homepage+careers
diffiter.com,https://diffiter.com/,Diffiter,wayback+homepage+careers
softqubes.com,https://www.softqubes.com/,Softqube Technologies Pvt. Ltd.,wayback+homepage+careers
sourceved.com,http://www.sourceved.com,Sourceved Technologies Pvt Ltd.,wayback+homepage+careers
nextgensoft.io,https://www.nextgensoft.io/,Nextgensoft Technologies LLP,wayback+homepage+careers
skywinds.tech,https://skywinds.tech/,Skywinds Solutions,wayback+homepage+careers
techxplore.io,https://techxplore.io,Techxplore IT Solutions,wayback+homepage+careers
aeliusventure.com,https://www.aeliusventure.com,Aelius Venture,wayback+homepage+careers
crestcoder.com,https://www.crestcoder.com/,Crest Coder,wayback+homepage+careers
elitewebhub.com,https://elitewebhub.com/,EliteWebHub,wayback+homepage+careers
pirimidtech.com,https://pirimidtech.com/,Pirimid Fintech,wayback+homepage+careers
sigzen.com,https://www.sigzen.com/,Sigzen Technologies,wayback+homepage+careers
excelsiortechnologies.com,http://www.excelsiortechnologies.com,Excelsior Technologies,wayback+homepage+careers
matiyas.com,https://www.matiyas.com/,Matiyas Solutions,wayback+homepage+careers
solutionanalysts.com,http://www.solutionanalysts.com,Solution Analysts,wayback+homepage+careers
shineinfosoft.in,http://shineinfosoft.in/,Shine Infosoft,wayback+homepage+careers
karmsoft.com,http://www.karmsoft.com/,Karmsoft,wayback+homepage+careers
techcelerity.com,http://www.techcelerity.com,Tech Celerity Global Solutions Pvt. Ltd.,wayback+homepage+careers
esparkinfo.com,https://www.esparkinfo.com,eSparkBiz Technologies Pvt. Ltd,wayback+homepage+careers
vibidsoft.com,http://www.vibidsoft.com,VIBIDSOFT,wayback+homepage+careers
aimdek.com,http://aimdek.com,Aimdek Technologies,wayback+homepage+careers
prishusoft.com,https://www.prishusoft.com,Prishusoft,wayback+homepage+careers
clementius.com,https://www.clementius.com/,Clementius LLP,wayback+homepage+careers
peafowlit.com,https://peafowlit.com/,Peafowl IT Solution,wayback+homepage+careers
ifourtechnolab.com,http://www.ifourtechnolab.com/,iFour Technolab Pvt. Ltd.,wayback+homepage+careers
regalstreamingsolutions.com,https://regalstreamingsolutions.com/,Regal Streaming Solution,wayback+homepage+careers
web30india.com,https://web30india.com,Web30India,wayback+homepage+careers
twoiq.com,https://www.twoiq.com,twoiq LLP,wayback+homepage+careers
upforcetech.com,https://upforcetech.com,UpforceTech,wayback+homepage+careers
mxicoders.com,https://www.mxicoders.com/,Mxicoders,wayback+homepage+careers
universaltechnolabs.com,http://www.universaltechnolabs.com,Universal Technolabs,wayback+homepage+careers
sadhiinfotech.com,http://sadhiinfotech.com/,Sadhi Infotech,wayback+homepage+careers
pyther.com,https://www.pyther.com/,Pyther Innovations Private Limited,wayback+homepage+careers
incipientinfo.com,https://incipientinfo.com/,Incipient Infotech,wayback+homepage+careers
zobiwebsolutions.com,https://www.zobiwebsolutions.com/#,Zobi Web Solutions Private Limited,wayback+homepage+careers
batshub.com,https://www.batshub.com,BatsHub,wayback+homepage+careers
gtcsys.com,https://gtcsys.com/,GTCSYS,wayback+homepage+careers
apuzztech.com,https://apuzztech.com/,ApuzzTech,wayback+homepage+careers
technohustlers.com,https://technohustlers.com/,Techno Hustlers,wayback+homepage+careers
pranshtech.com,https://pranshtech.com/,Pranshtech Solutions,wayback+homepage+careers
developersappindia.com,https://developersappindia.com/,App Developers India,wayback+homepage+careers
blackkitetechnologies.com,https://blackkitetechnologies.com/,Black Kite Technologies,wayback+homepage+careers
penninetechnolabs.com,https://penninetechnolabs.com/,Pennine Technolabs,wayback+homepage+careers
ipopsolution.com,https://www.ipopsolution.com/,iPOP Solution,wayback+homepage+careers
manektech.com,https://www.manektech.com/,Manektech,wayback+homepage+careers
netedgetechnology.com,https://www.netedgetechnology.com,Netedge Technology,wayback+homepage+careers
northlogics.tech,https://northlogics.tech,NorthLogics,wayback+homepage+careers
kodytechnolab.com,https://kodytechnolab.com/,Kody Technolab,wayback+homepage+careers
prioxis.com,https://www.prioxis.com/,Prioxis Technologies,wayback+homepage+careers
kalgisoft.com,https://www.kalgisoft.com,Kalgisoft Technologies,wayback+homepage+careers
spaceotechnologies.com,https://www.spaceotechnologies.com/,Space-O Technologies,wayback+homepage+careers
softsourcetech.com,https://softsourcetech.com/,Softsource Technolabs,wayback+homepage+careers
indiaappdeveloper.com,https://indiaappdeveloper.com/,IndiaAppDeveloper,wayback+homepage+careers
concettolabs.com,https://www.concettolabs.com,Concetto Labs,wayback+homepage+careers
jstechno.com,https://jstechno.com/,JS Techno Solutions Pvt. Ltd.,wayback+homepage+careers
tripearltech.com,https://tripearltech.com/,Tripearltech Private Limited,wayback+homepage+careers
mindinventory.com,http://www.mindinventory.com,MindInventory,wayback+homepage+careers
nimblechapps.com,https://www.nimblechapps.com,Nimblechapps Pvt. Ltd.,wayback+homepage+careers
nevinainfotech.com,https://nevinainfotech.com/?utm_source=goodfirms.co,Nevina Infotech Pvt.Ltd,wayback+homepage+careers
binstellar.com,https://www.binstellar.com/,BinStellar Technologies Pvt. Ltd.,wayback+homepage+careers
igexsolutions.com,http://www.igexsolutions.com,iGex Solutions,wayback+homepage+careers
nectarbits.com,http://www.nectarbits.com,Nectarbits Pvt. Ltd.,wayback+homepage+careers
krishangtechnolab.com,https://www.krishangtechnolab.com/,Krishang Technolab,wayback+homepage+careers
excellentwebworld.com,http://excellentwebworld.com/,Excellent Webworld,wayback+homepage+careers
solutelabs.com,https://www.solutelabs.com,SoluteLabs,wayback+homepage+careers
saturncube.com,http://www.saturncube.com,Saturncube Technologies,wayback+homepage+careers
continuumdigital.ca,https://continuumdigital.ca/,Continuum Digital,wayback+homepage+careers
trootech.com,https://www.trootech.com,TRooTech Business Solutions,wayback+homepage+careers
inextrix.com,https://inextrix.com/,Inextrix Technologies Pvt Ltd,wayback+homepage+careers
bizople.com,https://www.bizople.com/,Bizople Solutions Pvt. Ltd.,wayback+homepage+careers
munchtechnoz.com,https://munchtechnoz.com/,MunchTechnoZ,wayback+homepage+careers
theintellify.com,http://theintellify.com/,The Intellify,wayback+homepage+careers
netclues.com,https://www.netclues.com/,Netclues,wayback+homepage+careers
wpwebinfotech.com,https://wpwebinfotech.com/,WPWeb InfoTech Pvt Ltd,wayback+homepage+careers
techeniac.com,https://techeniac.com/,TechEniac - Top Web App Development Company USA,wayback+homepage+careers
pixlogix.com,http://www.pixlogix.com,Pixlogix Infotech Pvt. Ltd,wayback+homepage+careers
jashentertainment.com,http://www.jashentertainment.com,Jash Entertainment,wayback+homepage+careers
girirajdigital.com,https://girirajdigital.com/,GIRIRAJ DIGITAL,wayback+homepage+careers
ctasis.com,https://ctasis.com/,Ctas Info Service LLP,wayback+homepage+careers
metizsoft.com,https://www.metizsoft.com/,Metizsoft Solutions,wayback+homepage+careers
siyanainfo.com,https://siyanainfo.com,Siyana Info Solutions,wayback+homepage+careers
indylogix.com,https://indylogix.com/,Indylogix Solutions,wayback+homepage+careers
infoviumwebscraping.com,http://infoviumwebscraping.com/,Infovium web scraping services,wayback+homepage+careers
intellial.com,https://www.intellial.com,Intellial Solutions Pvt Ltd,wayback+homepage+careers
vnjinnovations.com,https://www.vnjinnovations.com,VNJ INNOVATIONS,wayback+homepage+careers
virmati.com,http://www.virmati.com,Virmati Group,wayback+homepage+careers
gurully.com,https://www.gurully.com/,Gurully Technologies LLP,wayback+homepage+careers
sourcepro.co.in,https://sourcepro.co.in/,SourcePro Infotech Pvt. Ltd.,wayback+homepage+careers
multimindstech.com,https://multimindstech.com/,Multiminds Technology,wayback+homepage+careers
ignek.com,https://www.ignek.com/,IGNEK,wayback+homepage+careers
taasha.tech,https://taasha.tech/,Taasha Tech,wayback+homepage+careers
vinexainfotech.com,https://vinexainfotech.com,Vinexa Infotech Solutions,wayback+homepage+careers
ivinfotech.in,http://ivinfotech.in/,ivinfotech,wayback+homepage+careers
techcompose.com,https://www.techcompose.com,TechCompose Solutions Pvt Ltd,wayback+homepage+careers
technocrackers.com,https://www.technocrackers.com/,TechnoCrackers,wayback+homepage+careers
budventure.technology,http://www.budventure.technology/,Budventure Technologies Pvt. Ltd.,wayback+homepage+careers
iconflux.com,http://iconflux.com/,IConflux Techonologies,wayback+homepage+careers
finbyz.tech,https://finbyz.tech/,FinByz Tech Pvt Ltd,wayback+homepage+careers
fiibix.com,https://www.fiibix.com/,FiibixTech Solutions,wayback+homepage+careers
primocys.com,https://primocys.com/,Primocys,wayback+homepage+careers
techerudite.com,https://techerudite.com/,Techerudite,wayback+homepage+careers
sculptsoft.com,https://www.sculptsoft.com/,SculptSoft Pvt. Ltd.,wayback+homepage+careers
skyinfosolutions.com,https://www.skyinfosolutions.com/,Sky Info Solutions,wayback+homepage+careers
kanhasoft.com,https://www.kanhasoft.com/,Kanhasoft,wayback+homepage+careers
vatsaltechnosoft.com,https://vatsaltechnosoft.com,Vatsal Technosoft,wayback+homepage+careers
rainstreamweb.com,https://rainstreamweb.com,Rainstreamweb,wayback+homepage+careers
cloudstakes.com,https://cloudstakes.com,CloudStakes Technology,wayback+homepage+careers
ipreside.com,http://www.ipreside.com/,iPreside IT Service Private Limited,wayback+homepage+careers
nxinfoway.com,http://www.nxinfoway.com/,Nxinfoway,wayback+homepage+careers
iappsolution.com,https://iappsolution.com/,iAppsolution Technology,wayback+homepage+careers
divineinfosys.com,https://divineinfosys.com,Divine Infosys,wayback+homepage+careers
genixbit.com,https://www.genixbit.com/,GENIXBIT LABS PRIVATE LIMITED,wayback+homepage+careers
emedhealthtech.com,https://www.emedhealthtech.com,EMed HealthTech Pvt Ltd.,wayback+homepage+careers
livbix.com,https://www.livbix.com/,LivBix Technologies,wayback+homepage+careers
theoddcoders.com,https://www.theoddcoders.com/,Theoddcoders Technologies,wayback+homepage+careers
isummation.com,https://www.isummation.com/,iSummation Technologies,wayback+homepage+careers
hourlydeveloper.io,https://hourlydeveloper.io/,HourlyDeveloper.io,wayback+homepage+careers
emphatictechnologies.com,https://www.emphatictechnologies.com/,Emphatic Technologies,wayback+homepage+careers
ascendum.com,http://www.Ascendum.com,Ascendum Solutions,wayback+homepage+careers
universalstreamsolution.com,http://www.universalstreamsolution.com,Universal Stream Solution,wayback+homepage+careers
webplanex.com,http://www.webplanex.com/,WebPlanex InfoTech Pvt. Ltd.,wayback+homepage+careers
naapbooks.com,https://www.naapbooks.com/,Naapbooks Limited,wayback+homepage+careers
aim2door.com,https://www.aim2door.com/,Aim2Door Solutions Pvt. Ltd.,wayback+homepage+careers
overseaswebsolution.com,https://overseaswebsolution.com/,Overseas Web Solution,wayback+homepage+careers
webservx.com,https://www.webservx.com/,WebservX,wayback+homepage+careers
hyperhextechnology.com,https://www.hyperhextechnology.com,Hyperhex Technology,wayback+homepage+careers
growideasinnovations.com,https://growideasinnovations.com/,GrowIdeas Innovations,wayback+homepage+careers
ingeniousmindslab.com,http://ingeniousmindslab.com/,IngeniousMindsLab Solution Pvt. Ltd,wayback+homepage+careers
pixer.io,https://www.pixer.io,Pixer Digital,wayback+homepage+careers
tristatetechnology.com,http://www.tristatetechnology.com/,TriState Technology LLP,wayback+homepage+careers
seawindsolution.com,http://www.india.seawindsolution.com,Seawind Solution Pvt Ltd,wayback+homepage+careers
ecodesoft.com,http://ecodesoft.com,eCodesoft Solutions,wayback+homepage+careers
brainstream.tech,http://www.brainstream.tech,BrainStream Technolabs Private Limited,wayback+homepage+careers
infigic.com,https://www.infigic.com/,Infigic Technologies,wayback+homepage+careers
dynamic-methods.com,https://dynamic-methods.com,Dynamic Methods,wayback+homepage+careers
silverskytechnology.com,http://silverskytechnology.com/,SilverSky Technology,wayback+homepage+careers
hexamersolutions.com,https://www.hexamersolutions.com/,Hexamer Solutions,wayback+homepage+careers
tecblic.com,http://www.tecblic.com/,Tecblic,wayback+homepage+careers
strivertech.com,https://www.strivertech.com/,Striver Technosoft LLP,wayback+homepage+careers
codearoma.com,https://codearoma.com/,CodeAroma Technologies,wayback+homepage+careers
codeintelli.com,https://www.codeintelli.com/,Codeintelli Technologies LLP,wayback+homepage+careers
softcodingsolutions.com,https://softcodingsolutions.com/,Softcoding Solutions,wayback+homepage+careers
maven-infosoft.com,http://www.maven-infosoft.com,Maven Infosoft,wayback+homepage+careers
simplior.com,https://www.simplior.com/,Simplior Technologies Pvt Ltd.,wayback+homepage+careers
artifex-online.com,https://www.artifex-online.com/,Artifex-Online,wayback+homepage+careers
stimulusco.com,https://www.stimulusco.com/,Stimulus Co.,wayback+homepage+careers
agreemtech.com,https://agreemtech.com/,Agreem Technologies,wayback+homepage+careers
inficoders.com,http://www.inficoders.com,Inficoders_technolab,wayback+homepage+careers
pearlinfo.in,http://pearlinfo.in/,ADD PEARLINFO PVT. LTD.,wayback+homepage+careers
thirdrocktechkno.com,https://www.thirdrocktechkno.com/,Third Rock Techkno,wayback+homepage+careers
semaphore-software.com,https://www.semaphore-software.com/,Semaphore Software,wayback+homepage+careers
dotinfo.tech,https://www.dotinfo.tech,DOT Infotech(Digital Ocean Technologies),wayback+homepage+careers
enqcode.com,https://www.enqcode.com/,Enqcode Technologies LLP,wayback+homepage+careers
iprospl.com,http://www.iprospl.com/,IntelliPro Solutions Pvt Ltd,wayback+homepage+careers
itechnotion.com,http://www.itechnotion.com,iTechNotion Pvt Ltd,wayback+homepage+careers
staunchsys.com,http://www.staunchsys.com,Staunchsys IT Services,wayback+homepage+careers
wpsmallfix.com,https://www.wpsmallfix.com,WP Small Fix,wayback+homepage+careers
hirereactnativedeveloper.com,https://hirereactnativedeveloper.com/,Hire React Native Developers,wayback+homepage+careers
omexinfotech.com,https://www.omexinfotech.com/,Omex Infotech,wayback+homepage+careers
geminatecs.com,https://www.geminatecs.com/,Geminate Consultancy Services,wayback+homepage+careers
qdevtechnolab.com,https://www.qdevtechnolab.com,QDev Technolab,wayback+homepage+careers
rorbits.com,https://www.rorbits.com/,RORBits Software,wayback+homepage+careers
mewurk.com,https://www.mewurk.com,Mewurk Technologies Private Limited,wayback+homepage+careers
aascentinfo.solutions,https://aascentinfo.solutions/,Aascent InfoSolutions,wayback+homepage+careers
spontaneousenterprise.com,https://www.spontaneousenterprise.com/,Spontaneous Enterprise OPC Pvt Ltd,wayback+homepage+careers
treeshainfotech.com,https://treeshainfotech.com,Treesha Infotech,wayback+homepage+careers
innodel.com,https://www.innodel.com/,Innodel Technologies,wayback+homepage+careers
eonixinfotech.com,https://www.eonixinfotech.com/,EonixTech Solutions,wayback+homepage+careers
falcononlineservices.com,http://www.falcononlineservices.com/software-development-company.php,Falcon Online Services,wayback+homepage+careers
vedlogic.com,https://vedlogic.com/,Vedlogic Soultions PVT. LTD,wayback+homepage+careers
honeycombsoftwares.com,http://honeycombsoftwares.com/,Honeycomb Softwares Pvt. Ltd.,wayback+homepage+careers
skyproductivity.com,http://www.skyproductivity.com,Sky Productivity,wayback+homepage+careers
markupsolution.in,http://www.markupsolution.in/,Markupsolution,wayback+homepage+careers
surekhatech.com,https://www.surekhatech.com/,Surekha Technologies,wayback+homepage+careers
thetatechnolabs.com,https://thetatechnolabs.com/,Theta Technolabs,wayback+homepage+careers
ankpal.com,https://ankpal.com/,Ankpal Technologies Private Limited,wayback+homepage+careers
zeitech.in,https://zeitech.in/,Zeitech Solutions Pvt Ltd,wayback+homepage+careers
enprowess.com,https://www.enprowess.com/,Enprowess Technologies,wayback+homepage+careers
otfcoder.com,https://www.otfcoder.com/,OTFCoder,wayback+homepage+careers
rapiddatalabs.com,https://www.rapiddatalabs.com/,RAPID DATA LABS,wayback+homepage+careers
braincrewapps.com,http://www.braincrewapps.com,Braincrew Apps,wayback+homepage+careers
aixtor.com,https://aixtor.com/,AIXTOR Technologies,wayback+homepage+careers
snbinnovations.io,https://snbinnovations.io,SNB Innovations,wayback+homepage+careers
enlightvision.com,https://www.enlightvision.com/,EnlightVision Technologies Pvt. Ltd,wayback+homepage+careers
prognoslabs.ai,https://prognoslabs.ai/,Prognos Labs,wayback+homepage+careers
lanatussystems.com,https://www.lanatussystems.com/,Lanatus Systems LLP,wayback+homepage+careers
stockfish.app,https://stockfish.app,Stockfish Technology,wayback+homepage+careers
sublimedatasys.com,https://sublimedatasys.com/,Sublime Data Systems,wayback+homepage+careers
mspconcepts.com,https://www.mspconcepts.com,MSP IT Concepts Pvt Ltd,wayback+homepage+careers
ecomsellertool.com,https://ecomsellertool.com/,Ecomsellertool,wayback+homepage+careers
digipay.guru,https://www.digipay.guru/,DigiPay.Guru,wayback+homepage+careers
msainfotech.com,https://msainfotech.com/,MSA Infotech,wayback+homepage+careers
vethics.com,http://vethics.com/,Vethics Solutions LLP,wayback+homepage+careers
e2logy.com,http://e2logy.com/,E2logy Software Solutions Pvt. Ltd.,wayback+homepage+careers
datacrosssolution.com,http://www.datacrosssolution.com/,Data Cross Solution,wayback+homepage+careers
panthsoftech.com,https://panthsoftech.com/,Panth Softech,wayback+homepage+careers
valensdatalabs.com,http://valensdatalabs.com/,Valens DataLabs,wayback+homepage+careers
eliteevince.com,https://www.eliteevince.com/,EliteEvince Technologies,wayback+homepage+careers
vbsoftindia.com,https://www.vbsoftindia.com,VBSOFT India Ltd,wayback+homepage+careers
sndkcorp.com,http://sndkcorp.com,SNDK Corp,wayback+homepage+careers
techupr.com,https://www.techupr.com/,TechupR,wayback+homepage+careers
kairasoftware.com,https://kairasoftware.com,KairaSoftware Pvt Ltd,wayback+homepage+careers
thegatewaycorp.com,https://thegatewaycorp.com/,The Gateway Corp,wayback+homepage+careers
samyak.com,https://samyak.com/,Samyak Infotech Pvt.Ltd,wayback+homepage
dngwebdeveloper.com,https://www.dngwebdeveloper.com/,DNG Web Developer,wayback+homepage+careers
beyondsysolutions.com,https://beyondsysolutions.com/,Beyondsy Solutions LLP,wayback+homepage+careers
appmena.digital,https://appmena.digital/,Appmena,wayback+homepage+careers
satyamevinfotech.com,https://satyamevinfotech.com/,SatyamevInfotech,wayback+homepage+careers
novuslogics.com,https://novuslogics.com/,Novus Logics,wayback+homepage+careers
rennovaitsolutions.com,https://rennovaitsolutions.com/,Rennova IT Solutions,wayback+homepage+careers
elitechsystems.com,http://www.elitechsystems.com/,Elitech Systems Pvt. Ltd.,wayback+homepage+careers
matrixhive.com,https://www.matrixhive.com/,MatrixHive Technologies Pvt. Ltd.,wayback+homepage+careers
codemechsolutions.com,https://www.codemechsolutions.com/,Codemech Solutions,wayback+homepage+careers
logicalwings.com,https://logicalwings.com,Logical Wings InfoWeb Pvt Ltd,wayback+homepage+careers
intechsystems.ca,https://www.intechsystems.ca,Intech Systems Canada,wayback+homepage+careers
codnestx.com,https://codnestx.com/,CodnestX,wayback+homepage+careers
tabdelta.com,https://tabdelta.com/,Tabdelta Solutions,homepage
lemolite.com,https://lemolite.com/,Lemolite,wayback+homepage+careers
loudcoders.com,https://www.loudcoders.com,Loud Coders,wayback+homepage+careers
bebetterr.com,https://bebetterr.com/,BeBetterr Technologies,wayback+homepage+careers
insigniatechnolabs.com,https://www.insigniatechnolabs.com/,Insignia Technolabs,wayback+homepage+careers
tanmaypanchal.com,https://tanmaypanchal.com,Yaana Consulting Services,wayback+homepage+careers
profusionsystems.com,https://profusionsystems.com/,Profusion Systems,wayback+homepage+careers
vivanshinfotech.com,https://www.vivanshinfotech.com/,Vivansh Infotech,wayback+homepage+careers
realwayaura.com,https://realwayaura.com/,RealWay Aura,wayback+homepage+careers
paidninjas.com,https://paidninjas.com,PAIDNINJAS SOFTWARE & IT SOLUTIONS,wayback+homepage+careers
aseuminfotech.com,https://aseuminfotech.com/contactus/,Aseum Infotech Pvt Ltd,wayback+homepage+careers
sheerbit.com,https://sheerbit.com/,Sheerbit Technologies,wayback+homepage+careers
siyainfo.com,http://siyainfo.com,Siya Infotech Solution,wayback+homepage+careers
innopadsolutions.com,https://www.innopadsolutions.com/,Innopad Solutions LLP,wayback+homepage+careers
infynno.com,http://infynno.com/,Infynno Solutions,wayback+homepage+careers
nichetechsolutions.com,https://www.nichetechsolutions.com,Nichetech Solutions,wayback+homepage+careers
scriptalldna.com,http://scriptalldna.com/,Script All DNA Technologies,wayback+homepage+careers
swansoftweb.com,http://www.swansoftweb.com,Swan Softweb Solutions,wayback+homepage+careers
cittasolutions.com,https://cittasolutions.com/,Citta Solutions Pvt Ltd,wayback+homepage+careers
infigridsolutions.com,http://www.infigridsolutions.com,Infigrid Solutions,wayback+homepage+careers
progragon.com,http://progragon.com,Progragon Technolabs,wayback+homepage+careers
elitesigma.com,https://elitesigma.com/,EliteSigma Infotech,wayback+homepage+careers
wanbuffer.com,https://www.wanbuffer.com,WanBuffer Services,wayback+homepage+careers
tecstub.com,https://www.tecstub.com,Tecstub,wayback+homepage+careers
arkinfosoft.com,https://arkinfosoft.com/,Ark infosoft,wayback+homepage+careers
itsahmedabad.com,https://itsahmedabad.com/,ITS Data-Solutions Pvt Ltd,wayback+homepage+careers
pruthatech.com,https://www.pruthatech.com/,Pruthatech Technologies,wayback+homepage+careers
truecodemasters.com,https://www.truecodemasters.com/,True Code Masters,wayback+homepage+careers
qalbit.com,https://www.qalbit.com,QalbIT Infotech Pvt Ltd.,wayback+homepage+careers
netclues.ca,https://www.netclues.ca/,Netclues,wayback+homepage+careers
positiwise.com,https://positiwise.com/,Positiwise Software Pvt Ltd,wayback+homepage+careers
dasinfomedia.com,https://www.dasinfomedia.com/,Dasinfomedia,wayback+homepage+careers
potenzaglobalsolutions.com,http://potenzaglobalsolutions.com/,Potenza Global Solutions,wayback+homepage+careers
tsttechnology.io,https://tsttechnology.io,TST Technology,wayback+homepage+careers
genxinfosolutions.com,https://www.genxinfosolutions.com/,GenX Solutions,wayback+homepage+careers
helmsman.in,https://www.helmsman.in/,Helmsman Consultancy,wayback+homepage+careers
360design.in,https://www.360design.in/,360 Design,wayback+homepage+careers
redkitenetwork.net,https://redkitenetwork.net/,Redkite Network LLP,wayback+homepage+careers
interactionlabs.net,https://interactionlabs.net/,Interaction Labs,wayback+homepage+careers
emedstore.in,https://www.emedstore.in/,EMedStore,wayback+homepage+careers
kgntechnologies.com,https://kgntechnologies.com/,KGN Technologies,wayback+homepage+careers
techkodainya.com,https://www.techkodainya.com/,Tech Kodainya,wayback+homepage+careers
creowebsolution.com,https://www.creowebsolution.com/,CreoWeb Solution,wayback+homepage+careers
appliquertech.com,https://appliquertech.com/,Appliquer Technologies,wayback+homepage+careers
tricoreitsolutions.com,https://tricoreitsolutions.com/,Tricore Infotech PVT LTD,wayback+homepage+careers
hiredeveloperindia.com,https://hiredeveloperindia.com/,hiredeveloperindia,wayback+homepage+careers
shilpitsolutions.com,https://shilpitsolutions.com/,Shilp IT Solutions,wayback+homepage+careers
arthkaira.com.au,https://arthkaira.com.au/,Arthkaira,wayback+homepage+careers
xelentor.com,https://xelentor.com/,Xelentor Technologies,wayback+homepage+careers
nearmeindia.in,https://nearmeindia.in/,NMI - Website Development & Software Development C,wayback+homepage+careers
crestinfotech.com,http://www.crestinfotech.com/hire-angularjs-developer/,CrestInfotech,wayback+homepage+careers
conceptserve.com,http://www.conceptserve.com,Conceptserve,wayback+homepage+careers
green-apex.com,https://www.green-apex.com/,Green Apex,wayback+homepage+careers
raystechserv.com,https://www.raystechserv.com/,Rays Techserv Private Limited,wayback+homepage+careers
ashutec.com,https://www.ashutec.com/#home,Ashutec Solutions Pvt Ltd,wayback+homepage+careers
cyblance.com,http://www.cyblance.com,Cyblance Technologies Pvt. Ltd.,wayback+homepage+careers
sstechsystem.com,http://www.sstechsystem.com,SSTech System,wayback+homepage+careers
iviewlabs.com,http://iviewlabs.com/,iView Labs Pvt. Ltd.,homepage
sigmateinformatics.com,http://www.sigmateinformatics.com/,Sigmate Informatics,wayback+homepage+careers
intuz.com,https://www.intuz.com,Intuz,wayback+homepage+careers
systemseeders.com,http://www.systemseeders.com/,SystemSeeders Infotech LLP,wayback+homepage+careers
arthinfosoft.in,http://www.arthinfosoft.in,arth infosoft pvt ltd,wayback+homepage+careers
8webcom.com,http://www.8webcom.com/,8 webcom.com,wayback+homepage+careers
icaninfotech.com,http://www.icaninfotech.com,I Can Infotech,wayback+homepage+careers
crmjetty.com,https://www.crmjetty.com/,CRMJetty,wayback+homepage+careers
websoptimization.com,https://www.websoptimization.com/,Webs Optimization Software Solution,wayback+homepage+careers
altumcore.com,http://www.altumcore.com,Altumcore Technologies,wayback+homepage+careers
finlitetech.com,http://www.finlitetech.com,Finlite Technologies,wayback+homepage+careers
sinontechs.com,https://www.sinontechs.com/,SINON TECH PVT LTD,wayback+homepage+careers
ouranostech.com,http://ouranostech.com,Ouranos Technologies Pvt Ltd,wayback+homepage+careers
mobiosolutions.com,https://mobiosolutions.com/,Mobio Solutions,wayback+homepage+careers
knp-tech.com,http://www.knp-tech.com,KNP Technologies Private Limited,wayback+homepage+careers
valianttechnosoft.com,https://valianttechnosoft.com,Valiant Technosoft,wayback+homepage+careers
prowesolution.com,http://www.prowesolution.com,ProweSolution,wayback+homepage+careers
codexalters.com,https://www.codExalters.com,codExalters Techlabs,wayback+homepage+careers
finlark.com,https://www.finlark.com/,Finlark Technologies,wayback+homepage+careers
ingressit.com,https://ingressit.com,Ingress IT Solutions,wayback+homepage+careers
techitree.com,http://techitree.com/,Techitree Technologies,wayback+homepage+careers
mxpertz.com,https://www.mxpertz.com,Mxpertz Infolabs,wayback+homepage+careers
citrusleaf.in,https://citrusleaf.in/,CitrusLeaf Software,wayback+homepage+careers
6degreesit.com,https://www.6degreesit.com,6DegreesIT,wayback+homepage+careers
elderberrytech.com,http://www.elderberrytech.com/,Elderberry Tech,wayback+homepage+careers
infocentroid.com,https://www.infocentroid.com,InfoCentroid Software Solutions Pvt. Ltd.,wayback+homepage+careers
mavencluster.com,https://www.mavencluster.com,Maven Cluster,wayback+homepage+careers
thoughtwin.com,https://www.thoughtwin.com/,Thoughtwin IT Solution,wayback+homepage+careers
hiteshi.com,https://www.hiteshi.com/,Hiteshi,wayback+homepage+careers
bytecipher.net,https://bytecipher.net/,ByteCipher Pvt Ltd,wayback+homepage+careers
infograins.com,https://infograins.com,Infograins,wayback+homepage+careers
youngdecade.com,https://www.youngdecade.com,Young Decade IT Software Solution,wayback+homepage+careers
hiredeveloper.dev,https://hiredeveloper.dev,Hiredeveloper.dev,wayback+homepage+careers
cdnsol.com,https://www.cdnsol.com,CDN Solutions Group,wayback+homepage+careers
cisin.com,https://www.cisin.com,Cyber Infrastructure Inc.,wayback+homepage+careers
codiant.com,https://codiant.com/,Codiant Software Technologies Pvt. Ltd.,wayback+homepage+careers
protonshub.com,https://www.protonshub.com/top-mobile-application-development-company?utm_source=Goodfirm&utm_medium=Company-Profile&utm_campaign=Goodfirm-Directory,Protonshub Technologies,wayback+homepage+careers
izisstechnology.com,https://izisstechnology.com/,IZISS TECHNOLOGY PRIVATE LIMITED,wayback+homepage+careers
softude.com,https://www.softude.com/,Softude Infotech,wayback+homepage+careers
infowindtech.com,https://www.infowindtech.com,Infowind Technologies (IT) Pvt Ltd,wayback+homepage+careers
synetalsolutions.com,https://www.synetalsolutions.com,Synetal Solutions Pvt Ltd,wayback+homepage+careers
goldeneagle.ai,https://goldeneagle.ai/,Golden Eagle IT Technologies,wayback+homepage+careers
swapinfotech.com,http://swapinfotech.com/,Swap Infotech,wayback+homepage+careers
encantotek.com,https://encantotek.com/,Encanto Technologies,wayback+homepage+careers
robotronix.co.in,https://robotronix.co.in/,ROBOTRONIX ENGINEERING TECH PVT.LTD.,wayback+homepage+careers
vinfotech.com,http://www.vinfotech.com,Vinfotech,wayback+homepage+careers
forebearpro.com,http://forebearpro.com,Forebear Productions,wayback+homepage+careers
5exceptions.com,https://www.5exceptions.com/,Five Exceptions Software Solutions Pvt Ltd,wayback+homepage+careers
chapter247.com,http://www.chapter247.com,Chapter247 Infotech,wayback+homepage+careers
techtose.com,https://techtose.com,TechTose Software Solutions Pvt Ltd,wayback+homepage+careers
expertinasia.com,https://www.expertinasia.com,Expertinasia Pvt. Ltd.,wayback+homepage+careers
mobiwebtech.com,https://www.mobiwebtech.com/,Mobiweb Technologies Pvt Ltd,wayback+homepage+careers
appsontechnologies.in,https://www.appsontechnologies.in,Apps-on Technologies,wayback+homepage+careers
dwellfox.com,https://www.dwellfox.com/,Dwellfox,wayback+homepage+careers
zeeweesoft.com,https://www.zeeweesoft.com/,Zeeweesoft LLP,wayback+homepage+careers
best.ind.in,https://best.ind.in,BESTIND TECH PVT LTD,wayback+homepage+careers
cloudwapp.com,http://cloudwapp.com,CloudWapp Technologies Pvt. Ltd.,wayback+homepage+careers
wreximinfotech.com,http://wreximinfotech.com/,Wrexim Infotech,wayback+homepage+careers
innogent.in,https://innogent.in/,Innogent Technologies,wayback+homepage+careers
codezilla.io,https://codezilla.io/,Codezilla Technology and Consultancy Pvt Ltd.,wayback+homepage+careers
creatoweb.com,http://www.creatoweb.com/,Creatoweb,wayback+homepage+careers
developerbazaar.com,https://www.developerbazaar.com/landing-page/?utm_source=Good+Firms&utm_medium=Good+Firms&utm_campaign=Good+Firms&utm_id=Good+Firms,Developer Bazaar Technologies,wayback+homepage+careers
infosense.tech,https://infosense.tech,Infosense AI,wayback+homepage+careers
bluetech.co.in,http://www.bluetech.co.in/,Bluetech,wayback+homepage+careers
teqlawn.com,https://teqlawn.com/,Teqlawn,wayback+homepage+careers
mactosys.com,https://mactosys.com/,Mactosys,wayback+homepage+careers
webkeydigital.com,http://www.webkeydigital.com,Web Key Digital,wayback+homepage+careers
foduu.com,https://www.foduu.com/,FODUU,wayback+homepage+careers
graffersid.com,https://graffersid.com/,Graffersid,wayback+homepage+careers
infofeat.com,https://infofeat.com/,Infofeat Technologies,wayback+homepage+careers
orbitedgetech.com,https://www.orbitedgetech.com/,Orbit Edge,wayback+homepage+careers
coincircletrust.com,https://www.coincircletrust.com/,Coin Circle Trust,wayback+homepage+careers
codezens.com,https://www.codezens.com/,codezens soft solutions,wayback+homepage+careers
savotechnologies.com,https://www.savotechnologies.com,Savo Technologies Private Limited,wayback+homepage+careers
navtark.com,https://navtark.com/,NavTark Solutions Pvt. Ltd.,wayback+homepage+careers
samaritaninfotech.com,https://www.samaritaninfotech.com/,Samaritan InfoTech,wayback+homepage+careers
hyperbeans.com,https://hyperbeans.com/?utm_source=goodfirms&utm_medium=B2B,HyperBeans,wayback+homepage+careers
india-briefs.com,https://www.india-briefs.com/,India Briefs Private Limited,wayback+homepage+careers
aahantechnologies.com,http://aahantechnologies.com/,Aahan Technologies,wayback+homepage+careers
softgetix.com,https://softgetix.com/,SoftGetix Inc.,wayback+homepage+careers
salasarcybersolutions.com,https://salasarcybersolutions.com/,Salasar Cyber Solutions,wayback+homepage+careers
wagergeeks.com,https://www.wagergeeks.com/,WagerGeeks Private Limited,wayback+homepage+careers
witmates.com,http://www.witmates.com/,Witmates Technologies Pvt Ltd,wayback+homepage+careers
cibirix.com,http://www.cibirix.com/,Cibirix Digital Marketing Agency,wayback+homepage+careers
nenosystems.com,https://www.nenosystems.com,Nenosystems Consulting Services Ltd,wayback+homepage+careers
innosoft-group.com,https://innosoft-group.com/,Innosoft Group,wayback+homepage+careers
techplusconsultancy.com,https://techplusconsultancy.com/,Techplus Consultancy,wayback+homepage+careers
inostrok.com,https://inostrok.com/,Inostrok Technologies Pvt Ltd,wayback+homepage+careers
stevesailab.com,https://stevesailab.com/,Steves AI Lab,wayback+homepage+careers
vortexcubes.com,https://www.vortexcubes.com,Vortexcubes,wayback+homepage+careers
ignisitsolutions.com,http://www.ignisitsolutions.com/,Ignis IT Solutions,wayback+homepage+careers
monadplus.com,http://monadplus.com,MonadPlus TechLabs Pvt Ltd,wayback+homepage+careers
webnsoftsolution.com,https://www.webnsoftsolution.com/,Web N Soft Solution,wayback+homepage+careers
evisionsolutions.co.in,https://evisionsolutions.co.in/,Evision Software Solutions Pvt. Ltd.,wayback+homepage+careers
techmakershq.com,https://techmakershq.com,Techmakers,wayback+homepage+careers
tridentspark.com,https://www.tridentspark.com/,Trident Spark,wayback+homepage+careers
idealittechno.com,https://idealittechno.com/,Ideal It Techno,wayback+homepage+careers
vsple.com,https://vsple.com/,Vsple Technologies Pvt. Ltd.,wayback+homepage+careers
mobilepundits.com,http://www.mobilepundits.com/,MobilePundits,wayback+homepage+careers
tbitechnologies.com,http://www.tbitechnologies.com,TBI Technologies,wayback+homepage+careers
jsminfosoft.com,http://jsminfosoft.com/,JSM InfoSoft Pvt Ltd,wayback+homepage+careers
bestpeers.com,https://www.bestpeers.com/,BestPeers Infosystem Private Limited,wayback+homepage+careers
genesistechnologies.in,https://genesistechnologies.in/,Genesis Technologies,wayback+homepage+careers
codewiseinfotech.com,https://codewiseinfotech.com/,Codewise Infotech Private Limited,wayback+homepage+careers
acelan.ai,https://acelan.ai/,Acelan Technologies Private Limited,wayback+homepage+careers
cyberfy.me,https://cyberfy.me/,cyberfy,wayback+homepage+careers
mobitplus.com,http://mobitplus.com/,Mobitplus Technologies,wayback+homepage+careers
amcorpinfovent.com,https://www.amcorpinfovent.com/,Amcorp Infovent Pvt Ltd,wayback+homepage+careers
infosparkles.com,https://www.infosparkles.com/,Infosparkles IT Solutions,wayback+homepage+careers
monoinfotech.com,https://monoinfotech.com/,Mono Infotech,wayback+homepage+careers
ixorainfotech.com,https://www.ixorainfotech.com/,Ixora Infotech Private Limited,wayback+homepage+careers
ment.tech,https://www.ment.tech/,Ment Tech Labs,wayback+homepage+careers
bitsquadsoftware.com,https://www.bitsquadsoftware.com/,Bitsquad Software,wayback+homepage+careers
osswalinfo.com,https://osswalinfo.com/,Osswal Infosystem Pvt Ltd,wayback+homepage+careers
pacexgrowth.com,https://pacexgrowth.com/,PaceXgrowth Pvt. ltd,wayback+homepage+careers
technomatz.com,https://technomatz.com/,Technomatz IT Solutions,wayback+homepage+careers
intellimax.io,https://intellimax.io/,Intellimax Technologies Pvt Ltd,wayback+homepage+careers
geegatechnologies.com,https://geegatechnologies.com/,Geegatechnologies,wayback+homepage+careers
techlene.com,http://www.techlene.com/,Techlene Sofware Solutions Pvt. Ltd.,wayback+homepage+careers
daisoftware.com,https://www.daisoftware.com,Dai Software Solutions Pvt. Ltd.,wayback+homepage+careers
uraansoftskills.com,http://uraansoftskills.com/,Uraan Softskills,wayback+homepage+careers
ssamsoftwares.com,https://ssamsoftwares.com/,SSAM Softwares,wayback+homepage+careers
homepageit.net,http://www.homepageit.net/,Homepage Infotech Solutions LLP,wayback+homepage+careers
itsabacus.com,https://www.itsabacus.com/,Abacus Consultancy Services (I) Pvt Ltd,wayback+homepage+careers
wappgo.com,https://wappgo.com,Wappgo,wayback+homepage+careers
wordpressdevelopmentindia.com,http://www.wordpressdevelopmentindia.com/,WordPress Development India,wayback+homepage+careers
clarigoinfotech.com,https://www.clarigoinfotech.com/,Clarigo Infotech Private Limited,wayback+homepage+careers
consultantsfromasia.com,https://www.consultantsfromasia.com/,Consultants From Asia,wayback+homepage+careers
quazma.com,https://quazma.com/,Quazma Techno Solutions,wayback+homepage+careers
inwizards.com,https://www.inwizards.com/,Inwizards LLC,wayback+homepage+careers
suruchetech.com,https://suruchetech.com/,Suruche,wayback+homepage+careers
cubexo.io,https://cubexo.io/,CubexO Software Solutions,wayback+homepage+careers
ycsin.com,https://ycsin.com/,YASH COMPUTECH SOLUTION PRIVATE LIMITED,wayback+homepage+careers
softovate.com,https://softovate.com,Softovate Technologies Pvt Ltd,wayback+homepage+careers
sprintale.com,https://www.sprintale.com,Sprintale Technologies,wayback+homepage+careers
vihatech.co,https://vihatech.co/,Vihatech Software solutions pvt ltd,wayback+homepage+careers
genxcellenceinc.com,https://genxcellenceinc.com/,Genxcellence Software Pvt Ltd,wayback+homepage+careers
vyanwebs.com,https://www.vyanwebs.com/,RISHUS INFOTECH,wayback+homepage+careers
srninfotech.com,https://srninfotech.com/,SRN Infotech,wayback+homepage+careers
triggrsweb.com,https://triggrsweb.com,Triggrsweb Solutions,wayback+homepage+careers
encoresky.com,https://encoresky.com/,EncoreSky Technologies,wayback+homepage+careers
upcomingverse.ai,https://upcomingverse.ai,Upcomingverse Tech Labs Pvt. Ltd.,wayback+homepage+careers
kritin.in,https://kritin.in/,Kritin Digital Solution,wayback+homepage+careers
growuptechs.in,https://growuptechs.in,Growup Technology,wayback+homepage+careers
thincodz.com,https://thincodz.com/,Thincodz IT solution,wayback+homepage+careers
shantiinfosoft.com,https://shantiinfosoft.com/,Shanti Infosoft LLP,wayback+homepage+careers
numeroeins.com,https://www.numeroeins.com,NumeroEins Software Private Limited,wayback+homepage+careers
infoxeron.com,https://www.infoxeron.com,Infoxeron Technologies Pvt. Ltd.,wayback+homepage+careers
opulenceinfotech.com,http://www.opulenceinfotech.com,Opulence Infotech,wayback+homepage+careers
moreyeahs.com,https://moreyeahs.com/,Moreyeahs,wayback+homepage+careers
arbutusinfotech.com,https://www.arbutusinfotech.com,Arbutus Infotech Private Limited,wayback+homepage+careers
ibrinfotech.com,https://www.ibrinfotech.com,IBR Infotech,wayback+homepage+careers
abaxsoft.com,https://www.abaxsoft.com/,Abaxsoft Solutions Private Limited,wayback+homepage+careers
techfrolic.com,https://techfrolic.com/,TechFrolic,wayback+homepage+careers
supersourcing.com,https://supersourcing.com/,Supersourcing,wayback+homepage+careers
nagarsoftwaresolution.com,https://www.nagarsoftwaresolution.com/,Nagar Software Solution,wayback+homepage+careers
technotronixs.com,https://www.technotronixs.com/,TechnoTronixs,wayback+homepage+careers
nextlooptechnologies.com,https://www.nextlooptechnologies.com/,Nextloop Technologies,wayback+homepage+careers
codereadysoftware.com,https://codereadysoftware.com/,Codeready Software,wayback+homepage+careers
thirdessential.com,https://thirdessential.com,Thirdessential IT Solutions Pvt. Ltd,wayback+homepage+careers
cloudchillies.com,https://cloudchillies.com/,CloudChillies,wayback+homepage+careers
pushcam-solution.com,https://www.pushcam-solution.com/,Pushcam Solution,wayback+homepage+careers
consultquark.com,https://consultquark.com/,Quark Consulting,wayback+homepage+careers
webwiders.com,https://webwiders.com,"Webwiders Software Solutions, Indore",wayback+homepage+careers
syscraftonline.com,http://www.syscraftonline.com,Syscraft Information System Pvt. Ltd.,wayback+homepage+careers
blocknous.com,https://www.blocknous.com,Blocknous Technologies,wayback+homepage+careers
website2999.com,https://website2999.com,Website2999.com,wayback+homepage+careers
webcraftit.com,http://www.webcraftit.com,Webcraft IT,wayback+homepage+careers
clecotech.com,https://www.clecotech.com,Clecotech International Pvt Ltd,wayback+homepage+careers
laabhaa.com,http://www.laabhaa.com,Laabhaa Technologies,wayback+homepage+careers
braininventory.com,https://www.braininventory.com/,Brain Inventory,wayback+homepage+careers
averybit.com,http://www.averybit.com,AveryBit Solutions Pvt. Ltd.,wayback+homepage+careers
pixlritllc.com,https://www.pixlritllc.com/,Pixler IT Solution Pvt. Ltd.,wayback+homepage+careers
liseinfotech.com,https://www.liseinfotech.com,Lise Infotech Pvt Ltd,wayback+homepage+careers
visuotech.com,http://www.visuotech.com,Visuotech,wayback+homepage+careers
crystaltechservices.com,https://crystaltechservices.com/,Crystaltech Services Private Limited,wayback+homepage+careers
tophatsoft.com,https://www.tophatsoft.com/,Tophat Software,wayback+homepage+careers
manifestinfotech.com,http://manifestinfotech.com/,Manifest Infotech Pvt Ltd,wayback+homepage+careers
wangoes.com,https://wangoes.com/,WANGOES TECHNOLOGIES PRIVATE LIMITED,wayback+homepage+careers
fovtysolutions.com,https://fovtysolutions.com/,Fovty Solutions,wayback+homepage+careers
smtlabs.io,https://smtlabs.io/,SMT Labs Private Limited,wayback+homepage+careers
techventuresoft.com,https://techventuresoft.com/,TechventureSoft Pvt Ltd,wayback+homepage+careers
dbvertex.com,https://dbvertex.com/,DB Vertex Technologies,wayback+homepage+careers
digitalcrew.co.in,https://digitalcrew.co.in/,Digital Crew India,wayback+homepage+careers
bylooptechnologies.com,https://bylooptechnologies.com/,Byloop Technologies Pvt Ltd,wayback+homepage+careers
everincodeh.com,https://everincodeh.com/,Everincodeh Technology,wayback+homepage+careers
nxginfosystem.com,https://www.nxginfosystem.com/,NXG Infosystem,wayback+homepage+careers
kiaantechnology.com,https://kiaantechnology.com/,kiaan technology,wayback+homepage+careers
nliven.in,http://nliven.in,Nliven Technologies Pvt. Ltd.,wayback+homepage+careers
cservetech.com,https://www.cservetech.com/,Cserve Technologies India,wayback+homepage+careers
appdeveloperindia.com,https://appdeveloperindia.com/,AppDeveloperIndia,wayback+homepage+careers
10thgatesolutions.com,https://10thgatesolutions.com/,10th Gate Solutions Pvt Ltd.,wayback+homepage+careers
hotbitinfotech.com,http://hotbitinfotech.com/,Hotbit Infotech Private Limited,wayback+homepage+careers
bellwayinfotech.com,http://bellwayinfotech.com/,Bellway Infotech,wayback+homepage+careers
thinkbitech.com,https://thinkbitech.com/,ThinkBI Tech,wayback+homepage+careers
webrushtechnologies.com,https://webrushtechnologies.com/,Web Rush Technologies,wayback+homepage+careers
naikawebtech.com,https://www.naikawebtech.com/,NAIKA WEBTECh,wayback+homepage+careers
spundan.com,https://www.spundan.com/,Spundan Consultancy & IT Solutions Pvt Ltd,wayback+homepage+careers
protovosolutions.com,https://www.protovosolutions.com/,Protovo Solutions LLP,wayback+homepage+careers
coherentlab.com,https://www.coherentlab.com/,Coherent Lab LLP,wayback+homepage+careers
kpis.in,https://www.kpis.in/,Krishna Padam IT Solution Pvt. Ltd.,wayback+homepage+careers
kadamtech.com,http://www.kadamtech.com,Kadam Technologies Pvt. Ltd.,wayback+homepage+careers
startbitsolutions.com,https://www.startbitsolutions.com/know-about-us/?ref=goodfirm,Startbit IT Solutions Pvt. Ltd.,wayback+homepage+careers
gmtasoftware.com,https://www.gmtasoftware.com,GMTA Software Solutions,wayback+homepage+careers
nextbigtechnology.com,http://nextbigtechnology.com,Next Big Technology(NBT),wayback+homepage+careers
octalsoftware.com,http://www.octalsoftware.com/?utm_source=Goodfirms&utm_medium=PaidLinks&utm_campaign=GoodfirmsPro,Octal IT Solution,wayback+homepage+careers
konstantinfo.com,https://www.konstantinfo.com,Konstant Infosolutions,wayback+homepage+careers
lucentasolutions.com,https://www.lucentasolutions.com/,Lucenta Solutions Technologies Pvt Ltd,wayback+homepage+careers
exatosoftware.com,https://www.exatosoftware.com,Exatosoftware,wayback+homepage+careers
synarionit.com,https://www.synarionit.com/,SYNARION IT SOLUTIONS,wayback+homepage+careers
fulminoussoftware.com,https://www.fulminoussoftware.com/,Fulminous Software,wayback+homepage+careers
kistechnosoftware.in,https://www.kistechnosoftware.in/,Kistechnosoftware Pvt.Ltd,wayback+homepage+careers
technoloader.com,https://www.technoloader.com/,Technoloader Pvt Ltd,wayback+homepage+careers
helpfulinsightsolution.com,https://www.helpfulinsightsolution.com/,Helpful Insight Pvt. Ltd.,wayback+homepage+careers
prilient.com,https://prilient.com/,Prilient Technology,wayback+homepage+careers
purgesoft.com,http://www.purgesoft.com,Purgesoft,wayback+homepage+careers
owebest.com,http://www.owebest.com,OweBest Technologies,wayback+homepage+careers
devtechnosys.com,http://www.devtechnosys.com/,Dev Technosys LLC,wayback+homepage+careers
logicspice.com,https://www.logicspice.com/,LogicSpice Consultancy Private Limited,wayback+homepage+careers
alphonic.in,https://www.alphonic.in/?utm_source=goodfirms.co&utm_medium=referral,Alphonic Network Solutions Pvt. Ltd.,wayback+homepage+careers
vidhema.com,https://www.vidhema.com/,Vidhema Technologies Pte Ltd,wayback+homepage+careers
orioninfosolutions.com,https://www.orioninfosolutions.com,Orion InfoSolutions,wayback+homepage+careers
brsoftech.com,https://www.brsoftech.com/,BR Softech Pvt Ltd,wayback+homepage+careers
bettrsw.com,https://www.bettrsw.com/,Better Software,wayback+homepage+careers
dreamsoft4u.com,http://dreamsoft4u.com/,DreamSoft4u Private Limited,wayback+homepage+careers
codiflysoftware.com,https://www.codiflysoftware.com,CodiFly IT Solutions,wayback+homepage+careers
shrigenesis.com,http://www.shrigenesis.com,Shri Genesis Software Solutions,wayback+homepage+careers
scientificwebs.com,http://scientificwebs.com/,Scientific Web Solutions,wayback+homepage+careers
metablocktechnologies.in,https://metablocktechnologies.in/,MetaBlock Technologies,wayback+homepage+careers
vigorousit.com,https://www.vigorousit.com/,Vigorous IT Solutions Pvt. Ltd,wayback+homepage+careers
login2design.com,https://www.login2design.com,Login2design Technologies,wayback+homepage+careers
kotiboxglobal.com,https://kotiboxglobal.com/,Kotibox Global Technologies,wayback+homepage+careers
truevalueinfosoft.com,http://www.truevalueinfosoft.com,True Value Infosoft Private Limited,wayback+homepage+careers
systemlogicsolution.com,http://systemlogicsolution.com/,System Logic Solution,wayback+homepage+careers
brandmetrics.in,https://www.brandmetrics.in,Brand Metrics Fintech Pvt Ltd,wayback+homepage+careers
sophytechnologies.com,https://www.sophytechnologies.com/,Sophy e-Technologies,wayback+homepage+careers
phelixinfosolutions.com,http://www.phelixinfosolutions.com,Phelix Info Solution,wayback+homepage+careers
tulipshree.com,https://www.tulipshree.com,Tulipshree Infotech,wayback+homepage+careers
noitechnologies.com,https://www.noitechnologies.com/,NOI Technologies,wayback+homepage+careers
crinpro.com,https://crinpro.com/,CrinPro Solution,wayback+homepage+careers
phontinent.com,https://www.phontinent.com,Phontinent Technologies,wayback+homepage+careers
acentriatech.com,http://www.acentriatech.com/,Acentria Technologies Pvt ltd,wayback+homepage+careers
variablesoft.com,https://variablesoft.com,Variablesoft,wayback+homepage+careers
saginfotech.com,https://saginfotech.com/,SAG Infotech,wayback+homepage
softechplanet.com,https://softechplanet.com/,SoftechPlanet,wayback+homepage+careers
glitchprobe.com,https://glitchprobe.com/,Glitch Probe Infotech,wayback+homepage+careers
axiswebart.com,https://www.axiswebart.com/,Axis Web Art Pvt Ltd,wayback+homepage+careers
wedigtech.com,http://www.wedigtech.com,WeDigTech,wayback+homepage+careers
technoderivation.com,https://technoderivation.com/,Techno Derivation Pvt. Ltd.,wayback+homepage+careers
uislick.com,https://uislick.com/,UiSlick,wayback+homepage+careers
planetwebsolution.com,http://www.planetwebsolution.com,Planet Web Solutions Pvt. Ltd,homepage
comfygen.com,https://www.comfygen.com/,Comfygen Technologies,wayback+homepage+careers
dianapps.com,https://dianapps.com/?utm_source=referral&utm_medium=Goodfirms&utm_campaign=goodfirms,DianApps Technologies Pvt. Ltd.,wayback+homepage+careers
zcodeo.com,http://www.zcodeo.com/,Zcodeo LLP,wayback+homepage+careers
hastagsoft.com,https://www.hastagsoft.com/web-design-services,HastagSoft,wayback+homepage+careers
creatorshadow.com,https://www.creatorshadow.com/,CreatorShadow,wayback+homepage+careers
ascuretech.com,https://ascuretech.com/,Ascure Technology,wayback+homepage+careers
cmitexperts.com,https://cmitexperts.com,CMITEXPERTS SOFTECH LLP,wayback+homepage+careers
inventcolabssoftware.com,https://www.inventcolabssoftware.com/?utm_source=goodfirms.co&utm_medium=referral&utm_campaign=directory-traffic-goodfirms,Inventco Software,wayback+homepage+careers
isolutiononline.com,https://www.isolutiononline.com,iSolution Microsystems Pvt Ltd,wayback+homepage+careers
kdksoftware.com,https://www.kdksoftware.com/,KDK Software,wayback+homepage+careers
ecuzen.com,https://www.ecuzen.com/,Ecuzen Software,wayback+homepage+careers
froiden.com,https://froiden.com/,Froiden Technologies,wayback+homepage+careers
dataqtec.com,https://www.dataqtec.com,DataQ Technology,homepage+careers
joolet.com,https://joolet.com,Joolet,wayback+homepage+careers
imgglobalinfotech.com,https://www.imgglobalinfotech.com/,IMG Global Infotech Pvt. Ltd,wayback+homepage+careers
strivemindz.com,https://www.strivemindz.com/,Strivemindz,wayback+homepage+careers
satishtechinnovations.com,https://satishtechinnovations.com/,Satish Tech Innovations,wayback+homepage+careers
justaddwater.in,http://justaddwater.in/,JustAddWater,wayback+homepage+careers
volyo.in,http://volyo.in/,Volyo Solutions,wayback+homepage+careers
techfern.com,http://www.techfern.com/,Techfern Websolutions Pvt. Ltd.,wayback+homepage+careers
xedicorporation.com,https://xedicorporation.com/,XEDI Corporation,wayback+homepage+careers
memorres.com,http://memorres.com,Memorres Digital Private Limited,wayback+homepage+careers
vervelogic.com,https://www.vervelogic.com,VerveLogic,wayback+homepage+careers
externlabs.com,https://externlabs.com/,Extern Labs,wayback+homepage+careers
seraphinfotech.com,http://seraphinfotech.com/,Seraph InfoTech Private Limited,wayback+homepage+careers
liyanitsolution.com,https://liyanitsolution.com/,LIYAN IT SOLUTION,wayback+homepage+careers
rginfotech.com,http://www.rginfotech.com/,RG Infotech,wayback+homepage+careers
bel-technology.com,http://bel-technology.com/,Bel Technology,wayback+homepage+careers
sembark.com,https://sembark.com/,Sembark,wayback+homepage+careers
d5websoft.com,http://www.d5websoft.com,D5 WebSoft Pvt. Ltd.,wayback+homepage+careers
i4consulting.org,http://i4consulting.org/,i4 Consulting Pvt Ltd,wayback+homepage+careers
ramscreative.com,https://ramscreative.com/,Rams Creative Technologies Pvt. Ltd.,wayback+homepage+careers
pinblooms.com,https://pinblooms.com,Pinblooms Technologies Pvt. Ltd,wayback+homepage+careers
airmasterz.com,https://airmasterz.com/,AIR MASTERZ BUSINESS SERVICES,wayback+homepage+careers
iglobesolution.com,https://www.iglobesolution.com/,iGlobe Solutions,wayback+homepage+careers
gyanhost.com,https://www.gyanhost.com,Gyan Host Technologies Private Limited,wayback+homepage+careers
explorateglobal.com,https://www.explorateglobal.com,Explorate Global,wayback+homepage+careers
redxtechnosoft.com,http://www.redxtechnosoft.com,Redx Technosoft,wayback+homepage+careers
neerjasoftwares.com,https://www.neerjasoftwares.com/,Neerja Softwares Pvt. Ltd.,wayback+homepage+careers
kmvsoftwares.com,https://www.kmvsoftwares.com,Kmvsoftwares,wayback+homepage+careers
teaminindia.com,http://www.teaminindia.com/,TeamInIndia,wayback+homepage+careers
tirupati-international.in,https://tirupati-international.in/,TIRUPATI SOFTWARE INFOTECH PRIVATE LIMITED,wayback+homepage+careers
girnarsoft.com,https://www.girnarsoft.com/,Girnar Soft,wayback+homepage+careers
sumedhasoftech.com,https://sumedhasoftech.com/,Sumedha Softech Pvt. Ltd.,wayback+homepage+careers
hyphenxsolutions.com,https://hyphenxsolutions.com/,HyphenX Solutions,wayback+homepage+careers
cyrusrecharge.com,https://cyrusrecharge.com/,Cyrus Recharge Solutions,wayback+homepage+careers
noblewebstudio.com,http://www.noblewebstudio.com,Noble Web Studio Pvt Ltd,wayback+homepage+careers
codunite.com,https://www.codunite.com/,Codunite Private Limted,wayback+homepage+careers
esteemhost.com,http://www.esteemhost.com,Esteem Host,wayback+homepage+careers
bluetris.com,https://www.bluetris.com,Bluetris Technologies Pvt. Ltd.,wayback+homepage+careers
bestwebtech.in,https://www.bestwebtech.in/,Best Webtech,wayback+homepage+careers
joviinternational.com,https://www.joviinternational.com/,JOVI International,wayback+homepage+careers
nlet.in,https://nlet.in/,NLET Initiative LLP,wayback+homepage+careers
pixyrs.com,https://pixyrs.com,Pixyrs Softech & Research Pvt. Ltd.,wayback+homepage+careers
mlmyug.com,https://www.mlmyug.com/,MLMYug,wayback+homepage+careers
zedologic.com,https://www.zedologic.com/,Zedologic Software,wayback+homepage+careers
creatosoftware.com,https://www.creatosoftware.com/,Creato Software,wayback+homepage+careers
telsyswebinfotech.com,https://telsyswebinfotech.com/,Telsys Web Infotech,wayback+homepage+careers
codespur.com,https://www.codespur.com/,Codespur Technologies Pvt Ltd.,wayback+homepage+careers
shubansoftware.com,https://shubansoftware.com,Shuban Software Services & Solutions,wayback+homepage+careers
navygen.in,http://navygen.in,NavyGEN Technology Pvt Ltd,wayback+homepage+careers
fzeetechz.com,https://fzeetechz.com/,Fzeetechz Pvt Ltd,wayback+homepage+careers
3handshake.com,https://3handshake.com/,Handshake Techsoft Pvt. Ltd.,wayback+homepage+careers
khichad.com,https://khichad.com/,Khichad Technologies Private Limited,wayback+homepage+careers
selltechindproductions.in,https://www.selltechindproductions.in/,Sell Tech IND. Productions,wayback+homepage+careers
betadrix.tech,https://betadrix.tech,Betadrix Tech,wayback+homepage+careers
bitace.in,https://bitace.in/,BitAce Technologies Pvt. Ltd.,wayback+homepage+careers
appterran.com,http://www.appterran.com/,AppTerran Technologies Pvt. Ltd.,wayback+homepage+careers
aadviktech.com,https://www.aadviktech.com/,Aadviktech Pvt. Ltd,wayback+homepage+careers
baltech.in,https://baltech.in/,Baltech,wayback+homepage+careers
coregenx.in,https://www.coregenx.in,CoregenX,wayback+homepage+careers
bitnexinfotech.com,https://www.bitnexinfotech.com/,Bitnex infotech,wayback+homepage+careers
abjima.com,https://abjima.com/,ABJIMA IT CONSULTING PVT LTD,wayback+homepage+careers
climaxbpm.com,https://www.climaxbpm.com/,ClimaxBPM,wayback+homepage+careers
technosoftwares.com,https://technosoftwares.com,Techno Softwares,wayback+homepage+careers
shartratechnology.com,https://shartratechnology.com/,Shartra Technology Pvt. Ltd.,wayback+homepage+careers
caurisoftech.com,https://caurisoftech.com/,Cauri Softech Pvt. Ltd. India,wayback+homepage+careers
jprinfotech.com,https://jprinfotech.com,JPR Infotech,wayback+homepage+careers
gktechnoindia.com,https://www.gktechnoindia.com,GK Technologies,wayback+homepage+careers
semiosissoftware.com,http://www.semiosissoftware.com,Semiosis Software Private Limited,wayback+homepage+careers
appquipo.com,https://appquipo.com/,Appquipo LLP,wayback+homepage+careers
adsumsoftware.com,https://www.adsumsoftware.com/,Adsum Software,wayback+homepage+careers
radtechnoservices.com,http://radtechnoservices.com/,RAD Techno Services,wayback+homepage+careers
habilelabs.io,https://www.habilelabs.io/,Habilelabs Private Limited,wayback+homepage+careers
kukutechnicalservices.com,https://kukutechnicalservices.com/,Kuku Technical Services LLP,wayback+homepage+careers
dqotsolutions.com,https://www.dqotsolutions.com/,Dqot Solutions,wayback+homepage+careers
bluespaceweb.com,https://bluespaceweb.com/,Blue Space,wayback+homepage+careers
elanustechnologies.com,https://www.elanustechnologies.com/,Elanus Technologies,wayback+homepage+careers
dotstark.com,https://dotstark.com/,DotStark Technologies,wayback+homepage+careers
naturalgrp.com,https://naturalgrp.com/,Natural,wayback+homepage+careers
ptiwebtech.co.uk,https://www.ptiwebtech.co.uk/,PTI Web Tech,wayback+homepage+careers
sinthan.com,https://sinthan.com/,Sinthan Techno,wayback+homepage+careers
sysquare.com,https://www.sysquare.com/,Sysquare Technologies Pvt.Ltd.,wayback+homepage+careers
zectagon.com,https://zectagon.com/,Zectagon Technologies,wayback+homepage+careers
camlenio.com,https://camlenio.com/,camlenio software pvt ltd,wayback+homepage+careers
kvontech.com,https://kvontech.com,KvonTech,wayback+homepage+careers
exilliensoftech.com,https://www.exilliensoftech.com/,Exiilien Softech Pvt Ltd,wayback+homepage+careers
devloktechnology.com,https://devloktechnology.com/,Devlok Technologies Pvt. Ltd.,wayback+homepage+careers
integritygrove.tech,https://integritygrove.tech,Integritygrove technology,wayback+homepage+careers
m2nittech.com,https://m2nittech.com/,M2N IT TECHNOLOGY,wayback+homepage+careers
atwocloud.com,https://atwocloud.com/,A-Two Cloud,wayback+homepage+careers
prixaro.com,https://www.prixaro.com,Prixaro,wayback+homepage+careers
dotsquares.com,https://python.dotsquares.com/,Dotsquares,homepage
roboticsforsure.com,https://roboticsforsure.com/,Robotics For Sure,wayback+homepage+careers
plixweb.com,https://plixweb.com/,Plixweb Solution,wayback+homepage+careers
ciphercru.com,https://www.ciphercru.com,CipherCru Innovation Private Limited,wayback+homepage+careers
permuteit.in,https://permuteit.in/,Permute IT,wayback+homepage+careers
wisflux.com,https://wisflux.com/,Wisflux Private Limited,wayback+homepage
kainskep.com,https://kainskep.com,Kainskep Solutions Private Limited,wayback+homepage+careers
codeqlik.com,https://codeqlik.com,CodeQlik IT Solutions,wayback+homepage+careers
syoninfomedia.com,http://www.syoninfomedia.com/,Syon Infomedia,wayback+homepage+careers
infoshore.biz,http://www.infoshore.biz/,Infoshore Software Private Limited,wayback+homepage+careers
lntechinfo.in,https://www.lntechinfo.in/,LN-TECHINFO,wayback+homepage+careers
indeses.com,http://indeses.com/,Indeses Business Ventures Pvt.Ltd,wayback+homepage+careers
parasmesoft.com,http://parasmesoft.com,Parasme Software And Technology,wayback+homepage+careers
sarvika.com,https://www.sarvika.com,Sarvika Technologies,wayback+homepage+careers
firstwebdevelopment.com,http://www.firstwebdevelopment.com,First Web Development,wayback+homepage+careers
durapid.com,https://www.durapid.com,Durapid Technology Private Limited,wayback+homepage+careers
a2zfame.com,https://www.a2zfame.com/,A2zfame,wayback+homepage+careers
sonixinfotech.com,https://sonixinfotech.com,SONIXINFOTECH,wayback+homepage+careers
cozcore.com,https://cozcore.com,Cozcore Technology,wayback+homepage+careers
ixooweb.co.in,https://www.ixooweb.co.in/,Ixooweb IT Solution,wayback+homepage+careers
blockverse.co.in,https://blockverse.co.in/,Blockverse Infotech Solutions,wayback+homepage+careers
zordial.com,https://zordial.com/,Zordial Technologies Pvt. Ltd.,homepage+careers
digigrowinfotech.com,https://digigrowinfotech.com/,Digi Grow Infotech,wayback+homepage+careers
thewholedigidoodle.com,https://www.thewholedigidoodle.com/,The Whole DigiDoodle,wayback+homepage+careers
softcurators.com,https://softcurators.com/,SoftCurators,wayback+homepage+careers
techtaru.com,https://techtaru.com/,Techtaru Digital,wayback+homepage+careers
thepsi.com,http://www.thepsi.com,Pratham Software Pvt. Ltd.,homepage
digitalopeners.com,https://digitalopeners.com/,DigitalOpeners,wayback+homepage+careers
infonicsolutions.com,https://www.infonicsolutions.com,Infonic Solutions,wayback+homepage+careers
arthonsys.com,https://www.arthonsys.com/,Arthonsys Technologies,wayback+homepage+careers
tgsanetechnologies.com,https://www.tgsanetechnologies.com/,TGSane Technologies,wayback+homepage+careers
waysandmeanstechnology.com,http://waysandmeanstechnology.com/,Ways and Means Technology Pvt. Ltd.,wayback+homepage+careers
wdptechnologies.com,https://www.wdptechnologies.com/,WDP Technologies Pvt. Ltd.,wayback+homepage+careers
protechgenie.com,http://www.protechgenie.com,ProtechGenie,wayback+homepage+careers
jewelsinfosystems.com,http://www.jewelsinfosystems.com,Jewels Infosystems,wayback+homepage+careers
dribblecode.com,https://dribblecode.com/,Dribble Code,wayback+homepage+careers
realants.com,http://realants.com/,RealAnts Private Limited,wayback+homepage+careers
kodecube.com,http://kodecube.com,kodecube,wayback+homepage+careers
entranttechnologies.com,https://entranttechnologies.com/,Entrant Technologies Pvt. Ltd.,wayback+homepage+careers
zumosun.com,https://www.zumosun.com,Zumosun Soft Invention Pvt. Ltd.,wayback+homepage+careers
webtechsolutionsindia.com,https://webtechsolutionsindia.com/,Webtech Solutions,wayback+homepage+careers
codexosoftware.com,https://www.codexosoftware.com,Codexo Software Pvt. Ltd.,wayback+homepage+careers
gayatrisoft.co,http://www.gayatrisoft.co,Gayatri Software Services Private Limited,wayback+homepage+careers
startdesigns.com,https://www.startdesigns.com/,Start Designs,wayback+homepage+careers
charumindworks.com,https://charumindworks.com,Charu Mindworks,wayback+homepage+careers
techkopra.com,https://techkopra.com/,TechKopra,wayback+homepage+careers
codemymobile.com,https://codemymobile.com/,CodeMyMobile INC,wayback+homepage+careers
orbitinfotech.com,https://www.orbitinfotech.com,Orbit Infotech,wayback+homepage+careers
eplanetsoft.com,https://eplanetsoft.com/,Eplanet Soft,wayback+homepage+careers
socialkit.in,https://socialkit.in/,Socialkit LLP,wayback+homepage+careers
premad.in,http://premad.in,Premad Software Solutions PvtLtd,wayback+homepage+careers
glitztechnology.com,https://www.glitztechnology.com,Glitz Technology,wayback+homepage+careers
arenainfosolution.com,https://arenainfosolution.com/,Arena Infosolution,wayback+homepage+careers
w3panda.com,https://w3panda.com/,W3Panda,wayback+homepage+careers
ezytmtechnologies.com,https://ezytmtechnologies.com/,Ezytmtechnologies,wayback+homepage+careers
webplanetsoft.com,https://webplanetsoft.com/,WPS Technologies PVT LTD,wayback+homepage+careers
itoffshoresolutions.com,https://itoffshoresolutions.com/,IT Offshore Solutions,wayback+homepage+careers
bottomfunnel.net,https://bottomfunnel.net/,Bottom Funnel,wayback+homepage+careers
ezulix.com,https://ezulix.com/,Ezulix Software,wayback+homepage+careers
codenance.com,https://codenance.com/,Codenance,wayback+homepage+careers
folksolution.com,https://folksolution.com/,Folk Solution,wayback+homepage+careers
onepixelsoft.com,https://onepixelsoft.com,Onepixel Soft Pvt. Ltd.,wayback+homepage+careers
aamoditsolutions.com,https://aamoditsolutions.com/,Aamod ItSolutions Pvt Ltd,wayback+homepage+careers
briskcovey.com,https://briskcovey.com/,Briskcovey Technologies,wayback+homepage+careers
fatcamel.io,https://fatcamel.io/,Fatcamel Software,wayback+homepage+careers
parishsoftwares.com,https://www.parishsoftwares.com/,Parish Softwares Private Limited,wayback+homepage+careers
omastraa.com,https://omastraa.com/,OMASTRAA TECHNOLOGIES,wayback+homepage+careers
hypersoftware.in,https://www.hypersoftware.in,Hyper Software,wayback+homepage+careers
thewebpino.com,https://thewebpino.com/,Webpino Softwares,wayback+homepage+careers
avtechnosys.com,https://avtechnosys.com/,AV Technosys,wayback+homepage+careers
theindiantechnology.com,https://www.theindiantechnology.com,The Indian IT Technology,wayback+homepage+careers
iskylar.com,https://iskylar.com/,iSkylar Technologies,wayback+homepage+careers
growthgrids.com,https://growthgrids.com,Growth Grids,wayback+homepage+careers
advaitsoftech.com,https://www.advaitsoftech.com/,Advait Softech,wayback+homepage+careers
netgleam.com,https://netgleam.com/,Netgleam Consulting Pvt. Ltd.,wayback+homepage+careers
zonettech.com,https://zonettech.com/,Zonet Technologies Ltd Pvt,wayback+homepage+careers
argusinfotech.com,https://www.argusinfotech.com/,Argus Infotech,wayback+homepage+careers
ksquaresys.com,https://www.ksquaresys.com/,KSquare Systems,wayback+homepage+careers
coadal.com,https://www.coadal.com/index.html,COADAL,wayback+homepage+careers
kotiboxglobaltech.com,https://kotiboxglobaltech.com/,Kotibox Global,wayback+homepage+careers
syrakal.com,https://syrakal.com/,Syrakal,wayback+homepage+careers
ainnovalink.com,https://ainnovalink.com/,Ainnovalink Infotech,wayback+homepage+careers
doggleindia.com,https://doggleindia.com/,Doggle India,wayback+homepage+careers
synforce.io,https://synforce.io/,Synforce Technologies,wayback+homepage+careers
moonstack.co,https://moonstack.co/,Moonstack PVT LTD,wayback+homepage+careers
ardorsys.com,https://www.ardorsys.com,Ardorsys Technologies,wayback+homepage+careers
quantumsofttech.com,https://quantumsofttech.com/,Quantum Soft Tech,wayback+homepage+careers
xieno.com,http://xieno.com/,Xieno,wayback+homepage+careers
ownrox.com,http://www.ownrox.com,Ownrox Technologies,wayback+homepage+careers
yorvitech.com,https://yorvitech.com/,YorviTech Solutions Pvt Ltd.,wayback+homepage+careers
blessysoftwaresolution.com,https://blessysoftwaresolution.com/,Blessy Software Solution,wayback+homepage+careers
brainboxapps.com,https://www.brainboxapps.com/,Brain Box Apps,wayback+homepage+careers
uniretech.com,http://uniretech.com/index.html,UnireTech Private limited,wayback+homepage+careers
sgvsofttech.com,https://www.sgvsofttech.com,SVG SoftTech,wayback+homepage+careers
icpljpr.com,https://icpljpr.com/,Informatic Computech Pvt Ltd,wayback+homepage+careers
gainscale.co,https://www.gainscale.co/,Gainscale,wayback+homepage+careers
upcodo.com,https://upcodo.com/?utm_source=Goodfirms&utm_medium=referral,UpCodo Digital,wayback+homepage+careers
awsquality.com,https://www.awsquality.com/,AwsQuality,wayback+homepage+careers
techstreet.in,http://techstreet.in/,TechStreet Solutions Pvt Ltd,wayback+homepage+careers
sphinxworldbiz.net,http://www.sphinxworldbiz.net,Sphinx Worldbiz Limited,wayback+homepage+careers
netclubbed.com,https://netclubbed.com/,Netclubbed,wayback+homepage+careers
technanosoft.com,https://technanosoft.com,Technanosoft Technologies,wayback+homepage+careers
cloudnic.com,https://cloudnic.com,Cloudnic Soft LLP,wayback+homepage+careers
bitlyze.com,https://www.bitlyze.com/,BITLYZE TECHNOLOGIES PRIVATE LIMITED,wayback+homepage+careers
bdsdtechnology.com,https://www.bdsdtechnology.com/,BDSD Technology Private Limited,wayback+homepage+careers
taazaa.com,https://taazaa.com/,Taazaa Inc,wayback+homepage+careers
scalacode.com,https://www.scalacode.com,ScalaCode,wayback+homepage+careers
softkingo.com,https://www.softkingo.com/,Softkingo,wayback+homepage+careers
tech2globe.com,https://www.tech2globe.com/,Tech2Globe Web Solutions LLP,wayback+homepage+careers
mobilecoderz.com,https://mobilecoderz.com/?utm_source=goodfirms,MobileCoderz Technologies,wayback+homepage+careers
quantumitinnovation.com,http://www.quantumitinnovation.com/,Quantum IT Innovation,wayback+homepage+careers
tecorb.com,https://www.tecorb.com/,TecOrb Technologies,wayback+homepage+careers
startelelogic.com,http://www.startelelogic.com/,startelelogic,wayback+homepage+careers
traviyo.com,https://traviyo.com/,Traviyo,wayback+homepage+careers
mishainfotech.com,https://www.mishainfotech.com/,Misha Infotech Private Limited,wayback+homepage+careers
ripenapps.com,https://ripenapps.com/?utm_source=goodfirms.co,RipenApps,wayback+homepage+careers
tactionsoft.com,https://www.tactionsoft.com/,Taction Software,wayback+homepage+careers
techqware.com,https://www.techqware.com/,TechQware Technologies,wayback+homepage+careers
mobcoder.com,https://mobcoder.com,Mobcoder,wayback+homepage+careers
simublade.com,https://www.simublade.com/,Simublade,wayback+homepage+careers
nec.com,https://in.nec.com/,NEC Corporation India,wayback+homepage+careers
appsquadz.com,https://www.appsquadz.com/,AppSquadz Software Private Limited,wayback+homepage+careers
parangat.com,https://www.parangat.com/?utm_source=Goodfirms&utm_medium=referral,Parangat Technologies,wayback+homepage+careers
mantreza.com,http://www.mantreza.com,Mantreza Technologies Private Limited,wayback+homepage+careers
techaheadcorp.com,http://www.techaheadcorp.com/,TechAhead,wayback+homepage+careers
finoit.com,https://www.finoit.com/?utm_source=goodfirms.co,"Finoit Technologies, Inc",wayback+homepage+careers
innoappstech.com,https://www.innoappstech.com/,InnoApps Technologies Pvt. Ltd,wayback+homepage+careers
ultrashieldtechnology.com,https://www.ultrashieldtechnology.com,Ultrashield Technology (AI Development),wayback+homepage+careers
triazinesoft.com,http://www.triazinesoft.com/,Triazine Software Pvt. Ltd.,wayback+homepage+careers
i-webservices.com,https://www.i-webservices.com/,iWebServices,wayback+homepage+careers
viprabusiness.com,http://www.viprabusiness.com/,Vipra Business,wayback+homepage+careers
wdmtech.com,https://www.wdmtech.com,WDMtech,wayback+homepage+careers
unyscape.com,https://www.unyscape.com,Unyscape Infocom,wayback+homepage+careers
srhsoftwares.com,https://srhsoftwares.com/,SRH Softwares,wayback+homepage+careers
itcompanyindia.in,https://www.itcompanyindia.in,IT Company India,wayback+homepage+careers
innotical.com,https://innotical.com/,Innotical Solutions Pvt. Ltd.,wayback+homepage+careers
damcogroup.com,https://www.damcogroup.com/,Damco Solutions,wayback+homepage+careers
n2rtechnologies.com,https://www.n2rtechnologies.com,N2R TECHNOLOGIES,wayback+homepage+careers
mitiztechnologies.com,https://www.mitiztechnologies.com,MitizTechnologies,wayback+homepage+careers
jellyfishtechnologies.com,https://www.jellyfishtechnologies.com/,Jellyfish Technologies,wayback+homepage+careers
quantumsoftech.com,https://www.quantumsoftech.com/,Quantumsoftech,wayback+homepage+careers
ssssybertech.com,https://www.ssssybertech.com/,Sss Syber Tech Private Limited,wayback+homepage+careers
vegavid.com,https://vegavid.com/,Vegavid Technology,wayback+homepage+careers
inoday.com,http://inoday.com/,inoday,wayback+homepage+careers
dreamertechnoland.com,https://dreamertechnoland.com/,Dreamer Technoland,wayback+homepage+careers
tas.co.in,https://tas.co.in/,Trident Analytical Solutions,wayback+homepage+careers
infoxen.com,https://www.infoxen.com,Infoxen,wayback+homepage+careers
networsys.com,https://www.networsys.com/,Networsys Technologies LLP,wayback+homepage+careers
parallelteam.com,https://parallelteam.com,Parallel Team Technologies Private Limited,wayback+homepage+careers
avyatech.com,https://www.avyatech.com/,Avya Technology Pvt Ltd,wayback+homepage+careers
18pixels.com,http://www.18pixels.com/,18Pixels India Pvt Ltd.,wayback+homepage+careers
tensorsoft.ai,http://tensorsoft.ai/,TensorSoft Ai,wayback+homepage+careers
chawtechsolutions.com,https://www.chawtechsolutions.com/,Chawtech Solutions Pvt. Ltd.,wayback+homepage+careers
logixshapers.com,https://logixshapers.com/,Logix Shapers Offshore Services Pvt. Ltd.,wayback+homepage+careers
xpertlogic.com,https://xpertlogic.com/,Xpertlogic,wayback+homepage+careers
jcentrix.tech,https://jcentrix.tech/,Jcentrix,wayback+homepage+careers
inficaretech.com,http://www.inficaretech.com,infiCare Technologies,wayback+homepage+careers
psquickit.com,http://www.psquickit.com/,PSQuickIT,wayback+homepage+careers
halehitlabs.com,https://halehitlabs.com/,Hale Healthcare IT Labs,wayback+homepage+careers
expertcodelab.com,http://www.expertcodelab.com,Expert Code Lab,wayback+homepage+careers
sevenstarwebsolutions.com,https://www.sevenstarwebsolutions.com/,Sevenstar Websolutions,wayback+homepage+careers
deboxglobal.com,https://www.deboxglobal.com/best-travel-crm.html,DEBOX GLOBAL,wayback+homepage+careers
teknikoglobal.com,https://www.teknikoglobal.com,Tekniko Global,wayback+homepage+careers
gstarinfotech.com,http://www.gstarinfotech.com,Gstar Info E-solutions Pvt. Ltd.,wayback+homepage+careers
appinventiv.com,https://appinventiv.com/?source=goodfirms,Appinventiv Technologies,wayback+homepage+careers
spacetotech.com,https://spacetotech.com/,Space To Tech Technology,wayback+homepage+careers
peytonsoft.com,http://peytonsoft.com,Peytonsoft Technology Pvt Ltd,wayback+homepage+careers
heureuxsoftware.com,http://www.heureuxsoftware.com/,Heureux Software Solutions (P) Ltd.,wayback+homepage+careers
ilieagaue.com,https://ilieagaue.com/,Ilie Agaue Technologies,wayback+homepage+careers
spirehubs.com,https://spirehubs.com,SpireHub Softwares Pvt Ltd.,wayback+homepage+careers
devstringx.com,http://www.devstringx.com,Devstringx Technologies Pvt Ltd,homepage
mnbsoft.com,https://mnbsoft.com,MNB SOFT SOLUTION,wayback+homepage+careers
designoweb.com,https://designoweb.com/,Designoweb Technologies Pvt. Ltd.,wayback+homepage+careers
codeaegis.com,https://www.codeaegis.com,CodeAegis Private Limited,wayback+homepage+careers
chromeinfotech.net,https://www.chromeinfotech.net/,ChromeInfo Technologies,wayback+homepage+careers
infoicontechnologies.com,http://www.infoicontechnologies.com/,Infoicon Technologies,wayback+homepage+careers
nexthoughts.com,http://www.nexthoughts.com,NexThoughts Software Technologies Pvt. Ltd.,wayback+homepage+careers
trieffects.com,https://www.trieffects.com/,Trieffects Technologies Pvt Ltd,wayback+homepage+careers
adroitinfosystem.com,http://www.adroitinfosystem.com/,Adroit Infosystem,wayback+homepage+careers
prolitus.com,https://www.prolitus.com/,Prolitus Technologies,wayback+homepage+careers
agicent.com,http://www.agicent.com,Agicent Technologies Pvt. ltd.,wayback+homepage+careers
youthtechsolutions.com,https://www.youthtechsolutions.com/,Youthtech Solutions LLP,wayback+homepage+careers
volochainmlmsoftware.com,https://www.volochainmlmsoftware.com/,Volochain MLM Software,wayback+homepage+careers
arysontechnologies.com,https://www.arysontechnologies.com/,Aryson Technologies,wayback+homepage+careers
itsws.com,http://www.itsws.com/,ITSWS Technologies Pvt Ltd,wayback+homepage+careers
witsourcetechnology.com,https://witsourcetechnology.com/,Wit Source Technology,wayback+homepage+careers
tekmindz.com,https://www.tekmindz.com/,Samin TekMindz,wayback+homepage+careers
bsquare.in,https://www.bsquare.in/,Bsquare Solutions,wayback+homepage+careers
prismberry.com,https://prismberry.com/,Prismberry Technologies,wayback+homepage+careers
iiieye.in,https://www.iiieye.in/,IIIEYE,wayback+homepage+careers
qubixsoft.com,https://qubixsoft.com,Qubix Soft,wayback+homepage+careers
bluelupin.com,https://www.bluelupin.com,Bluelupin Technologies Pvt. Ltd.,wayback+homepage+careers
serverlt.com,https://www.serverlt.com,ServerLT.com,wayback+homepage+careers
webzent.com,https://www.webzent.com,Webzent Technologies,wayback+homepage+careers
omnisttechhub.com,https://omnisttechhub.com/,OMNIST TECHHUB SOLUTIONS PRIVATE LIMITED,wayback+homepage+careers
spiralmantra.com,https://spiralmantra.com/,Spiral Mantra Private Limited,wayback+homepage+careers
inmortaltechnologies.com,https://inmortaltechnologies.com/,Inmortal Technologies Pvt. Ltd.,wayback+homepage+careers
ecomstreet.com,https://www.ecomstreet.com,eComStreet Inc.,wayback+homepage+careers
takshitsolutions.com,https://takshitsolutions.com/,Taksh IT Solutions Pvt Ltd,wayback+homepage+careers
sisgain.com,https://sisgain.com/,SISGAIN,wayback+homepage+careers
digitalhubsolution.com,https://digitalhubsolution.com/,Digital HubSolution,wayback+homepage+careers
isynbus.com,https://www.isynbus.com/,Isynbus Technologies,wayback+homepage+careers
indiainternets.com,https://www.indiainternets.com/,Alliance Web Solution Pvt Ltd,wayback+homepage+careers
starwebmaker.com,https://www.starwebmaker.com,Star Web Maker Services Pvt Ltd,wayback+homepage+careers
deificdigital.com,https://deificdigital.com/,Deific India Group,wayback+homepage+careers
dreamsoftinfotech.com,http://www.dreamsoftinfotech.com/,Dream Soft Infotech Pvt Ltd,wayback+homepage+careers
idslogic.com,https://www.idslogic.com/,IDS Logic,wayback+homepage+careers
techpapa.in,https://www.techpapa.in/,Techpapa,wayback+homepage+careers
gensoftsindia.com,https://www.gensoftsindia.com/,Gensofts Infosolution Pvt. Ltd.,wayback+homepage+careers
logodesignmatix.com,https://logodesignmatix.com/,Logo Design Matix,wayback+homepage+careers
cfcs.co.in,https://www.cfcs.co.in/,Computer Frontline Consultancy Service,wayback+homepage+careers
niletechnologies.com,https://www.niletechnologies.com/,Nile Technologies Pvt. Ltd.,wayback+homepage+careers
tecmanic.com,https://www.tecmanic.com,TecManic,wayback+homepage+careers
srdvtechnologies.com,https://www.srdvtechnologies.com,SRDV Technologies ltd,wayback+homepage+careers
acwits.com,https://www.acwits.com,Acwits Solutions LLP,wayback+homepage+careers
uneecops.com,https://www.uneecops.com,Uneecops Technologies Limited,wayback+homepage
quickwayinfosystems.com,https://quickwayinfosystems.com/,Quickway Infosystems,wayback+homepage+careers
thixpro.com,http://thixpro.com/,Thixpro Technology,wayback+homepage+careers
digitalcorn.com,https://www.digitalcorn.com/,Digital Corn,wayback+homepage+careers
indoqubix.com,https://www.indoqubix.com/,Indoqubix Cloudtech Private Limited,wayback+homepage+careers
techvizon.com,https://www.techvizon.com,Techvizon Private Limited,wayback+homepage+careers
trignodev.com,https://www.trignodev.com,Trignodev Softwares Pvt. ltd.,wayback+homepage+careers
v2infotech.net,http://www.v2infotech.net/,V2 Infotech,wayback+homepage+careers
wingshieldtechnologies.com,https://wingshieldtechnologies.com,Wingshield Technologies,wayback+homepage+careers
xnetics.com,https://xnetics.com/,X-Netics,wayback+homepage+careers
milkywayservices.in,https://www.milkywayservices.in/,Milkyway Multidimensional Services,wayback+homepage+careers
onlineb2bdigital.com,http://Www.onlineb2bdigital.com,Online B2B Digital Technology,wayback+homepage+careers
superwebdevelopment.com,https://superwebdevelopment.com,SUPER WEB DEVELOPMENT LLP,wayback+homepage+careers
lunarwebsolution.com,https://www.lunarwebsolution.com,Lunar Web Solution Technologies Private Limited,wayback+homepage+careers
naestinn.com,https://www.naestinn.com,Naestinn,wayback+homepage+careers
nippondata.com,https://www.nippondata.com/,Nippon Data Systems,wayback+homepage+careers
acubeapps.com,https://acubeapps.com/,AcubeApps Technologies Pvt Ltd,wayback+homepage+careers
techweiler.com,https://techweiler.com/,Techweiler Software Pvt.Ltd,wayback+homepage+careers
fixdax.com,https://www.fixdax.com/,Fixdax Technology Pvt. Ltd.,wayback+homepage+careers
retaxis.com,http://www.retaxis.com,Retaxis,wayback+homepage+careers
websparrows.com,http://www.websparrows.com,Websparrows Solutions Pvt. Ltd.,wayback+homepage+careers
fabliantechnologies.com,https://www.fabliantechnologies.com,Fablian Technolab Pvt Ltd,wayback+homepage+careers
polestaranalytics.com,https://www.polestaranalytics.com/,Polestar Analytics,wayback+homepage+careers
sysquoinnovation.com,https://sysquoinnovation.com,Sysquo Innovation Pvt Ltd,wayback+homepage+careers
mindstask.com,https://www.mindstask.com/,Minds Task Technologies,wayback+homepage+careers
apponward.com,https://www.apponward.com,Apponward Technologies Pvt Ltd,wayback+homepage+careers
rightsymbol.com,http://www.rightsymbol.com/,RightSymbol,wayback+homepage+careers
isoftms.com,https://www.isoftms.com/,iSoftMs,wayback+homepage+careers
gcdigital.in,https://www.gcdigital.in/,GC Digital,wayback+homepage+careers
litostindia.com,https://www.litostindia.com/,Litost India Infotech Pvt Ltd,wayback+homepage+careers
lybtechnology.com,https://lybtechnology.com/,LYB Technology LLP,wayback+homepage+careers
webconvoy.com,https://webconvoy.com/,Web Convoy,wayback+homepage+careers
datametricks.com,https://www.datametricks.com/,Datametricks Consulting Private Limited,wayback+homepage+careers
rajlavanimation.in,https://rajlavanimation.in/,Rajlav Animation And VFX,wayback+homepage+careers
abcinfosoft.com,https://www.abcinfosoft.com,ABC Info Soft Private Limited,wayback+homepage+careers
botgo.io,https://botgo.io/,Botgo Technologies Pvt. Ltd.,wayback+homepage+careers
solcaretechnologies.in,https://www.solcaretechnologies.in/,Solcare Technologies,wayback+homepage+careers
netforceinfotech.com,https://www.netforceinfotech.com/,Netforce Infotech,wayback+homepage+careers
shilshatech.com,https://www.shilshatech.com,Shilsha Technologies,wayback+homepage+careers
weblieu.com,https://www.weblieu.com/,Weblieu Technologies Pvt. Ltd.,wayback+homepage+careers
pegalogics.com,https://www.pegalogics.com/,PegaLogics Solutions Private Limited,wayback+homepage+careers
liangtuang.com,http://liangtuang.com/,LiangTuang Technologies Pvt. Ltd.,wayback+homepage+careers
brimlabs.ai,https://brimlabs.ai/,Brim Labs,wayback+homepage+careers
touchtechsoftware.com,https://www.touchtechsoftware.com/,TouchTech Software,wayback+homepage+careers
ishoresoftware.com,https://www.ishoresoftware.com/,iShore Software Solutions,wayback+homepage+careers
jrsdynamics.com,https://www.jrsdynamics.com,JRS Dynamics Info Solutions,wayback+homepage+careers
digitalizedapex.com,https://digitalizedapex.com/,Digital Apex Technology Pvt. Ltd.,wayback+homepage+careers
digitalinfolab.com,https://digitalinfolab.com,Digital Infolab,wayback+homepage+careers
aqusag.com,https://aqusag.com/,AquSag Technologies,wayback+homepage+careers
cogniscient.in,https://www.cogniscient.in/,Cogniscient Business Solutions Pvt. Ltd.,wayback+homepage+careers
navyug.ai,https://www.navyug.ai,Navyug.ai,wayback+homepage+careers
arptech.io,https://arptech.io/,ARPtech,wayback+homepage+careers
synaptic.in,https://synaptic.in,Synaptic Technologies Pvt. Ltd.,wayback+homepage+careers
avaantraglobal.com,https://www.avaantraglobal.com/,Avaantra Global,wayback+homepage+careers
proeffico.com,https://proeffico.com,Proeffico Solutions,wayback+homepage+careers
webinventiv.com,http://www.webinventiv.com,Webinventiv,wayback+homepage+careers
successsensation.com,http://www.successsensation.com/,Success Sensation Technologies Pvt Ltd,wayback+homepage+careers
newrise.in,https://newrise.in/,Newrise Techlabs Pvt Ltd,wayback+homepage+careers
acompworld.com,https://acompworld.com/,Acompworld Technosoft pvt. ltd.,wayback+homepage+careers
primewayz.com,https://primewayz.com/,Primewayz Infotech Pvt. Ltd.,wayback+homepage+careers
itdoseinfo.com,https://www.itdoseinfo.com/,IT DOSE INFOSYSTEMS Pvt. Ltd.,wayback+homepage+careers
todquestenterprises.com,https://todquestenterprises.com/,Todquest Enterprises Pvt Ltd,wayback+homepage+careers
flukesysglobal.com,https://flukesysglobal.com,Flukesys Global Private Limited,wayback+homepage+careers
diginautix.com,https://www.diginautix.com,DigiNautix,wayback+homepage+careers
codecyper.com,https://codecyper.com/,Code Cyper Private Limited,wayback+homepage+careers
virtuzo.in,https://www.virtuzo.in,Virtuzo Infosystems Pvt Ltd,wayback+homepage+careers
pinsoutinnovation.com,https://www.pinsoutinnovation.com,Pinsout Innovation,wayback+homepage+careers
negociotechnologies.com,https://negociotechnologies.com/,Negocio Technologies Private Limited,wayback+homepage+careers
otusone.com,https://www.otusone.com,OTUSONE LLP,wayback+homepage+careers
verts.co.in,https://www.verts.co.in/,VERTS Services India Pvt Ltd,wayback+homepage+careers
lptpl.com,http://lptpl.com/,Linchpin Technologies,wayback+homepage+careers
fadsan.com,http://www.fadsan.com,Fadsan Technologies Pvt. Ltd.,wayback+homepage+careers
xotiv.com,https://xotiv.com,Xotiv Technologies,wayback+homepage+careers
hashstudioz.com,https://hashstudioz.com,HashStudioz Technologies Private Limited,wayback+homepage+careers
ubicoapps.com,https://www.ubicoapps.com,Ubicoapps Technologies,wayback+homepage+careers
webcadenceindia.com,https://www.webcadenceindia.com/,Web Cadence India,wayback+homepage+careers
mobilityinclusive.com,https://mobilityinclusive.com/,Mobility Inclusive,wayback+homepage+careers
hangingpanda.com,https://www.hangingpanda.com/,Hangingpanda Pvt Ltd,wayback+homepage+careers
logiclump.com,https://logiclump.com/,LogiClump Technologies Pvt. Ltd.,wayback+homepage+careers
hexadecimalsoftware.com,https://www.hexadecimalsoftware.com,Hexadecimal Software,wayback+homepage+careers
ornatets.com,https://www.ornatets.com,Ornate TechnoServices Pvt. Ltd.,wayback+homepage+careers
topsqill.com,https://www.topsqill.com/,TopSqill Private Limited,wayback+homepage+careers
bradtechnology.com,https://bradtechnology.com/,BRAD TECHNOLOGY,wayback+homepage+careers
itcolark.com,https://itcolark.com/,ITColark Consulting,wayback+homepage+careers
veluralabs.com,https://veluralabs.com,Velura Labs,wayback+homepage+careers
designdemonz.com,https://designdemonz.com,DesignDemonz,wayback+homepage+careers
agiosupport.com,https://www.agiosupport.com/social-media-marketing-services,Agio Support Solutions,wayback+homepage+careers
techshian.com,http://www.techshian.com,Techshian Software Pvt Ltd,wayback+homepage+careers
garyglobalsolutions.com,http://garyglobalsolutions.com/index.php,Gary Global Solutions,wayback+homepage+careers
think-straight.com,https://www.think-straight.com/,ThinkStraight,wayback+homepage
tiinfotech.com,https://www.tiinfotech.com/,TI Infotech Pvt. Ltd.,wayback+homepage+careers
meeprawebsolutions.com,https://meeprawebsolutions.com/,Meepra Web Solutions,wayback+homepage+careers
cyberica.in,https://cyberica.in,Cyberica Net Technologies,wayback+homepage+careers
digivendtechnologies.com,https://www.digivendtechnologies.com/,DigiVend Technologies,wayback+homepage+careers
marioxsoftware.com,https://www.marioxsoftware.com/,Mariox Software,wayback+homepage+careers
witarist.com,https://witarist.com/,Witarist - IT Services,wayback+homepage+careers
peopleappstech.com,https://peopleappstech.com/,PeopleApps Technologies,wayback+homepage+careers
virtualspheretechnologies.in,https://virtualspheretechnologies.in,Virtualsphere Technologies Pvt Ltd,wayback+homepage+careers
tamarsoftware.in,https://tamarsoftware.in/,Tamar Software,wayback+homepage+careers
mayawebtech.com,https://mayawebtech.com,Webwise Studio Private Limited,wayback+homepage+careers
viraltactix.com,https://www.viraltactix.com/,Viral Tactix,wayback+homepage+careers
logzerotechnologies.com,https://www.logzerotechnologies.com/,Logzero Technologies Pvt. Ltd,wayback+homepage+careers
bluebraintech.com,https://bluebraintech.com/,Blue Brain Technologies,wayback+homepage+careers
proeffico.ai,https://proeffico.ai/,Proeffico Solutions,wayback+homepage+careers
honeyhat.com,https://www.honeyhat.com/biz/enterclimate/,Enterclimate Private Limited,wayback+homepage+careers
dignifyd.tech,https://dignifyd.tech/,Dignifyd Tech,wayback+homepage+careers
nxtbyts.com,https://www.nxtbyts.com,Nxtbyts MVP Studio,wayback+homepage+careers
whitegravity.in,https://whitegravity.in/,White Gravity Web Solutions,wayback+homepage+careers
webespire.com,https://www.webespire.com,Webespire Consulting Pvt. Ltd.,wayback+homepage+careers
makeindiasmart.in,http://www.makeindiasmart.in/,Make India Smart Pvt. Ltd.,wayback+homepage+careers
webspreadtech.com,https://www.webspreadtech.com/,WebSpread Technologies Pvt Ltd,wayback+homepage+careers
astintechnology.com,http://www.astintechnology.com/,Astin Technology,wayback+homepage+careers
rexcelitservices.com,http://www.rexcelitservices.com/,Rexcel IT Services Pvt Ltd,wayback+homepage+careers
excellencetechnologies.in,https://excellencetechnologies.in/,Excellence Technologies,wayback+homepage+careers
catpl.co.in,https://www.catpl.co.in,Catabatic Technology,wayback+homepage+careers
svantesystems.com,http://www.svantesystems.com/,Svante Systems LLp,wayback+homepage+careers
celestialsys.com,https://www.celestialsys.com,Celestial Systems Inc,wayback+homepage+careers
ulteriortechnologies.com,http://ulteriortechnologies.com,Ulterior Technologies,wayback+homepage+careers
i-softinc.com,https://i-softinc.com,ISOFTINC,wayback+homepage+careers
digiscapetech.com,https://www.digiscapetech.com/,DigiScape Tech,wayback+homepage+careers
xenelsoft.com,https://www.xenelsoft.com/,XenelSoft Technologies Pvt. Ltd,wayback+homepage+careers
intigate.co.in,http://intigate.co.in/,Intigate Technologies Pvt. Ltd.,wayback+homepage+careers
tanglesolutions.com,http://www.tanglesolutions.com/,Tangle Solutions Pvt. Ltd.,wayback+homepage+careers
nanoarchsoftware.com,https://www.nanoarchsoftware.com/services/mobile-application,Nanoarch Software Solution,wayback+homepage+careers
elvento.com,https://elvento.com,Elvento Labs,wayback+homepage+careers
alphafortress.com,https://www.alphafortress.com,Alpha Fortress Private Limited,wayback+homepage+careers
techbuddiesit.com,https://www.techbuddiesit.com,Techbuddiesit,wayback+homepage+careers
ethanetechnologies.com,https://www.ethanetechnologies.com/,Ethane Web Technologies,wayback+homepage+careers
bientechnologies.com,https://bientechnologies.com/,Bien Technologies,wayback+homepage+careers
pawasystechnologies.com,https://www.pawasystechnologies.com,PawaSys Technologies,wayback+homepage+careers
ksolves.com,https://www.ksolves.com/,Ksolves India Limited,homepage
essindia.com,https://www.essindia.com/,Eastern Software Solutions PVT. LTD.,homepage
csquaretech.com,https://www.csquaretech.com/,Csquaretech,wayback+homepage+careers
aaa2innovate.com,https://www.aaa2innovate.com/,AAA 2 Innovate Pvt Ltd,wayback+homepage+careers
argosmob.com,https://argosmob.com/,Argosmob,wayback+homepage+careers
digitalwebitsolutions.com,https://www.digitalwebitsolutions.com/,Digital Web It Solutions,wayback+homepage+careers
sapphireitsg.com,https://sapphireitsg.com/,Sapphire Technologies,wayback+homepage+careers
coregenicsoftwares.com,https://coregenicsoftwares.com/,Coregenic Softwares,wayback+homepage+careers
hirewebdeveloper.com,https://www.hirewebdeveloper.com/,Hire Web Developer,wayback+homepage+careers
bigohtech.com,https://www.bigohtech.com/,BigOhTech,wayback+homepage+careers
webapphealing.com,https://webapphealing.com,Webapphealing Technology Pvt Ltd,wayback+homepage+careers
meetri.in,https://www.meetri.in,Meetri Infotech Private Limited,wayback+homepage+careers
titraitsolutions.com,https://titraitsolutions.com/,Titra IT Solutions Pvt. Ltd.,wayback+homepage+careers
drabito.com,https://www.drabito.com/,Drabito Technologies,wayback+homepage+careers
softlix.tech,https://softlix.tech,SOFTLIX,wayback+homepage+careers
xaigi.tech,https://www.xaigi.tech,Xaigi.tech,wayback+homepage+careers
alobhatechnologies.com,https://www.alobhatechnologies.com/,Alobha Technologies,wayback+homepage+careers
webpristine.com,https://webpristine.com,Webpristine Technologies Pvt Ltd,wayback+homepage+careers
viwosoft.com,https://viwosoft.com/,Viwosoft Technologies,wayback+homepage+careers
webdigitalmediagroup.com,https://www.webdigitalmediagroup.com/,Web Digital Media Group,wayback+homepage+careers
informicsdigital.com,https://informicsdigital.com/,Informics Digital,wayback+homepage+careers
anuationlabs.com,https://www.anuationlabs.com,Anuation Labs,wayback+homepage+careers
turtltech.com,https://turtltech.com/,TurtlTech,wayback+homepage+careers
stamenssoftware.com,https://www.stamenssoftware.com/,Stamens Software,wayback+homepage+careers
rbwebsolution.com,https://www.rbwebsolution.com/,RB Web Solution,wayback+homepage+careers
ompitech.com,https://ompitech.com/,Ompitech,wayback+homepage+careers
webshot.in,https://webshot.in/,Webshot,wayback+homepage+careers
kickrtechnologies.com,https://kickrtechnologies.com/,KickrTechnology,wayback+homepage+careers
kditsolution.com,https://www.kditsolution.com/,KDIT Solution,wayback+homepage+careers
hirefullstacks.com,https://hirefullstacks.com/,Hire FullStacks,wayback+homepage+careers
fourbrick.com,https://www.fourbrick.com/,Fourbrick Technology OPC Pvt. Ltd.,wayback+homepage+careers
appcodex.biz,https://appcodex.biz/,AppCodex,wayback+homepage+careers
eternityglobaltechnology.com,https://eternityglobaltechnology.com/,ETERNITY GLOBAL TECHNOLONGY SOLUTION LLP,wayback+homepage+careers
brandbay.in,https://www.brandbay.in/,BrandBay,wayback+homepage+careers
encodeio.com,https://encodeio.com/,Encode IO,wayback+homepage+careers
mainflow.in,https://mainflow.in/,Main Flow Services and Technologies Pvt. Ltd.,wayback+homepage+careers
cinntra.com,https://www.cinntra.com/,Cinntra Infotech Solution Pvt. Ltd.,wayback+homepage+careers
gnxtsystems.com,https://gnxtsystems.com,gNxt Systems,wayback+homepage+careers
wingmanpartners.com,https://www.wingmanpartners.com/,Wingman Partners,wayback+homepage+careers
webranktechnologies.com,https://webranktechnologies.com/,Web Rank Technologies,wayback+homepage+careers
letslancetech.com,https://letslancetech.com/,LetsLance,wayback+homepage+careers
zmediostech.com,https://zmediostech.com/,Zmedios Technology,wayback+homepage+careers
madtomlab.com,https://www.madtomlab.com/,MadTom Lab,wayback+homepage+careers
rcvtechnologies.com,https://www.rcvtechnologies.com/,RCV Technologies,wayback+homepage+careers
omangom.com,https://www.omangom.com,OMANGOM Infosystems Private Limited,wayback+homepage+careers
webshotdigital.com,https://webshotdigital.com/,Webshot Digital Pvt. Ltd.,wayback+homepage+careers
bharatgrow.app,https://bharatgrow.app/,Bharat Grow,wayback+homepage+careers
codemetrics.in,https://www.codemetrics.in/,CodeMetrics Infotech Pvt. Ltd.,wayback+homepage+careers
figma.site,https://digicoderai.figma.site/,DigicoderAI Tech Solutions,wayback+homepage+careers
risingitsolutions.com,https://www.risingitsolutions.com/,RISING IT SOLUTIONS,wayback+homepage+careers
apmobilityindia.in,https://apmobilityindia.in/,AP Mobility India Private Limited,wayback+homepage+careers
digioxide.com,https://www.digioxide.com/,Digioxide Technologies Private Limited,wayback+homepage+careers
krafnext.com,https://krafnext.com,KrafNext,wayback+homepage+careers
zennixit.com,https://zennixit.com/,Zennix IT,wayback+homepage+careers
technogigz.com,https://www.technogigz.com/,Technogigz Solutions,wayback+homepage+careers
serpaxis.com,https://serpaxis.com,SERP Axis,wayback+homepage+careers
ecarter.co,https://ecarter.co,Ecarter Technologies Pvt Ltd,wayback+homepage+careers
seoprocessindia.com,http://www.seoprocessindia.com/,SEO Process India,wayback+homepage+careers
aanaxagorasr.com,http://www.aanaxagorasr.com/,Aanaxagorasr Software Pvt Ltd,wayback+homepage+careers
crossace.com,http://www.crossace.com,CrossAce Digi World Private Limited,wayback+homepage+careers
aeologic.com,https://aeologic.com,Aeologic Technologies Pvt. Ltd.,wayback+homepage+careers
ethonix.com,http://ethonix.com/,Ethonix Infotech Pvt. Ltd.,wayback+homepage+careers
pythondevs.org,https://pythondevs.org/,PythonDevs,wayback+homepage+careers
mydigitalhp.com,https://mydigitalhp.com,MyDigitalHp IT Solutions,wayback+homepage+careers
lingosolution.com,http://lingosolution.com,Lingo Solution Private Limited,wayback+homepage+careers
techpex.com,https://www.techpex.com/,Techpex India Pvt Ltd,wayback+homepage+careers
clixlogix.com,https://www.clixlogix.com/,Clixlogix Technologies,wayback+homepage+careers
rapsontechnologies.com,https://www.rapsontechnologies.com/,Rapson Technologies,wayback+homepage+careers
wartinlabs.com,https://wartinlabs.com/,WartinLabs,wayback+homepage+careers
appinteg.com,https://www.appinteg.com,Appinteg Private Limited,wayback+homepage+careers
zoxima.com,https://zoxima.com/,zoxima solution private limited,wayback+homepage+careers
leafodel.com,https://leafodel.com/,Leafodel Technologies,wayback+homepage+careers
way2itservices.com,https://www.way2itservices.com,Way2IT Services,wayback+homepage+careers
mvpc.in,https://mvpc.in/,Max Value Per Click (MVPC),wayback+homepage+careers
peritossolutions.com,https://peritossolutions.com/,Peritos Solutions,wayback+homepage+careers
epicglobal.co.in,https://epicglobal.co.in/,Epic Global Digital Solutions Pvt. Ltd.,wayback+homepage+careers
nixonbit.com,https://nixonbit.com/,NixonBIT private limited,wayback+homepage+careers
innoventurefintech.com,https://innoventurefintech.com/,Innoventure Fintech,wayback+homepage+careers
himflax.com,https://himflax.com/,HimFlax Information Technologies,wayback+homepage+careers
innobins.com,https://innobins.com/,Innobins Decision Science Pvt Ltd,wayback+homepage+careers
stacx.net,https://stacx.net/,Remote StacX Solution Private Limited,wayback+homepage+careers
011bq.com,https://www.011bq.com/,ByteQuest Software,wayback+homepage+careers
treeventustech.com,https://treeventustech.com/,Treeventus Technology Private Limited,wayback+homepage+careers
webinitiate.com,http://www.webinitiate.com/,Web Initiate Systems Pvt. Ltd.,wayback+homepage+careers
savvyonweb.com,http://www.savvyonweb.com/,SavvyonWeb Private Limited,wayback+homepage+careers
webicules.com,https://www.webicules.com,Webicules Technology Pvt. Ltd.,wayback+homepage+careers
kritikalsolutions.com,https://kritikalsolutions.com/,KritiKal Solutions Pvt. Ltd.,wayback+homepage+careers
valuecreatives.com,http://valuecreatives.com/,Value Creatives,wayback+homepage+careers
arvaansolutions.com,http://www.arvaansolutions.com/,Arvaan solutions,wayback+homepage+careers
hcltech.com,http://www.hcltech.com,HCL Technologies,wayback+homepage+careers
sygitech.com,https://www.sygitech.com/,Sygitech Solutions Pvt Ltd,wayback+homepage+careers
cybetiq.com,https://www.cybetiq.com,Cybetiq Pvt Ltd,wayback+homepage+careers
w3villa.com,https://www.w3villa.com/,W3villa Technologies,wayback+homepage+careers
citec.in,http://www.citec.in,Citec Web Solutions,wayback+homepage+careers
arvs.in,https://www.arvs.in,ARVS IT Solutions Pvt. Ltd.,wayback+homepage+careers
grsoftsolution.com,https://grsoftsolution.com,Great Research Soft Solution Pvt. Ltd.,wayback+homepage+careers
targeticon.com,https://www.targeticon.com/,Targeticon Digital Services Pvt. Ltd.,wayback+homepage+careers
rdswebtech.com,https://www.rdswebtech.com,RDS WEBTECH,wayback+homepage+careers
royalmantech.com,http://www.royalmantech.com,Royal Man Technologies,wayback+homepage+careers
ishatechnology.com,http://ishatechnology.com,iSHA Technology Solutions Pvt. Ltd,wayback+homepage+careers
valueinnovationlabs.com,http://www.valueinnovationlabs.com,Value Innovation Labs,wayback+homepage+careers
getonwebs.com,https://www.getonwebs.com/,GETON WEBS SERVICES PVT LTD,wayback+homepage+careers
bhautikinfotech.com,https://www.bhautikinfotech.com,Bhautik Infotech,wayback+homepage+careers
erpcall.com,https://erpcall.com,ERPcaLL,wayback+homepage+careers
macreel.com,http://www.macreel.com/,Macreel Infosoft Pvt. Ltd.,wayback+homepage+careers
cssfounder.com,https://www.cssfounder.com/,Css Founder Pvt Ltd,wayback+homepage+careers
infozion.in,https://www.infozion.in/,Infozion Technologies,wayback+homepage+careers
staqo.com,http://www.staqo.com,Staqo World Pvt. Ltd.,wayback+homepage+careers
victoriousinfotech.com,https://www.victoriousinfotech.com,Victorious Infotech Pvt. Ltd.,wayback+homepage+careers
aiwebmedia.com,http://aiwebmedia.com,Ai Web Media,wayback+homepage+careers
vacnic.com,https://vacnic.com,Vacnic IT Solution Pvt. Ltd.,wayback+homepage+careers
naskay.in,https://naskay.in/,Naskay Technologies Private Limited,wayback+homepage+careers
cloudcentric.in,https://cloudcentric.in/,CloudCentric Infotech Pvt. Ltd.,wayback+homepage+careers
techsellindia.com,https://techsellindia.com,Techsell India,wayback+homepage+careers
godigihub.com,https://www.godigihub.com/,Godigihub,wayback+homepage+careers
qtoss.in,http://qtoss.in/,QToss Technology Solution Pvt. Ltd.,wayback+homepage+careers
aximoinfotech.com,https://aximoinfotech.com/,Aximo Infotech Pvt. Ltd.,wayback+homepage+careers
tychotechnologies.com,http://tychotechnologies.com/,Tycho Technologies Pvt Ltd,wayback+homepage+careers
bluejaywebsolutions.com,https://www.bluejaywebsolutions.com,BlueJay Web Solutions,wayback+homepage+careers
sntinfotech.com,https://www.sntinfotech.com/,SNT Infotech,wayback+homepage+careers
fictivebox.com,https://fictivebox.com/,Fictivebox Media Pvt. Ltd.,wayback+homepage+careers
ypsolutions.in,https://ypsolutions.in/,YP Solutions Pvt. Ltd.,wayback+homepage+careers
techconfer.com,https://techconfer.com/,Techconfer Technologies Pvt ltd,wayback+homepage+careers
saneindia.com,http://www.saneindia.com/,Sane India,wayback+homepage+careers
infinitysoftsystems.com,https://www.infinitysoftsystems.com/,Infinity SoftSystems,wayback+homepage+careers
hapzsoft.com,https://www.hapzsoft.com/,Hapz software Solutions OPC Pvt Ltd,wayback+homepage+careers
cybermatrixsolutions.com,https://cybermatrixsolutions.com/,Cyber Matrix Solutions Pvt Ltd,wayback+homepage+careers
mobrilz.com,https://mobrilz.com/,Mobrilz,wayback+homepage+careers
naksconsulting.com,https://naksconsulting.com/,NAKS Digital Consulting LLC,wayback+homepage+careers
pandoconsultants.com,https://pandoconsultants.com/,Pando India Software Consultants,wayback+homepage+careers
theargusconsulting.com,https://theargusconsulting.com,Argus Consulting,wayback+homepage+careers
tronologic.com,https://tronologic.com/,Tronologic,wayback+homepage+careers
shadowinfosystem.com,https://www.shadowinfosystem.com/,Shadow infosystem,wayback+homepage+careers
i2k2.com,https://www.i2k2.com/,I2k2 Networks,wayback+homepage+careers
ronishainformatics.com,https://ronishainformatics.com/,Ronisha Informatics Private Limited,wayback+homepage+careers
droot.in,https://www.droot.in,Droot,wayback+homepage+careers
microflair.net,https://microflair.net/,Microflair Technologies,wayback+homepage+careers
coderworldlabs.com,https://www.coderworldlabs.com/,Coder World Labs,wayback+homepage+careers
marketozz.com,https://www.marketozz.com/,Marketozz,wayback+homepage+careers
kusheldigi.com,https://www.kusheldigi.com/,Kushel Digi Solutions,wayback+homepage+careers
forwardeye.com,https://www.forwardeye.com/,Forward Eye Consulting,wayback+homepage+careers
uniconvergetech.in,https://www.uniconvergetech.in/,UniConverge Technologies,homepage
wishlan.com,https://wishlan.com/,Wishlan,wayback+homepage+careers
indibus.net,https://www.indibus.net/,INDIBUS Softwares Solutions Pvt Ltd,wayback+homepage+careers
delta6labs.com,https://delta6labs.com/,Delta6Labs FinTech Pvt Ltd,wayback+homepage+careers
laminaidigital.com,https://laminaidigital.com/,Laminai Digital,wayback+homepage+careers
innostax.com,https://innostax.com/service/custom-software-development-services/?utm_source=Goodfirms&utm_medium=referral,Innostax,wayback+homepage+careers
startxlabs.com,https://startxlabs.com/,StartxLabs Technologies Private Limited,wayback+homepage+careers
ritsolution.in,https://www.ritsolution.in,RIT Solution,wayback+homepage+careers
quytech.com,https://www.quytech.com/,Quytech,wayback+homepage+careers
echoforgecloud.com,https://www.echoforgecloud.com,EchoForge Cloud private limited,wayback+homepage+careers
melonleaf.com,https://melonleaf.com/,Melonleaf Consulting,wayback+homepage+careers
nmgtechnologies.com,https://growth.nmgtechnologies.com/goodfirms/mobile-application-development,NMG Technologies,wayback+homepage+careers
yugasa.com,http://www.yugasa.com,Yugasa Software Labs Private Limited,wayback+homepage+careers
webinfomart.com,http://webinfomart.com,WebInfoMart,wayback+homepage+careers
orangeskill.com,https://www.orangeskill.com/,OrangeSkill Technologies Pvt. Ltd.,wayback+homepage+careers
neuronimbus.com,https://www.neuronimbus.com/,Neuronimbus,wayback+homepage+careers
oodles.io,https://erpsolutions.oodles.io/?utm_source=goodfirms,Oodles Blockchain,wayback+homepage+careers
ezappsolution.us,http://www.ezappsolution.us,EzappSolution,wayback+homepage+careers
strawberryinfotech.com,https://strawberryinfotech.com/hire-full-stack-developers/,Strawberry Infotech,wayback+homepage+careers
queppelin.com,https://www.queppelin.com/,Queppelin,wayback+homepage+careers
apporio.com,https://www.apporio.com/,Apporio Infolabs Pvt Ltd,wayback+homepage+careers
mobilityinfotech.com,https://www.mobilityinfotech.com/,Mobilityinfotech,wayback+homepage+careers
pinnacle.works,https://pinnacle.works/,PinnacleWorks Infotech Pvt Ltd,wayback+homepage+careers
ediiie.com,https://www.ediiie.com/,EDIIIE,wayback+homepage+careers
prettifycreative.com,https://www.prettifycreative.com/,Prettify Creative,wayback+homepage+careers
isolstechnologies.com,https://www.isolstechnologies.com/,Innovative Solution Technologies,wayback+homepage+careers
appdeskservices.com,https://www.appdeskservices.com/,AppDesk Services Pvt. Ltd.,wayback+homepage+careers
tftus.com,https://www.tftus.com/,Think Future Technologies,wayback+homepage
oodlestechnologies.com,https://www.oodlestechnologies.com/,Oodles Technologies,wayback+homepage+careers
ushyaku.com,https://ushyaku.com/,Ushyaku Software Solutions LLP,wayback+homepage+careers
markovate.com,https://markovate.com/ai-development-services/,Markovate,wayback+homepage+careers
unthinkable.co,https://www.unthinkable.co/,Unthinkable Pvt. Ltd.,wayback+homepage+careers
voxturrlabs.com,https://www.voxturrlabs.com/,Voxturr,wayback+homepage+careers
revinfotech.com,http://revinfotech.com/,Revinfotech Inc,wayback+homepage+careers
akoode.com,https://www.akoode.com/,Akoode Technologies,wayback+homepage+careers
planetpci-tech.com,http://planetpci-tech.com/,Planet PCI Infotech,wayback+homepage+careers
realtydigi.com,https://www.realtydigi.com,RealtyDigi,wayback+homepage+careers
pythonindia.in,https://www.pythonindia.in/,Python India,wayback+homepage+careers
phoenixtech.consulting,http://phoenixtech.consulting,Phoenix Tech Consulting Pvt. Ltd,wayback+homepage+careers
imensosoftware.com,https://www.imensosoftware.com/,Imenso Software,wayback+homepage+careers
techcirkle.com,https://techcirkle.com,Tech Cirkle,wayback+homepage+careers
samparksoftwares.com,https://samparksoftwares.com,Sampark Softwares Pvt Ltd,wayback+homepage+careers
infyq.com,http://www.infyq.com/,InfyQ Solutions Pvt. Ltd.,wayback+homepage+careers
nebel.co.in,https://nebel.co.in,Nebel Infotech,wayback+homepage+careers
techspakes.com,http://www.techspakes.com,Tech Spakes,wayback+homepage+careers
ivalueplus.com,https://www.ivalueplus.com,iValuePlus Services PVT LTD,wayback+homepage+careers
vorombetech.com,http://www.vorombetech.com/,Vorombetech Solutions,wayback+homepage+careers
mentobile.com,http://www.mentobile.com/index.php,Mentobile Technologies LLP,wayback+homepage+careers
techwalking.com,https://www.techwalking.com/,TechWalking,wayback+homepage+careers
sharepointcompany.com,https://sharepointcompany.com/,SharePoint Company,wayback+homepage+careers
rapidsofttechnologies.com,http://www.rapidsofttechnologies.com/,Rapidsoft Technologies,wayback+homepage+careers
codefirst.co.uk,https://www.codefirst.co.uk,CodeFirst,wayback+homepage+careers
softbiztech.com,http://www.softbiztech.com/,Softbiz Solutions,wayback+homepage+careers
karexpert.com,https://www.karexpert.com/,KareXpert Technologies Private LImited,wayback+homepage+careers
mioneer.in,https://mioneer.in,Mioneer Pvt Ltd,wayback+homepage+careers
sastechstudio.com,https://www.sastechstudio.com/,SAS Tech Studio,wayback+homepage+careers
hawkmartech.com,https://hawkmartech.com,Hawk MarTech,wayback+homepage+careers
daaslabs.ai,https://daaslabs.ai/,DaasLabs,wayback+homepage+careers
zolvify.com,https://zolvify.com/,Zecat Matrix Private Limited,wayback+homepage+careers
codevyasa.com,https://codevyasa.com/,CodeVyasa,wayback+homepage+careers
sundaylabs.io,https://sundaylabs.io/,Sunday Labs,wayback+homepage+careers
synlabs.io,https://www.synlabs.io/,SynergyLabs,wayback+homepage
webbaaz.com,https://webbaaz.com,webbaaz,wayback+homepage+careers
socialnetworking.solutions,https://socialnetworking.solutions/,Social Networking Solutions,wayback+homepage+careers
ipmedia.in,http://ipmedia.in/,IP Media,wayback+homepage+careers
lawrbit.com,https://www.lawrbit.com/,Lawrbit Lextech India Pvt. Ltd.,wayback+homepage+careers
orryworx.com,https://orryworx.com/,Orryworx,wayback+homepage+careers
pulsehubenterprise.com,https://www.pulsehubenterprise.com,PulseHub Enterprise Pvt. Ltd.,wayback+homepage+careers
solistechnology.in,https://solistechnology.in/,Solis Technology Private Limited,wayback+homepage+careers
ecorpit.com,https://ecorpit.com,eCorpIT,wayback+homepage+careers
rmgx.in,https://www.rmgx.in/,RMgX Technologies,wayback+homepage+careers
techvins.com,https://www.techvins.com,Techvins,wayback+homepage+careers
zobyt.com,https://www.zobyt.com/,Zobyt Technologies,wayback+homepage+careers
codttech.com,https://codttech.com/,CODT Technelogies,wayback+homepage+careers
zedaxis.com,https://zedaxis.com,Zed-Axis Technologies Pvt. Ltd.,wayback+homepage+careers
virasatsolutions.com,http://virasatsolutions.com,Virasat Solutions,wayback+homepage+careers
zeabros.com,http://zeabros.com,Zeabros India Pvt.Ltd,wayback+homepage+careers
ecommercedesign.co.in,http://www.ecommercedesign.co.in,Ecommerce Design,wayback+homepage+careers
tranktechnologies.com,https://www.tranktechnologies.com,Trank Technologies,wayback+homepage+careers
ibrandox.com,http://www.ibrandox.com/best-branding-company-india,iBrandox Online Pvt Ltd,wayback+homepage+careers
sparsadigital.in,https://www.sparsadigital.in,Sparsa Digital Private Limited,wayback+homepage+careers
vacobinary.in,https://www.vacobinary.in/,Vaco Binary Semantics LLP,wayback+homepage+careers
laravelindia.co.in,https://www.laravelindia.co.in/,Laravel India,wayback+homepage+careers
variyaslabs.com,http://www.variyaslabs.com,Variyas Labs Pvt. Ltd.,wayback+homepage+careers
believintech.com,https://believintech.com/,Believ-In Technologies Private Limited,wayback+homepage+careers
artikate.com,https://studio.artikate.com/,Artikate Private Limited,wayback+homepage+careers
gomilestone.com,https://gomilestone.com/,Gomilestone Pvt Ltd,wayback+homepage+careers
pro-monkey.com,https://pro-monkey.com/,ProMonkey,wayback+homepage+careers
techprosense.com,https://www.techprosense.com/,Tech Prosense,wayback+homepage+careers
digitalunicon.com,http://digitalunicon.com/,Digital Unicon,wayback+homepage+careers
avanienterprises.in,https://www.avanienterprises.in/,avanienterprises,wayback+homepage+careers
alphawebin.com,https://www.alphawebin.com/contact,Alpha Web Innovations Pvt Ltd,wayback+homepage+careers
xeliumtech.com,https://www.xeliumtech.com/,Xeliumtech Solutions,wayback+homepage+careers
handysolver.com,https://handysolver.com,Handysolver,wayback+homepage+careers
trancis.com,https://www.trancis.com/,Trancis,wayback+homepage+careers
pyzenlabs.com,https://pyzenlabs.com/,Pyzen Technologies,wayback+homepage+careers
essencesoftwares.com,https://essencesoftwares.com/,Essence Software Solutions,wayback+homepage+careers
blockcube.co,https://blockcube.co/,Blockcube,wayback+homepage+careers
techninza.in,https://techninza.in,Techninza,wayback+homepage+careers
codersbaytech.com,https://codersbaytech.com/,Codersbay,wayback+homepage+careers
coderower.com,https://coderower.com/,CodeRower,wayback+homepage+careers
goognu.com,https://goognu.com/,Goognu,wayback+homepage+careers
webbuddy.agency,https://www.webbuddy.agency/,WebBuddy,wayback+homepage+careers
phoeniixx.com,http://phoeniixx.com/,Phoeniixx Designs Pvt Ltd,wayback+homepage+careers
ahomtech.com,https://www.ahomtech.com/,AHOM Technologies,wayback+homepage+careers
velocitai.com,https://velocitai.com/,Velocitai,wayback+homepage+careers
teastallstudio.com,http://teastallstudio.com/,Tea stall studio,wayback+homepage+careers
samparksolutions.com,http://www.samparksolutions.com,Sampark Solutions Pvt. Ltd.,wayback+homepage+careers
websbaba.in,http://websbaba.in/,Websbaba Technologies Pvt. Ltd.,wayback+homepage+careers
zopsoft.com,https://www.zopsoft.com,Zopsoft Technology Private Limited,wayback+homepage+careers
isolsgroup.com,http://www.isolsgroup.com/,ISOLS Group Private Limited,wayback+homepage+careers
webdecorum.com,https://www.webdecorum.com,Webdecorum,wayback+homepage+careers
codechavo.com,https://www.codechavo.com/,CodeChavo,wayback+homepage+careers
amyntas.in,https://www.amyntas.in/,Amyntas Media Works LLP,wayback+homepage+careers
plusonetech.co,https://plusonetech.co/,Plusone Technologies Pvt Ltd,wayback+homepage+careers
syansoft.com,https://www.syansoft.com/,SyanSoft Technologies,wayback+homepage+careers
plasseytechnologies.in,https://plasseytechnologies.in/,Plassey Technologies,wayback+homepage+careers
nuetechstack.com,https://www.nuetechstack.com/,Nuetech Stack,wayback+homepage+careers
zillionica.com,http://www.zillionica.com,Zillionica Technologies,wayback+homepage+careers
aquilatechsol.com,https://www.aquilatechsol.com/home,Aquila Tech Solutions Pvt Ltd,wayback+homepage+careers
dgtlinnovations.in,https://dgtlinnovations.in/,Digital Innovations,wayback+homepage+careers
razornext.com,https://razornext.com/,Razornext,wayback+homepage+careers
encriss.com,https://www.encriss.com/,Encriss Technologies,wayback+homepage+careers
businessved.tech,https://businessved.tech/,Business Ved,wayback+homepage+careers
reactjs.co.in,http://www.reactjs.co.in/,ReactJS India,wayback+homepage+careers
eiysys.com,https://www.eiysys.com/,EIY SYS,wayback+homepage+careers
growthgear.in,https://www.growthgear.in,GrowthGear,wayback+homepage+careers
webdigitalize.com,https://webdigitalize.com/,Web Digitalize,wayback+homepage+careers
digitalvayapari.in,https://www.digitalvayapari.in/,Digital Vayapari,wayback+homepage+careers
closeloop.com,https://closeloop.com/?utm_source=goodfirms&utm_medium=referral&utm_campaign=goodfirm-software-development,Closeloop Technologies,wayback+homepage+careers
weboconnect.com,https://weboconnect.com/,Weboconnect,wayback+homepage+careers
naveck.com,https://www.naveck.com/,Naveck Technologies,wayback+homepage+careers
hashtrust.in,https://hashtrust.in/,Hashtrust Technologies,wayback+homepage+careers
acropolisinfotech.com,https://www.acropolisinfotech.com/,Acropolis Infotech Private Limited,wayback+homepage+careers
mindrops.com,https://www.mindrops.com/,Mindrops,wayback+homepage+careers
yesitlabs.com,http://yesitlabs.com/,YES IT Labs LLC,wayback+homepage+careers
itisme.in,http://itisme.in/,V2S Infosystem Pvt. Ltd.,wayback+homepage+careers
eitbiz.com,https://www.eitbiz.com/,"EitBiz - Software, Mobile & Web Development Company",wayback+homepage+careers
xicom.biz,http://www.xicom.biz/,Xicom,wayback+homepage+careers
lineadigitech.com,https://lineadigitech.com/,Linea Digitech,wayback+homepage+careers
athostechnologies.in,https://athostechnologies.in/,Athos technologies,wayback+homepage+careers
iogoos.com,http://www.iogoos.com,IOGOOS Solution Pvt Ltd,wayback+homepage+careers
saffrontech.net,http://saffrontech.net/,Saffron Tech,wayback+homepage+careers
climbaxentertainment.com,https://www.climbaxentertainment.com/,Climbax Entertainment Private Limited,wayback+homepage+careers
perfectiongeeks.com,https://www.perfectiongeeks.com,PerfectionGeeks Technologies,wayback+homepage+careers
hopinfirst.com,http://hopinfirst.com,Hopinfirst,wayback+homepage+careers
mobikasa.com,http://www.mobikasa.com,Mobikasa Inc,wayback+homepage+careers
webclickindia.com,http://www.webclickindia.com/,Webclick® Digital Pvt. Ltd,wayback+homepage+careers
paramountinfosystem.com,https://www.paramountinfosystem.com/,Paramount Infosystem Pvt Ltd,wayback+homepage+careers
warals.com,http://warals.com/,Warals Technology,wayback+homepage+careers
ucodice.com,https://www.ucodice.com/,Ucodice Technologies Pvt. Ltd.,wayback+homepage+careers
klifftechnologies.com,https://klifftechnologies.com,Kliff Technologies,wayback+homepage+careers
decabits.com,https://decabits.com/,Decabits Software,wayback+homepage+careers
dataslexindia.com,https://www.dataslexindia.com,DataSlexIndia,wayback+homepage+careers
tecziq.com,http://www.tecziq.com,Tecziq Solutions Pvt Ltd,wayback+homepage+careers
brainstacktechnologies.com,https://brainstacktechnologies.com/,Brainstack Technologies,wayback+homepage+careers
wesence.com,https://www.wesence.com/,Wesence,wayback+homepage+careers
planetecomsolutions.com,http://www.planetecomsolutions.com,Planet E-Com Solutions,wayback+homepage+careers
galaxysoftechsolutions.com,https://www.galaxysoftechsolutions.com,galaxy softech solutions,wayback+homepage+careers
aletindia.com,https://www.aletindia.com/,ALET India,wayback+homepage+careers
aaratechnologies.com,https://aaratechnologies.com/,Aara Technologies,wayback+homepage+careers
cybranex.com,https://www.cybranex.com/,CybraneX,wayback+homepage+careers
redcubedigital.com,https://www.redcubedigital.com/,Redcube Digital Pvt. Ltd.,wayback+homepage+careers
yi3ld.com,http://www.yi3ld.com/,Yield Interactive,wayback+homepage+careers
digitalflavers.com,http://www.digitalflavers.com/,Digital Flavers,wayback+homepage+careers
eclickntech.com,https://www.eclickntech.com/,eClicknTech,wayback+homepage+careers
moozetech.com,https://www.moozetech.com/,MOOZE TECH,wayback+homepage+careers
shataki.com,https://shataki.com/,Shataki,wayback+homepage+careers
srishta.com,http://www.srishta.com,Srishta Technology Pvt. Ltd.,wayback+homepage+careers
oprezoindia.com,https://www.oprezoindia.com/,oprezo india private limited,wayback+homepage+careers
asfera.in,https://www.asfera.in/call-center-software-provider.html,Asfera Technologies,wayback+homepage+careers
surereach.io,https://www.surereach.io,Surereach Technologies Private Limited,wayback+homepage+careers
missoftware.org,https://missoftware.org/,MIS Software,wayback+homepage+careers
aartitech.in,https://aartitech.in/,Aarti Web Technology,wayback+homepage+careers
shrinext.com,https://www.shrinext.com,Shrinext HealthTech,wayback+homepage+careers
turboerp.in,https://www.turboerp.in/,Shiva infotech,wayback+homepage+careers
trendypuff.com,https://www.trendypuff.com/,TrendyPuff,wayback+homepage+careers
mrmmbsvision.com,https://www.mrmmbsvision.com,Mrmmbs Vision,wayback+homepage+careers
saivionindia.com,https://www.saivionindia.com/,Saivion India: IT and ITeS Outsourcing Services,wayback+homepage+careers
nssplindia.com,https://www.nssplindia.com,NSS Private Limited,wayback+homepage+careers
nobilitasinfotech.com,https://www.nobilitasinfotech.com,Nobilitas Infotech,wayback+homepage+careers
alcinfotech.com,http://alcinfotech.com/,ALC InfoTech,wayback+homepage+careers
perfectwebexperts.com,https://perfectwebexperts.com/,Perfect Web Experts,wayback+homepage+careers
grandiosedigitalmedia.com,https://www.grandiosedigitalmedia.com,Grandiose Digital Media,wayback+homepage+careers
websoles.com,https://www.websoles.com,Websoles Strategic Digital Solutions,wayback+homepage+careers
3sitservices.com,https://3sitservices.com/,3sitservices,wayback+homepage+careers
scideassolutions.com,https://scideassolutions.com,Scideas Solutions Pvt Ltd,wayback+homepage+careers
trimwebsolutions.com,http://trimwebsolutions.com,Trimwebsolutions,wayback+homepage+careers
yellowsapphiretech.com,https://www.yellowsapphiretech.com/,Yellow Sapphire Technologies,wayback+homepage+careers
sparkeighteen.com,https://sparkeighteen.com/,Spark Eighteen,wayback+homepage+careers
noisivconsulting.com,https://noisivconsulting.com/,Noisiv Consulting,wayback+homepage+careers
minditsystems.com,https://www.minditsystems.com/,Mind IT Systems,wayback+homepage+careers
expediensolutions.com,http://expediensolutions.com/,Expedien eSolutions,wayback+homepage+careers
webdukes.com,https://www.webdukes.com/,WebDukes,wayback+homepage+careers
mverve.com,http://mverve.com/,mVerve,wayback+homepage+careers
dbest.co.in,https://dbest.co.in/,Dbest Software,wayback+homepage+careers
gigasoft.in,http://www.gigasoft.in,Giga Soft Systems Pvt Ltd,wayback+homepage+careers
icowebsolutions.com,https://icowebsolutions.com/,ICO WebTech Pvt. Ltd.,wayback+homepage+careers
unisoftinformatics.com,http://unisoftinformatics.com/,Unisoft Informatics,wayback+homepage+careers
suntist.com,https://suntist.com/,Suntist Labs,wayback+homepage+careers
nibblesoftware.com,https://www.nibblesoftware.com/,Nibble Software Technologies,wayback+homepage+careers
aksinteractive.com,http://www.aksinteractive.com,AKS Interactive Solutions Pvt. Ltd.,wayback+homepage+careers
gitysoft.com,https://gitysoft.com/,Gitysoft Technology,wayback+homepage+careers
staffinc.io,https://staffinc.io/,Staffinc IO,wayback+homepage+careers
hashbrown.com,https://hashbrown.com/,Hashbrown Systems Private Limited,wayback+homepage+careers
digicuro.com,https://www.digicuro.com,Digicuro,wayback+homepage+careers
delveio.com,https://delveio.com/,Delveio Consulting,wayback+homepage+careers
splatstudio.in,https://splatstudio.in/,Splat Studio,wayback+homepage+careers
callcentersolution.in,https://www.callcentersolution.in/,Call Center Solution,wayback+homepage+careers
techrajendra.com,https://www.techrajendra.com/,Tech Rajendra,wayback+homepage+careers
auraithost.in,https://auraithost.in/,MS AURA IT HOST PRIVATE LIMITED,wayback+homepage+careers
mlmsoftwarecompany.in,https://mlmsoftwarecompany.in/,MLM Software Company - n2n systems,wayback+homepage+careers
golang.company,https://golang.company/,Golang Company,wayback+homepage+careers
itechmission.org,http://www.itechmission.org,iTech Mission,wayback+homepage+careers
frontinweb.com,https://frontinweb.com/,Frontinweb,wayback+homepage+careers
yuktisolutions.com,https://www.yuktisolutions.com/,Yukti Solutions Pvt Ltd,wayback+homepage+careers
snetlabs.com,https://snetlabs.com/,SNet Labs,wayback+homepage+careers
digitalkinfotech.com,https://www.digitalkinfotech.com/,DigiTalk Infotech,wayback+homepage+careers
stackerbee.com,https://stackerbee.com/,Stackerbee Technologies Pvt. Ltd,wayback+homepage+careers
fcasoft.in,http://www.fcasoft.in/,Escape System Consultants,wayback+homepage+careers
aarvytechnologies.com,https://aarvytechnologies.com/,Aarvy Technologies,wayback+homepage+careers
liberatedit.com,https://www.liberatedit.com/,LiberatedIT,wayback+homepage+careers
netsoft.in,http://www.netsoft.in,Net Soft Solutions,wayback+homepage+careers
simplexsolutions.com,https://simplexsolutions.com/,Simplex Solutions,wayback+homepage+careers
binarysoft.com,http://binarysoft.com/,BinarySoft Technologies Pvt. Ltd.,wayback+homepage+careers
codemez.com,https://codemez.com/,Codemez It Solutions Private Limited,wayback+homepage+careers
jabitsoft.com,https://www.jabitsoft.com,Jabit Soft,wayback+homepage+careers
cnc-system.com,https://cnc-system.com/,Classic Network and Computers,wayback+homepage+careers
speetrance.com,https://speetrance.com/,Speetrance Transformation,wayback+homepage+careers
oakyweb.com,https://www.oakyweb.com,Oaky Web Pvt. Ltd,wayback+homepage+careers
designdot.co.in,https://www.designdot.co.in/,Designdot,wayback+homepage+careers
techcontributors.com,https://www.techcontributors.com/,Tech Contributors,wayback+homepage+careers
binaryboot.com,https://www.binaryboot.com,BinaryBoot,wayback+homepage+careers
mag-corp.com,http://www.mag-corp.com,MAG Studios,wayback+homepage+careers
proglogix.com,https://proglogix.com/,Proglogix,wayback+homepage+careers
unistal.com,https://unistal.com/,Unistal,wayback+homepage+careers
klifftechnologies.in,https://klifftechnologies.in/,Kliff Technologies India,wayback+homepage+careers
websutility.com,https://www.websutility.com/,Webs Utility Global LLP.,wayback+homepage+careers
daniptechnologies.com,https://www.daniptechnologies.com/,Danip Technologies,wayback+homepage+careers
masterbazar.com,https://masterbazar.com/,Master Bazar Pvt Ltd,wayback+homepage+careers
netxperia.com,https://www.netxperia.com/,Net Xperia,wayback+homepage+careers
debuide.com,https://debuide.com/,Debuide Technologies,wayback+homepage+careers
nextgenya.com,https://www.nextgenya.com,NextGenya Solutions,wayback+homepage+careers
avierontech.com,https://www.avierontech.com/,Avieron Tech Private Limited,wayback+homepage+careers
brainadz.marketing,https://brainadz.marketing/,BrainADZ Marketing,wayback+homepage+careers
asharpinfotech.com,https://www.asharpinfotech.com/softwaredevelopment,ASharp.infotech,wayback+homepage+careers
nesindia.co,https://nesindia.co/,Networked Energy Services Technologies Private Lim,wayback+homepage+careers
hiqbyte.in,https://www.hiqbyte.in/,HiQByte,wayback+homepage+careers
valid-code.com,http://www.valid-code.com/,ValidCode Web and Mobile Development Pvt Ltd,wayback+homepage+careers
webtechnoexperts.com,http://www.webtechnoexperts.com/,Web Techno Experts,wayback+homepage+careers
hostmud.com,https://hostmud.com,Hostmud,wayback+homepage+careers
intouchgroup.in,https://www.intouchgroup.in,Intouch Quality Services Private Limited,wayback+homepage+careers
meliorate.co.in,https://www.meliorate.co.in,Meliorate Solutions,wayback+homepage+careers
finesofttechnologies.com,https://www.finesofttechnologies.com/,FineSoft Technologies,wayback+homepage+careers
westelinor.com,https://www.westelinor.com,West Elinor Technologies,wayback+homepage+careers
mindscansoftware.com,https://mindscansoftware.com,Mindscan Software Solutions Pvt Ltd,wayback+homepage+careers
opiant.in,https://www.opiant.in/,Opiant Technologies Pvt Ltd,homepage
pantelwar.com,https://www.pantelwar.com,Pantelwar,wayback+homepage+careers
hedkeyindia.com,https://www.hedkeyindia.com/,Hedkey India Pvt Ltd,wayback+homepage+careers
manprax.com,https://www.manprax.com,ManpraX Software LLP,wayback+homepage+careers
obyindia.com,https://obyindia.com/,OBY India IT Solution,wayback+homepage+careers
whizzystack.co,https://whizzystack.co/,Whizzystack Solutions,wayback+homepage+careers
aasaanservices.com,https://www.aasaanservices.com/,Aasaan Services Solutions Pvt. Ltd.,wayback+homepage+careers
globerian.in,https://www.globerian.in/,Globerian,wayback+homepage+careers
domainmantri.com,https://www.domainmantri.com,Domainmantri,wayback+homepage+careers
meentosys.com,https://meentosys.com,Meentosys Private Limited,wayback+homepage+careers
technocrypt.co,https://technocrypt.co/,Technocrypt,wayback+homepage+careers
skdigiweb.com,https://www.skdigiweb.com,SKDigiweb,wayback+homepage+careers
mindsmiratus.com,https://www.mindsmiratus.com/,Mindsmiratus,wayback+homepage+careers
stegit.in,https://stegit.in/,Steg IT Solutions,wayback+homepage+careers
pulpstrategy.com,https://www.pulpstrategy.com,Pulp Strategy Communication Pvt. Ltd,wayback+homepage+careers
infotonicsmedia.com,https://www.infotonicsmedia.com/,INFOTONICSMEDIA,wayback+homepage+careers
quickhub.in,https://quickhub.in/,Quick Hub,wayback+homepage+careers
webtechmedia.in,https://www.webtechmedia.in/,Web Techmedia Pvt Ltd,wayback+homepage+careers
techplek.com,https://www.techplek.com/,TechPlek Technologies Private Limited,wayback+homepage+careers
teamihallp.com,https://teamihallp.com/,Team IHA LLP,wayback+homepage+careers
dreamzdigitalsolutions.com,https://www.dreamzdigitalsolutions.com/,DreamzDigitalSolutions,wayback+homepage+careers
thenthbit.com,https://thenthbit.com/,The Nth Bit Labs,wayback+homepage+careers
grorapid.com,https://labs.grorapid.com/,Grorapid,wayback+homepage+careers
agnithtechnologies.com,http://www.agnithtechnologies.com/#,Agnith,wayback+homepage+careers
web3creations.com,https://web3creations.com/,WEB3CREATIONS,wayback+homepage+careers
websiteduniya.com,https://websiteduniya.com/,Website Duniya,wayback+homepage+careers
aretesoftwares.com,https://www.aretesoftwares.com/,Arete Softwares,wayback+homepage+careers
ashitservice.com,https://www.ashitservice.com/,ASH IT Service,wayback+homepage+careers
reftonbia.com,https://reftonbia.com/,ReftOnbia Pvt. Ltd.,wayback+homepage+careers
javinglobal.com,https://www.javinglobal.com/,JAVIN,wayback+homepage+careers
upglocal.com,https://upglocal.com,UpGlocal,wayback+homepage+careers
maabsdesign.in,https://maabsdesign.in/,MAABS DESIGN,wayback+homepage+careers
spysr.in,https://spysr.in,Spysr,wayback+homepage+careers
web2byte.com,https://web2byte.com/,Web2Byte,wayback+homepage+careers
ottplay.com,https://www.ottplay.com/tekcetra/index.html,TekCetra,wayback+homepage+careers
adivaha.com,https://www.adivaha.com,adivaha,wayback+homepage+careers
nbnmglobal.com,https://www.nbnmglobal.com/,NBNM Global,wayback+homepage+careers
drinfosoft.com,https://www.drinfosoft.com/,DRInfosoft,wayback+homepage+careers
scriptstudio.in,https://www.scriptstudio.in/,scriptstudio,wayback+homepage+careers
vivatechrnd.com,https://vivatechrnd.com/,Vivatech R&D,wayback+homepage+careers
kreatetechnologies.com,https://kreatetechnologies.com/,Kreate Technologies Pvt. Ltd.,wayback+homepage+careers
ssntpl.com,https://ssntpl.com/,Sword Software N Technologies Pvt. Ltd.,wayback+homepage+careers
appetenza.com,https://www.appetenza.com/,Appetenza Technologies,wayback+homepage+careers
anshuwebsolutions.com,https://anshuwebsolutions.com/,Anshu Web Solutions,wayback+homepage+careers
ofactor.in,https://www.ofactor.in/,Ofactor Communications,wayback+homepage+careers
muoro.io,https://muoro.io/?utm_source=goodfirms&utm_medium=referral&u,Muoro,wayback+homepage
webbooza.com,http://www.webbooza.com/,WEBBOOZA TECHNOLOGIES PVT LTD,wayback+homepage+careers
pepper-designs.com,https://www.pepper-designs.com/,Pepper Designs Pvt Ltd,wayback+homepage+careers
iqinfotech.co.in,https://www.iqinfotech.co.in,IQ Infotech,wayback+homepage+careers
wemonde.com,https://www.wemonde.com/,Wemonde Pvt Ltd,wayback+homepage+careers
webxpertindia.com,https://www.webxpertindia.com/,Web Expert India,wayback+homepage+careers
codegenie.in,https://www.codegenie.in/,CodeGenie,wayback+homepage+careers
digitalhubpoint.com,https://www.digitalhubpoint.com,Digital Hub Point,wayback+homepage+careers
sukritinfotech.com,https://www.sukritinfotech.com/,Sukrit Infotech,wayback+homepage+careers
corewave.io,https://corewave.io/,Corewave,wayback+homepage+careers
digilogicinfocom.com,https://www.digilogicinfocom.com,DigiLogic Infocom,wayback+homepage+careers
revagraphics.com,https://revagraphics.com/,Reva Graphics,wayback+homepage+careers
alareejit.com,https://www.alareejit.com,Alareejit,wayback+homepage+careers
techmelogy.com,https://techmelogy.com/,Techmelogy,wayback+homepage+careers
microcodesoftware.com,https://microcodesoftware.com/,Microcode Software LLP,wayback+homepage+careers
defuzed.in,https://www.defuzed.in/,Defuzed,wayback+homepage+careers
mittalsoftwarelabs.com,https://www.mittalsoftwarelabs.com/,Mittal Software Labs,wayback+homepage+careers
skytrustit.com,https://skytrustit.com/,SkyTrust IT Solutions,wayback+homepage+careers
vibhumsoftware.com,https://vibhumsoftware.com/,Vibhum Software Services Private Limited,wayback+homepage+careers
sunlightsol.com,https://sunlightsol.com/,Sunlightsol Technologies,wayback+homepage+careers
jmdwebsolutionss.com,https://www.jmdwebsolutionss.com,Jmd Web Solutionss,wayback+homepage+careers
besolve.in,https://besolve.in,BESOLVE,wayback+homepage+careers
zenitechsol.com,https://zenitechsol.com/,ZeniTech Solutions,wayback+homepage+careers
appfodev.com,https://appfodev.com,Appfodev,wayback+homepage+careers
ima-appweb.com,http://www.ima-appweb.com,ima appweb,wayback+homepage+careers
vcareall.com,http://vcareall.com/,VcareAll Solution Pvt. Ltd.,wayback+homepage+careers
daphnislabs.com,http://www.daphnislabs.com,Daphnis Labs,wayback+homepage+careers
sitegeekinfotech.com,http://www.sitegeekinfotech.com,Sitegeek Infotech,wayback+homepage+careers
maishainfotech.com,http://maishainfotech.com,MAISHA INFOTECH Pvt Ltd,wayback+homepage+careers
quinterocorp.com,http://www.quinterocorp.com,Quintero,wayback+homepage+careers
webkeyindia.com,https://www.webkeyindia.com,WebKeyIndia,wayback+homepage+careers
leadingedgedesigners.com,https://www.leadingedgedesigners.com,Leading Edge Designers,wayback+homepage+careers
binayashatechnologies.com,http://www.binayashatechnologies.com/,Binayasha Technologies,wayback+homepage+careers
hohomedia.agency,http://www.hohomedia.agency,Hoho Media and Infotainment Agency,wayback+homepage+careers
robovytech.com,https://www.robovytech.com/,Robovy Technologies Pvt Ltd,wayback+homepage+careers
saiviontech.com,https://www.saiviontech.com/,Saivion Technologies,wayback+homepage+careers
theantialias.com,https://theantialias.com/,The AntiAlias,wayback+homepage+careers
amssoftech.com,https://amssoftech.com/,AMS SOFTECH,wayback+homepage+careers
codeyiizen.com,http://www.codeyiizen.com/,Codeyiizen Software & Services Pvt. Ltd.,wayback+homepage+careers
walsoft.in,https://www.walsoft.in/mobile-application-development,Walsoft,wayback+homepage+careers
aaditritechnology.com,https://www.aaditritechnology.com,Aaditri Technology,wayback+homepage+careers
adogain.com,https://adogain.com/,AdoGain Technologies,wayback+homepage+careers
appsdiary.com,https://www.appsdiary.com/,Appsdiary Technologies LLP,wayback+homepage+careers
estivasoftech.com,https://www.estivasoftech.com/,Estivasoftech,wayback+homepage+careers
eztechnologies.in,http://eztechnologies.in/,Ez Technologies Pvt Ltd,wayback+homepage+careers
perkminds.com,https://perkminds.com/,PERKMINDS,wayback+homepage+careers
hariwebinfotech.com,https://hariwebinfotech.com/,Hari Web Infotech Pvt. Ltd,wayback+homepage+careers
shirainfotech.com,https://shirainfotech.com/,Shira Infotech,wayback+homepage+careers
mindplustechnologies.com,https://mindplustechnologies.com/,Mindplus Technologies,wayback+homepage+careers
appzotech.com,https://appzotech.com,Appzotech,wayback+homepage+careers
xcrino.com,https://www.xcrino.com/,Xcrino Business Solutions,homepage+careers
webdesignexpert.in,https://www.webdesignexpert.in,Web design Expert,wayback+homepage+careers
zontecsolutions.com,https://www.zontecsolutions.com,Zon Tec Solutions,wayback+homepage+careers
keymarketing.in,https://www.keymarketing.in/,Key Marketing,wayback+homepage+careers
webmediatricks.com,https://webmediatricks.com/,Web Media Tricks Pvt. Ltd.,wayback+homepage+careers
appzlogix.com,https://appzlogix.com/,AppzLogix,wayback+homepage+careers
draggital.com,https://www.draggital.com/,Draggital,wayback+homepage+careers
modulationdigital.com,https://www.modulationdigital.com/,Modulation Digital Pvt. Ltd.,wayback+homepage+careers
maxmites.com,https://maxmites.com/,Maxmite Global,wayback+homepage+careers
megatasktechnologies.com,https://megatasktechnologies.com/,Megatask Technologies Pvt Ltd,wayback+homepage+careers
bloomixdigital.com,https://www.bloomixdigital.com/,Bloomix Digital,wayback+homepage+careers
transindiatechnologies.com,https://www.transindiatechnologies.com/,Trans India Technologies,wayback+homepage+careers
appsplusweb.com,https://www.appsplusweb.com/,AppsPlusWeb,wayback+homepage+careers
jydigitek.com,https://jydigitek.com/,JY Technologies Consulting Pvt Ltd,wayback+homepage+careers
thenightmarketer.com,https://thenightmarketer.com/,The Night Marketer,wayback+homepage+careers
rareinputs.com,https://rareinputs.com/,RareInputs,wayback+homepage+careers
tenetizer.com,https://tenetizer.com/,Tenetizer Technologies,wayback+homepage+careers
greenapplesolutions.com,https://www.greenapplesolutions.com/,Green Apple Solutions,wayback+homepage+careers
raddindia.com,https://www.raddindia.com,RADD India,wayback+homepage+careers
pairbytes.com,https://pairbytes.com/,PairBytes,wayback+homepage+careers
teletalkapps.com,https://www.teletalkapps.com/,TeleTalkApps,wayback+homepage+careers
webshouters.com,https://www.webshouters.com/,WebShouters,wayback+homepage+careers
hypercode.tech,https://hypercode.tech/,HyperCode,wayback+homepage+careers
brainydx.com,https://brainydx.com/,BrainyDX,wayback+homepage+careers
softication.com,https://softication.com/,SoftiCation Technology,wayback+homepage+careers
kitinfinet.com,https://kitinfinet.com/,KITINFINET,wayback+homepage+careers
infonimbus.com,https://www.infonimbus.com,Infonimbus Tech Services,wayback+homepage+careers
zplusranking.com,https://zplusranking.com,ZplusRanking,wayback+homepage+careers
minutestechnology.com,https://minutestechnology.com/,Minutes Technology,wayback+homepage+careers
webtechnoedgesolutions.com,https://webtechnoedgesolutions.com,Web Technoedge Solutions Pvt Ltd,wayback+homepage+careers
sparkifysocial.com,https://sparkifysocial.com,Sparkify Social,wayback+homepage+careers
pythonwebservices.com,https://www.pythonwebservices.com/,Python Web Services,wayback+homepage+careers
nvitexperts.com,https://www.nvitexperts.com,Nv it experts,wayback+homepage+careers
widendigitalservice.com,https://www.widendigitalservice.com/,Widen Digital Service,wayback+homepage+careers
edtech.in,https://www.edtech.in/,e-Definers Technology,wayback+homepage+careers
gigainnovations.com,https://gigainnovations.com,Giga Innovations,wayback+homepage+careers
confluence.services,http://www.confluence.services/,Confluence Solutions,wayback+homepage+careers
creativeinfozone.com,https://creativeinfozone.com/,Creative Infozone,wayback+homepage+careers
fliarbi.com,https://fliarbi.com,Fliar Business Intelligence Pvt Ltd,wayback+homepage+careers
adsizzler.com,https://www.adsizzler.com,Adsizzler Media Pvt Ltd,wayback+homepage+careers
khushimedia.com,https://www.khushimedia.com/,khushi Media,wayback+homepage+careers
merabusinessapp.com,https://merabusinessapp.com/,Mera Business App,wayback+homepage+careers
papercodetech.com,https://papercodetech.com/,Paper Code Technologies,wayback+homepage+careers
quaintx.com,https://quaintx.com,QuaintX Innovations,wayback+homepage+careers
dasgalerie.com,https://dasgalerie.com/,Das Galerie,wayback+homepage+careers
singhsolutions.co.in,https://www.singhsolutions.co.in,Singh Solutions,wayback+homepage+careers
dotfy.in,https://dotfy.in/,AVC DOTFY LLP,wayback+homepage+careers
webmountindia.com,https://www.webmountindia.com,Webmount® Solution Pvt. Ltd.,wayback+homepage+careers
bizappln.com,https://www.bizappln.com,Yaali Bizappln Solutions,wayback+homepage+careers
imaginetventures.com,https://www.imaginetventures.com/,ImagiNET Ventures,wayback+homepage+careers
fresatechnologies.com,https://fresatechnologies.com/,Fresa Technologies,wayback+homepage+careers
bitcot.com,https://www.bitcot.com,BitCot,wayback+homepage+careers
swiftprosys.com,https://www.swiftprosys.com/,Swift ProSys Pvt Ltd,wayback+homepage+careers
xenovex.com,http://www.xenovex.com,Xenovex Technologies Pvt Ltd,wayback+homepage+careers
rootquotient.com,https://www.rootquotient.com/,RootQuotient,wayback+homepage+careers
tarkalabs.com,https://tarkalabs.com/,Tarka Labs,wayback+homepage+careers
commutatus.com,https://www.commutatus.com/,Commutatus,wayback+homepage+careers
lionforce.net,http://lionforce.net,LionForce Technologies Pvt Ltd,wayback+homepage+careers
way2smile.com,https://www.way2smile.com/,Way2Smile Solutions Pvt Ltd,wayback+homepage+careers
indium.tech,https://www.indium.tech/,Indium,wayback+homepage+careers
ijager.com,https://www.ijager.com,IJAGER TECHNOLOGIES PRIVATE LIMITED,wayback+homepage+careers
in22labs.com,https://in22labs.com/,In22 Labs,wayback+homepage+careers
jksoftec.com,https://jksoftec.com,JKSOFTEC,wayback+homepage+careers
webnexs.com,http://webnexs.com,webnexs,wayback+homepage+careers
spidergems.com,https://www.spidergems.com,Spidergems Softlabz,wayback+homepage+careers
clicktots.com,https://www.clicktots.com/,Clicktots,wayback+homepage+careers
pyramidions.com,https://www.pyramidions.com/mobile-app-development-chennai.html,Pyramidion Solutions,wayback+homepage+careers
zaigoinfotech.com,https://www.zaigoinfotech.com/,Zaigo Infotech Software Solutions,wayback+homepage+careers
dexteritysolution.com,http://www.dexteritysolution.com/,Dexterity Solution,wayback+homepage+careers
dunritetech.com,https://www.dunritetech.com/,DunRite Technologies,wayback+homepage+careers
infinitisoftware.net,http://infinitisoftware.net/,Infiniti Software Solutions,wayback+homepage+careers
learnnovators.com,https://learnnovators.com/,Learnnovators®,wayback+homepage+careers
mocerohealth.com,https://mocerohealth.com/,Mocero Health,wayback+homepage+careers
ramco.com,https://www.ramco.com/,Ramco Systems,wayback+homepage+careers
mhcognition.com,https://mhcognition.com/,MH Cognition,wayback+homepage+careers
hakunamatatatech.com,https://www.hakunamatatatech.com/,Hakuna Matata Solutions Pvt Ltd,wayback+homepage+careers
macappstudio.com,https://www.macappstudio.com,MacAppStudio,wayback+homepage+careers
hexrfactory.com,https://www.hexrfactory.com,HEXR FACTORY IMMERSIVE TECH PVT LTD,wayback+homepage+careers
nfnlabs.in,http://nfnlabs.in,NFN Labs,wayback+homepage+careers
bytize.org,https://bytize.org,Bytize,wayback+homepage+careers
veelead.com,https://veelead.com/,Veelead,wayback+homepage+careers
ajira.tech,http://www.ajira.tech/,Ajira Tech,wayback+homepage+careers
officialgates.com,http://www.officialgates.com,OfficialGates Technologies Private Limited,wayback+homepage+careers
techzarinfo.com,http://www.techzarinfo.com/,TechZarInfo Software & Consulting Services,wayback+homepage+careers
izeoninnovative.com,http://www.izeoninnovative.com/,Izeon Innovative Private Limited,wayback+homepage+careers
gtechwebsolutions.com,http://gtechwebsolutions.com/,GTech Solutions,wayback+homepage+careers
starfii.com,https://www.starfii.com/,Starfii Technology,wayback+homepage+careers
aatral.io,https://aatral.io/,AATRAL,wayback+homepage+careers
wrexa.com,https://wrexa.com/,Wrexa Technologies LLC,wayback+homepage+careers
bigziel.com,https://www.bigziel.com/,Bigziel,wayback+homepage+careers
mumillion.com,https://mumillion.com/,Mumillion,wayback+homepage+careers
vrea.io,http://vrea.io/,Vrea,wayback+homepage+careers
asianinfonet.com,https://asianinfonet.com/,Asian infonet,wayback+homepage+careers
sensiple.com,https://www.sensiple.com/,Sensiple Software,wayback+homepage+careers
got-softwares.com,https://www.got-softwares.com,GOT SOFTWARES PRIVATE LIMITED,wayback+homepage+careers
zoyotechnology.com,https://zoyotechnology.com/,Zoyo Technology,wayback+homepage+careers
isolveglobal.com,https://isolveglobal.com/,iSolve Technologies,wayback+homepage+careers
nrg-phoenix.com,https://www.nrg-phoenix.com/,NRG Phoenix,wayback+homepage+careers
vsonlineservices.com,https://vsonlineservices.com/,VS Online Services,wayback+homepage+careers
hindujatech.com,https://hindujatech.com,Hinduja Tech,wayback+homepage+careers
ifive.in,https://www.ifive.in/,iFive Technology Private Limited,homepage
hilogictech.com,https://hilogictech.com/,Hilogic Technologies,wayback+homepage+careers
vanuston.com,http://www.vanuston.com,Vanuston Intelligence Private Limited,wayback+homepage+careers
niyati.com,https://www.niyati.com,Niyati Technologies,wayback+homepage+careers
kmteq.com,https://www.kmteq.com/,KMTEQ,wayback+homepage+careers
gitechgames.com,https://gitechgames.com,GI Tech Gaming Co india pvt ltd,wayback+homepage+careers
purpleslate.com,https://www.purpleslate.com/kea/,purpleSlate,wayback+homepage+careers
ecsoft.com,https://ecsoft.com/,ECSOFT PRIVATE LIMITED,wayback+homepage+careers
zilogic.com,https://zilogic.com/contact.html,Zilogic systems pvt ltd,wayback+homepage+careers
sgstechsolutions.com,https://www.sgstechsolutions.com,Snowtech Global Software (SGS),wayback+homepage+careers
appleg.net,https://www.appleg.net/,Apple G Web Technology Pvt Ltd,wayback+homepage+careers
siamcomputing.com,https://www.siamcomputing.com,SiamComputing,wayback+homepage+careers
risolutortechnologies.com,https://risolutortechnologies.com/,Risolutor Technologies,wayback+homepage+careers
idbtec.com,http://www.idbtec.com/,IDB Technologies,wayback+homepage+careers
crediblesoft.com,https://crediblesoft.com/,CredibleSoft Technology Solutions,wayback+homepage+careers
vingsfire.com,https://vingsfire.com,Vingsfire HRIm Pvt ltd,wayback+homepage+careers
bellcorpstudio.com,https://www.bellcorpstudio.com,Bellcorp Studio,wayback+homepage+careers
senseapp.in,http://senseapp.in/,SENSEAPP TECHNOLOGY PVT LTD,wayback+homepage+careers
gwayerp.com,https://gwayerp.com,Gway Tech solution private ltd,wayback+homepage+careers
catchytechnologies.com,https://catchytechnologies.com,Catchy Technologies,wayback+homepage+careers
corvanta.io,https://corvanta.io/,Corvanta Analytics,wayback+homepage+careers
w2ssolutions.com,http://www.w2ssolutions.com,W2S Solutions,wayback+homepage+careers
impressbss.com,https://www.impressbss.com/,impressbss,wayback+homepage+careers
helloindiasolutions.com,http://www.helloindiasolutions.com,Hello India Solutions,wayback+homepage+careers
thulirsoft.com,http://thulirsoft.com/,Thulirsoftware Technologies pvt Ltd,wayback+homepage+careers
sciflare.com,https://www.sciflare.com/,Sciflare Technologies Pvt Ltd,wayback+homepage+careers
ennvee.com,https://ennvee.com/,ennVee,wayback+homepage+careers
thinkeys.io,https://www.thinkeys.io,Thinkeys Infotech,wayback+homepage+careers
niraltek.com,https://www.niraltek.com/,Niraltek Solutions,wayback+homepage+careers
oceansoftwares.com,https://www.oceansoftwares.com/app-development-company-in-chennai.html,Ocean Softwares,wayback+homepage+careers
tech4lyf.com,https://www.tech4lyf.com,Tech4LYF Entrepreneurs,wayback+homepage+careers
thecodecrafters.in,http://thecodecrafters.in/,Code Crafters,wayback+homepage+careers
zylensolutions.com,https://www.zylensolutions.com/,Zylen Solutions,wayback+homepage+careers
yuniq.co,https://yuniq.co/,Yuniq,wayback+homepage+careers
creatah.com,https://www.creatah.com/,Creatah,wayback+homepage+careers
azusystech.com,https://www.azusystech.com/,Azusys Technologies Private Limited,wayback+homepage+careers
kstinfotech.com,https://www.kstinfotech.com/,KST Infotech Pvt Ltd,wayback+homepage+careers
f22labs.com,http://f22labs.com/,F22 Labs,wayback+homepage+careers
jdsoft.in,http://www.jdsoft.in/,JD Soft,wayback+homepage
anandtechverce.com,http://anandtechverce.com/,ANAND TECHVERCE LLC,wayback+homepage+careers
innogle.com,https://www.innogle.com,Innogle,wayback+homepage+careers
testwareinformatics.com,https://www.testwareinformatics.com/home,Testware Informatics,wayback+homepage+careers
technogemsinc.com,https://www.technogemsinc.com,TechnoGemsInc,wayback+homepage+careers
vaeto.in,https://vaeto.in/index.html,Vaeto Technologies,wayback+homepage+careers
innocrux.com,https://www.innocrux.com/,Innocrux,wayback+homepage+careers
changepond.com,https://www.changepond.com/di/finance-accounting,Changepond Technologies Pvt Ltd,wayback+homepage+careers
nyl.technology,https://www.nyl.technology/,NYL Technology,wayback+homepage+careers
spurtcommerce.com,https://www.spurtcommerce.com/,Spurtcommerce eSolutions Pvt. Ltd.,wayback+homepage+careers
innovixtech.com,https://innovixtech.com/,Innovix Tech,wayback+homepage+careers
venzotechnologies.com,https://www.venzotechnologies.com/,Venzo Technologies,wayback+homepage+careers
skpglobal.com,https://www.skpglobal.com/,SKP Knowledge Services Pvt Ltd,wayback+homepage+careers
stratonik.com,http://www.stratonik.com,Stratonik,wayback+homepage+careers
ninositsolution.com,https://ninositsolution.com/,NINOS IT SOLUTION PRIVATE LIMITED,wayback+homepage+careers
foxolabs.com,https://www.foxolabs.com/,foxolabs,wayback+homepage+careers
otibro.com,https://otibro.com/odoo-implementation-partner/odoo-for-manufacturing-company/,Otibro Techni Private Limited,wayback+homepage+careers
kumaran.com,https://kumaran.com/,Kumaran Systems Inc,wayback+homepage
apzzo.com,https://www.apzzo.com,Apzzo Technologies Private Limited,wayback+homepage+careers
itechindia.co,https://itechindia.co/,iTech India Private Limited,wayback+homepage+careers
dcxworks.com,https://dcxworks.com/,DCXworks Private Limited,wayback+homepage+careers
trirope.com,https://www.trirope.com/,Trirope Technologies,wayback+homepage+careers
lifotechnologies.com,https://www.lifotechnologies.com/,LIFO Technologies Pvt. Ltd.,wayback+homepage+careers
ittrident.com,https://ittrident.com/index.php,itTrident,wayback+homepage+careers
qbrainstorm.com,https://qbrainstorm.com/index.php,Q Brainstorm Software,wayback+homepage+careers
thebrandopedia.in,https://thebrandopedia.in/,theBrandopedia,wayback+homepage+careers
svaantech.com,https://svaantech.com/,SVaaN Global Tech,wayback+homepage+careers
toptechsoftwaresolutions.in,https://toptechsoftwaresolutions.in/,Top tech software solutions,wayback+homepage+careers
staunchtec.com,https://www.staunchtec.com,Staunch Technologies Pvt Ltd,wayback+homepage+careers
qeagle.com,https://www.qeagle.com,Qeagle,wayback+homepage+careers
usamtechpro.com,https://www.usamtechpro.com/,USAM Technology Solution Pvt Ltd,wayback+homepage+careers
sctinfo.com,https://www.sctinfo.com/,Siva Cerulean Technologies (SCT),wayback+homepage+careers
webprogr.com,https://www.webprogr.com/,WEBPROGR.COM,wayback+homepage+careers
umm.digital,https://umm.digital/,Unified Modern Minds (UMM),wayback+homepage+careers
brewedatthelab.com,https://www.brewedatthelab.com/,Brewed @ The Lab Technologies Pvt Ltd,wayback+homepage+careers
ecphasisinfotech.com,https://www.ecphasisinfotech.com/,ECPHASIS INFOTECH - WEB DESIGNING COMPANY,wayback+homepage+careers
infologia.in,http://infologia.in,Infologia Technologies,wayback+homepage+careers
versuchetech.com,https://versuchetech.com/,Versuche Technologies Pvt Ltd,wayback+homepage+careers
rajasri.com,https://www.rajasri.com,Rajasri Systems,wayback+homepage+careers
sixthstartech.com,https://sixthstartech.com/,Sixth Star Technologies,wayback+homepage+careers
arbaan.com,https://arbaan.com,Arbaan GT Private Limited,wayback+homepage+careers
pynuxsoft.com,https://pynuxsoft.com/,Pynux Soft Solutions,wayback+homepage+careers
ehashsoft.com,https://ehashsoft.com/,eHash,wayback+homepage+careers
profuturetech.com,https://profuturetech.com,Profuture Tech Solutions Private Limited,wayback+homepage+careers
rytsensetech.com,https://rytsensetech.com/,Rytsense Technologies,wayback+homepage+careers
sieora.in,https://www.sieora.in/,SIEORA,wayback+homepage+careers
akratech.com,https://www.akratech.com/,AKRA TECH,wayback+homepage+careers
synicsys.com,http://synicsys.com/,Synic Systems Pvt Ltd,wayback+homepage+careers
mavinapps.com,http://www.mavinapps.com,mavin apps and technologies private limited,wayback+homepage+careers
kaspontech.com,http://www.kaspontech.com,Kaspon Techworks,wayback+homepage+careers
wings.design,http://www.wings.design,wingsdesign,wayback+homepage+careers
phpscriptsmall.com,https://www.phpscriptsmall.com/,PHP Scripts Mall,wayback+homepage+careers
congruentsoft.com,https://www.congruentsoft.com,Congruent,wayback+homepage+careers
ragadesigners.com,https://ragadesigners.com,Raga Designers,wayback+homepage+careers
tecnovators.com,https://tecnovators.com/,Tecnovators Software Solutions,wayback+homepage+careers
chennaiwebdesigncompany.co.in,https://www.chennaiwebdesigncompany.co.in,Chennai Web Design Company,wayback+homepage+careers
360degreeinfo.com,https://360degreeinfo.com/,360degreeinfo pvt ltd,wayback+homepage+careers
tecxperatechnologies.com,http://tecxperatechnologies.com,"Tecxpera Technologies Pvt. Ltd.,",wayback+homepage+careers
autointelli.com,https://www.autointelli.com/,Autointelli Systems Private Limited,wayback+homepage+careers
mobiwhiz.com,https://www.mobiwhiz.com,MobiWhiz.com,wayback+homepage+careers
zcodiatechnologies.com,https://www.zcodiatechnologies.com/web-development,Zcodia Technologies,wayback+homepage+careers
bytesflow.com,https://bytesflow.com/,Bytesflow Technologies,wayback+homepage+careers
webinfy.in,https://www.webinfy.in/,Webinfy,wayback+homepage+careers
vrikshatech.com,http://www.vrikshatech.com,Vriksha Techno Solutions,wayback+homepage+careers
aequalis.io,https://aequalis.io/,Aequalis Software Solutions Pvt Ltd,wayback+homepage+careers
e-orchids.com,https://e-orchids.com/,EOrchids TechSolutions,wayback+homepage+careers
opseazy.com,https://www.opseazy.com/,Opseazy,wayback+homepage+careers
foxappz.com,https://foxappz.com/,Foxappz Technologies Pvt.Ltd,wayback+homepage+careers
spiderindia.com,https://www.spiderindia.com/,Spider India,wayback+homepage+careers
coderzvisiontech.com,https://coderzvisiontech.com/,Coderz Vision Technology,wayback+homepage+careers
codetez.com,https://www.codetez.com/,CodeTez Technologies Private Limited,wayback+homepage+careers
merkatintellekt.com,https://www.merkatintellekt.com/,Merkat Intellekt Technologies Private Limited,wayback+homepage+careers
appysa.com,https://appysa.com/,Appysa Technologies,wayback+homepage+careers
zeek.digital,https://www.zeek.digital/,Zeek Digital,wayback+homepage+careers
w2xlabs.com,https://w2xlabs.com/,W2X Labs,wayback+homepage+careers
flywheelinfotech.com,https://www.flywheelinfotech.com,Flywheel Infotech,wayback+homepage+careers
srushty.com,https://www.srushty.com,srushty Global Inc,wayback+homepage+careers
smartzensolutions.com,https://www.smartzensolutions.com/,SmartZEN Solutions Private Limited,wayback+homepage+careers
peninsularresearchops.com,https://peninsularresearchops.com/,Peninsular Research Operation,wayback+homepage+careers
sukrainfotek.com,https://www.sukrainfotek.com,Sukra Infotek Solutions Private Limited,wayback+homepage+careers
sharepointdesigns.com,https://www.sharepointdesigns.com/,SharePoint Designs,wayback+homepage+careers
vilvabusiness.com,https://www.vilvabusiness.com/,Vilva Networks,wayback+homepage+careers
ysquaretechnology.com,https://www.ysquaretechnology.com/,Ysquare,wayback+homepage+careers
srmtech.com,https://www.srmtech.com/,SRM Technologies,wayback+homepage+careers
xmediasolution.com,https://www.xmediasolution.com/,Xmedia Solutions,wayback+homepage+careers
piccosoft.com,http://www.piccosoft.com/,Piccosoft Software labs India Private Limited,wayback+homepage+careers
mckayne.com,https://mckayne.com/,McKayne,wayback+homepage+careers
gemicates.com,https://gemicates.com,Gemicates Technologies Pvt Ltd,wayback+homepage+careers
harvee.tech,https://www.harvee.tech/,Harvee Technologies,wayback+homepage+careers
steppingedge.com,https://www.steppingedge.com,SteppingEdge,wayback+homepage
pragmaticsolutioninc.com,https://www.pragmaticsolutioninc.com/,Pragmatic Solutions Inc,wayback+homepage+careers
technoduces.com,https://www.technoduces.com/,Technoduce Info Solutions Pvt Ltd,wayback+homepage+careers
ngfot.com,https://www.ngfot.com/,NGFO Technologies,wayback+homepage+careers
sterlobuild.com,https://www.sterlobuild.com/,sterloBuild,wayback+homepage+careers
purchasecommerce.com,https://www.purchasecommerce.com,Purchase Commerce,wayback+homepage+careers
primorissystems.com,https://www.primorissystems.com/,Primoris Systems India Pvt Ltd,wayback+homepage+careers
innervex.com,https://innervex.com/,Innervex technologies Private limited,wayback+homepage+careers
squashapps.com,https://squashapps.com,Squash Apps Private Limited,wayback+homepage+careers
viswatechnologysolutions.com,https://viswatechnologysolutions.com,viswatechnologysolution,wayback+homepage+careers
erontechnosolutions.com,https://www.erontechnosolutions.com/,Eron Techno Solutions Pvt Ltd,wayback+homepage+careers
svrglobalsolutions.com,http://www.svrglobalsolutions.com,SVR Global Solutions,wayback+homepage+careers
pmsquaresoft.com,https://www.pmsquaresoft.com,PM Square Soft Services Private Limited,wayback+homepage+careers
katomaran.com,https://www.katomaran.com/services/web-application-development,Katomaran Technologies,wayback+homepage+careers
propluslogics.com,https://www.propluslogics.com/,ProPlus Logics,wayback+homepage+careers
brainak.com,http://www.brainak.com/,Brainak,wayback+homepage+careers
sparkouttech.com,https://www.sparkouttech.com,Sparkout Tech Solutions,homepage
msitpark.org,https://msitpark.org/,MS IT PARK,wayback+homepage+careers
webnoxsoftware.com,https://webnoxsoftware.com/,Webnox software,wayback+homepage+careers
harveedesigns.com,https://www.harveedesigns.com,Harvee Designs,wayback+homepage+careers
ucfer.in,https://ucfer.in,UCFER,wayback+homepage+careers
usistech.com,https://usistech.com,uSiS Technologies Private Limited,wayback+homepage+careers
booleanbeyond.com,https://booleanbeyond.com,Boolean and Beyond,wayback+homepage+careers
probeseven.com,http://www.probeseven.com/,PROBESEVEN,wayback+homepage+careers
latlontechnologies.com,http://www.latlontechnologies.com,latlontechnologies,wayback+homepage+careers
pptssolutions.com,https://www.pptssolutions.com/,Point Perfect Technology Solutions,wayback+homepage+careers
idreamdevelopers.com,http://www.idreamdevelopers.com,idreamdevelopers,wayback+homepage+careers
mindmade.in,https://mindmade.in/,MindMade Technologies,wayback+homepage+careers
infinitsolutions.in,https://infinitsolutions.in/,Infinit Solutions - Custom Software & Digital,wayback+homepage+careers
techbumbles.com,https://www.techbumbles.com,TechBumbles,wayback+homepage+careers
qonotech.com,https://qonotech.com/,Qono Technologies Pvt Ltd,wayback+homepage+careers
ceiyone.com,https://ceiyone.com/,Ceiyone Tech Works Private Limited,homepage
acosmicrealm.in,https://www.acosmicrealm.in,a Cosmic Realm,wayback+homepage+careers
praathee.com,http://praathee.com,Praathee Media Pvt. Limited,wayback+homepage+careers
indsysholdings.com,https://indsysholdings.com/,Indsys Holdings,wayback+homepage+careers
appsin.ai,https://appsin.ai/,Appsinai Private Limited,wayback+homepage+careers
thereciprocalsolutions.com,https://thereciprocalsolutions.com/,RECIPROCAL VENTURES PRIVATE LIMITED,wayback+homepage+careers
webmac.net,https://webmac.net,WEBMAC,wayback+homepage+careers
agnitio-systems.com,http://www.agnitio-systems.com/,Agnitio Systems,wayback+homepage+careers
mazenettech.in,https://mazenettech.in/website-development/,Mazenet Technologies,wayback+homepage+careers
digital-garage.in,https://digital-garage.in/,Digital Garage,wayback+homepage+careers
blazon.in,https://blazon.in/,Blazon,wayback+homepage+careers
webkathir.com,http://webkathir.com/,Webkathir software solutions pvt ltd,wayback+homepage+careers
teplar.com,https://www.teplar.com,Teplar Solutions,wayback+homepage+careers
cloudi5.com,https://www.cloudi5.com,Cloudi5 Technologies,wayback+homepage+careers
blazingcoders.com,https://blazingcoders.com/,Blazingcoders,wayback+homepage+careers
renoinfomatics.com,http://www.renoinfomatics.com/,Reno Infomatics,wayback+homepage+careers
rndsoftech.com,https://www.rndsoftech.com/software.html,Rnd Softech Private Limited,wayback+homepage+careers
angleritech.com,https://www.angleritech.com/,ANGLER Technologies India Pvt Ltd,wayback+homepage+careers
kpktechnology.com,https://kpktechnology.com/,KPK Technology,wayback+homepage+careers
solutionchamps.com,https://solutionchamps.com/,SolutionChamps Technologies,wayback+homepage+careers
123coimbatore.com,https://www.webdesign.123coimbatore.com,123tws,wayback+homepage+careers
aagnia.com,https://www.aagnia.com/,Aagnia Technologies,wayback+homepage+careers
kasadara.com,https://kasadara.com/,Kasadara Technology Solutions Pvt Ltd,wayback+homepage+careers
goldenaxe.io,https://www.goldenaxe.io/,GoldenAxe Technology Solutions,wayback+homepage+careers
tocyber.co,https://www.tocyber.co/contact.php,ToCyber Technologies,wayback+homepage+careers
kgisl.com,https://www.kgisl.com/,KGiSL,homepage
icore.net.in,https://www.icore.net.in/,ICore Software Technologies,wayback+homepage+careers
shriasys.com,https://www.shriasys.com,Shriasys,wayback+homepage+careers
cabotsolutions.com,http://www.cabotsolutions.com,"Cabot Technology Solutions, Inc",wayback+homepage+careers
bigformula.com,https://www.bigformula.com,BIGFORMULA Solutions,wayback+homepage+careers
brototech.com,https://brototech.com/,BrotoTech,wayback+homepage+careers
fingent.com,https://www.fingent.com,Fingent,wayback+homepage
orangedice.ae,https://www.orangedice.ae,Orangedice Solutions FZC LLC,wayback+homepage+careers
alignminds.com,https://alignminds.com/,AlignMinds Technologies,wayback+homepage+careers
yellowfish.in,https://yellowfish.in/,YellowFish Digital Innovations,wayback+homepage+careers
metrictreelabs.com,https://metrictreelabs.com/,Metric Tree Labs,wayback+homepage+careers
segurotechnologies.com,http://www.segurotechnologies.com,Seguro Technologies,wayback+homepage+careers
sayonetech.com,https://www.sayonetech.com/,SayOne Technologies,wayback+homepage+careers
mdrift.com,http://mdrift.com/,mDrift Technologies,wayback+homepage+careers
elint.in,https://www.elint.in/,elint AI,wayback+homepage+careers
techsoftweb.com,http://www.techsoftweb.com/,Techsoft Web Solutions,wayback+homepage+careers
cerebrontechnolabz.com,https://cerebrontechnolabz.com/,Cerebron Technolabz,wayback+homepage+careers
lanwaresolutions.com,https://lanwaresolutions.com/,Lanware Solutions,wayback+homepage+careers
ileafsolutions.com,http://www.ileafsolutions.com/,iLeaf Solutions Pvt Ltd,wayback+homepage
sparksupport.com,https://sparksupport.com/,SparkSupport Pvt Ltd,wayback+homepage+careers
centresource.in,https://www.centresource.in/,CENTRE SOURCE,wayback+homepage+careers
magiccodz.com,http://www.magiccodz.com/,Magiccodz Software Solutions,wayback+homepage+careers
inciem.com,https://inciem.com/,Inciem,wayback+homepage+careers
hticglobal.com,https://hticglobal.com/,HTIC Global,wayback+homepage+careers
acubeinnovations.com,http://acubeinnovations.com,Acube Innovations Pvt Ltd,wayback+homepage+careers
dazeworks.com,https://dazeworks.com/,Dazeworks Technologies,wayback+homepage+careers
piserve.com,https://piserve.com/,PiServe,wayback+homepage+careers
esightsolutions.com,https://esightsolutions.com/,Esight Business Solutions,wayback+homepage+careers
citrusinformatics.com,https://www.citrusinformatics.com,Citrus Informatics,homepage
rootracesolutions.com,https://www.rootracesolutions.com/,RootRace Software Solutions Pvt Ltd,wayback+homepage+careers
phases.io,https://phases.io,Phases,wayback+homepage+careers
vafion.com,https://vafion.com/,Vafion,wayback+homepage+careers
xynosoft.com,https://www.xynosoft.com/,Xynosoft Solutions,wayback+homepage+careers
techtaliya.com,https://www.techtaliya.com/,TechTaliya Informatics Pvt. Ltd.,wayback+homepage+careers
cvsinfosolutions.com,https://www.cvsinfosolutions.com/,CVS Info Solutions Private limited,wayback+homepage+careers
ufstechnologies.com,https://ufstechnologies.com/,UFS Technologies Pvt. Ltd.,wayback+homepage+careers
cedarsofttech.com,https://www.cedarsofttech.com/,Cedar Software Technologies Kochi,wayback+homepage+careers
sreyas.com,https://www.sreyas.com,Sreyas IT Solutions Pvt Ltd,wayback+homepage+careers
avondae.com,https://www.avondae.com,Avondae Technologies Pvt Ltd,wayback+homepage+careers
bluehorizoninfotech.com,http://bluehorizoninfotech.com/,Blue Horizon Infotech,wayback+homepage+careers
webcastletech.com,https://webcastletech.com/,WebCastle,wayback+homepage+careers
netventure.in,https://www.netventure.in/,NetVenture Digital Solutions Pvt. Ltd.,wayback+homepage+careers
spectrum.net.in,https://www.spectrum.net.in/,Spectrum Softech Solutions Pvt. Ltd,wayback+homepage+careers
undaku.com,https://www.undaku.com,Undaku,wayback+homepage+careers
thomsuninfocare.com,https://thomsuninfocare.com/,Thomsun Infocare LLP,wayback+homepage+careers
tghtech.com,https://www.tghtech.com/,TGH Tech,wayback+homepage+careers
hashroot.com,https://www.hashroot.com/,HashRoot Technologies,wayback+homepage+careers
spawoz.com,https://www.spawoz.com/,Spawoz Technologies Pvt. Ltd,wayback+homepage
codelynks.com,https://codelynks.com/,Codelynks Software Solutions,wayback+homepage+careers
cybexel.com,https://cybexel.com/,Cybexel Technologies Private Limited,wayback+homepage+careers
pitsolutions.com,https://www.pitsolutions.com/,PIT Solutions,wayback+homepage+careers
innomindtech.com,http://www.innomindtech.com,InnoMind Technologies,wayback+homepage+careers
techware.co.in,https://www.techware.co.in,Techware Solution,wayback+homepage+careers
winfysoftware.com,http://www.winfysoftware.com/,Winfy Software,wayback+homepage+careers
inventh.com,http://www.inventh.com/,Inventh,wayback+homepage+careers
oneteam.us,https://oneteam.us/,One Team US,wayback+homepage+careers
supportmonk.com,https://supportmonk.com,SupportMonk,wayback+homepage+careers
toobler.com,https://www.toobler.com/,Toobler Technologies,wayback+homepage+careers
vipointsolutions.net,https://vipointsolutions.net/,VIPoint,wayback+homepage
zweck.io,https://zweck.io/,Zweck Infotech Pvt Ltd,wayback+homepage+careers
mimototech.in,https://mimototech.in/,Mimoto Technologies,wayback+homepage+careers
feathersoft.com,https://www.feathersoft.com/,FEATHERSOFT INFO SOLUTIONS,wayback+homepage+careers
kenprimo.com,https://kenprimo.com/index.php,KENPRIMO,wayback+homepage+careers
codecl.com,https://codecl.com,Codecloud Labs,wayback+homepage+careers
whitecloudipl.com,https://www.whitecloudipl.com/,White Cloud Info Tech,wayback+homepage+careers
haatchinteractive.com,https://haatchinteractive.com,Haatch Interactive,wayback+homepage+careers
unicoconnect.com,https://unicoconnect.com/services/ai-development?utm_source=Goodfirms&utm_medium=referral,Unico Connect,wayback+homepage+careers
softlabsgroup.com,https://www.softlabsgroup.com/,Softlabs Group,wayback+homepage
deuexsolutions.com,https://deuexsolutions.com/,Deuex Solutions Pvt. Ltd.,wayback+homepage+careers
miracuves.com,https://miracuves.com/,Miracuves Solution,wayback+homepage+careers
keensolution.in,http://www.keensolution.in,Keen Solution,wayback+homepage+careers
xanthus.in,http://www.xanthus.in,Xanthus Innovations,wayback+homepage+careers
exavibes.com,https://www.exavibes.com,Exavibes Services Private Limited,wayback+homepage+careers
techunido.com,http://techunido.com/,techunido.com,wayback+homepage+careers
wovvtech.com,https://wovvtech.com/,WovVTech,wayback+homepage+careers
ascenwork.com,https://www.ascenwork.com,Ascenwork Technology,wayback+homepage+careers
goldenmace.com,http://goldenmace.com/,Goldenmace IT Solutions,wayback+homepage+careers
mypcot.com,https://www.mypcot.com,Mypcot Infotech Private Limited,wayback+homepage+careers
ade-technologies.com,http://www.ade-technologies.com,"ADe Technologies, Inc.",wayback+homepage+careers
cloudesign.com,https://www.cloudesign.com/,Cloudesign Technology Solutions LLP,wayback+homepage+careers
iqratechnology.com,https://iqratechnology.com/,Iqra Technology,wayback+homepage+careers
code-b.dev,https://code-b.dev/,Code-B Solutions,wayback+homepage+careers
rococoindia.com,http://www.rococoindia.com,Rococo Consultant Pvt. Ltd,wayback+homepage+careers
idyllic.co,https://idyllic.co/,Idyllic Software,wayback+homepage+careers
incitech.com,https://www.incitech.com/,INCI Tech LLP,wayback+homepage+careers
webiknows.com,https://webiknows.com/,Webiknows IT Solutions Pvt Ltd,wayback+homepage+careers
webdevelopmentindia.biz,http://www.webdevelopmentindia.biz/,Web Development India,wayback+homepage+careers
neosofttech.com,https://www.neosofttech.com/,NeoSOFT Technologies ® - A CMMI Level 5,wayback+homepage+careers
ascentsmartwaves.com,https://ascentsmartwaves.com/,ASCENT SmartWaves Pvt. Ltd.,wayback+homepage+careers
innowrap.com,http://www.innowrap.com/,Innowrap Technologies,wayback+homepage+careers
atritechnocrat.com,http://www.atritechnocrat.com,atritechnocrat.com,wayback+homepage+careers
trustbankcbs.com,http://www.trustbankcbs.com/,TrustBankCBS,wayback+homepage+careers
cylsys.com,https://www.cylsys.com/,Cylsys software solutions pvt ltd,wayback+homepage+careers
isocialize.co.in,https://isocialize.co.in/contact,iSocialize Technologies,wayback+homepage+careers
thinkbar.in,https://www.thinkbar.in/,THINKBAR,wayback+homepage+careers
ambiwebsolutions.com,https://ambiwebsolutions.com/,Ambi Web Solutions,wayback+homepage+careers
togglebytes.com,https://togglebytes.com,Togglebytes Technologies,wayback+homepage+careers
pikateck.com,http://www.pikateck.com,Pikateck Services,wayback+homepage+careers
onerooftech.com,https://onerooftech.com/,OneRoof Technologies LLP,wayback+homepage+careers
openui.in,https://openui.in/,OpenUI,wayback+homepage+careers
oneture.com,https://oneture.com,Oneture Technologies Pvt. Ltd.,wayback+homepage+careers
weqtechnologies.com,https://www.weqtechnologies.com/,WEQ Technologies LLP,wayback+homepage+careers
noesis.tech,https://noesis.tech,Noesis Knowledge Solutions Pvt. Ltd.,wayback+homepage+careers
hexaware.com,https://hexaware.com/,Hexaware,wayback+homepage
stzsoft.com,https://stzsoft.com/,BDS STZ TechnoSystems Pvt Ltd,wayback+homepage+careers
openspaceservices.com,https://www.openspaceservices.com,OPENSPACE SERVICES PVT LTD,wayback+homepage+careers
sategaming.com,https://sategaming.com/,Sate Gaming,wayback+homepage+careers
softcoresolutions.com,https://softcoresolutions.com/,SoftCore Solutions,wayback+homepage+careers
maxus.co.in,https://maxus.co.in,Maxus Technologies,wayback+homepage+careers
spinachexperience.design,https://www.spinachexperience.design/,Spinach Experience Design and Development,wayback+homepage+careers
coppermaxtechnologies.com,https://www.coppermaxtechnologies.com/,Coppermax Technologies,wayback+homepage+careers
takirasolutions.com,https://takirasolutions.com/,Takira Solutions Pvt Ltd,wayback+homepage+careers
lyrainfo.com,https://www.lyrainfo.com/,Lyra Infosystems Pvt. Ltd,wayback+homepage+careers
theinfoz.com,https://TheInfoz.com,Infoz Software Solution,wayback+homepage+careers
100billiontech.com,https://100billiontech.com/,100billion Tech,wayback+homepage+careers
suflon.com,https://suflon.com/,Suflon Tech LLP,wayback+homepage+careers
luciensolutions.com,https://luciensolutions.com/,Lucien Solutions,wayback+homepage+careers
hinditron.com,https://www.hinditron.com,Hinditron,wayback+homepage+careers
kloudinnovisionz.com,https://kloudinnovisionz.com/,Kloud Innovisionz,wayback+homepage+careers
eiosys.com,https://www.eiosys.com/,Eiosys Private Limited,wayback+homepage+careers
boppotechnologies.com,https://www.boppotechnologies.com/,Boppo Technologies Pvt. Ltd.,wayback+homepage+careers
500x.tech,https://500x.tech/,500x Tech Labs,wayback+homepage+careers
inotro.co.in,HTTPS://INOTRO.CO.IN,INOTRO MULTISERVICES PRIVATE LIMITED,wayback+homepage+careers
clouddbtech.com,https://clouddbtech.com,CLOUDDBTECH,wayback+homepage+careers
ervon.tech,https://ervon.tech/,Ervon Technology Pvt Ltd,wayback+homepage+careers
appetals.com,https://appetals.com/,Appetals,wayback+homepage+careers
techsphere.co.in,https://techsphere.co.in/,Techsphere,wayback+homepage+careers
swabhavventurelabs.com,https://swabhavventurelabs.com/,Swabhav Venturelabs,wayback+homepage+careers
rheal.com,http://www.rheal.com/,Rheal Software,wayback+homepage+careers
itransparity.com,https://www.itransparity.com,iTransparity Online,wayback+homepage+careers
v24.co.in,https://v24.co.in/pre-employment-screening/,V24 Solutions,wayback+homepage+careers
fourmulasoftech.com,https://fourmulasoftech.com/,Fourmula Softech Pvt Ltd,wayback+homepage+careers
kssoftech.com,https://www.kssoftech.com/,Ks Softech Pvt Ltd,wayback+homepage+careers
stringlab.org,https://stringlab.org/,STRINGLAB TECHNOLOGY SOLUTIONS Pvt. Ltd.,wayback+homepage+careers
inpured.com,https://www.inpured.com/,Inpured,wayback+homepage+careers
coffeedigital.in,https://coffeedigital.in,Coffee Digital,wayback+homepage+careers
itsolvez.com,https://itsolvez.com,ITSolvez Pvt Ltd,wayback+homepage+careers
msdsolution.com,http://www.msdsolution.com,MSD Solutions,wayback+homepage+careers
digitaltycoontech.com,https://digitaltycoontech.com,Digial Tycoon Technologies LLP,wayback+homepage+careers
argience.com,https://www.argience.com/,Argience Technologies Pvt Ltd,wayback+homepage+careers
intelebiz.com,https://www.intelebiz.com/,Intelebiz Software Pvt Ltd.,wayback+homepage+careers
insomniacs.in,https://insomniacs.in,Insomniacs,wayback+homepage+careers
revoluxsolutions.com,http://www.revoluxsolutions.com/,Revolux Solutions,wayback+homepage+careers
smglobal.in,https://smglobal.in,SM Global,wayback+homepage+careers
knoxpo.com,https://www.knoxpo.com,Knoxpo Solutions,wayback+homepage+careers
zeliant.in,http://www.zeliant.in,Zeliant Infoserve Pvt. Ltd.,wayback+homepage+careers
e10.in,https://e10.in/,e10.in,wayback+homepage+careers
greenmediatechnology.com,https://www.greenmediatechnology.com/,GreenMedia Technology Mumbai,wayback+homepage+careers
wisdmlabs.com,https://wisdmlabs.com/woocommerce-experts,WisdmLabs,wayback+homepage+careers
direction.biz,https://www.direction.biz/,Direction Software LLP,homepage
esoftech.com,https://www.esoftech.com/,eSoft Technologies Pvt. Ltd.,wayback+homepage+careers
grazingminds.co.in,https://grazingminds.co.in,Grazing Minds,wayback+homepage+careers
webarcitech.com,https://www.webarcitech.com/,Arcitech,wayback+homepage+careers
indiawebz.com,https://indiawebz.com/,IndiaWebz IT Services,wayback+homepage+careers
alphaware.io,https://www.alphaware.io/index,Alphaware Next Technologies,wayback+homepage+careers
captico.in,https://www.captico.in,Captico Consultancy,wayback+homepage+careers
schbang-q.com,https://www.schbang-q.com,Schbang Q,wayback+homepage+careers
jewelwebnet.com,https://jewelwebnet.com/,Jewel Webnet,wayback+homepage+careers
imetatech.io,https://imetatech.io/,iMeta Technologies,wayback+homepage+careers
concinnitymedia.com,https://concinnitymedia.com/,Concinnity Media,wayback+homepage+careers
techiebears.com,https://www.techiebears.com/,Techiebears Pvt Ltd,wayback+homepage+careers
simplelogic-it.com,https://simplelogic-it.com/,Simple Logic IT Pvt. Ltd.,wayback+homepage+careers
virtualeases.com,https://virtualeases.com/,Virtual Eases,wayback+homepage+careers
technicul.com,https://www.technicul.com/,Technicul Cloud LLP,wayback+homepage+careers
primenetworks.io,https://primenetworks.io/,GOPRIME NETWORKS & SYSTEMS PVT LTD,wayback+homepage+careers
bitkraft.co.in,https://bitkraft.co.in/,Bitkraft,wayback+homepage+careers
jfdigital.in,https://www.jfdigital.in,JF Digital Technologies,wayback+homepage+careers
procedure.tech,https://procedure.tech/,Procedure Technologies,wayback+homepage+careers
techuniversesolution.com,https://techuniversesolution.com/,Techuniverse Solution,wayback+homepage+careers
codetreasure.com,https://www.codetreasure.com/,Codetreasure,wayback+homepage+careers
intellibuzz.net,http://www.intellibuzz.net,Intellibuzz,wayback+homepage+careers
dynamicvishva.in,https://dynamicvishva.in/,Dynamic Vishva Technology Solutions Pvt Ltd,wayback+homepage+careers
whizzact.com,https://whizzact.com,WhizzAct Private Limited,wayback+homepage+careers
mahalasa.co.in,https://mahalasa.co.in,Mahalasa Infotech,wayback+homepage+careers
scstechindia.com,https://www.scstechindia.com/,SCS Tech India,wayback+homepage+careers
betasource.tech,https://betasource.tech/,Betasource.Tech,wayback+homepage+careers
hogoworld.com,http://www.hogoworld.com,Hogo Works Solutions Pvt. Ltd.,wayback+homepage+careers
laksn.com,https://www.laksn.com,LAKSN Technologies,wayback+homepage+careers
graymatrix.com,http://www.graymatrix.com,Gray Matrix Solutions Pvt Ltd,wayback+homepage+careers
handsintechnology.com,https://www.handsintechnology.com,Hands In Technology,wayback+homepage+careers
weblooks.in,https://www.weblooks.in,Weblooks IT Services,wayback+homepage+careers
webzino.in,https://webzino.in,WEBZINO TECHNOLOGIES PVT LTD,wayback+homepage+careers
aimedialabs.com,https://www.aimedialabs.com,AI Media Labs,wayback+homepage+careers
digitalsolutionmedia.in,https://www.digitalsolutionmedia.in/,Digital Solution Media,wayback+homepage+careers
procreator.design,https://www.procreator.design,ProCreator - Global UI UX Design Agency,wayback+homepage+careers
beeingsocial.com,https://www.beeingsocial.com/,Beeing Social,wayback+homepage+careers
saveasweb.com,https://www.saveasweb.com/,saveasweb,wayback+homepage+careers
eimindia.in,https://www.eimindia.in,Emerald Infomedia,wayback+homepage+careers
eskonwebsolutions.com,https://www.eskonwebsolutions.com/,Eskon Web Solutions,wayback+homepage+careers
kwebmaker.com,https://www.kwebmaker.com,Kwebmaker Digital,wayback+homepage+careers
blockaitech.com,https://www.blockaitech.com,blockaitech,wayback+homepage+careers
vmittech.in,https://vmittech.in/,VMIT TECHNOLOGIES PRIVATE LIMITED,wayback+homepage+careers
hnrtech.com,https://www.hnrtech.com/,HNR Tech,wayback+homepage+careers
huaindia.com,https://www.huaindia.com/,Hua Consulting LLP,wayback+homepage+careers
buzzlinkstudios.com,https://www.buzzlinkstudios.com/,Buzzlink Studios LLP,wayback+homepage+careers
infusai.com,https://infusai.com/,InfusAi,wayback+homepage+careers
geniesoftsystem.com,https://geniesoftsystem.com/,GENIE SOFT SYSTEM PVT LTD,wayback+homepage+careers
revolotech.com,https://www.revolotech.com/,Revolo Infotech,wayback+homepage+careers
bluesuninfo.com,https://www.bluesuninfo.com/,Blue Sun Info,wayback+homepage+careers
webamplifi.com,https://webamplifi.com/,WebAmplifi,wayback+homepage+careers
ptssystems.co.in,https://ptssystems.co.in/,PTS Systems & Solutions Pvt. Ltd.,wayback+homepage+careers
techind.co,https://techind.co/,Techindo Systems Private Limited,wayback+homepage+careers
hitechenterprise.in,https://hitechenterprise.in/,Hi Tech Enterprises,wayback+homepage+careers
arcitech.ai,https://arcitech.ai,Arcitech AI Solutions LLC,wayback+homepage+careers
sphereinfo.net,http://sphereinfo.net,Sphere Info Solutions Pvt. Ltd.,wayback+homepage+careers
mcansey.com,https://www.mcansey.com/,MCANSEY IT Services & Consulting Pvt Ltd,wayback+homepage+careers
ace360degree.com,https://ace360degree.com/,ace360degree,wayback+homepage+careers
onpointinsights.us,https://www.onpointinsights.us/,OnPoint Insights,wayback+homepage+careers
godrejinfotech.com,https://www.godrejinfotech.com/,Godrej Infotech,wayback+homepage+careers
fractal-web.com,https://fractal-web.com/,Fractal Web,wayback+homepage+careers
webdevelopmentmumbai.com,https://webdevelopmentmumbai.com/,Blue Diamond,wayback+homepage+careers
markitsolutions.in,https://markitsolutions.in/,Mark IT Solutions Pvt Ltd,wayback+homepage+careers
bonum.in,https://bonum.in/,Bonum eDesigns LLP,wayback+homepage+careers
zeiore.com,https://zeiore.com/,Zeiore Interactive,wayback+homepage+careers
nipralo.com,https://www.nipralo.com/,Nipralo Technologies,wayback+homepage+careers
creative-mantra.com,https://www.creative-mantra.com/,Creative Mantra,wayback+homepage+careers
oharasolution.com,https://www.oharasolution.com/,Ohara IT Solutions,wayback+homepage+careers
dgtlinnovations.com,https://www.dgtlinnovations.com,DGTL INNOVATIONS LLP,wayback+homepage+careers
innovatorwebsolutions.com,https://www.innovatorwebsolutions.com/,Innovator web solution,wayback+homepage+careers
parashifttech.com,https://www.parashifttech.com/,Parashift Technologies,wayback+homepage+careers
radils.com,https://radils.com/,Radils Technologies,wayback+homepage+careers
signaturess.com,https://www.signaturess.com/,Sigaturess Web Maker,wayback+homepage+careers
growth-loop.io,https://growth-loop.io/?utm_source=Goodfirms&utm_medium=referral,Growth Loops Technology Pvt Ltd,wayback+homepage+careers
binaryfolks.com,http://www.binaryfolks.com,Binaryfolks Pvt. Ltd.,wayback+homepage+careers
thinktoshare.com,http://thinktoshare.com/,Think To Share,wayback+homepage+careers
unifiedinfotech.net,https://www.unifiedinfotech.net/?utm_source=referral&utm_medium=Goodfirms&utm_id=Goodfirms,Unified Infotech,wayback+homepage+careers
citytechcorp.com,http://www.citytechcorp.com,CITYTECH SOFTWARE,wayback+homepage+careers
excellisit.com,https://www.excellisit.com/,Excellis IT Pvt.Ltd,wayback+homepage
techscooper.com,https://www.techscooper.com/,TechScooper,wayback+homepage+careers
innofied.com,https://www.innofied.com/,Innofied Solution,wayback+homepage+careers
axiussoftware.com,http://www.axiussoftware.com,axiusSoftware,wayback+homepage+careers
vatalks.com,https://vatalks.com/,VA Talks Consulting Pvt. Ltd.,wayback+homepage+careers
nexovah.com,https://www.nexovah.com/,Nexovah Technology,wayback+homepage+careers
ndimensionlabs.com,http://www.ndimensionlabs.com,NDIMENSION LABS,wayback+homepage+careers
hepmade.com,https://www.hepmade.com/,Hepmade,wayback+homepage+careers
digitalmarketinglab.co.in,https://www.digitalmarketinglab.co.in/,Digital Marketing Lab,wayback+homepage+careers
sbcreationgroup.com,https://www.sbcreationgroup.com/,Renu SB Creation Software Pvt Ltd (SB Creation),wayback+homepage+careers
infotechwayout.com,https://infotechwayout.com/,Infotech Wayout,wayback+homepage+careers
logicwerk.com,https://www.logicwerk.com/,Logicwerk,wayback+homepage+careers
wordsystech.com,https://wordsystech.com/,Wordsys Information technology,wayback+homepage+careers
innoraft.com,https://www.innoraft.com/,Innoraft Solutions Pvt Ltd,wayback+homepage+careers
zebratechies.com,https://zebratechies.com/,Zebra Techies Solution,wayback+homepage+careers
infoskysolutions.com,https://www.infoskysolutions.com,InfoSky Solutions,wayback+homepage+careers
sbinfowaves.com,https://sbinfowaves.com,SB Infowaves Private Limited,wayback+homepage+careers
sigmentech.com,https://sigmentech.com/,Sigmen Technologies Solutions,wayback+homepage+careers
actovision.com,https://actovision.com/,Actovision IT Solutions Pvt Ltd,wayback+homepage+careers
turaingrp.com,https://www.turaingrp.com/,Turain Software Pvt. Ltd.,wayback+homepage+careers
peregrinee.com,https://peregrinee.com/,Peregrinee,wayback+homepage+careers
dotlinkertech.com,https://dotlinkertech.com/,DotLinker Technologies Private Limited,wayback+homepage+careers
coactivesolutions.co.in,http://www.coactivesolutions.co.in/,Coactive Solutions,homepage
thetechclouds.com,https://thetechclouds.com/,The Tech Clouds,wayback+homepage+careers
businessalphabets.com,https://www.businessalphabets.com,Business Alphabets Corporation,wayback+homepage+careers
carneytechnologies.com,http://www.carneytechnologies.com/,Carney Technologies Services,wayback+homepage
vyrazu.com,http://www.vyrazu.com/,Vyrazu Labs,wayback+homepage
ogmaconceptions.com,http://www.ogmaconceptions.com,OGMA IT CONCEPTIONS PVT LTD,wayback+homepage+careers
oneskai.com,https://oneskai.com,Oneskai,wayback+homepage+careers
daeltechnologies.com,http://www.daeltechnologies.com/,Dael Technologies Pvt Ltd,wayback+homepage+careers
dgtalists.com,https://dgtalists.com/,DGTALISTS SOLUTIONS PVT. LTD.,wayback+homepage+careers
theaquarious.com,https://www.theaquarious.com,Aquarious Technology Pvt Ltd,wayback+homepage+careers
fusiontechlab.com,https://www.fusiontechlab.com/,Fusiontechlab,wayback+homepage+careers
viacon.io,https://viacon.io/,Viacon Marketing & Technologies,wayback+homepage+careers
jamtion.com,https://jamtion.com/,Jamtion,wayback+homepage+careers
ivaninfotech.com,https://www.ivaninfotech.com,Ivan Infotech Pvt Ltd,wayback+homepage+careers
intlum.com,https://www.intlum.com/,Intlum Technology,wayback+homepage+careers
maxmobility.in,http://www.maxmobility.in/,Max Mobility,wayback+homepage+careers
bargadss.com,http://bargadss.com/,Bargad Software Solution Pvt Ltd,wayback+homepage+careers
kreeti.com,http://www.kreeti.com/,Kreeti Technologies,homepage
dezigndia.com,https://dezigndia.com/,Dezigndia,wayback+homepage+careers
consac.com,https://consac.com/,Consac LLC,wayback+homepage+careers
boenci.com,https://boenci.com/,Boenci Solutions Private Limited,wayback+homepage+careers
redoq.com,https://redoq.com/,RedoQ,wayback+homepage+careers
cyberswift.com,https://www.cyberswift.com,CyberSWIFT Infotech Pvt. Ltd.,wayback+homepage+careers
centreax.com,https://centreax.com,Centreax Technologies pvt. Ltd,wayback+homepage+careers
sourcedesk.io,https://www.sourcedesk.io/,SourceDesk,wayback+homepage+careers
flewny.com,https://www.flewny.com,Flewny,wayback+homepage+careers
webviotechnologies.com,https://www.webviotechnologies.com/,Webvio Technologies Private Limited,wayback+homepage+careers
reviewindia.org,https://reviewindia.org/,Review India software and Advertising pvt ltd,wayback+homepage+careers
codeziro.in,https://www.codeziro.in/,CodeZiro,wayback+homepage+careers
bantechsolutions.com,https://www.bantechsolutions.com,Bantech,wayback+homepage+careers
beeutech.com,http://beeutech.com/,BEEU Infotech Private Limited,wayback+homepage+careers
web-design-expert.com,https://www.web-design-expert.com/,Web design expert,wayback+homepage+careers
originatesoft.com,https://originatesoft.com,Originate Soft Pvt. Ltd,wayback+homepage+careers
digitalwolf.co.in,https://www.digitalwolf.co.in/,Digital Wolf,wayback+homepage+careers
highkeen.com,https://www.highkeen.com/,Highkeen Technologies Private Limited,wayback+homepage+careers
ledgercart.in,https://ledgercart.in/,LedgerCart,wayback+homepage+careers
autonectai.com,https://www.autonectai.com/,Autonect AI,wayback+homepage+careers
velectico.com,http://www.velectico.com,Velectico Consulting Private Limited,wayback+homepage+careers
rebininfotech.com,https://www.rebininfotech.com/,Rebin Infotech,wayback+homepage+careers
itechscripts.com,https://www.itechscripts.com,iTechScripts,wayback+homepage+careers
solutioninfotech.in,https://solutioninfotech.in/,Solution Infotech,wayback+homepage+careers
grindx.io,https://grindx.io,GrindX Technologies,wayback+homepage+careers
leadstocompany.com,https://leadstocompany.com,Leadstocompany,wayback+homepage+careers
atmsoftek.in,https://atmsoftek.in/,ATM Softek,wayback+homepage+careers
mejorainfotech.com,https://www.mejorainfotech.com/,Mejora Infotech Private Limited,wayback+homepage+careers
softechsolutions.co.in,https://softechsolutions.co.in/,Softech ERP Solutions Pvt. Ltd.,wayback+homepage+careers
mahiruho.com,http://mahiruho.com/,Mahiruho Consulting Services Pvt. Ltd.,wayback+homepage+careers
idiosystech.com,https://www.idiosystech.com/,IDIOSYS TECH PRIVATE LIMITED,wayback+homepage+careers
indware.com,http://www.indware.com/,Indware Technologies Pvt. Ltd.,wayback+homepage+careers
elvirainfotech.com,https://elvirainfotech.com,Elvira infotech Pvt. Ltd.,wayback+homepage+careers
minervainfotech.com,http://www.minervainfotech.com,Minerva Infotech,wayback+homepage
lnsel.com,https://lnsel.com/,Lee & Nee Softwares (Exports) Ltd.,wayback+homepage+careers
clfsofttech.com,https://clfsofttech.com/,clfsofttech private limited,wayback+homepage+careers
comvalitsolutions.com,https://www.comvalitsolutions.com/,Comval IT Solutions PVT Ltd,wayback+homepage+careers
techwens.com,https://techwens.com/,Techwens Software Pvt Ltd,wayback+homepage+careers
wseinfratech.com,https://wseinfratech.com/,WSE Infratech Pvt. Ltd.,wayback+homepage+careers
aqualeafitsol.com,http://www.aqualeafitsol.com,AQUALEAF IT SOLUTIONS PVT LTD,wayback+homepage+careers
neuvo.co,https://neuvo.co,Neuvo WebTech LLP,wayback+homepage+careers
arkone.dev,https://arkone.dev,ArkOne Softwares,wayback+homepage+careers
niveditainfosys.com,https://niveditainfosys.com/,Nivedita infosystem,wayback+homepage+careers
carivatechnologies.com,https://www.carivatechnologies.com,Cariva Technologies,wayback+homepage+careers
exprolab.com,https://exprolab.com/,Expro Lab,wayback+homepage+careers
codeclouds.com,https://www.codeclouds.com/,CodeClouds,wayback+homepage+careers
edwidtech.com,https://edwidtech.com/,Edwid Technologies Pvt Ltd,wayback+homepage+careers
wizardcomm.net,https://www.wizardcomm.net/best-custom-software-development-company-in-saltlake-sector-2/,Wizard Communications Pvt Ltd.,wayback+homepage+careers
zentelex.com,https://zentelex.com/,Zentelex PVT. LTD.,wayback+homepage+careers
codeofdolphins.com,https://codeofdolphins.com,The Code of Dolphins,wayback+homepage+careers
aarelus.com,https://aarelus.com/,AARELUS,wayback+homepage+careers
sikdartechnologies.in,https://sikdartechnologies.in/,Sikdar Technologies Private Limited,wayback+homepage+careers
karmicksolutions.com,https://www.karmicksolutions.com/,Karmick Solutions,wayback+homepage+careers
pixelsolutionz.com,https://www.pixelsolutionz.com/,Pixel Solutionz,wayback+homepage
keevestechnologies.com,https://www.keevestechnologies.com/,Keeves Technologies Private Limited,wayback+homepage+careers
ionexplus.com,https://www.ionexplus.com,Ionexplus Infotech,wayback+homepage+careers
wiftcap.com,http://wiftcap.com,WIFT Cap Solutions Pvt. Ltd.,wayback+homepage+careers
bluecoppertech.com,https://bluecoppertech.com/,Blue Copper Technologies,wayback+homepage+careers
cleonix.com,https://www.cleonix.com/,Cleonix Technologies Pvt. Ltd.,wayback+homepage+careers
synergicsoftek.in,https://synergicsoftek.in/,Synergic Softek Solutions,wayback+homepage+careers
w3webschool.com,https://www.w3webschool.com/,W3 WEB SCHOOL,wayback+homepage+careers
globextraonline.com,https://globextraonline.com/,Globextra Online Services Private Limited,wayback+homepage+careers
cognivaa.com,https://cognivaa.com/,COGNIVAA,wayback+homepage+careers
masssoftwaresolutions.com,https://masssoftwaresolutions.com/,Mass Software Solutions Pvt Ltd,wayback+homepage+careers
webtiks.com,https://www.webtiks.com,Webtiks,wayback+homepage+careers
keylines.net,http://www.keylines.net/,keylines,homepage
timefortheweb.com,https://www.timefortheweb.com/,timefortheweb,wayback+homepage+careers
convergentinfoware.com,https://www.convergentinfoware.com/,Convergent Infoware,wayback+homepage+careers
softquake.com,https://softquake.com/,SoftQuake Systems Pvt. Ltd.,wayback+homepage+careers
objectsol.in,http://www.objectsol.in,ObjectSol Technologies Private Limited,wayback+homepage+careers
minivetsystem.com,http://www.minivetsystem.com/,Minivet System LLP,wayback+homepage+careers
shibaniwebsolutions.com,https://shibaniwebsolutions.com/,Shibani Web Solutions,wayback+homepage+careers
webinnoovators.com,https://webinnoovators.com/,Webinnovators,wayback+homepage+careers
tran-solution.net,https://www.tran-solution.net/,Transolution,wayback+homepage+careers
mbsindiaweb.com,http://www.mbsindiaweb.com/,MBS India,wayback+homepage+careers
glionconsulting.com,https://www.glionconsulting.com/,GoldenLion Consulting Services Pvt Ltd,wayback+homepage+careers
innovination.com,https://www.innovination.com/,Innovination,wayback+homepage+careers
webappssoft.com,http://webappssoft.com/,Webapps Software Solutions,wayback+homepage+careers
voyantcs.com,https://www.voyantcs.com/,Voyantt Consultancy Services,wayback+homepage+careers
inwebinfo.com,https://www.inwebinfo.com/,IntegrityWeb Informatics Pvt. Ltd.,wayback+homepage+careers
pixelconsultancy.in,https://www.pixelconsultancy.in/,Pixel Consultancy,wayback+homepage+careers
aviradigitalstudios.com,https://aviradigitalstudios.com,Avira Digital Studios,wayback+homepage+careers
codtrees.com,https://codtrees.com/,CODTREES,wayback+homepage+careers
codecreate.net,https://codecreate.net/,Codecreate,wayback+homepage+careers
alienity.com,https://www.alienity.com/,Alienity Technologies,wayback+homepage+careers
yeasitech.com,https://www.yeasitech.com/,YeasiTech,wayback+homepage+careers
elrising.in,https://elrising.in,Elrising Technology Services Pvt Ltd,wayback+homepage+careers
webideasole.com,https://webideasole.com/,Web Idea Solution LLP,wayback+homepage+careers
senrysa.com,https://senrysa.com/,Senrysa Technologies Pvt. Ltd.,wayback+homepage+careers
kussoft.net,https://kussoft.net/,kus software,wayback+homepage+careers
webstep.in,https://www.webstep.in/,Webstep Technologies Private Limited,wayback+homepage+careers
webappdesigns.com,https://www.webappdesigns.com/,Web App Designs,wayback+homepage+careers
designglobal.in,https://designglobal.in/,DESIGN GLOBAL TECHNOLOGY,wayback+homepage+careers
a1future.com,https://www.a1future.com/,A1 Future Technologies Pvt. Ltd.,wayback+homepage+careers
syscodesinfosystems.com,https://syscodesinfosystems.com/,SYSCODES INFOSYSTEMS PVT LTD,wayback+homepage+careers
braincavesoft.com,https://braincavesoft.com/,Braincave Software Private Limited,wayback+homepage+careers
aspiraglobaltech.com,https://aspiraglobaltech.com,Aspira Global Technologies,wayback+homepage+careers
walkweltech.com,https://walkweltech.com/,Walkwel Technology,wayback+homepage+careers
whmcsglobalservices.com,https://whmcsglobalservices.com/,WHMCS Global Services,wayback+homepage+careers
trigma.com,http://www.trigma.com/,Trigma,wayback+homepage+careers
indiit.com,https://indiit.com,Indi IT Solutions,wayback+homepage+careers
qservicesit.com,http://www.qservicesit.com,QServices INC,wayback+homepage+careers
vtnetzwelt.com,http://www.vtnetzwelt.com/,VTNetzwelt,wayback+homepage+careers
ditstek.com,http://ditstek.com,Ditstek Innovations,wayback+homepage+careers
debutinfotech.com,https://www.debutinfotech.com/,Debut Infotech Global Technologies LLC,wayback+homepage+careers
esferasoft.com,http://www.esferasoft.com/,Esferasoft Solutions Pvt. Ltd.,wayback+homepage+careers
netsetsoftware.com,https://www.netsetsoftware.com,NetSet Software Solutions,wayback+homepage+careers
softuvo.com,https://www.softuvo.com/,Softuvo Solutions Private Limited,wayback+homepage+careers
fatbit.com,http://www.fatbit.com,FATbit Technologies,wayback+homepage+careers
qualhon.com,https://qualhon.com/?utm_source=goodfirms&utm_medium=organic,Qualhon Informatics Pvt. Ltd.,wayback+homepage+careers
lbmsolution.com,https://www.lbmsolution.com/,LBM Solutions,wayback+homepage+careers
zapbuild.com,https://www.zapbuild.com/,Zapbuild,wayback+homepage
omninos.com,https://omninos.com,Omninos solutions,wayback+homepage+careers
rudrainnovative.com,https://www.rudrainnovative.com/custom-software-development/,Rudra Innovative Software,wayback+homepage+careers
devouttechconsultants.com,https://devouttechconsultants.com,Devout Tech Consultants,wayback+homepage+careers
zealsoftsystems.com,https://zealsoftsystems.com,Zealsoft Systems Private Limited,wayback+homepage+careers
coditi.com,https://coditi.com/,Coditi Labs Private Limited,wayback+homepage+careers
techbitsolution.com,http://www.techbitsolution.com/,Techbit Solution Pvt ltd,wayback+homepage+careers
itechnolabs.ca,https://www.itechnolabs.ca/,iTechnolabs Inc,wayback+homepage+careers
orionesolutions.com,https://www.orionesolutions.com/,Orion eSolutions Pvt. Ltd.,wayback+homepage
netqom.com,http://www.netqom.com,Netqom Software Pvt. Ltd,wayback+homepage+careers
techmarcos.com,https://techmarcos.com/,TechMarcos,wayback+homepage+careers
digital4design.com,http://www.digital4design.com/,Digital4design,wayback+homepage+careers
ucodesoft.com,https://ucodesoft.com,UcodeSoft Solutions Pvt Ltd,homepage
teqtop.com,https://www.teqtop.com,TeqTop,wayback+homepage+careers
rvtechnologies.com,https://rvtechnologies.com/,RV Technologies Softwares Pvt. Ltd.,wayback+homepage+careers
softradix.com,https://www.softradix.com/,SOFT RADIX TECHNOLOGIES PRIVATE LIMITED,wayback+homepage
cybersolutionindia.com,https://www.cybersolutionindia.com/,Cybrain Software Solutions,wayback+homepage+careers
endurancesoftwares.com,http://endurancesoftwares.com/,Endurance Softwares,wayback+homepage+careers
webtracktechnologies.com,http://www.webtracktechnologies.com/,Webtrack Technologies,wayback+homepage+careers
cropsly.com,https://cropsly.com,Cropsly Solutions Private Limited,wayback+homepage+careers
appwrk.com,https://appwrk.com/,APPWRK IT Solutions Private Limited,wayback+homepage+careers
henceforthsolutions.com,https://henceforthsolutions.com/,Henceforth Solutions Pvt Ltd,wayback+homepage+careers
foldcode.com,https://www.foldcode.com,Foldcode Solutions,wayback+homepage+careers
talentelgia.com,https://www.talentelgia.com/,Talentelgia Technologies Private Limited,wayback+homepage+careers
worksdelight.com,https://www.worksdelight.com,WorksDelight,wayback+homepage+careers
b-coder.com,http://b-coder.com/,BCoder Castle,wayback+homepage+careers
codegaragetech.com,https://codegaragetech.com/,Code Garage,wayback+homepage
offbeatsoftwaresolutions.com,http://offbeatsoftwaresolutions.com/,OFFBEAT SOFTWARE SOLUTIONS PVT LTD,wayback+homepage+careers
dikonia.com,http://www.dikonia.com,Dikonia,wayback+homepage+careers
smarter.codes,https://smarter.codes,Smarter.Codes,wayback+homepage+careers
zoptal.com,https://zoptal.com,Zoptal Solutions Pvt. Ltd.,wayback+homepage+careers
itinfonity.com,https://itinfonity.com/,IT Infonity,wayback+homepage+careers
techbuilder.ai,https://techbuilder.ai,TechBuilder,wayback+homepage+careers
dupleit.com,https://www.dupleit.com,Duple IT Solutions Pvt. Ltd.,wayback+homepage+careers
nestormind.com,https://nestormind.com/,Nestormind,wayback+homepage+careers
stelleninfotech.com,http://www.stelleninfotech.com/,Stellen Infotech,wayback+homepage+careers
iapptechnologies.com,https://iapptechnologies.com/,iApp Technologies,wayback+homepage+careers
softprodigy.com,https://www.softprodigy.com/,SoftProdigy,wayback+homepage+careers
webnersolutions.com,https://webnersolutions.com/,Webner,wayback+homepage+careers
icodelabs.co,https://icodelabs.co/,Innovative Code Labs Pvt. Ltd,wayback+homepage+careers
richestsoft.com,https://richestsoft.com/mobile-application-development.html,RichestSoft,wayback+homepage+careers
digimantra.com,https://digimantra.com/,DigiMantra,wayback+homepage+careers
nascenture.com,https://www.nascenture.com/,Nascenture,wayback+homepage+careers
blocvibe.com,https://blocvibe.com/,Blocvibe Technologies,wayback+homepage+careers
vineforce.net,https://www.vineforce.net/,Vineforce IT Services Pvt Ltd,wayback+homepage+careers
goteso.com,http://www.goteso.com,GOTESO,wayback+homepage+careers
dakshadesign.com,http://www.dakshadesign.com,Daksha Design,wayback+homepage+careers
mastersoftwaresolutions.com,http://www.mastersoftwaresolutions.com,Master Software Solutions,wayback+homepage+careers
iosandweb.net,https://iosandweb.net/,Ios And Web Technologies,wayback+homepage+careers
smartapplo.com,https://smartapplo.com/,Smart Applo,wayback+homepage+careers
netpyx.net,https://www.netpyx.net/,Netpyx,wayback+homepage+careers
kinixsystems.com,http://www.kinixsystems.com,Kinix Digital,wayback+homepage+careers
illuminz.com,http://www.illuminz.com/,Illuminz,wayback+homepage+careers
myvirtualpartner.net,https://myvirtualpartner.net,MY VIRTUAL PARTNER,wayback+homepage+careers
webethicssolutions.com,https://www.webethicssolutions.com,Webethics,wayback+homepage+careers
sensationsolutions.com,http://www.sensationsolutions.com/,Sensation Software Solutions,wayback+homepage+careers
claxamarketing.com,https://www.claxamarketing.com/,Claxa Marketing,wayback+homepage+careers
brilliantsweb.in,https://brilliantsweb.in/,Brilliants web,wayback+homepage+careers
tech-prastish.com,https://www.tech-prastish.com/,Tech Prastish Software solutions Pvt. Ltd .,wayback+homepage+careers
webastral.com,http://www.webastral.com,WebAstral InfoSystems,wayback+homepage+careers
virtualoplossing.com,https://virtualoplossing.com/,Virtual oplossing,wayback+homepage+careers
touchwoodtechnologies.com,https://touchwoodtechnologies.com/,Touchwood Technologies,wayback+homepage+careers
webutopian.com,https://www.webutopian.com,Web Utopian Technologies,wayback+homepage+careers
cloudwebsolutions.in,https://cloudwebsolutions.in/,Cloud Web Solutions,wayback+homepage+careers
codebeelab.com,https://codebeelab.com/,Codebee lab Pvt. ltd,wayback+homepage+careers
lnpinfotech.com,https://lnpinfotech.com/,LnP Infotech Pvt. Ltd. -,wayback+homepage+careers
ethersofts.com,https://ethersofts.com,Ethersofts,wayback+homepage+careers
skynox.tech,https://skynox.tech,Skynox Tech,wayback+homepage+careers
megamindcreations.com,https://www.megamindcreations.com/,Megamind Creations,wayback+homepage+careers
neuroml.ai,https://neuroml.ai/,neuroml.ai,wayback+homepage+careers
vibrantick.in,https://vibrantick.in/,Vibrantick Infotech Solutions,wayback+homepage+careers
itcompanymohali.in,https://itcompanymohali.in/,It company Mohali,wayback+homepage+careers
spineor.com,http://spineor.com/,Spineor Webservices Pvt. Ltd.,wayback+homepage+careers
intellizap.com,http://www.intellizap.com,INTELLIZAP CONSULTING,wayback+homepage+careers
winuxsoftwaresolutions.com,http://www.winuxsoftwaresolutions.com,Winux Software Solutions Pvt Ltd,wayback+homepage+careers
canvascraft.media,https://www.canvascraft.media,Canvas Craft Media,wayback+homepage+careers
lpinfotech.com,https://lpinfotech.com/,LP Infotech,wayback+homepage+careers
datatroops.io,https://datatroops.io/,DataTroops LLP,wayback+homepage+careers
pixoatic.com,https://www.pixoatic.com/,Pixoatic Solutions,wayback+homepage+careers
ultivic.com,https://ultivic.com/,Ultivic Private Limited,wayback+homepage+careers
indiwork.co.in,http://indiwork.co.in/,IndiWork,wayback+homepage+careers
supremetechnologiesindia.com,https://supremetechnologiesindia.com/,Supreme Technologies,wayback+homepage+careers
bezzietechnologies.com,http://www.bezzietechnologies.com,Bezzie Technologies,wayback+homepage+careers
facebook.com,https://www.facebook.com/billionxofficial,billionX,wayback+homepage+careers
rndexperts.com,https://rndexperts.com/,RND Experts,wayback+homepage+careers
ditinustechnology.com,https://ditinustechnology.com/,Ditinus™ Technology Private Limited,wayback+homepage+careers
crownhillsolutions.com,https://crownhillsolutions.com/,Crown Hill IT Solutions,wayback+homepage+careers
grootsoftwares.com,https://grootsoftwares.com/,Groot Software solutions,wayback+homepage+careers
scientiabusiness.online,https://scientiabusiness.online/,Scientia Infotech and Engineering Solutions,wayback+homepage+careers
weblance.co.in,https://www.weblance.co.in/,Weblance Technologies,wayback+homepage+careers
empericinnovations.com,https://www.empericinnovations.com/,Emperic Innovations,wayback+homepage+careers
codewebster.com,https://codewebster.com/,CodeWebster,wayback+homepage+careers
brihaspatitech.com,http://www.brihaspatitech.com/hire-magento-developer/,The Brihaspati Infotech Pvt. Ltd,wayback+homepage+careers
iamtechie.com,https://iamtechie.com/,Techies Infotech,wayback+homepage+careers
vibhuti.biz,https://www.vibhuti.biz/,Vibhuti Technologies,wayback+homepage+careers
twinstechnolabs.com,https://twinstechnolabs.com/,Twins Technolabs Private Limited,wayback+homepage+careers
emetechnologies.com,https://www.emetechnologies.com/,EME Technologies,wayback+homepage+careers
invitosoftwaresolutions.com,https://invitosoftwaresolutions.com/,Invito Software Solutions,wayback+homepage+careers
ameotech.com,http://www.ameotech.com/,Ameotech Informatics,wayback+homepage+careers
rhombusinfotech.com,http://www.rhombusinfotech.com,RHOMBUS INFOTECH PVT LTD,wayback+homepage+careers
binarydata.in,https://www.binarydata.in,Binary Data,wayback+homepage+careers
harmonydi.com,http://harmonydi.com/,Harmony Data Integration Technologies Pvt. Ltd.,wayback+homepage+careers
32bitsolutions.com,https://32bitsolutions.com/,32 Bit Solutions,wayback+homepage+careers
cssoftsolutions.com,https://www.cssoftsolutions.com,CS Soft Solutions India Pvt. Ltd.,homepage
mountcode.com,http://mountcode.com/,Mountcode Technology,wayback+homepage+careers
iwebcode.design,https://iwebcode.design/,IWEBCODE,wayback+homepage+careers
bootesnull.com,https://bootesnull.com/,BootesNull,wayback+homepage+careers
webmonde.in,https://webmonde.in/,Webmonde Softtech Solutions,wayback+homepage+careers
fortecwebsolutions.com,https://fortecwebsolutions.com/,Fortec Web Solutions Pvt. Ltd.,wayback+homepage+careers
apidots.com,https://apidots.com,API Dots PVT LTD,wayback+homepage+careers
studio45creations.com,http://studio45creations.com/,Studio45Creations,wayback+homepage+careers
spireitservices.com,https://www.spireitservices.com/,Spire IT Services,wayback+homepage+careers
volvsoft.com,https://volvsoft.com/,Volvsoft India Pvt. Ltd,wayback+homepage+careers
whmcssmarters.com,https://www.whmcssmarters.com/,WHMCS Smarters,wayback+homepage+careers
arielsoftwares.com,https://www.arielsoftwares.com/,Ariel Software Solutions Pvt. Ltd,wayback+homepage+careers
xorsolutions.in,https://xorsolutions.in/,xor solutions inc,wayback+homepage+careers
penthara.com,https://www.penthara.com/,Penthara Technologies,wayback+homepage+careers
grintechwebagency.com,https://grintechwebagency.com/,Grintech Web Agency,wayback+homepage+careers
debugged-pro.com,https://debugged-pro.com/,Debugged Pro Pvt. Ltd.,wayback+homepage+careers
tripleminds.co,https://tripleminds.co/,Triple Minds,wayback+homepage+careers
step2gen.com,https://www.step2gen.com/,Step2gen Technologies Pvt. Ltd.,wayback+homepage+careers
snabbtech.com,https://snabbtech.com,SnabbTech,wayback+homepage+careers
sortiqsolutions.com,https://sortiqsolutions.com/,Sortiq Solutions Pvt. Ltd.,wayback+homepage+careers
kodegurus.com,https://kodegurus.com/,Kodegurus,wayback+homepage+careers
alphurious.com,https://alphurious.com/,Alphurious Technologies,wayback+homepage+careers
truxco.com,https://www.truxco.com/,Truxco Technologies,wayback+homepage+careers
jiwebtech.com,https://jiwebtech.com/,jiWeb Technologies,wayback+homepage+careers
smallcopper.com,https://smallcopper.com/,Small Copper Technologies,wayback+homepage+careers
apptech.mobi,https://apptech.mobi/,AppTech Mobi,wayback+homepage+careers
fiverivers.net,https://fiverivers.net,Fiverivers IT Solution,wayback+homepage+careers
whizcamp.tech,https://whizcamp.tech/,Whizcamp Private Limited,wayback+homepage+careers
zimo.one,https://zimo.one/,zimo.one,wayback+homepage+careers
fusiontecz.com,https://www.fusiontecz.com/,Fusiontecz,wayback+homepage+careers
enestit.com,https://enestit.com/,eNest technologies,wayback+homepage+careers
devinlocal.com,https://devinlocal.com/,Devin Local Agency,wayback+homepage+careers
creativebuffer.com,https://creativebuffer.com/,Creative Buffer Consultancy Private Limited,wayback+homepage+careers
theobsidians.com,https://theobsidians.com/,The Obsidians,wayback+homepage+careers
upbrighter.com,https://www.upbrighter.com/,Upbrighter,wayback+homepage+careers
seospacecastle.com,https://seospacecastle.com/,SEO Space Castle,wayback+homepage+careers
hatch2web.com,https://hatch2web.com/,Hatch2web IT Solutions,wayback+homepage+careers
seasmartz.com,https://seasmartz.com/,Seasmartz Technologies LLP,wayback+homepage+careers
xornor.co,http://www.xornor.co/,Xornor Technologies Pvt. Ltd.,wayback+homepage+careers
brucode.com,http://www.brucode.com/,Brucode Technologies,wayback+homepage+careers
kbihm.com,https://www.kbihm.com,Kbihm Consulting Pvt. Ltd.,wayback+homepage+careers
techstriker.com,https://www.techstriker.com/,Tech Striker,wayback+homepage+careers
smartzminds.com,https://smartzminds.com/,Smartz Minds,wayback+homepage+careers
kodionsoftwares.com,http://www.kodionsoftwares.com/,Kodion Softwares Pvt. Ltd.,wayback+homepage+careers
mabzone.com,http://www.mabzone.com/,MABZONE TECHNOLOGIES PRIVATE LIMITED,wayback+homepage+careers
klocrix.com,http://klocrix.com,Klocrix Business Solutions Pvt Ltd,wayback+homepage+careers
wisdominfosoft.com,https://wisdominfosoft.com,Wisdom Infosoft Pvt Ltd,wayback+homepage+careers
dabstersofttech.com,http://dabstersofttech.com/,Dabster SoftTech,wayback+homepage+careers
teqlis.com,https://www.teqlis.com,Teqlis,wayback+homepage+careers
beyondroot.com,https://beyondroot.com/,Beyond Root Technology,wayback+homepage+careers
backupinfotech.com,https://backupinfotech.com/,Backup Infotech,wayback+homepage+careers
webcomsystem.net,https://webcomsystem.net/,Webcom Systems Pvt Ltd,wayback+homepage+careers
amruttechnologies.com,https://amruttechnologies.com/,Amrut Technologies,wayback+homepage+careers
codedrillinfotech.com,https://www.codedrillinfotech.com/,CodeDrill Infotech Pvt. Ltd.,wayback+homepage+careers
authenticode.in,https://authenticode.in/index.html,AuthentiCode,wayback+homepage+careers
itechvision.in,https://www.itechvision.in/,ItechVision Japan,wayback+homepage+careers
webgarh.com,https://webgarh.com/,WebGarh Solutions,wayback+homepage+careers
webprofessor.in,https://webprofessor.in/,Web Professor,wayback+homepage+careers
sequere.com,https://sequere.com,Sequere Technologies,wayback+homepage+careers
iwdtechnologies.com,https://iwdtechnologies.com/,IWD Technologies,wayback+homepage+careers
techglock.com,https://techglock.com,TechGlock Software Solutions,wayback+homepage+careers
gsquarewebtech.com,https://www.gsquarewebtech.com/,Gsquare Web Technologies Pvt Ltd,wayback+homepage+careers
akaalwebsoft.com,https://akaalwebsoft.com,Akaal WebSoft Pvt. Ltd,wayback+homepage+careers
epiphanyinfotech.com,https://www.epiphanyinfotech.com/,Epiphany Infotech,wayback+homepage+careers
deedars.com,https://deedars.com/,Deedar Technologies,wayback+homepage+careers
sofster.com,https://sofster.com/,Sofster,wayback+homepage+careers
trycyfer.com,https://www.trycyfer.com/,Trycyfer Technologies,wayback+homepage+careers
numerogen.com,https://numerogen.com/mobile-app-development-company-canada/,Numerogen Solutions,wayback+homepage+careers
digisoftsolution.com,https://www.digisoftsolution.com/,Digisoft Solution,wayback+homepage+careers
bytecodetechnologies.in,https://bytecodetechnologies.in/,Bytecode Technologies Pvt ltd.,wayback+homepage+careers
digiquack.com,http://www.digiquack.com,DigiQuack Technologies,wayback+homepage+careers
betabyte.in,https://www.betabyte.in/,Beta Byte Technologies,wayback+homepage+careers
chipwebtechnologies.com,http://www.chipwebtechnologies.com,Chip Web Technologies,wayback+homepage+careers
tru.agency,https://tru.agency/,Tru Agency,wayback+homepage+careers
appsynclabs.com,https://appsynclabs.com/,Appsync Labs,wayback+homepage+careers
aiinfox.com,https://aiinfox.com/,AiInfox,wayback+homepage+careers
vavensoft.com,https://www.vavensoft.com/,Vavensoft Pvt.Ltd.,wayback+homepage+careers
ramamtech.com,https://ramamtech.com,Ramam Tech,wayback+homepage+careers
codioustechnologies.com,https://codioustechnologies.com/,Codious Technologies,wayback+homepage+careers
millipixels.com,https://millipixels.com/,Millipixels Interactive LLP,wayback+homepage+careers
sociohype.in,https://sociohype.in,SocioHype Agency,wayback+homepage+careers
alluringinfotech.com,https://alluringinfotech.com/,Alluring Infotech Solutions,wayback+homepage+careers
wiriserrisetogether.com,https://wiriserrisetogether.com,Wiriser Rise Together,wayback+homepage+careers
naxtre.com,http://www.naxtre.com/,Naxtre,wayback+homepage+careers
hubprotech.com,https://www.hubprotech.com,Hubprotech Private Limited,wayback+homepage+careers
immanentsolutions.com,https://immanentsolutions.com,ImmanentSolutions,wayback+homepage+careers
technodeviser.com,https://technodeviser.com,Techknow Deviser Professional Pvt. Ltd.,wayback+homepage+careers
geekybones.com,https://www.geekybones.com,GeekyBones,wayback+homepage+careers
netscapelabs.com,https://netscapelabs.com/,Netscape Labs Infotech Pvt Ltd,wayback+homepage+careers
digidest.in,https://digidest.in/,Digidest,wayback+homepage+careers
iedgesoft.com,https://www.iedgesoft.com/,iEdgeSoft Solutions,wayback+homepage+careers
settingsinfotech.com,https://settingsinfotech.com,Settings Infotech,wayback+homepage+careers
inventam.com,https://inventam.com/,Inventam Tech Solution (OPC) pvt. ltd.,wayback+homepage+careers
codewinglet.com,https://www.codewinglet.com,Codewinglet Private Limited,wayback+homepage+careers
webvolty.com,http://www.webvolty.com/,Webvolty IT Solution,wayback+homepage+careers
neoverce.com,https://neoverce.com/,Neoverce IT Solutions LLP,wayback+homepage+careers
sensussoft.com,https://sensussoft.com/,Sensussoft Software Pvt.Ltd,wayback+homepage+careers
uniqualitech.com,https://uniqualitech.com/,UniQual iTech,wayback+homepage+careers
plusinfolab.com,https://plusinfolab.com/,PlusInfoLab,wayback+homepage+careers
tecocraft.co.uk,https://www.tecocraft.co.uk,Tecocraft PVT. LTD,wayback+homepage+careers
jsbot.io,http://jsbot.io/,JSbot,wayback+homepage+careers
kintudesigns.com,http://kintudesigns.com/,Kintu Designs Pvt. Ltd.,wayback+homepage+careers
netsolitsolution.com,https://netsolitsolution.com,Netsol IT Solutions Pvt. Ltd,wayback+homepage+careers
coruscatesolution.com,https://www.coruscatesolution.com/,Coruscate Solutions Pvt Ltd,wayback+homepage+careers
idea2codeinfotech.com,https://idea2codeinfotech.com/,Idea2Code Infotech LLP,wayback+homepage+careers
optimumbrew.com,http://optimumbrew.com/,OptimumBrew Technology,wayback+homepage+careers
tanthetaa.com,https://tanthetaa.com/,Tanθ Software Studio,wayback+homepage+careers
knovator.com,https://knovator.com/,Knovator Technologies,wayback+homepage+careers
tatvamasilabs.com,https://tatvamasilabs.com/,Tatvamasi Labs,wayback+homepage+careers
softices.com,https://softices.com/,Softices Consultancy Pvt. Ltd.,wayback+homepage+careers
qwesys.com,http://www.qwesys.com/,Qwesys Digital Solutions,wayback+homepage+careers
prilancers-infotech.com,https://www.prilancers-infotech.com,Prilancers infotech,wayback+homepage+careers
vpninfotech.com,http://www.vpninfotech.com/,VPN Infotech,wayback+homepage+careers
growworkinfotech.com,https://growworkinfotech.com,Growwork Infotech,wayback+homepage+careers
codeedoc.com,https://codeedoc.com/,CODEEDOC,wayback+homepage+careers
geminatesolutions.com,https://geminatesolutions.com,Geminate Solutions Private Limited,wayback+homepage+careers
trakshym.com,https://trakshym.com,Trakshym,wayback+homepage+careers
cirklestudio.co,http://www.cirklestudio.co/,Cirkle Studio Pvt. Ltd.,wayback+homepage+careers
bitrixinfotech.com,https://www.bitrixinfotech.com/,Bitrix Infotech Pvt Ltd,wayback+homepage+careers
votiko.com,https://votiko.com/,Votiko Solutions,wayback+homepage+careers
softnoesis.com,https://www.softnoesis.com/,Softnoesis Private Limited,wayback+homepage+careers
keviak.com,https://www.keviak.com/,Keviak Technologies,wayback+homepage+careers
sarvadhi.com,https://sarvadhi.com,Sarvadhi Solutions Pvt Ltd,wayback+homepage+careers
onviqa.com,https://onviqa.com/,Onviqa Pvt. Ltd.,wayback+homepage+careers
lathiyasolutions.com,https://www.lathiyasolutions.com,Lathiya Web Solution,wayback+homepage+careers
teamunibrains.com,https://teamunibrains.com/,Team Unibrains,wayback+homepage+careers
raininfotech.com,https://www.raininfotech.com/,Raininfotech,wayback+homepage+careers
softwebmlm.com,https://softwebmlm.com/,Future Technologies,wayback+homepage+careers
zluck.com,https://zluck.com/,Zluck Solutions,wayback+homepage+careers
techstaunch.com,https://techstaunch.com,TechStaunch,wayback+homepage+careers
freshcodes.in,https://freshcodes.in,Freshcodes Technology,wayback+homepage+careers
techventrix.com,https://www.techventrix.com/,Techventrix,wayback+homepage+careers
elaunchinfotech.com,https://www.elaunchinfotech.com,E Launch Solution Pvt. Ltd.,wayback+homepage+careers
aviansoft.in,https://aviansoft.in/,Aviansoft Private Limited,wayback+homepage+careers
weingenious.com,https://www.weingenious.com/,Weingenious Technocrats,wayback+homepage+careers
jspinfotech.com,https://www.jspinfotech.com,JSP Infotech,wayback+homepage+careers
qodors.com,http://www.qodors.com,qodors,wayback+homepage+careers
shreejisoftware.com,https://shreejisoftware.com/,Shreeji Software,wayback+homepage+careers
delemontstudio.com,https://www.delemontstudio.com,Delemont Studio,wayback+homepage+careers
matlabinfotech.com,https://www.matlabinfotech.com/,Matlab Infotech,wayback+homepage+careers
logixbuilt.com,https://www.logixbuilt.com/,Logix Built Solutions Private Limited,wayback+homepage+careers
artrueinfotech.com,https://www.artrueinfotech.com,Artrue Infotech,wayback+homepage+careers
blackbugs.in,https://www.blackbugs.in,BLACKBUGS TECHNOLOGIES LLP,wayback+homepage+careers
bitsshadow.com,https://bitsshadow.com/,Bitsshadow LLP,wayback+homepage+careers
taglineinfotech.com,https://www.taglineinfotech.com/,Tagline Infotech,wayback+homepage+careers
theplanetsoft.com,https://www.theplanetsoft.com/,ThePlanetSoft,wayback+homepage+careers
kashinfosolutions.com,https://kashinfosolutions.com/,kash info solutions pvt Ltd.,wayback+homepage+careers
kukamitechnology.com,https://kukamitechnology.com/,kukami technology,wayback+homepage+careers
enactsoft.com,https://www.enactsoft.com/,EnactSoft,wayback+homepage+careers
webiots.com,https://www.webiots.com/,Webiots LLC,wayback+homepage+careers
edeltacorp.com,https://www.edeltacorp.com/,eDelta Technologies,wayback+homepage+careers
weapplinse.com,https://weapplinse.com/,Weapplinse Technologies LLP,wayback+homepage+careers
bvminfotech.com,http://bvminfotech.com/,BVM Infotech,wayback+homepage+careers
grewon.com,https://grewon.com/,Grewon Technologies,wayback+homepage+careers
nexprism.com,https://nexprism.com/,Nexprism,wayback+homepage+careers
bitcodingsolutions.com,https://bitcodingsolutions.com/,BitCoding Solutions Pvt Ltd,wayback+homepage+careers
lanetteam.com,https://www.lanetteam.com/,La Net Team Software Solution,wayback+homepage+careers
upnextsoftware.com,https://upnextsoftware.com/,UpNext Software Private Limited,wayback+homepage+careers
ebizzinfotech.com,https://www.ebizzinfotech.com/,Greencom Ebizz Infotech,wayback+homepage+careers
tretainfotech.com,http://www.tretainfotech.com,Treta Infotech,wayback+homepage+careers
upstairtechnologies.com,http://www.upstairtechnologies.com/,Upstair Technologies LLP,wayback+homepage+careers
laminds.com,https://laminds.com/,LaMinds,wayback+homepage+careers
itechcloudsolution.com,https://www.itechcloudsolution.com/,iTechCloud Solution,wayback+homepage+careers
unizoy.com,https://www.unizoy.com/,Unizoy,wayback+homepage+careers
craxus.com,https://www.craxus.com/,Craxus Software Solutions Pvt. Ltd.,wayback+homepage+careers
jyotitechnosoft.com,https://jyotitechnosoft.com/,Jyoti Technosoft LLP,wayback+homepage+careers
zerotwosolutions.com,https://www.zerotwosolutions.com/,Zerotwo Solutions,wayback+homepage+careers
opulasoft.com,https://opulasoft.com/,Opula Software Development Pvt. Ltd.,wayback+homepage+careers
infyom.com,https://infyom.com,InfyOm Technologies,wayback+homepage+careers
thehypertech.in,https://thehypertech.in/,The Hyper Tech,wayback+homepage+careers
whitestoneinfotech.com,https://whitestoneinfotech.com,WhiteStone Infotech,wayback+homepage+careers
flexioninfotech.com,https://flexioninfotech.com/,Flexion Infotech Pvt Ltd,wayback+homepage+careers
jayamsoft.net,https://www.jayamsoft.net/index,JayamSoft,wayback+homepage+careers
planicsdev.com,https://planicsdev.com/,PlanicsDev Infotech LLP,wayback+homepage+careers
declone.io,https://declone.io/,Declone Labs PVT LTD,wayback+homepage+careers
atologistinfotech.com,https://atologistinfotech.com/en/,Atologist Infotech Pvt Ltd,wayback+homepage+careers
aarvitechnology.com,https://www.aarvitechnology.com/,Aarvi Technology,wayback+homepage+careers
ideoplant.com,https://www.ideoplant.com/,Ideoplant Infotech LLP,wayback+homepage+careers
oozeetech.com,http://www.oozeetech.com,OOZEE Technologies,wayback+homepage+careers
kamaldhari.com,https://kamaldhari.com,KamalDhari Infotech,wayback+homepage+careers
vetron.in,https://vetron.in/,Vetron IT Servcies,wayback+homepage+careers
securemetasys.com,https://www.securemetasys.com/,SecureMetaSys Infotech Pvt. Ltd.,wayback+homepage+careers
rejoicehub.com,https://rejoicehub.com/,Rejoicehub,wayback+homepage+careers
accreteit.com,https://www.accreteit.com/,Accrete InfoTech,wayback+homepage+careers
cscodetech.com,https://cscodetech.com,CSCODETECH,wayback+homepage+careers
instanceit.com,https://instanceit.com,Instance IT Solutions,wayback+homepage+careers
magentobrain.com,https://magentobrain.com/,MagentoBrain,wayback+homepage+careers
cypherinsights.com,https://cypherinsights.com/,Cypher Tech,wayback+homepage+careers
propelius.tech,https://www.propelius.tech/,Propelius Technologies,wayback+homepage+careers
empiricinfotech.com,https://empiricinfotech.com/,Empiric Infotech LLP,wayback+homepage+careers
codelyinfotech.com,https://codelyinfotech.com/,Codely infotech,wayback+homepage+careers
advetfly.com,https://www.advetfly.com/,ADVETFLY SOLUTIONS LLP,wayback+homepage+careers
triveniglobalsoft.com,https://triveniglobalsoft.com/,Triveni Global Software Services LLP,wayback+homepage+careers
kryoverse.com,https://kryoverse.com,Kryoverse Innovations,wayback+homepage+careers
alitainfotech.com,https://alitainfotech.com/,Alita Infotech Pvt. Ltd,wayback+homepage+careers
vivatechservices.in,https://www.vivatechservices.in/,Viva Tech Services,wayback+homepage+careers
bizztech.in,https://www.bizztech.in,BizzTech IT Solutions,wayback+homepage+careers
appworldinfotech.com,https://www.appworldinfotech.com,AppWorld Infotech,wayback+homepage+careers
frontbitsolutions.com,https://frontbitsolutions.com/,FrontbIT Solutions,wayback+homepage+careers
autotrophit.com,https://www.autotrophit.com,Autotroph Infotech,wayback+homepage+careers
ciphernutz.com,https://ciphernutz.com/?utm_source=goodfirms&utm_medium=company-profile,Ciphernutz IT Services,wayback+homepage+careers
3elitist.com,https://3elitist.com,ELITIST SOFTWARE SOLUTIONS LLP,wayback+homepage+careers
popway.in,https://www.popway.in/,Popway Software Pvt Ltd,wayback+homepage+careers
helixwebi.net,https://www.helixwebi.net/,Helixwebi,wayback+homepage+careers
scriptussolutions.com,https://www.scriptussolutions.com,Scriptus Solutions Pvt. Ltd.,wayback+homepage+careers
anantkaal.com,https://anantkaal.com/,Anantkaal,wayback+homepage+careers
coderdevise.com,https://coderdevise.com/,CODER DEVISE,wayback+homepage+careers
tenzed.com,https://www.tenzed.com/,Tenzed Tech LLP,wayback+homepage+careers
benzatine.com,https://benzatine.com/,Benzatine Infotech,wayback+homepage+careers
regenapps.com,https://regenapps.com/,Regenapps Clouds Private Limited,wayback+homepage+careers
alkmeninfotech.in,https://alkmeninfotech.in/,Alkmen Infotech,wayback+homepage+careers
apexture.in,https://apexture.in/,Apexture Private Limited,wayback+homepage+careers
thekmsoft.com,https://thekmsoft.com/,KM Soft,wayback+homepage+careers
nexotips.com.au,https://nexotips.com.au/,Nexotips Infotech,wayback+homepage+careers
softstorm.in,http://softstorm.in,SoftStorm Technosys Pvt. Ltd.,wayback+homepage+careers
omeecron.com,https://www.omeecron.com/,Omeecron Solutions,wayback+homepage+careers
sapientcodelabs.com,http://sapientcodelabs.com/,Sapient Codelabs,wayback+homepage+careers
semicolonsolution.com,https://www.semicolonsolution.com,Semicolon Solution,wayback+homepage+careers
braincuber.com,https://www.braincuber.com/,Braincuber Technologies,wayback+homepage+careers
skyllect.com,https://skyllect.com,Skyllect Private Limited,wayback+homepage+careers
marelab.in,https://marelab.in/,MareLab Services,wayback+homepage+careers
thetasol.com,https://thetasol.com,ThetaSoln,wayback+homepage+careers
opulotech.com,https://opulotech.com/,OpuloTech,wayback+homepage+careers
websinception.com,https://websinception.com/,Websinception Software Company,wayback+homepage+careers
artikinfotech.com,https://artikinfotech.com/,Artik Infotech,wayback+homepage+careers
sabhayasolutions.com,https://sabhayasolutions.com,Sabhaya Solutions LLP,wayback+homepage+careers
avrut.com,https://www.avrut.com/,Avrut Solution,wayback+homepage+careers
genextwebs.com,https://www.genextwebs.com,Genextwebs Technologies,wayback+homepage+careers
nothinginfo.com,https://nothinginfo.com/,Nothing Info,wayback+homepage+careers
innovativeiteration.com,https://innovativeiteration.com/,Innovative Iteration,wayback+homepage+careers
techsoulsolutions.com,https://www.techsoulsolutions.com/,Techsoul Solutions,wayback+homepage+careers
rohmate.com,https://www.rohmate.com,Rohmate,wayback+homepage+careers
gvmtechnologies.com,http://www.gvmtechnologies.com,GVM Technologies,wayback+homepage+careers
p9labs.com,https://www.p9labs.com/,P9Labs Inc,wayback+homepage+careers
whitelioninfosystems.com,https://www.whitelioninfosystems.com/,Whitelion Infosystems,wayback+homepage+careers
solwininfotech.com,https://www.solwininfotech.com/,Solwin Infotech LLP,wayback+homepage+careers
canopas.com,http://canopas.com/,Canopas Software,wayback+homepage+careers
daydreamsoft.com,https://www.daydreamsoft.com,Daydreamsoft Infotech LLP,wayback+homepage+careers
webashlar.com,http://webashlar.com/,WebAshlar,wayback+homepage+careers
impliessolution.com,https://impliessolution.com/,Implies Solution,wayback+homepage+careers
geekwebsolution.com,https://geekwebsolution.com/,Geek Web Solution,wayback+homepage+careers
marutiinfosoft.com,https://marutiinfosoft.com/,Maruti InfoSoft,wayback+homepage+careers
msquaretec.com,http://www.msquaretec.com/,M-Square Technologies,wayback+homepage+careers
patoliyainfotech.com,https://patoliyainfotech.com,Patoliya Infotech,wayback+homepage+careers
ghanshyamdigital.com,https://ghanshyamdigital.com,Ghanshyam Digital LLP,wayback+homepage+careers
ionicsolutions.in,https://www.ionicsolutions.in/,Ionic Solutions,wayback+homepage+careers
stackholic.com,https://stackholic.com/,Stackholic Infotech,wayback+homepage+careers
tameta.tech,https://tameta.tech/,Tameta Tech,wayback+homepage+careers
lahagora.com,https://lahagora.com/,LahaGora,wayback+homepage+careers
codesmithinfosoft.com,https://codesmithinfosoft.com/,CodeSmith InfoSoft,wayback+homepage+careers
opashsoftware.com,https://www.opashsoftware.com/,Opash Software,wayback+homepage+careers
marqueesolution.com,https://marqueesolution.com,Marquee Solution,wayback+homepage+careers
odaninfotech.com,https://odaninfotech.com/,Odan Infotech,wayback+homepage+careers
bluebittechnologies.com,https://bluebittechnologies.com/,BlueBit Technologies,wayback+homepage+careers
thatsend.com,https://www.thatsend.com/,ThatsEnd Pvt. Ltd.,wayback+homepage+careers
digitruction.com,https://digitruction.com,Digitruction,wayback+homepage+careers
svastsys.com,http://svastsys.com/,Svastsys Technology,wayback+homepage+careers
jbcodeapp.com,https://jbcodeapp.com,JBcodeapp,wayback+homepage+careers
prakashinfotech.com,https://www.prakashinfotech.com/,Prakash Software Solutions Pvt Ltd,wayback+homepage+careers
tenupsoft.com,https://www.tenupsoft.com/,Tenup Software Services,wayback+homepage+careers
slash.software,https://slash.software/,Slash Software,wayback+homepage+careers
spaculus.com,https://spaculus.com,Spaculus Software,wayback+homepage+careers
immence.com,https://immence.com,Immence,wayback+homepage+careers
aviasole.com,https://aviasole.com/,Aviasole Technologies,wayback+homepage+careers
pavansgroup.com,https://www.pavansgroup.com/,Pavans Group,wayback+homepage+careers
tecunique.com,https://tecunique.com/,TECUNIQUE PRIVATE LIMITED,wayback+homepage+careers
collonmade.com,https://www.collonmade.com/,Collonmade Company,wayback+homepage+careers
uniqtechsolutions.com,http://www.uniqtechsolutions.com/,Uniqtech Solutions,wayback+homepage+careers
avishkaritservices.com,https://avishkaritservices.com/,Avishkar IT Services,wayback+homepage+careers
shantitechnology.com,https://www.shantitechnology.com/,STERP Software Pvt. Ltd,wayback+homepage+careers
ishtechsolutions.com,http://www.ishtechsolutions.com/,Ish Tech Solutions,wayback+homepage+careers
tempuscentral.com,https://www.tempuscentral.com,Tempus Central,wayback+homepage+careers
vedxsolution.com,https://vedxsolution.com/,Vedx Solutions Pvt ltd,wayback+homepage+careers
indapoint.com,https://www.indapoint.com/,IndaPoint Technologies Pvt. Ltd.,wayback+homepage+careers
rauljitechnologies.com,https://www.rauljitechnologies.com/,Raulji Technologies,wayback+homepage+careers
intigrity.com,https://intigrity.com,integrityinfoway,wayback+homepage+careers
meghtechnologies.com,https://www.meghtechnologies.com/,Megh Technologies,wayback+homepage+careers
softweirdo.com,https://softweirdo.com,Softweirdo Solutions Private Limited,wayback+homepage+careers
nivida.in,https://www.nivida.in/,Nivida,wayback+homepage+careers
nividasoftware.com,https://www.nividasoftware.com,Nivida software,wayback+homepage+careers
evozard.com,https://www.evozard.com/,Evozard Consulting Services Pvt Ltd,wayback+homepage+careers
heliossolutions.co,https://www.heliossolutions.co/,Helios-Solutions End to End Solutions,wayback+homepage+careers
digitalwebweaver.com,https://digitalwebweaver.com/,Digital Web Weaver,wayback+homepage+careers
shreejisoftinfo.com,https://shreejisoftinfo.com/,Shreeji Softinfo Consultancy LLP,wayback+homepage+careers
consyssol.com,https://www.consyssol.com/,Concept System Solutions,wayback+homepage+careers
stersoftsolutions.com,https://stersoftsolutions.com/,Stersoft Solutions Pvt Ltd,wayback+homepage+careers
intricaretech.com,https://www.intricaretech.com,Intricare Technologies,wayback+homepage+careers
zithas.com,https://www.zithas.com/,Zithas Technologies LLC,wayback+homepage+careers
cyberscrypt.com,https://www.cyberscrypt.com,Cyberscrypt Innovations,wayback+homepage+careers
rockersinfo.com,https://www.rockersinfo.com/,Rockers Technologies,wayback+homepage+careers
promactinfo.com,https://www.promactinfo.com/,Promact Infotech Pvt Ltd.,homepage
heliconia.io,https://www.heliconia.io,Heliconia Solutions Pvt Ltd,wayback+homepage+careers
atyantik.com,https://www.atyantik.com/,Atyantik Technologies Pvt. Ltd.,wayback+homepage+careers
dualinfotechgroup.com,https://dualinfotechgroup.com/,Dual Infotech Group,wayback+homepage+careers
aroasissoftech.com,https://www.aroasissoftech.com/,Aroasis Softech,wayback+homepage+careers
elitewaresolutions.com,https://www.elitewaresolutions.com/,Eliteware Solutions,wayback+homepage+careers
appletechsoft.com,https://www.appletechsoft.com/,AppleTech Pvt. Ltd.,wayback+homepage+careers
imriel.com,https://www.imriel.com,Imriel Technology Solutions Pvt Ltd,wayback+homepage+careers
devisesystems.com,https://devisesystems.com/index.htm,Devise Software Solutions Pvt. Ltd,wayback+homepage+careers
jeenweb.com,https://jeenweb.com/,Jeenweb Technologists,wayback+homepage+careers
eyelashtechnologies.com,http://eyelashtechnologies.com,Eyelash Technologies,wayback+homepage+careers
novumlogic.com,https://novumlogic.com/,Novumlogic Technologies Pvt Ltd,wayback+homepage+careers
bitbuffs.com,http://www.bitbuffs.com,Bitbuffs Technologies Pvt Ltd,wayback+homepage+careers
pardypanda.com,https://pardypanda.com/,Pardy Panda Studios,wayback+homepage+careers
scalybee.com,https://scalybee.com/,Scalybee,wayback+homepage+careers
stacknyu.com,https://stacknyu.com/,StackNyu,wayback+homepage+careers
diwizon.com,https://www.diwizon.com,DIWIZON DYNAMICS PVT LTD,wayback+homepage+careers
prosesindia.com,https://www.prosesindia.com/,Proses Web Technologies,wayback+homepage+careers
invennico.com,https://invennico.com/,Invennico Technolabs Pvt Ltd,wayback+homepage+careers
enlighteninfosystems.com,https://enlighteninfosystems.com/,Enlighten Infosystems,wayback+homepage+careers
digisculpt.in,https://digisculpt.in/,DIGISCULPT TECHNOLOGIES PVT. LTD,wayback+homepage+careers
skenix.com,https://www.skenix.com,Skenix Infotech,wayback+homepage+careers
mysphereinfotech.com,http://www.mysphereinfotech.com/,Mysphere Infotech,wayback+homepage+careers
redsparkinfo.com,https://www.redsparkinfo.com,Redspark,wayback+homepage+careers
vardaam.com,https://www.vardaam.com/,Vardaam Web Solutions Pvt. Ltd.,wayback+homepage+careers
blueerasoftech.com,https://blueerasoftech.com,BlueEra Softech,wayback+homepage+careers
itechnosol.com,https://itechnosol.com/,iTechnoSol Inc,wayback+homepage+careers
infoservops.com,https://www.infoservops.com/,Infoservops,wayback+homepage+careers
cloudinfosoft.com,https://cloudinfosoft.com/,Cloudinfosoft,wayback+homepage+careers
devkrutitech.com,https://devkrutitech.com/,DevKrutiTech,wayback+homepage+careers
digiflux.io,https://digiflux.io/,Digiflux Technologies Private Limited,wayback+homepage+careers
thesanfinity.com,https://thesanfinity.com/,Sanfinity Creative Solution Pvt. Ltd,wayback+homepage+careers
tntra.io,https://www.tntra.io/,Tntra,wayback+homepage+careers
webmyne.com,https://www.webmyne.com,Webmyne Systems,wayback+homepage+careers
archesoftronix.com,https://archesoftronix.com/,Arche Softronix Pvt.Ltd.,wayback+homepage+careers
svaapta-it-ally.com,https://www.svaapta-it-ally.com/,Svaapta IT-Ally Solutions,wayback+homepage+careers
inboxtechs.com,https://inboxtechs.com/,Inbox Infotech,wayback+homepage+careers
webmediaexperts.net,https://www.webmediaexperts.net/,Webmedia Experts,wayback+homepage+careers
vistaura.com,https://www.vistaura.com/,Vistaura,wayback+homepage+careers
migarch.in,https://www.migarch.in,Mig Arch,wayback+homepage+careers
wolfsoft.in,http://wolfsoft.in,WOLFSOFT Pvt. Ltd.,wayback+homepage+careers
bloomcs.com,https://bloomcs.com,Bloom Consulting Services,wayback+homepage+careers
techquadra.com,https://www.techquadra.com/,TechQuadra Software Solutions,wayback+homepage+careers
pixelvalues.com,https://www.pixelvalues.com,Pixel Values Technolabs,wayback+homepage+careers
sabertoothtech.in,https://www.sabertoothtech.in/,Sabertooth Technologies,wayback+homepage+careers
pragmatyc.com,https://www.pragmatyc.com,Pragmatyc,wayback+homepage+careers
microproindia.com,https://www.microproindia.com/,Micropro Software Solutions Limted,wayback+homepage+careers
delaplex.com,https://delaplex.com,delaPlex,wayback+homepage+careers
cortesys.com,https://cortesys.com/,Cortesys,wayback+homepage+careers
4isoftwares.in,https://4isoftwares.in/,4i Softwares,wayback+homepage+careers
webakruti.com,https://www.webakruti.com/,Webakruti,wayback+homepage+careers
appzminetech.com,https://www.appzminetech.com/,Appzmine Tech Pvt Ltd.,wayback+homepage+careers
gossiph.com,https://www.gossiph.com,Gossiph IT Solution,wayback+homepage+careers
elioratechno.com,https://www.elioratechno.com/,Elioratechno Pvt. Ltd.,wayback+homepage+careers
leocoders.com,https://www.leocoders.com,Leo Coders Private Limited,wayback+homepage+careers
aswtech.in,https://www.aswtech.in,ASW Technologies Pvt. Ltd.,wayback+homepage+careers
rnrdatalex.com,https://www.rnrdatalex.com,RnR DataLex Pvt. Ltd.,wayback+homepage+careers
xtagservices.com,https://xtagservices.com/,Xtag Services Pvt Ltd,wayback+homepage+careers
kalyanak.com,https://kalyanak.com/,Webgile Solutions,wayback+homepage+careers
codebergit.com,https://codebergit.com/,CodebergIT (Hiring & Tech Partner),wayback+homepage+careers
sagacitycare.com,http://www.sagacitycare.com/,Sagacity Solutions India,wayback+homepage+careers
idreamstech.com,https://www.idreamstech.com,iDreams Technologies,wayback+homepage+careers
heoweb.com,https://www.heoweb.com,Heoweb Solutions,wayback+homepage+careers
vividnex.com,https://vividnex.com/,VividNex Innovations,wayback+homepage+careers
agnitotechnologies.com,https://agnitotechnologies.com/,Agnito Technologies Pvt Ltd,wayback+homepage+careers
oyecommerz.com,https://oyecommerz.com/,OyeCommerz,wayback+homepage+careers
solzit.com,https://www.solzit.com,Soluzione Inc,wayback+homepage+careers
technogiq.com,http://www.technogiq.com/,Technogiq IT Solutions Private Limited,wayback+homepage+careers
github.io,https://anandpratap1010.github.io/,Ng Hub Innovative Solution,wayback+homepage+careers
techjain.com,https://techjain.com/,TechJain IT Solutions,wayback+homepage+careers
techhelper.in,https://techhelper.in/,Techhelper Technologies,wayback+homepage+careers
dvinfosoft.com,http://www.dvinfosoft.com,Dv Infosoft Pvt Ltd,wayback+homepage+careers
digitalyuga.com,https://digitalyuga.com,Digitalyuga IT Services,wayback+homepage+careers
simplifi.in,http://www.simplifi.in/,Simplifi Solution Pvt.Ltd.,wayback+homepage+careers
nrt.co.in,https://nrt.co.in/,Newrise Technosys Pvt Ltd,wayback+homepage+careers
guavatrees.com,https://www.guavatrees.com/,Guava Trees Softech Pvt. Ltd.,wayback+homepage+careers
triosoft.ai,https://www.triosoft.ai/,Triosoft Technologies Pvt Ltd,wayback+homepage+careers
simption.com,http://simption.com/,Simption Tech Pvt Ltd,wayback+homepage+careers
kusumit.com,https://kusumit.com/,Kusumit Pvt Ltd,wayback+homepage+careers
awzpact.com,http://www.awzpact.com,Awzpact Technologies & Services Pvt.Ltd.,wayback+homepage+careers
tryidoltech.com,https://tryidoltech.com/,Tryidol Technologies Pvt Ltd,wayback+homepage+careers
websoftvalley.com,https://www.websoftvalley.com,Web Soft Valley,wayback+homepage+careers
ssdigimark.com,https://ssdigimark.com/,SSDigimark,wayback+homepage+careers
hackerkernel.com,https://www.hackerkernel.com/,HackerKernel,wayback+homepage+careers
skyinfogroup.com,https://skyinfogroup.com,Sky Info Group,wayback+homepage+careers
vidyayatan.com,https://www.vidyayatan.com/,Vidyayatan Techologies,wayback+homepage+careers
ssoftsolutions.in,https://ssoftsolutions.in/,SSoft Solutions,wayback+homepage+careers
chasteritsolutions.com,https://chasteritsolutions.com/,Chaster IT Solutions Pvt. Ltd.,wayback+homepage+careers
insigniawm.com,http://www.insigniawm.com/,Insignia Web & Marketing,wayback+homepage+careers
nammaoffice.com,https://www.nammaoffice.com/,Namma Office Private Limited,wayback+homepage+careers
linkedin.com,https://www.linkedin.com/in/prateek-natekar-4500786,Prateek Natekar,wayback+homepage+careers
credessentials.com,https://credessentials.com,Credessentials Services Private Limited,wayback+homepage+careers
globalscreeningservices.in,https://www.globalscreeningservices.in/,Global Screening Services (Bangalore) Private Limited,homepage+careers
sssplt.com,https://sssplt.com/aboutus.html,Secure Source Surveillance Pvt Ltd,homepage+careers
adaglobal.com,https://www.adaglobal.com/offices/india,ADA Digital Analytics Private Limited,wayback+homepage+careers
bitgreentechnolabz.com,https://bitgreentechnolabz.com/,BitGreen Technolabz (OPC) Private Limited,wayback+homepage+careers
avantespaces.com,https://www.avantespaces.com/,Avante Spaces Limited,wayback+homepage+careers
havishmconsulting.com,https://www.havishmconsulting.com/,Havish M. Consulting,wayback+homepage+careers
nexteer.com,http://www.nexteer.com,Nexteer Automotive India Private Limited,wayback+homepage
rubiscape.io,https://www.rubiscape.io/,Rubiscape Private Limited,wayback+homepage+careers
asista.com,https://www.asista.com,Asista Software Solutions Private Limited,homepage+careers
transtrack.co.in,https://transtrack.co.in/,Transtrack Aeroservices Private Limited,homepage+careers
emphorasoft.com,https://emphorasoft.com/,Emphora Soft Private Limited,wayback+homepage+careers
info@bdsglobalinc.com,http://info@bdsglobalinc.com,BDS Global Inc.,wayback+homepage+careers
dpdhl.com,https://www.dpdhl.com/en.html,DHL Information Services (India) LLP,wayback+homepage+careers
smartinterviews.in,https://www.smartinterviews.in/,Code Evolve And Excel Private Limited,wayback+homepage
iamneo.ai,https://iamneo.ai/,iamneo Edutech Private Limited,homepage
unitedconsultancy.com,https://unitedconsultancy.com/,United Consultancy Services India Private Limited,wayback+homepage+careers
lloydsbank.com,https://www.lloydsbank.com/,Lloyds Offshore Global Services Private Limited,wayback+homepage
bhumiitech.com,https://www.bhumiitech.com/,Bhumi iTech Private Limited,wayback+homepage
outscalepartners.com,https://outscalepartners.com/,Outscalepartners India Private Limited,wayback+homepage
circlek.com,https://www.circlek.com/,Circle K Business Centre India LLP,homepage+careers
telemune.com,http://www.telemune.com/,Telemune Software Solutions Private Limited,wayback+homepage+careers
kripya.com,https://www.kripya.com,Kripya Solutions Private Limited,wayback+homepage+careers
ashleyfurnitureindia.com,https://ashleyfurnitureindia.com/gcc,Ashley Furniture India Private Limited,homepage+careers
wbeyond.co,https://wbeyond.co/,W Beyond (OPC) Private Limited,wayback+homepage+careers
seaquid.com,http://www.seaquid.com,Seaquid Technology India Private Limited,homepage+careers
acuverconsulting.com,http://www.acuverconsulting.com,Acuver Consulting Private Limited,wayback+homepage+careers
saint-gobain.co.in,https://www.saint-gobain.co.in/indec,Grindwell Norton Limited (INDEC),wayback+homepage+careers
wizcondigital.com,https://www.wizcondigital.com/,Wiz Digital Services Private Limited,wayback+homepage+careers
northerntool.com,https://www.northerntool.com/,Northern Tool & Equipment India LLP,wayback+homepage+careers
researchwire.in,https://www.researchwire.in/,Researchwire Knowledge Solutions Private Limited,homepage
global.weir,https://www.global.weir/,Weir Minerals (India) Private Limited,wayback+homepage+careers
nexenstial.com,https://nexenstial.com/,Nexenstial LLP,wayback+homepage+careers
iihmrbangalore.edu.in,https://iihmrbangalore.edu.in,Indian Institute of Health Management Research,wayback+homepage+careers
hclhealthcare.in,https://hclhealthcare.in/,HCL Avitas Private Limited,wayback+homepage+careers
sankalptechnology.com,https://sankalptechnology.com/,Sankalp Technology Services,wayback+homepage+careers
twiningsindia.com,https://www.twiningsindia.com,Twinings Private Limited,homepage+careers
applix.ai,https://www.applix.ai,Applix Solutions Private Limited,homepage
sisindia.com,https://sisindia.com/,SIS Limited,wayback+homepage+careers
neeev.ai,https://www.neeev.ai/,Techhalo Media and Operations Services LLP,wayback+homepage
excelize.ai,https://excelize.ai/#,Excelize AI Private Limited,wayback+homepage+careers
codeguardian.ai,https://www.codeguardian.ai,Codeguardian Tech International Private Limited,wayback+homepage+careers
reachiso.com,https://www.reachiso.com,Blue Santos Technologies Private Limited,homepage+careers
smartdigitwin.com,https://www.smartdigitwin.com,Four Corners Technologies Private Limited,wayback+homepage+careers
bdsoft.in,https://www.bdsoft.in/,BD Software Distribution Private Limited,wayback+homepage+careers
mettlesemi.com,https://www.mettlesemi.com,Mettlesemi Systems And Technologies Private Limited,homepage
genexa.ai,https://www.genexa.ai,Genexa AI LLP,wayback+homepage+careers
lytty.com,https://www.lytty.com,Lytty Ventures Private Limited,homepage
bkvls.com,https://www.bkvls.com,BKV Learning Systems Private Limited,wayback+homepage+careers
swaasitsolutions.com,https://www.swaasitsolutions.com/,SwaaS Systems Private Limited,wayback+homepage+careers
hiringhood.com,https://www.hiringhood.com/,Spoorthi Hires Consulting Services Private Limited,wayback+homepage+careers
cfobridge.com,https://www.cfobridge.com/,CFO Bridge Services Private Limited,homepage
knowy.co.in,https://knowy.co.in,Knowy Infotech Private Limited,wayback+homepage+careers
inorg.com,https://www.inorg.com,InOrg Global India Private Limited,homepage
lodhabhatt.com,https://www.lodhabhatt.com,TLB & Co,wayback+homepage
investors.falabella.com,http://www.investors.falabella.com,Falabella Corporate Services India Private Limited,wayback+homepage+careers
basalanalytics.com,https://basalanalytics.com/,Basal Analytics Private Limited,wayback+homepage+careers
purestorage.com,https://www.purestorage.com/,Pure Storage India Private Limited,wayback+homepage+careers
zingworks.in,https://www.zingworks.in/,ZingWorks LLP,homepage
codeshastra.com,https://www.codeshastra.com/,Code Shastra Private Limited,wayback+homepage
bpoconvergence.com,https://bpoconvergence.com/,BPO Convergence Private Limited,wayback+homepage+careers
qualizeal.com,https://qualizeal.com/,Qualizeal Technologies India Private Limited,wayback+homepage+careers
kautech.in,https://www.kautech.in/,Kautech Services Private Limited,homepage+careers
experian.com,http://www.experian.com,Experian Services India (Private Limited),homepage
opengov.com,https://opengov.com/,Opengov India Private Limited,wayback+homepage
worldline.com,https://worldline.com/,Worldline Global Services Private Limited,homepage+careers
servicenow.com,https://www.servicenow.com,ServiceNow Software Development India Private Limited,wayback+homepage+careers
ellow.io,http://www.ellow.io,Ellow Technologies Private Limited,wayback+homepage+careers
crownrms.com,https://www.crownrms.com/in/,Crown Worldwide Private Limited,wayback+homepage+careers
citco.com,http://www.citco.com,Citco Group Services (India) LLP,wayback+homepage
pice.one,http://www.pice.one,Nanosecond Technologies Private Limited,homepage+careers
incrediblevisibility.com,https://www.incrediblevisibility.com/,Incredible Visibility Solutions Private Limited,wayback+homepage
camsdata.in,http://www.camsdata.in,Camsdata Technologies India Private Limited,wayback+homepage
aitobi.co,https://aitobi.co/,AITOBI Technologies Private Limited,wayback+homepage+careers
stripe.com,http://www.stripe.com,Stripe India Private Limited,homepage
kitlabs.us,https://www.kitlabs.us,Krescent IT Labs Private Limited,wayback+homepage
speradigital.com,http://www.speradigital.com,Spera Digital Consulting Services Private Limited,wayback+homepage+careers
itpluspoint.com,https://www.itpluspoint.com/,ITPlusPoint Solutions Private Limited,homepage+careers
nelito.com,https://www.nelito.com,Nelito Systems Private Limited,homepage
lentera.in,http://www.lentera.in,Lentera Technologies Private Limited,homepage
interlooptechnologies.com,https://www.interlooptechnologies.com/about-us/,Interloop Consulting LLP,wayback+homepage+careers
finacctsolutions.com,https://www.finacctsolutions.com,Finacct Technologies Private Limited,wayback+homepage+careers
adaps.com,https://www.adaps.com,Adaps IT Private Limited,wayback+homepage+careers
workday.com,https://www.workday.com/,Workday India Private Limited,homepage
valueshipr.com,http://www.valueshipr.com,Upsilon Tech Private Limited,homepage+careers
acbesinternational.com,http://www.acbesinternational.com,Acabes International Private Limited,wayback+homepage+careers
lightstormtelecom.com,https://www.lightstormtelecom.com/,Lightstorm Telecom Connectivity Private Limited,wayback+homepage+careers
ekin.net.in,https://ekin.net.in/,Ensonic Computech Private Limited,wayback+homepage+careers
param.network,https://www.param.network/,ParamNetwork India Private Limited,homepage+careers
cclfg.cclgroup.com,https://cclfg.cclgroup.com,Connor Clark & Lunn India Private Limited,wayback+homepage
allegisglobalsolutions.com,https://www.allegisglobalsolutions.com/,Allegis Global Solutions (India) Private Limited,wayback+homepage+careers
smartail.ai,https://www.smartail.ai/,Smartail Private Limited,homepage
haleon.com,http://haleon.com,GlaxoSmithKline Consumer Private Limited,wayback+homepage+careers
smith-nephew.com,https://www.smith-nephew.com/,Smith & Nephew GBS Private Limited,homepage
ecolabdigitalcenter.in,http://ecolabdigitalcenter.in,Ecolab Global Services Private Limited,wayback+homepage+careers
insightsoftware.com,https://insightsoftware.com/,insightsoftware International Private Limited,homepage
multisoftodisha.com,http://multisoftodisha.com/,Multisoft Communications Private Limited,wayback+homepage+careers
ispg.co,https://www.ispg.co/,ISPG Technologies India Private Limited,wayback+homepage+careers
porter.in,https://www.porter.in,SmartShift Logistics Solutions Private Limited,wayback+homepage+careers
codeft.io,https://codeft.io,Codeft Software Solutions,wayback+homepage
imaginationtech.com,https://www.imaginationtech.com,Imagination Technologies (India) Private Limited,wayback+homepage
avocadolabs.co.in,https://avocadolabs.co.in/,Avocado Labs India Private Limited,wayback+homepage+careers
cac.net.in,https://www.cac.net.in/,Corporate Analyst & Consultant Private Limited,homepage
dezvolta.com,https://www.dezvolta.com,Dezvolta,homepage
crcgroup.in,https://crcgroup.in,IT Infrastructure Park Private Limited,wayback+homepage
ritwikinfotech.com,https://www.ritwikinfotech.com/,RITWIK IT Services Private Limited,homepage
mcdonalds.com,https://www.mcdonalds.com/us/en-us.html,McDonald's Capability Center India Private Limited,wayback+homepage+careers
vervent.com,https://www.vervent.com/,Vervent Technologies Private Limited,wayback+homepage+careers
moaradvisory.com,https://moaradvisory.com,MOAR Advisory Services,wayback+homepage+careers
mbsglobal.io,https://mbsglobal.io/,Modern Ballistic Solutions Private Limited,wayback+homepage+careers
technovalley-aks.com,http://www.technovalley-aks.com,Technovalley Software India Private Limited,wayback+homepage
nisg.org,http://www.nisg.org,National Institute For Smart Government,homepage
kenvue.com,http://www.kenvue.com,Kenvue Solutions India Private Limited,homepage
scilindia.org,https://scilindia.org/,Shard Center for Innovation Private Limited,wayback+homepage
hsag.in,https://www.hsag.in/,Hsag Consulting Private Limited,wayback+homepage+careers
x,x,Winqualis Consulting Private Limited,wayback+homepage+careers
radush.io,https://www.radush.io,Radush Technologies Private Limited,wayback+homepage+careers
flodataanalytics.com,https://flodataanalytics.com/about-us,Flodata Analytics Private Limited,homepage
kimberly-clark.com,https://www.kimberly-clark.com,Kimberly-Clark India Private Limited,wayback+homepage+careers
cdmsmith.com,https://www.cdmsmith.com/,CDM Smith Global Services India LLP,wayback+homepage
tarento.com,https://www.tarento.com/,Tarento Technologies Private Limited,wayback+homepage
nkxgen.com,https://nkxgen.com,NKXGEN Paradigms Private Limited,homepage
bms.com,https://www.bms.com/in,Bristol-Myers Squibb Business Services India Private Limited,homepage+careers
attero.in,https://attero.in/,Attero Recycling Private Limited,wayback+homepage+careers
kkr.com,https://www.kkr.com/,KIOPL Management Solutions India Private Limited,homepage
utthunga.com,https://utthunga.com/,Utthunga Technologies Private Limited,homepage
ideassion.com,https://ideassion.com/,Ideassion Technology Solutions LLP,wayback+homepage+careers
tritonlabs.in,https://tritonlabs.in/,Triton Tech Labs Private Limited,wayback+homepage+careers
grcxperts.com,https://grcxperts.com,eGRCxperts India Private Limited,homepage
qwiktrace.com,https://qwiktrace.com/,KSP AI Tech Solutions Private Limited,homepage+careers
innoverdigital.com,https://www.innoverdigital.com/,Innover Digital Private Limited,wayback+homepage+careers
azizaindia.com,https://azizaindia.com,Aziza Management India Private Limited,wayback+homepage+careers
kalido.me,https://www.kalido.me,Growthrive Private Limited,wayback+homepage+careers
inextlabs.ai,https://inextlabs.ai/,iNextgen Labs (India) Private Limited,wayback+homepage+careers
vdart.com,https://www.vdart.com/,VDart Technologies Private Limited,wayback+homepage+careers
wemakeiot.com,https://wemakeiot.com/sensorvision/,Sensorvision IOT Solutions Private Limited,wayback+homepage+careers
hitachivantara.com,https://www.hitachivantara.com/en-us/home.html,Hitachi Vantara Software Services India Private Limited,wayback+homepage+careers
mindforceresearch.com,https://www.mindforceresearch.com,Mindforce Research Private Limited,wayback+homepage+careers
sembridge.com,https://sembridge.com/,Sembridge Outsourcing Services Private Limited,wayback+homepage+careers
induslaw.com,https://induslaw.com/,Indus Law,wayback+homepage+careers
sclen.ai,https://sclen.ai/,Caliper Business Solutions Private Limited,homepage+careers
digichorus.com,https://www.digichorus.com,Digichorus Technologies Private Limited,wayback+homepage+careers
viztarinternational.com,https://www.viztarinternational.com/viztar_at_glance.php,Viztar Business Solutions Private Limited,wayback+homepage+careers
symplr.com,https://www.symplr.com/,Symplr (Jedi Software Engineering LLP),wayback+homepage+careers
srisattvagroup.com,https://www.srisattvagroup.com,Srisattva Business Support and Growth Strategy Private Limited,wayback+homepage+careers
digitalratha.com,https://digitalratha.com/,Digitalratha (OPC) Private Limited,wayback+homepage+careers
dsu.edu.in,https://www.dsu.edu.in/,Dayananda Sagar University,wayback+homepage+careers
campuscredentials.com,https://campuscredentials.com/,Campus Credential LLP,wayback+homepage
mnruniversity.edu.in,https://www.mnruniversity.edu.in/,MNR Educational Trust,wayback+homepage
cloudastra.co,https://cloudastra.co/,Cloudastra Technologies (OPC) Private Limited,wayback+homepage
hpverification.com,http://www.hpverification.com,HP Services,wayback+homepage+careers
zealeducation.com,https://zealeducation.com,Zeal Education Society,homepage
deephealth.com,https://deephealth.com/,DeepHealth Technologies Private Limited,wayback+homepage+careers
linearcode.in,https://linearcode.in/,Linear Code Technologies,homepage+careers
maclogs.com,https://www.maclogs.com,Maclogs Private Limited,wayback+homepage
protiviti.com,https://www.protiviti.com/in-en,Protiviti India Member Private Limited,homepage
exigoconsulting.in,https://www.exigoconsulting.in,Exigo Consulting,wayback+homepage+careers
vinmaya.com,https://vinmaya.com,Vinmaya Consultancy Services Private Limited,homepage+careers
ajacs.in,https://www.ajacs.in/,AJA Consulting Services LLP,wayback+homepage+careers
intimeinc.co.in,https://intimeinc.co.in/,Intime IT Services Private Limited,wayback+homepage+careers
mykanaq.com,https://mykanaq.com/,KanaQ Innovations Private Limited,wayback+homepage+careers
etsglobal.in,https://www.etsglobal.in,Endeavour ERP Solutions India Private Limited,wayback+homepage+careers
gkcloud.ai,https://gkcloud.ai/,GK Cloud Solutions Private Limited,homepage+careers
insourceindia.com,https://insourceindia.com/,Vachi Ventures LLP,homepage+careers
consilio.com,https://www.consilio.com/,Consilio India Private Limited,wayback+homepage+careers
expertcloudconsulting.com,https://expertcloudconsulting.com/,ASCP GPUonCloud Private Limited,wayback+homepage
jkorg.in,https://www.jkorg.in/,Hari Shankar Singhania School of Business (J.K. Lakshmipat University),wayback+homepage+careers
gobrillianttech.com,https://www.gobrillianttech.com/,Go Brilliant Technologies Private Limited,wayback+homepage+careers
qylis.com,https://qylis.com/,Qylis Cloud Data & Cyber Security Services Private Limited,wayback+homepage
kbr.com,https://www.kbr.com/en,Kellogg Brown & Root Engineering & Construction India Private Limited,wayback+homepage+careers
cimware.tech,https://www.cimware.tech/,Cimware Technologies Private Limited,wayback+homepage+careers
lulutechpark.com,https://lulutechpark.com/,Lulu Tech Park Private Limited,homepage
previu.health,https://www.previu.health,Previu Health Private Limited,wayback+homepage+careers
kreateworks.com,https://www.kreateworks.com,Kreateworks India Private Limited,wayback+homepage+careers
tatrasdata.com,https://tatrasdata.com/,Tatras Data Services Private Limited,homepage
pineqlab.com,https://www.pineqlab.com,PineQ Technology Labs Private Limited,homepage
wwwext.amgen.com,https://wwwext.amgen.com/,Amgen Technology Private Limited,wayback+homepage
simple2call.com,https://simple2call.com/,Simple Telecom Private Limited,homepage+careers
domo.com,https://www.domo.com,Domo Business Services India Private Limited,homepage
jobsatswift.com,https://jobsatswift.com/,Swift Staffing Solutions Private Limited,wayback+homepage+careers
geetaeservices.com,https://geetaeservices.com,Geeta Eservices Private Limited,homepage
tescra.com,https://tescra.com/,Tescra Software Private Limited,homepage+careers
ets.org,https://www.ets.org/,ETS Assessment Services Private Limited,homepage
krones.com,https://www.krones.com/en/career/krones.digital/location-india.php,Krones Digital Solutions India Private Limited,wayback+homepage+careers
sbi.co.in,https://www.sbi.co.in,State Bank of India,wayback+homepage+careers
letitbexai.com,https://www.letitbexai.com,LetitbeXAI Tech Solutions Private Limited,homepage
trans-cosmos.co.jp,https://www.trans-cosmos.co.jp/english/,Transcosmos India Private Limited,wayback+homepage+careers
stewart.com,https://www.stewart.com/en/ind/services.html,JPM & DJM Enterprises Services Private Limited,homepage
aimbsystem.com,https://www.aimbsystem.com,Aimb System LLP,wayback+homepage+careers
myshrara.com,http://www.myshrara.com,SHRARA Agro Products Private Limited,wayback+homepage+careers
atlasprimary.io,https://atlasprimary.io,Atlas Primary India Private Limited,wayback+homepage+careers
spantechnologyservices.com,https://www.spantechnologyservices.com/,Span Technology Services Private Limited,homepage
verifitech.com,https://verifitech.com/,Verifitech India Info Private Limited,wayback+homepage+careers
evawinoptimize.com,https://evawinoptimize.com/website/,Evolutionary Algorithm Private Limited,wayback+homepage+careers
waystone.com,https://www.waystone.com/,Waystone Centralised Services (IN) Private Limited,wayback+homepage
cielotalent.com,https://www.cielotalent.com,Cielo Talent India Private Limited,wayback+homepage+careers
fiorano.com,https://www.fiorano.com,Fiorano Software Technologies Private Limited,homepage
dtree.ai,https://www.dtree.ai,Decision Tree Solutions Private Limited,wayback+homepage+careers
scymes.com,https://scymes.com/,SCYMES Services Private Limited,wayback+homepage+careers
india.nri.com,https://india.nri.com/,Nomura Research Institute Consulting and Solutions India Private Limited,wayback+homepage+careers
bavistech.com,https://www.bavistech.com,Bavis Technologies Private Limited,wayback+homepage+careers
ciphershieldtech.com,https://www.ciphershieldtech.com,Ciphershield Technologies Private Limited,wayback+homepage+careers
cencora.com,https://www.cencora.com/,Cencora Business Services India Private Limited,homepage
concordtechnosoft.com,https://www.concordtechnosoft.com,Concord Technosoft Private Limited,homepage+careers
shilabs.digita,https://www.shilabs.digita,Shilabs Private Limited,wayback+homepage+careers
oneadvanced.com,https://www.oneadvanced.com/,OneAdvanced India Private Limited,wayback+homepage+careers
summitconsulting.in,https://www.summitconsulting.in/,Summit Consulting Services Private Limited,homepage
rpmperformancecoatings.com,http://www.rpmperformancecoatings.com/,RPM Global Business Capability Center Private Limited,wayback+homepage+careers
grapecity.in,http://www.grapecity.in,GrapeCity India Private Limited,wayback+homepage
traqcheck.com,https://www.traqcheck.com,TraqCheck IT Services Private Limited,wayback+homepage+careers
magnetoitsolutions.com,https://magnetoitsolutions.com/,Magneto IT Solutions Private Limited,homepage
gioutsourcing.com,http://www.gioutsourcing.com,GI Infotech Private Limited,homepage
brandconn.com,https://brandconn.com/,BrandConn Digital Private Limited,homepage
github.com,https://github.com,Github India Private Limited,wayback+homepage
i-constech.com,https://i-constech.com/,i-cons Technologies,wayback+homepage+careers
corestack.io,https://www.corestack.io/,CD CloudEnablers Private Limited,wayback+homepage
csgi.com,http://www.csgi.com,CSG Systems International (India) Private Limited,homepage
mksvision.com,http://www.mksvision.com/,MKS Vision Private Limited,homepage
ensono.com,https://www.ensono.com/,Ensono Technologies LLP,wayback+homepage
integritytechsolutions.in,http://integritytechsolutions.in/,Integrity Tech Solutions Private Limited,homepage+careers
airbnb.co.in,https://www.airbnb.co.in/,AIRBNB Global Capability Centre Private Limited,wayback+homepage
careers.massmutual.com,https://careers.massmutual.com/Locations/MassMutual-India,Mass Mutual Global Business Services India LLP,wayback+homepage+careers
mycity1.com,http://mycity1.com,Mycity1 Info Private Limited,wayback+homepage+careers
lennoxindia.com,https://www.lennoxindia.com/,Lennox India Technology Centre Private Limited,wayback+homepage+careers
scaleios.com,https://www.scaleios.com,Scaleios Private Limited,homepage+careers
nobleserve.com,https://www.nobleserve.com,NobleServe Systems Private Limited,wayback+homepage
caleedo.com,https://www.caleedo.com,PAS Digital Private Limited,homepage
celusion.com,https://www.celusion.com,Celusion Technologies Private Limited,homepage
fintellix.com,https://fintellix.com/ind/home,Fintellix India Private Limited,wayback+homepage+careers
egonzehnder.com,http://www.egonzehnder.com,Egon Zehnder Information and Research Services Private Limited,homepage
civica.com,http://www.civica.com,Civica Resource Private Limited,wayback+homepage+careers
teckost.com,https://www.teckost.com,Teckost IT Services Private Limited,wayback+homepage+careers
financial.com,https://www.financial.com/,FDC Web Technologies Private Limited,wayback+homepage+careers
macawsinfotech.com,http://www.macawsinfotech.com,Macaws Infotech LLP,wayback+homepage+careers
gbtsolutions.in,http://www.gbtsolutions.in/,GBT Tech Solutions Private Limited,wayback+homepage+careers
privafy.com,https://www.privafy.com,Privafy Technologies India Private Limited,wayback+homepage
finvasia.com,http://www.finvasia.com,Finvasia Financial Services Private Limited,wayback+homepage+careers
fullscan.co.in,http://www.fullscan.co.in,Fullscan Business Solutions LLP,wayback+homepage+careers
efftronics.com,http://www.efftronics.com,Efftronics Systems Private Limited,homepage
datasciencewizards.in,https://www.datasciencewizards.in,Data Science Wizards Private Limited,wayback+homepage+careers
lexprotector.com,https://www.lexprotector.com/,Lex Protector LLP,wayback+homepage+careers
mouktikconsulting.com,http://www.mouktikconsulting.com,Mouktik Consulting Services Private Limited,homepage+careers
softdel.com,http://www.softdel.com,Softdel Systems Private Limited,homepage
oceaneering.com,http://www.oceaneering.com,Oceaneering International Services Limited,wayback+homepage
smalldaytech.com,http://www.smalldaytech.com,SmallDay IT Services Private Limited,wayback+homepage+careers
mastecnetworksolutions.com,https://www.mastecnetworksolutions.com/,Mastec India LLP,wayback+homepage+careers
essilorindia.com,http://www.essilorindia.com,Essilor India Private Limited,wayback+homepage+careers
navicentsolutions.com,http://www.navicentsolutions.com,Navicent Solutions Private Limited,homepage
atyeti.com,http://www.atyeti.com,Atyeti IT Services Private Limited,homepage
codleo.com,http://www.codleo.com,Codleo Consulting Private Limited,homepage
ingoldsolutions.com,http://www.ingoldsolutions.com,Ingold Solutions Private Limited,homepage
willistowerswatson.com,https://www.willistowerswatson.com/,WTW Global Delivery and Solutions India Private Limited,wayback+homepage+careers
about.netflix.com,https://about.netflix.com/en,Netflix Entertainment Services India LLP,wayback+homepage+careers
ivtree.com,http://www.ivtree.com,Ivtree IT Solution Private Limited,homepage
computaxonline.com,http://www.computaxonline.com,Professional Softec Private Limited,homepage+careers
sufalamtech.com,https://www.sufalamtech.com,Sufalam Technologies Private Limited,homepage
datafoundry.ai,http://www.datafoundry.ai,DataFoundry Private Limited,wayback+homepage+careers
lightwaveindia.com,http://www.lightwaveindia.com/,Light Wave Technologies Private Limited,wayback+homepage+careers
techraq.com,http://www.techraq.com,TechRAQ Info Solutions Private Limited,homepage+careers
fidrox.com,http://www.fidrox.com,Fidrox Technologies Private Limited,homepage
yotta.com,https://www.yotta.com/,Yotta Infrastructure Solutions LLP,wayback+homepage
one.com,https://www.one.com,one.com India Private Limited,homepage+careers
minutuscomputing.com,https://minutuscomputing.com,Minutus Computing Private Limited,wayback+homepage
prosus.com,https://www.prosus.com/,MIH Internet India Private Limited,wayback+homepage+careers
worldvisionit.com,http://worldvisionit.com,World Vision Infotech Private Limited,homepage
viewics.com,http://www.viewics.com,Roche Information Solutions India Private Limited,wayback+homepage+careers
carestream.com,https://www.carestream.com/en/us,Carestream Health India Private Limited,wayback+homepage
providence.org,https://www.providence.org/,Providence Global Center LLP,homepage
skillrecruit.com,http://www.skillrecruit.com,Skilliantech India Private Limited,wayback+homepage
fareportal.com,http://www.fareportal.com,Fare Portal India Private Limited,homepage
cybersecurist.com,https://www.cybersecurist.com/,Cybersecurist Technologies Private Limited,homepage+careers
valtech.com,https://www.valtech.com,Valtech India Systems Private Limited,homepage
inductivequotient.com,http://www.inductivequotient.com,Inductive Quotient Analytics India Private Limited,wayback+homepage
truworthwellness.com,http://www.truworthwellness.com/,Truworth Health Technologies Private Limited,homepage
sequretek.com,https://www.sequretek.com,Sequretek IT Solutions Private Limited,wayback+homepage+careers
cmegroup.com,http://www.cmegroup.com,CME India Private Limited,wayback+homepage+careers
tataadvancedsystems.com,http://www.tataadvancedsystems.com,Cyber and Physical Security ( A Division of Tata Advanced Systems Limited),wayback+homepage+careers
pactera-edge.com,http://www.pactera-edge.com,Centific Global Technologies India Private Limited,wayback+homepage+careers
relate-infotech.com,https://www.relate-infotech.com,Relate Infotech Private Limited,homepage
onemagnify.com,https://onemagnify.com/,OneMagnify India Private Limited,wayback+homepage
pinnacleconsulting.in,https://www.pinnacleconsulting.in,Pinnacle Human Resource Private Limited,wayback+homepage+careers
cozentus.com,http://www.cozentus.com,Cozentus Technologies Private Limited,wayback+homepage
exoedge.com,https://www.exoedge.com/,Exo Edge India Private Limited,wayback+homepage
gapblue.com,http://www.gapblue.com,GapBlue Software Labs Private Limited,wayback+homepage+careers
auxiliobits.com,https://www.auxiliobits.com,Auxiliobits Technologies Private Limited,wayback+homepage+careers
in2computing.com,http://www.in2computing.com,In2 Computing India Private Limited,wayback+homepage+careers
chubb.com,https://www.chubb.com,Chubb Business Services India Private Limited,homepage
cotelligent.com,http://cotelligent.com/,Cotelligent (India) Private Limited,wayback+homepage
iemlabs.com,http://www.iemlabs.com,IEMA Research & Development Private Limited,homepage+careers
mizuho-fg.com,https://www.mizuho-fg.com,Mizuho Global Services India Private Limited,wayback+homepage+careers
stellapps.com,https://www.stellapps.com/,Stellapps Technologies Private Limited,wayback+homepage
vasista.in,http://www.vasista.in/,Vasista Enterprise Solutions Private Limited,wayback+homepage+careers
precisetestingsolution.com,https://precisetestingsolution.com/,Precise Testing Solution Private Limited,wayback+homepage
servercake.in,https://www.servercake.in/,Brownarc Enterprises Private Limited,wayback+homepage+careers
corientbs.co.uk,https://corientbs.co.uk,Corient Business Solutions Private Limited,homepage+careers
ladybirdweb.com,https://www.ladybirdweb.com/,Ladybird Web Solution Private Limited,wayback+homepage+careers
mpms.mufg.com,https://www.mpms.mufg.com/,MUFG Pension & Market Services India Private Limited,wayback+homepage
clsa.com,http://www.clsa.com,CLSA Technology & Services LLP,wayback+homepage
1kosmos.com,http://www.1kosmos.com,One Kosmos Technology Private Limited,wayback+homepage+careers
innobox.com,http://www.innobox.com/,Innobox Systems Private Limited,wayback+homepage
firstcitizens.com,https://www.firstcitizens.com/,FC Global Services India LLP,wayback+homepage+careers
asiczen.com,http://www.asiczen.com/,Asiczen Technologies India Private Limited,homepage
quantartmarket.com,https://www.quantartmarket.com/,Quant Art Market Solutions Private Limited,homepage+careers
ey.com,http://www.ey.com,Ernst and Young LLP,wayback+homepage+careers
pingakshotechnologies.com,http://www.pingakshotechnologies.com,Pingaksho Technologies Inc,homepage
ingka.com,https://www.ingka.com/,Ingka Services LLP,homepage
armia.com,http://www.armia.com,Armia Systems Private Limited,wayback+homepage
contisofttechno.com,https://contisofttechno.com,Contisoft Technologies LLP,wayback+homepage+careers
lexiconinfotech.com,http://lexiconinfotech.com/,Lexicon Infotech Limited,homepage+careers
wefe.in,https://wefe.in/,Wefe Technology Private Limited,homepage
tslconsulting.in,https://tslconsulting.in/,TSL Consulting Private Limited,wayback+homepage
stemrobo.com,https://www.stemrobo.com,STEMROBO Technologies Private Limited,homepage
aivot.in,https://www.aivot.in,AIVOT AI Private Limited,wayback+homepage+careers
ogivetechnology.com,http://www.ogivetechnology.com/,Ogive Technology LLP,wayback+homepage+careers
swashconsulting.co,http://www.swashconsulting.co/,SWASH Consulting Private Limited,wayback+homepage+careers
techaviators.in,https://techaviators.in/,Tech Aviators (OPC) Private Limited,homepage+careers
cardinalhealth.com,https://www.cardinalhealth.com/,Cardinal Health International India Private Limited,wayback+homepage+careers
nextwealth.in,https://www.nextwealth.in/,Nextwealth Entrepreneurs Private Limited,wayback+homepage+careers
orell.com,https://orell.com/,Orell Software Solutions Private Limited,wayback+homepage
visibilitygurus.com,https://visibilitygurus.com/,Visibility Gurus,homepage+careers
nlite.io,http://www.nlite.io,Nlite Informatics and Staffing Private Limited,wayback+homepage+careers
dieboldnixdorf.com,https://www.dieboldnixdorf.com/en-us,Diebold Nixdorf India Private Limited,wayback+homepage+careers
sbg.co.uk,http://www.sbg.co.uk,Sesame Group India Private Limited,homepage
adglobal360.com,https://www.adglobal360.com,AdGlobal360 India Private Limited,homepage
outsystems.com,https://www.outsystems.com/,OutSystems India Private Limited,homepage
ushtate.com,http://www.ushtate.com,Ushta Te Consultancy Services LLP,wayback+homepage+careers
aresmgmt.com,https://www.aresmgmt.com/,Ares Operations India Private Limited,wayback+homepage+careers
driveittech.in,https://www.driveittech.in/,DriveIT Technologies Private Limited,homepage
bridgentech.com,https://www.bridgentech.com/,Bridgen Tech Consulting LLP,homepage+careers
matrixonetechsolutions.com,www.matrixonetechsolutions.com,MatrixOne Tech Solutions,homepage+careers
scits.co.in,https://www.scits.co.in/,Spoorthy Consultancy and IT Solutions Private Limited,wayback+homepage+careers
groupsurya.co.in,https://groupsurya.co.in/,Surya International Enterprise Private Limited,homepage
criticalriver.com,https://www.criticalriver.com/,Criticalriver Technologies Private Limited,wayback+homepage
innoshri.com,https://www.innoshri.com/,Innoshri Private Limited,homepage
riota.in,https://riota.in/,Riota Private Limited,wayback+homepage+careers
productdossier.com,http://www.productdossier.com,ProductDossier Solutions (India) Private Limited,wayback+homepage+careers
acesocloud.com,https://www.acesocloud.com/,Inovaare Clouds Solutions Private Limited,wayback+homepage+careers
riotinto.com,https://www.riotinto.com,Rio Tinto India Private Limited,homepage
electraev.com,https://www.electraev.com,Electrodrive Powertrain Solutions Private Limited,homepage+careers
logixal.com,http://www.logixal.com,Logixal Cloud Solutions LLP,wayback+homepage
delve.ai,https://www.delve.ai,Delve AI India Private Limited,wayback+homepage+careers
revfirst.in,https://revfirst.in/,RevFirst Systems Private Limited,wayback+homepage+careers
jcpenney.com,https://www.jcpenney.com,J.C. Penney Services India Private Limited,wayback+homepage
in.linkedin.com,https://in.linkedin.com,LinkedIn Technology Information Private Limited,wayback+homepage
zeeve.io,https://www.zeeve.io,Zeeve Deeptech Private Limited,wayback+homepage
nettantra.com,https://www.nettantra.com/,Nettantra Technologies (India) Private Limited,homepage
extrapolix.com,https://extrapolix.com/,Extrapolix Technologies Private Limited,wayback+homepage+careers
vaanamtech.com,https://vaanamtech.com/,Vaanam Technologies Private Limited,wayback+homepage+careers
qt.io,http://www.qt.io,Qt India Technology Private Limited,wayback+homepage
cnkonline.com,http://www.cnkonline.com/aboutus/about_cnk.asp,C&K Management Limited,wayback+homepage+careers
voiptechsolutions.in,https://voiptechsolutions.in/,VoipConnect Private Limited,wayback+homepage+careers
inadev.com,https://www.inadev.com/,Inadev India Private Limited,homepage
vation.com,http://www.vation.com,Vation Digital Private Limited,wayback+homepage+careers
skyway-tech.com,http://www.skyway-tech.com,Skyway Technologies,homepage+careers
se.com,https://se.com,Schneider Electric Private Limited,wayback+homepage+careers
indiapolaris.com,https://www.indiapolaris.com/,Polaris India Private Limited,homepage+careers
mea.ramboll.com,http://www.mea.ramboll.com,Ramboll India Private Limited,wayback+homepage+careers
adagrad.ai,https://adagrad.ai,Adagrad Private Limited,homepage+careers
idp.com,https://www.idp.com/india/,IDP Education India Services LLP,homepage+careers
repute.net,https://repute.net/,Repute Network Private Limited,homepage+careers
transmonqa.com,https://transmonqa.com,Wyzmindz Solutions Private Limited,homepage
cognativinc.com,https://www.cognativinc.com/,Cognativ India Private Limited,homepage+careers
abglobal.biz,http://www.abglobal.biz/,A Plus B Infrastructure Private Limited,homepage+careers
tekditechnologies.com,https://www.tekditechnologies.com,Tekdi Technologies Private Limited,wayback+homepage+careers
skinternational.com,https://www.skinternational.com/,SKI Infosolutions Private Limited,wayback+homepage
techsheel.com,https://www.techsheel.com/,TechSheel Private Limited,homepage+careers
progience.com,http://www.progience.com,Progience Technologies Private Limited,wayback+homepage+careers
amplelogic.com,https://amplelogic.com/,Venkanna Software Services Private Limited,wayback+homepage
collective-s.com,https://collective-s.com/,Collective S Software Private Limited,homepage
bertlabs.com,https://www.bertlabs.com/,Bert Labs Private Limited,wayback+homepage+careers
concertosoft.com,https://www.concertosoft.com/,Concerto Software & Systems Private Limited,homepage+careers
zelarsoft.com,https://www.zelarsoft.com/,Zelar Soft Private Limited,wayback+homepage
atgeirsolutions.com,https://atgeirsolutions.com/,Atgeir Solutions Private Limited,wayback+homepage
bitvoice.in,http://www.bitvoice.in,Bitvoice Solutions Private Limited,wayback+homepage+careers
osttra.com,https://osttra.com/,Osttra India Services Private Limited,homepage
cdata.com,http://www.cdata.com,CData Software India Private Limited,wayback+homepage+careers
kyndryl.com,https://www.kyndryl.com/,Kyndryl Solutions Private Limited,wayback+homepage
tenacitics.com,http://www.tenacitics.com,Tenacitics India Private Limited,wayback+homepage+careers
smartsight.ai,http://www.smartsight.ai/,Darsa AI (AV Advanced Vision Systems Private Limited),wayback+homepage+careers
corp.advanceautoparts.com,https://corp.advanceautoparts.com/home/default.aspx,AAP Global Capability Center LLP,wayback+homepage+careers
sparcindia.com,https://www.sparcindia.com/,Spatial Planning & Analysis Research Centre Private Limited,wayback+homepage+careers
ascentechindia.com,https://www.ascentechindia.com,ASCENTech Information Technology Private Limited,homepage
fourkites.com,https://www.fourkites.com/,FourKites India Private Limited,wayback+homepage+careers
artihcus.com,https://artihcus.com,Artihcus Global Private Limited,homepage
airamatrix.com,https://www.airamatrix.com/,Airamatrix Private Limited,homepage
zorder.in,http://www.zorder.in,zOrder Technologies Private Limited,wayback+homepage+careers
kaizenvoiz.com,http://www.kaizenvoiz.com,Kaizen Secure Voiz Private Limited,wayback+homepage+careers
payu.in,https://payu.in/,PayU Payments Private Limited,homepage
kgetechnologies.com,https://www.kgetechnologies.com,KGE Technologies Private Limited,homepage
tlcgroup.com,http://www.tlcgroup.com,TLC Digitech Private Limited,wayback+homepage
fervidsmart.com,https://www.fervidsmart.com/,Fervid Smart Solutions Private Limited,homepage+careers
montran.in,https://www.montran.in/,Montran Corporation (India) Private Limited,wayback+homepage
millow.io,http://www.millow.io,Millowsatya Services Private Limited,wayback+homepage
version1.com,https://www.version1.com,Version 1 Services Private Limited,homepage
googleadservices.com,https://www.googleadservices.com/pagead/aclk?sa=L&ai=DChcSEwiGlt_53PvwAhVSWWAKHalNAnAYABABGgJ0bQ&ae=2&ohost=www.google.com&cid=CAASE-Ro0k069O-peFHsykNZhltuX5M&sig=AOD64_0Lhk-6J-NtzeT1_96Jhje6bahw_w&q&adurl&ved=2ahUKEwjG5tT53PvwAhUp3jgGHWQ6CFwQ0Qx6BAgDEAE,Mapmygenome India Limited,wayback+homepage+careers
soulunileaders.com,http://www.soulunileaders.com/,Sustainable Outreach and Universal Leadership Limited,homepage
vincacyber.com,https://www.vincacyber.com,Vinca Cybertech Private Limited,wayback+homepage
aot-technologies.com,https://www.aot-technologies.com,AOT Technologies Private Limited,homepage
curl.tech,https://www.curl.tech/,Euphonious Innovation Private Limited,homepage+careers
techwave.net,http://www.techwave.net,Techwave Consulting India Private Limited,wayback+homepage+careers
qbotica.com,https://www.qbotica.com,Qbotica Artificial Intelligence Services Private Limited,wayback+homepage
saasnic.com,https://www.saasnic.com,SaaSnic Technologies Services Private Limited,wayback+homepage+careers
ilensys.com,https://ilensys.com/,iLenSys Technologies Private Limited,wayback+homepage+careers
novoelixir.com,http://www.novoelixir.com,Novo Elixir INC,homepage+careers
innovativeincentives.in,https://innovativeincentives.in/,Innovative Incentives and Rewards Private Limited,wayback+homepage+careers
allieddigital.net,https://www.allieddigital.net,Allied Digital Services Limited,wayback+homepage+careers
infocruise.in,http://www.infocruise.in,Infocruise Solutions Private limited,homepage+careers
thalesgroup.com,https://www.thalesgroup.com/en,Thales India Private Limited,wayback+homepage+careers
thermofisher.com,http://www.thermofisher.com,Thermo Fisher Scientific India Private Limited,wayback+homepage
w3care.com,https://www.w3care.com,W3care Technologies Private Limited,wayback+homepage+careers
hyreo.com,https://hyreo.com/,Hyreo Technology Solutions Private Limited,wayback+homepage+careers
twilio.com,http://www.twilio.com,Twilio Technology India Private Limited,wayback+homepage
pristineinfo.com,https://pristineinfo.com/,Pristine InfoSolutions Private Limited,wayback+homepage+careers
renaultgroup.com,https://www.renaultgroup.com/en/,Renault Nissan Technology & Business Centre India Private Limited,homepage+careers
stellantis.com,http://www.stellantis.com/,Stellantis Technology Centre India Private Limited,wayback+homepage+careers
abirnetworks.com,https://www.abirnetworks.com,ABIR Networks Private Limited,wayback+homepage+careers
about.nike.com,https://about.nike.com/,Nike India Technology Center Private Limited,wayback+homepage
roiminds.com,https://roiminds.com,ROI Minds Private Limited,wayback+homepage+careers
appacmedia.com,https://www.appacmedia.com/,Appac Mediatech Private Limited,wayback+homepage
thetechnovate.com,https://thetechnovate.com/,KRO Brandpeck Private Limited,homepage
zettawise.in,https://www.zettawise.in/,Zettawise Consulting Private Limited,wayback+homepage+careers
bitsinglass.com,https://bitsinglass.com/,Bits In Glass India Private Limited,wayback+homepage+careers
navya.care,https://navya.care/,Navya Care Network Private Limited,wayback+homepage+careers
afactor.ai,https://afactor.ai,A-Factor Private Limited,wayback+homepage+careers
logiquad.com,http://www.logiquad.com,LogiQuad Solutions Private Limited,wayback+homepage
velocis.in,https://www.velocis.in/,Velocis Systems Private Limited,wayback+homepage
gtracademy.org,https://gtracademy.org/,Rootbix Infotech Private Limited,wayback+homepage+careers
inspirebrands.com,https://inspirebrands.com/,Inspire Brands Global Innovation Center India Private Limited,homepage+careers
bookingjini.com,https://www.bookingjini.com,Bookingjini Labs.Private Limited,homepage+careers
mol-it.com,https://www.mol-it.com/,MOL Information Technology India Private Limited,homepage
acceleronsolutions.io,https://www.acceleronsolutions.io/,Acceleron Solutions Private Limited,wayback+homepage
igtech.io,https://www.igtech.io,I-Gizmo Global Technologies Private Limited,wayback+homepage
metacognitive.co.in,https://metacognitive.co.in/web/,Meta Cognitive Technologies Private Limited,wayback+homepage+careers
pena4.com,https://www.pena4.com/,PENA4 Tech Solutions India Private Limited,wayback+homepage+careers
kogo.ai,https://www.kogo.ai/business,Kogo Tech Labs Private Limited,wayback+homepage+careers
gigin.ai,https://www.gigin.ai,Gigin Technologies Private Limited,homepage
yesautomate.com,https://yesautomate.com,Yesautomate Solutions LLP,homepage
gridsandguides.com,https://gridsandguides.com,Grids and Guides Technologies Private Limited,homepage
maangcareers.com,https://www.maangcareers.com/,MAANG Careers (OPC) Private Limited,wayback+homepage+careers
infocreatives.com,https://infocreatives.com/,Infocreatives Services Private Limited,wayback+homepage
aptia-group.com,https://aptia-group.com/en-gb,Aptia Group India Private Limited,wayback+homepage
operforce.ai,https://operforce.ai,Operforce Technologies Private Limited,wayback+homepage+careers
triotech.in,https://triotech.in/,Triotech Bizserve Private Limited,wayback+homepage
vanguardtec.org,https://vanguardtec.org/,Vanguardtec,wayback+homepage+careers
amista.com,https://www.amista.com/,Amista Solutions India Private Limited,homepage
gatewai.io,https://gatewai.io/about-us/,gatewAI Integrated Services Private Limited,wayback+homepage+careers
digizra.com,http://digizra.com/,Digizra Technologies Private Limited,homepage+careers
stringee.com,https://stringee.com/en,Stringee India Private Limited,wayback+homepage+careers
aaravsoftware.com,https://www.aaravsoftware.com,Aarav Global Products And Services Private Limited,wayback+homepage+careers
atwic.com,https://atwic.com/,Atwic Research & Development Private Limited,wayback+homepage+careers
speed-global.com,https://www.speed-global.com,Speed Engineering Solutions Private Limited,wayback+homepage+careers
jbpoindexter.com,https://www.jbpoindexter.com/,JB Poindexter (India) Private Limited,wayback+homepage
karboncard.com,https://www.karboncard.com/,Interropac Private Limited,homepage+careers
backwaterglobal.com,https://www.backwaterglobal.com/,Backwater Analytics Private Limited,wayback+homepage+careers
miotweb.com,https://miotweb.com,MiotWeb Technologies Private Limited,wayback+homepage+careers
phitechlabs.com,https://phitechlabs.com/,PhiTech Labs Private Limited,homepage
alight.com,https://www.alight.com,Alight Services India Private Limited,wayback+homepage
yitro.tech,https://yitro.tech/,Yitro Technology Solutions India Private Limited,homepage
ayasya.com,https://www.ayasya.com,Ayasya Digital Solutions LLP,wayback+homepage
barrywehmiller.com,https://www.barrywehmiller.com/,Barry Wehmiller India Private Limited,homepage+careers
togopool.com,https://www.togopool.com/,Togopool Private Limited,wayback+homepage+careers
tuebora.com,https://tuebora.com,Tuebora Software Private Limited,wayback+homepage+careers
retechprime.com,https://www.retechprime.com,ReTechPrime Technology Solutions Private Limited,wayback+homepage
acadally.ai,https://acadally.ai,Avalon Labs Private Limited,wayback+homepage
ptccircle.com,https://www.ptccircle.com,PTC Circle IT Services Private Limited,homepage
ust.com,https://www.ust.com/,UST Global Technology Services (India) Private Limited,wayback+homepage+careers
revino.in,https://revino.in/,Revino Solutions Private Limited,wayback+homepage
18northsystems.com,https://www.18northsystems.com,18North Systems Private Limited,wayback+homepage+careers
simpliigence.com,https://simpliigence.com/,Simpliigence Private Limited,homepage
techwisedigital.com,https://techwisedigital.com/,TechWise Digital Private Limited,homepage
pizoneinfotech.com,https://www.pizoneinfotech.com,PiZone Infotech Solution Private Limited,homepage+careers
blue-bricks.com,https://www.blue-bricks.com,BlueBricks Technologies Private Limited,wayback+homepage+careers
dvanalyticsmds.com,https://dvanalyticsmds.com/,DV Data & Analytics Private Limited,wayback+homepage+careers
assurant.in,https://www.assurant.in/,Assurant Warranty Solutions (India) Private limited,homepage+careers
siqes.com,https://siqes.com,Shass Information & Quality Engineering Services,homepage
corp.roblox.com,https://corp.roblox.com/,Roblox India Services Private Limited,wayback+homepage
interpolitanmoney.com,https://www.interpolitanmoney.com/,Interpolitan Global Private Limited,homepage
nationwide.com,https://www.nationwide.com,Nationwide Global Services Center Private Limited,homepage
meetcs.com,https://meetcs.com/,MEETCS Private Limited,homepage+careers
rxbenefits.com,https://www.rxbenefits.com/,RxBenefits Healthcare India Private Limited,homepage
brioworkx.com,https://www.brioworkx.com/,Brioworkx IT Services Private Limited,homepage+careers
emprotek.com,https://emprotek.com/,Emprotek Software Solutions Private Limited,homepage
cleartrust.cc,https://www.cleartrust.cc/,Botman Networks Private Limited,homepage+careers
bluestarindia.com,https://www.bluestarindia.com/,Blue Star Limited,homepage
talentmicro.com,https://www.talentmicro.com,TalentMicro Innovations Private Limited,wayback+homepage+careers
greystar.com,https://www.greystar.com/,Greystar Services India Private Limited,wayback+homepage
arsenalinfosolutions.com,https://arsenalinfosolutions.com,Arsenal Infosolutions Private Limited,homepage
aiotel.com,https://aiotel.com/en,Aiotel Private Limited,wayback+homepage+careers
crystalpm.ai,https://www.crystalpm.ai,Freelanceteams Private Limited,wayback+homepage+careers
crosslynxus.com,https://www.crosslynxus.com/,Crosslynx Technologies Services Private Limited,wayback+homepage+careers
eonetechnologies.com,https://www.eonetechnologies.com,Eone Technologies Private Limited,homepage
globexdigitalcorp.com,https://www.globexdigitalcorp.com,Globex Digital Solutions Private Limited,homepage
vitsinco.in,https://www.vitsinco.in/contact-us/,Vitsinco Global Consulting Private Limited,homepage
dharwadhubballitutor.com,https://dharwadhubballitutor.com,DharwadHubballiTutor,homepage
ivmtechno.com,https://ivmtechno.com/,IVM Technologies LLP,wayback+homepage
freedomconsulting.inc,https://www.freedomconsulting.inc,Freedom BTD Private Limited,wayback+homepage
galactixsolutions.com,https://www.galactixsolutions.com,Galactix Solutions Private Limited,wayback+homepage+careers
caligne.com,https://www.caligne.com,Caligne Private Limited,homepage+careers
sarvagram.com,http://www.sarvagram.com,Sarvagram Solutions Private Limited,wayback+homepage+careers
brookfield.com,https://www.brookfield.com/,Brooksolutions Global Services Private Limited,wayback+homepage+careers
softprimeconsulting.com,https://softprimeconsulting.com/,Softprime Consulting Private Limited,wayback+homepage
sophitoriumsgi.org,https://sophitoriumsgi.org/missionVision.html,AB Information Technology Solutions Private Limited,homepage+careers
quasarcybertech.com,https://quasarcybertech.com,QuasarCyberTech Private Limited,wayback+homepage
kalp.studio,https://www.kalp.studio,Kalp Digital Infra Private Limited,wayback+homepage+careers
laderatechnology.com,https://laderatechnology.com/,Ladera Technology Private Limited,homepage
bearingpoint.com,https://www.bearingpoint.com/en-in/,BearingPoint India Private Limited,homepage
guseducationindia.com,https://www.guseducationindia.com,GUS Education India LLP,homepage
imast.in,https://www.imast.in,Imast Operations Private Limited,wayback+homepage
enthu.ai,https://enthu.ai,Enthuworks Technologies Private Limited,wayback+homepage+careers
logicsystems.co.in,https://logicsystems.co.in/,Logic Systems & Solutions,wayback+homepage+careers
synycs.com,http://www.synycs.com,Synycs Enterprises Private Limited,wayback+homepage+careers
jioinstitute.edu.in,https://www.jioinstitute.edu.in/,Reliance Foundation Institution of Education and Research,wayback+homepage+careers
appworx.in,https://www.appworx.in/,Appworx IT Solutions Private Limited,wayback+homepage+careers
naatscorp.com,https://www.naatscorp.com/,Naatscorp Private Limited,homepage+careers
xeedo.in,https://xeedo.in/,Xeedo Technologies Private Limited,homepage
indiait360.com,https://www.indiait360.com/,IndiaIT360 Solutions Private Limited,wayback+homepage+careers
ldsinfotech.com,https://www.ldsinfotech.com,LDS Infotech Private Limited,wayback+homepage+careers
hexanode.digital.com,https://www.hexanode.digital.com,Hexanode Digital Private Limited,wayback+homepage+careers
eagle.in,https://www.eagle.in/,Eagle Information Systems Private Limited,wayback+homepage
thinksurfmedia.info,https://www.thinksurfmedia.info/,ThinkSurf Media LLP,wayback+homepage+careers
collegedunia.com,https://collegedunia.com/college/13162-capital-engineering-college-cec-khorda,Capital Engineering College,wayback+homepage
hapag-lloyd.com,https://www.hapag-lloyd.com/,Hapag-Lloyd Technology Center Private Limited,wayback+homepage+careers
oipinsurtech.com,https://www.oipinsurtech.com/,OIP Robotics Private Limited,wayback+homepage
ascensus.com,https://www.ascensus.com/,Ascensus Global Services India LLP,wayback+homepage+careers
polosoftech.com,https://www.polosoftech.com/,Polosoft Technologies Private Limited,homepage
entrata.com,https://www.entrata.com/,Entrata India Private Limited,homepage
whizconsulting.net,https://www.whizconsulting.net/,Whiz Consulting Private Limited,homepage+careers
itechlance.com,https://www.itechlance.com/,I-Tech Lance Information Technology Private Limited,homepage+careers
burnsmcd.com,https://www.burnsmcd.com/,Burns & Mcdonnell Engineering India Private Limited,homepage
bnedloudcloud.com,https://www.bnedloudcloud.com/,LoudCloud Systems Private Limited,wayback+homepage+careers
inspiroworks.com,https://inspiroworks.com,INPW Technologies Private Limited,wayback+homepage
sonoco.com,https://www.sonoco.com/sonoco-hyderabad,Sonoco India Performance Hub Private Limited,wayback+homepage
vaultize.com,https://www.vaultize.com,Vaultize Technologies Private Limited,homepage+careers
palni.com,https://palni.com/,Palni India Private Limited,wayback+homepage+careers
secai.in,https://www.secai.in/,SSM SecAI Technology and R&D Services Private Limited,wayback+homepage
ccl.org,https://www.ccl.org/,Center For Creative Leadership India Private Limited,wayback+homepage
e-mergeglobal.com,https://e-mergeglobal.com/,E-Merge Tech Global Services Private Limited,wayback+homepage
innofissionai.com,https://www.innofissionai.com/,InnoFissionAI (Assistorix Systems Private Limited),wayback+homepage+careers
quantileanalytics.co,https://www.quantileanalytics.co/,Quantile Analytics Private Limited,wayback+homepage
varishthainfotech.com,https://varishthainfotech.com/,Varishtha Infotech Services Private Limited,wayback+homepage+careers
teclogos.in,https://teclogos.in/,TecLogos Automation Private Limited,homepage
caliberfocus.com,https://caliberfocus.com/,CaliberFocus Business Solutions Private Limited,wayback+homepage
sevenmentor.com,http://www.sevenmentor.com,Seven Mentor & Training Private Limited,wayback+homepage+careers
trassir.com,https://trassir.com/,Trassir Sentinel Private Limited,homepage
turnberrysolutions.com,https://www.turnberrysolutions.com/,Turnberry Solutions Private Limited,homepage
mjcglobaltech.com,https://mjcglobaltech.com/,MJC Globaltech Private Limited,homepage+careers
cloudprism.co,https://cloudprism.co,SFCPrisms Solutions Private Limited,wayback+homepage
greytrix.in,https://www.greytrix.in,Greytrix India Private Limited,wayback+homepage+careers
cyberionsoft.com,https://www.cyberionsoft.com,Cyberion Software Solutions Private Limited,wayback+homepage+careers
freightfox.ai,https://www.freightfox.ai/,NimbleLogik Private Limited,wayback+homepage+careers
ideabytes.com,https://ideabytes.com/,Ideabytes Software India Private Limited,homepage+careers
spyverificationservices.com,https://spyverificationservices.com/,Spy Verification Services,wayback+homepage+careers
netambit.com,https://netambit.com/,NetAmbit ValueFirst Services Private Limited,homepage
bilightsolutions.com,https://bilightsolutions.com,Bilight Solutions LLP,homepage
srinsights.com,https://srinsights.com,Strategic Research Insights LLP,wayback+homepage
presidencyuniversity.in,https://presidencyuniversity.in/,Presidency University,wayback+homepage+careers
malomatia.com,https://www.malomatia.com/,malomatia India Technology Services Private Limited,homepage
rbunagpur.in,https://rbunagpur.in/,"Ramdeobaba University, Nagpur",wayback+homepage+careers
viatris.in,https://www.viatris.in/,Mylan Pharmaceuticals Private Limited,homepage
procdna.com,https://www.procdna.com/,ProcDNA Analytics Private Limited,wayback+homepage+careers
jasonschool.com,https://jasonschool.com/,Jason School Private Limited,wayback+homepage+careers
vanguard.in,https://www.vanguard.in/,VISCO Information Technology Services Private Limited,homepage+careers
ascentt.com,https://ascentt.com/,Ascentt AITek Private Limited,homepage
smbc.co.jp,https://www.smbc.co.jp/,SMBC Global Services Private Limited,wayback+homepage
softility.com,https://www.softility.com/,Softility Tech Private Limited,homepage
forteia.com,https://forteia.com,FORTEIA (A brand of MTMF Global Technologies Private Limited),wayback+homepage
newrelic.com,https://newrelic.com/,New Relic One India Private Limited,wayback+homepage
lowlightking.com,https://lowlightking.com/,LowLightKing Productions Private Limited,homepage
proximal.cloud,https://www.proximal.cloud,Proximal Cloud Private Limited,wayback+homepage+careers
cloudflare.com,https://www.cloudflare.com,Cloudflare Capability Center (India) Private Limited,wayback+homepage
patanjaliassociates.com,https://www.patanjaliassociates.com,Patanjali Associates and Kanti Mohan Rustagi-IRP,homepage
threatwatch360.com,https://threatwatch360.com/,Virupaksha Cylabs Private Limited,wayback+homepage+careers
goaheadc.com,https://www.goaheadc.com/,Go Ahead Consultant,homepage
shyrohealth.com,https://www.shyrohealth.com,Shyro Health Private Limited,wayback+homepage
vevion.in,https://vevion.in,Vevion Technology Services Private Limited,wayback+homepage
advayanet.ai,https://www.advayanet.ai,Advaya Networks Private Limited,wayback+homepage+careers
theelixrlabs.com,https://www.theelixrlabs.com/,Elixr Labs Technologies Private Limited,homepage+careers
bridgestone.com,https://www.bridgestone.com/regional/asia_pacific/india.html,Bridgestone GCC,homepage
orbia.com,https://www.orbia.com/,Orbia India Global Capability Center Private Limited,wayback+homepage+careers
launchedglobal.in,https://launchedglobal.in/,Launched Edutech Solutions Private Limited,wayback+homepage+careers
weaver.com,https://weaver.com/,Weaver and Tidwell India LLP,wayback+homepage+careers
sulzer.com,https://www.sulzer.com/en,Sulzer India Private Limited,homepage
psptechhub.com,https://psptechhub.com/,PSPTech Hub Services Private Limited,homepage+careers
in.milliman.com,https://in.milliman.com/en-GB,Milliman India Private Limited,wayback+homepage+careers
techbrein.com,https://techbrein.com/,TechBrein Solutions Private Limited,homepage
hertzwave.in,https://www.hertzwave.in,Hertzwave Innovations Private Limited,homepage+careers
yantrovaa.com,https://www.yantrovaa.com/,Yantrovaa Technology Private Limited,wayback+homepage+careers
anaptyss.com,https://www.anaptyss.com/,Anaptyss India Private Limited,wayback+homepage
hoags.in,https://www.hoags.in/,Hoags Technologies India Private Limited,wayback+homepage+careers
altius.us,https://www.altius.us/,Altius Strategic Consulting Private Limited,wayback+homepage
bharuwasolutions.com,https://www.bharuwasolutions.com,Bharuwa Solutions Private Limited,wayback+homepage+careers
finacplus.com,https://www.finacplus.com,FinacPlus Global Services Private Limited,wayback+homepage
bnmit.org,https://www.bnmit.org/?utm_source=GMB&utm_medium=organic,Bhageerathi Bai Narayana Rao Maanay Charities,wayback+homepage+careers
featherlitefurniture.com,https://featherlitefurniture.com/,Featherlite Office Systems Private Limited,wayback+homepage+careers
appcodesk.com,https://www.appcodesk.com/,Jupito Deeptech Private Limited,wayback+homepage+careers
hyring.com,https://hyring.com,Hyring Tech Private Limited,homepage
infronttechnology.com,https://infronttechnology.com,Infront Technology Private Limited,wayback+homepage+careers
ncs.co,https://www.ncs.co/en-in/,NCSI Technologies (India) Private Limited,wayback+homepage+careers
inferq.my.canva.site,https://inferq.my.canva.site/inferq#home,Inferigence Quotient Private Limited,wayback+homepage+careers
gerptech.com,https://www.gerptech.com/,GERP Technologies Private Limited,wayback+homepage+careers
avaloq.com,https://www.avaloq.com/,Avaloq India Private Limited,wayback+homepage+careers
wiztekit.com,https://wiztekit.com/,WiztekIT Solutions Private Limited,wayback+homepage
tipl.in,https://www.tipl.in/,Transcend Infosystems Private Limited,homepage+careers
kreedalabs.com,https://www.kreedalabs.com,Fitmat Smart Solutions Private Limited,homepage
gomoder.com,https://www.gomoder.com/,Moder Solutions India Private Limited,wayback+homepage+careers
jesperapps.com,https://www.jesperapps.com,Jesper Apps Software Services Private Limited,wayback+homepage
procesiq.com,https://procesiq.com,ProcesIQ Influx Private Limited,wayback+homepage+careers
idaminfra.com,https://www.idaminfra.com,Idam Infrastructure Advisory Private Limited,homepage
uprisesol.in,https://uprisesol.in,Uprisesol LLP,wayback+homepage+careers
ripplehire.com,https://www.ripplehire.com/,Trampoline Tech Private Limited,wayback+homepage+careers
bloomvalue.com,https://www.bloomvalue.com,Bloom Value India Private Limited,wayback+homepage+careers
ailifebot.com,https://ailifebot.com/,Ignited Wings Technology Private Limited,wayback+homepage+careers
thequantum.ai,https://thequantum.ai,Qaig Private Limited,wayback+homepage+careers
lionsworkforce.com,https://lionsworkforce.com,Lions Workforce Solutions India Private Limited,wayback+homepage+careers
matainja.com,https://www.matainja.com/,Matainja Technologies,homepage
rfgbpl.com,http://rfgbpl.com,Rainforest Golden Basket Private Limited,wayback+homepage+careers
barrierbreak.com,https://www.barrierbreak.com/,BarrierBreak Solutions Private Limited,homepage
alexisoftech.com,https://alexisoftech.com,Alexisoft Technologies Private Limited,wayback+homepage+careers
verifynow.in,https://verifynow.in/,Prilities Technologies Private Limited,homepage+careers
valiancesolutions.com,https://valiancesolutions.com/,Valiance Analytics Private Limited,homepage
sikich.com,https://www.sikich.com/,Sikich India Private Limited,wayback+homepage+careers
webbeeglobal.com,https://www.webbeeglobal.com,WebBee eSolutions Private Limited,wayback+homepage+careers
ascendion.com,https://ascendion.com,Ascendion Engineering Private Limited,wayback+homepage+careers
growinprotechnologies.com,https://www.growinprotechnologies.com,Growing Pro Technologies Private Limited,wayback+homepage+careers
ai4process.com,https://ai4process.com/,ai4process Consultancy Private Limited,wayback+homepage
indusguru.in,https://www.indusguru.in/,IndusGuru Network Partners LLP,homepage
icm.im,https://icm.im/,ICM Services Private Limited,wayback+homepage+careers
sourcemash.com,https://sourcemash.com/,Sourcemash Technologies Private Limited,wayback+homepage
gbtechservice.com,https://www.gbtechservice.com/,GB Tech Service Private Limited,wayback+homepage+careers
vidushiinfotech.com,https://vidushiinfotech.com/,Vidushi Infotech Software Solutions Provider Private Limited,wayback+homepage
bizastra.com,https://www.bizastra.com,Bizastra Private Limited,homepage
cognyfy.com,https://www.cognyfy.com,Cognyfy Concept Private Limited,homepage+careers
alkami.com,https://www.alkami.com/,Alkami Technology India Private Limited,wayback+homepage+careers
orangedatatech.com,https://orangedatatech.com/,Orange Data Tech Private Limited,homepage
datopic.com,https://www.datopic.com,Datopic Technologies Private Limited,wayback+homepage
ilogitron.com,https://ilogitron.com/,Ilogitron Technologies Private Limited,homepage
xbattery.energy,https://xbattery.energy/,Xbattery Energy Private Limited,wayback+homepage
singhaniauniversity.ac.in,https://singhaniauniversity.ac.in/,Singhania University,wayback+homepage+careers
assessli.com,https://www.assessli.com/,One Oath Educational Research and Technologies Private Limited,homepage+careers
spectraascreen.com,https://www.spectraascreen.com,SpectraaScreen Global Private Limited,wayback+homepage+careers
threatsenseai.com,https://www.threatsenseai.com,ThreatSense AI LLP,wayback+homepage+careers
apcoworldwide.com,https://apcoworldwide.com/,APCO Worldwide (India) Private Limited,wayback+homepage
outsourcedbookeeping.com,https://www.outsourcedbookeeping.com/,Sunil Khullar InfoTech Management Services Private Limited,homepage
workbuds.in,https://www.workbuds.in,WorkBuds,homepage+careers
whistlemind.com,https://whistlemind.com,Whistlemind Technologies LLP,homepage+careers
agaamin.com,https://agaamin.com,Agaamin Technologies Private Limited,wayback+homepage+careers
atombuild.com,https://atombuild.com,Anant Atom Consultancy Private Limited,homepage
vivicta.com,https://www.vivicta.com/en/,Vivicta Private Limited,homepage
techu.in,https://techu.in/,Techu Innovation Labs Private Limited,homepage+careers
prtsoftwaresolutions.com,https://prtsoftwaresolutions.com/,PRT Software Solutions LLP,wayback+homepage+careers
sphericallab.com,https://sphericallab.com/,Spherical-Lab Innovation Private Limited,wayback+homepage+careers
belltechlogix.com,https://belltechlogix.com,Bell Techlogix India Private Limited,homepage
xfilespro.com,https://www.xfilespro.com,XfilesPro Labs Private Limited,homepage+careers
cerify.ai,https://cerify.ai,Cerify Auditing Solutions Private Limited,wayback+homepage+careers
unimity.com,https://www.unimity.com/,Unimity Solutions Private Limited,homepage
azalio.io,https://www.azalio.io/,Azalio Technologies Private Limited,wayback+homepage
techanandrathi.com,https://www.techanandrathi.com/,Anand Rathi IT Private Limited,homepage
softaculous.com,https://www.softaculous.com/,Softaculous Limited,homepage
in.medlineasia.com,https://in.medlineasia.com/,Medline Industries India Private Limited,wayback+homepage
nmiet.ac.in,https://nmiet.ac.in/,NM Institute of Engineering and Technology (A unit of NM Lok Kalyan Trust),wayback+homepage+careers
dsekai.com,https://www.dsekai.com/,DSekai Technologies LLP,homepage
lionsverify.com,https://lionsverify.com/,Lionsverify Tech Private Limited,wayback+homepage+careers
thinknext.co.in,https://www.thinknext.co.in/,ThinkNEXT Technologies Private Limited,homepage
dhiraa.org,https://dhiraa.org/,Dhiraa Skilldev Foundation,wayback+homepage+careers
paynwaysworldwide.com,https://www.paynwaysworldwide.com/,PayNways India Private Limited,wayback+homepage
solytics-partners.com,https://www.solytics-partners.com/,Solytics Partners Private Limited,homepage
uniqus.com,https://uniqus.com/,Uniqus India Private Limited,wayback+homepage
rasacode.in,https://rasacode.in/,Rasacode Technologies Private Limited,wayback+homepage+careers
nrconsulting.com,https://nrconsulting.com/,NRConsulting Services Private Limited,wayback+homepage+careers
apigroupinc.com,https://www.apigroupinc.com/,API International Capability Centre Private Limited,wayback+homepage+careers
amentum.com,https://www.amentum.com,Amentum International Business Services Private Limited,homepage
eisneramper.com,https://www.eisneramper.com,EisnerAmper (India) Consultants Private Limited,wayback+homepage+careers
digiveda.io,https://digiveda.io/,Digiveda Innovations LLP,wayback+homepage
nextgenscreening.com,https://www.nextgenscreening.com/,Nextgen Screening Private Limited,wayback+homepage+careers
axlehrm.com,https://www.axlehrm.com,Axle HRM Private Limited,wayback+homepage+careers
indiminds.com,https://www.indiminds.com/,Indiminds Technologies LLP,wayback+homepage+careers
gverify.in,https://www.gverify.in,Garuda Intelligence and Security Services Private Limited,wayback+homepage+careers
secuai.ai,https://secuai.ai/,SecuAI Solutions Private Limited,wayback+homepage+careers
panoramasoftwares.com,https://www.panoramasoftwares.com/,Panorama Software Solutions Private Limited,wayback+homepage+careers
reposoft.in,https://reposoft.in/,Web3Passion,homepage+careers
axiro.com,https://www.axiro.com/en,Axiro Semiconductor Private Limited,homepage
cuttingej.com,https://cuttingej.com/,CuttingEj Solutions India Private Limited,homepage+careers
sadupsoft.com,https://sadupsoft.com/,Sadup Softech Private Limited,wayback+homepage+careers
cypros.in,https://cypros.in/,Cypros Technologies Private Limited,wayback+homepage+careers
americantower.com,https://www.americantower.com,ATC India Infrastructure Private Limited,wayback+homepage+careers
assurtiv.com,https://assurtiv.com/,Assurtiv Technologies Private Limited,wayback+homepage+careers
datagrid.co.in,https://datagrid.co.in/,Datagrid Solutions Private Limited,homepage
mhp.com,https://www.mhp.com,MHP India Private Limited,wayback+homepage
cubiksoft.com,https://cubiksoft.com/,Cubiksoft Technologies Private Limited,homepage+careers
monkdb.com,https://monkdb.com,Movibase Platform Private Limited,wayback+homepage
upwayskills.com,https://www.upwayskills.com/,Upway Skills Private Limited,wayback+homepage+careers
fulambritext.com,https://fulambritext.com/,Fulambri Text Com Private Limited,homepage
raspberry.systems,https://www.raspberry.systems,Raspberry Infosystems Private Limited,homepage+careers
digitalistech.com,https://www.digitalistech.com/,Digitalis Technologies Private Limited,wayback+homepage+careers
settlezy.com,https://settlezy.com,Settlezy ADR Institute Private Limited,wayback+homepage+careers
edot-solutions.com,http://www.edot-solutions.com,eDOT Solutions,wayback+homepage+careers
hexagon.com,https://www.hexagon.com,Hexagon Capability Hub India Private Limited,wayback+homepage+careers
frontierwox.in,https://frontierwox.in/,Frontierwox Tech Private Limited,wayback+homepage+careers
italentoutsourcing.com,https://www.italentoutsourcing.com,iTalent Outsourcing Services Private Limited,wayback+homepage+careers
supremology.com,https://supremology.com/,Supremology Software Services Private Limited,wayback+homepage+careers
pvh.com,https://www.pvh.com/,PVH Services India Private Limited,homepage+careers
ciphercode.co,https://ciphercode.co,Ciphercode Tech Solutions Private Limited,wayback+homepage+careers
3nperformance.com,https://3nperformance.com/,NNN Performance Private Limited,wayback+homepage
kenanmcpl.com,https://kenanmcpl.com/,Kenan Management Consultants Private Limited,wayback+homepage+careers
bmwtechworks.in,https://bmwtechworks.in/,BMW TechWorks India Private Limited,wayback+homepage
srishtis.com,https://srishtis.com,Srishti Innovative Educational Services Private Limited,wayback+homepage+careers
mindtrack.tech,https://mindtrack.tech/,Mindtrack Technologies Private Limited,wayback+homepage
libertyinsurance.in,https://www.libertyinsurance.in/,Liberty Data Analytics Private Limited,homepage
gotroo.in,https://gotroo.in,Dadu Verification Technologies Private Limited,homepage+careers
circana.com,https://www.circana.com/,Circana India Private Limited,wayback+homepage
meritechsolutions.com,https://meritechsolutions.com/,Meritech Solutions Private Limited,wayback+homepage+careers
siemensgamesa.com,https://www.siemensgamesa.com/global/en/home.html,Siemens Gamesa Renewable Power Private Limited,wayback+homepage+careers
dllgroup.com,https://www.dllgroup.com,DLL Global Business Services Private Limited,wayback+homepage+careers
ncrvoyix.com,https://www.ncrvoyix.com,Terafina Software Solutions Private Limited,homepage
hics.com.sg,https://hics.com.sg/,HICS Technologies India Private Limited,homepage
egisedge.com,https://egisedge.com,Egisedge Technologies Private Limited,wayback+homepage+careers
perficient.com,https://www.perficient.com/,Perficient India Private Limited,wayback+homepage+careers
authenzia.com,https://www.authenzia.com/,Authenzia Solutions Private Limited,wayback+homepage+careers
pomeroy.com,https://pomeroy.com,Pomeroy Technologies India Private Limited,wayback+homepage+careers
mergenglobal.co,https://mergenglobal.co/,Mergen Global Private Limited,wayback+homepage
profolo.com,https://profolo.com,Profolo Platforms Private Limited,wayback+homepage+careers
serko.com,https://www.serko.com/,Serko India Private Limited,homepage
united.com,https://www.united.com/,United Airlines Business Services Private Limited,wayback+homepage+careers
mdginfo.com,https://mdginfo.com/about,MDG Information Services Private Limited,homepage
instaveritas.com,https://www.instaveritas.com,Instaveritas India Private Limited,wayback+homepage+careers
eurosia.eu,https://www.eurosia.eu,Eurosia BIM Services Private Limited,wayback+homepage+careers
maniwind.com,https://maniwind.com,ManiWindTek,wayback+homepage+careers
iaaxin.com,https://iaaxin.com,Iaaxin Tech Labs (India) Private Limited,homepage
octagona.co,http://www.octagona.co,Octagona India Private Limited,wayback+homepage+careers
sixofour.in,https://www.sixofour.in,SixOFour Solutions Private Limited,homepage+careers
skyyskilllabs.org,https://www.skyyskilllabs.org/IT-Services,SkyySkill Academy Private Limited,wayback+homepage+careers
oaktreecapital.com,https://www.oaktreecapital.com/,OCM India GCC Private Limited,wayback+homepage
crayonsys.com,https://crayonsys.com/,Crayonsys IT Services Private Limited,wayback+homepage+careers
computersonhire.com,https://computersonhire.com,PC Island Services,wayback+homepage
premier-consultancy.com,https://premier-consultancy.com/,Premier Consultancy And Investigation Private Limited,homepage+careers
snvaveranda.com,https://www.snvaveranda.com/,SNVA Veranda Limited,wayback+homepage
woxatech.com,https://woxatech.com/,Woxa Technologies Private Limited,homepage+careers
adecco.com,https://www.adecco.com/en-in,Adecco India Private Limited,wayback+homepage+careers
incrementumhealthcare.com,https://incrementumhealthcare.com/,Incrementum Healthcare Private Limited,wayback+homepage+careers
thoughtgreen.com,https://www.thoughtgreen.com/,Thoughtgreen Technologies Private Limited,wayback+homepage+careers
blackbox.com,https://www.blackbox.com,Black Box Limited,wayback+homepage
refguru.org,https://www.refguru.org,Refguru Information Services Private Limited,wayback+homepage+careers
tectura.com,https://tectura.com/india/,Tectura Infotech Private Limited,wayback+homepage+careers
okcl.org,https://okcl.org/,Odisha Knowledge Corporation Limited,homepage
isprout.in,https://isprout.in/,iSprout Business Centre Private Limited,homepage
yourarcteam.com,https://yourarcteam.com,Adi Raheja and Co,homepage
beehyv.com,http://www.beehyv.com/,BeeHyv Software Solutions Private Limited,homepage
cogentinfo.com,https://www.cogentinfo.com/,Cogent IT Solutions Private Limited,homepage
uncodemy.com,https://uncodemy.com/,Uncodemy Edutech Private Limited,homepage
cybersrcc.com,http://www.cybersrcc.com/,CyberSRC Consultancy Private Limited,homepage
lifekraftacademy.com,https://lifekraftacademy.com/,Lifekraft Training Academy Private Limited,wayback+homepage+careers
catawing.com,https://www.catawing.com,Catawing Cybernetics Private Limited,wayback+homepage+careers
technocompanion.com,https://www.technocompanion.com/,YAS Techno Companion Private Limited,wayback+homepage+careers
mindmill.com,https://www.mindmill.com,Mindmill Software Limited,homepage
conversionperk.com,https://www.conversionperk.com,Conversion Perk Private Limited,homepage
leanimpeccable.com,https://www.leanimpeccable.com/,Lean Impeccable Technologies Private Limited,wayback+homepage+careers
finari.com,https://www.finari.com/,Finari Services Private Limited,wayback+homepage+careers
processdrive.com,http://www.processdrive.com,Process Drive India Private Limited,wayback+homepage+careers
veriday.com,https://veriday.com,Veriday Technologies India Private Limited,wayback+homepage
altruistindia.com,https://www.altruistindia.com/,Altruist Customer Management India Private Limited,wayback+homepage+careers
relativity.co.in,https://relativity.co.in/,Relativity Management Solutions India Private Limited,homepage+careers
adamastech.in,https://adamastech.in/,Adamas Tech Consulting Private Limited,homepage+careers
curriculumassociates.com,https://www.curriculumassociates.com/,Curriculum Associates India Private Limited,wayback+homepage
advayan.com,https://www.advayan.com/,Advayan Technologies Private Limited,homepage+careers
revealhealthtech.com,https://revealhealthtech.com/,Astounding Healthtech Private Limited,wayback+homepage
cigspl.com,https://www.cigspl.com/,Coreintegra Global Services Private Limited,wayback+homepage+careers
voyaindia.com,https://www.voyaindia.com/,Voya Global Services Private Limited,homepage
crediscreen.in,https://crediscreen.in,Crediscreen Services Private Limited,wayback+homepage+careers
eqtgroup.com,https://eqtgroup.com,EQT Partners India Private Limited,wayback+homepage
ikaitechnology.com,https://ikaitechnology.com/,IKAI Technology Solutions Private Limited,homepage+careers
reason360.in,https://www.reason360.in/,Reason Analytics Softech Private Limited,wayback+homepage+careers
xbizventures.com,https://www.xbizventures.com,X-Biz Techventures Private Limited,wayback+homepage+careers
appdeft.biz,https://www.appdeft.biz/,App Deft,wayback+homepage+careers
mitwpu.edu.in,https://mitwpu.edu.in,Dr. Vishwanath Karad MIT World Peace University,wayback+homepage+careers
integscloud.com,https://www.integscloud.com,Integs Cloud Technologies Private Limited,homepage
micromitti.com,https://www.micromitti.com/,Micromitti Real Estate Ventures Private Limited,wayback+homepage+careers
skillsoft.com,https://www.skillsoft.com/,SkillSoft Software Services India Private Limited,wayback+homepage
upcoretech.com,http://upcoretech.com,Upcore Technologies Private Limited,wayback+homepage+careers
vestian.com,https://www.vestian.com/,Vestian Global Work Place Services Private Limited,wayback+homepage
pdeu.ac.in,https://www.pdeu.ac.in,Pandit Deendayal Energy University,wayback+homepage+careers
cueforgood.com,https://www.cueforgood.com/,Cue For Good Solutions Private Limited,wayback+homepage
edugem.in,https://edugem.in/,Edugem Technologies Private Limited,wayback+homepage+careers
zalaris.com,https://zalaris.com,Zalaris HR Services India Private Limited,wayback+homepage+careers
navigaglobal.com,https://www.navigaglobal.com/,Naviga Technology Solutions Private Limited,homepage
embarkgcc.com,https://embarkgcc.com/,EmbarkGCC Services Private Limited,wayback+homepage+careers
purplequarter.com,https://purplequarter.com/,PurpleLabs Search Private Limited,wayback+homepage+careers
outbooks.com,http://outbooks.com,Outbooks Outsourcing Private Limited,homepage
lancesoft.com,https://www.lancesoft.com/,LanceSoft India Private Limited,wayback+homepage+careers
nielseniq.com,https://nielseniq.com/global/en/,Nielseniq (India) Private Limited,wayback+homepage
yozytech.com,https://yozytech.com/,Yozy Technologies LLP,wayback+homepage+careers
atlascopcogroup.com,https://www.atlascopcogroup.com/en,Atlas Copco (India) Private Limited,wayback+homepage+careers
credenca.com,https://credenca.com,Credenca Data Solutions Private Limited,homepage
orcalex.ai,https://orcalex.ai/,Orcalex Technologies LLP,wayback+homepage+careers
atlassian.com,https://www.atlassian.com/,Atlassian India LLP,wayback+homepage
thetadynamics.in,https://www.thetadynamics.in,Theta Dynamics Private Limited,wayback+homepage+careers
oeconnection.com,https://oeconnection.com,OEC India Services Private Limited,wayback+homepage+careers
delastream.com,http://www.delastream.com,delaStream Solutions Private Limited,wayback+homepage+careers
gramproindia.com,https://www.gramproindia.com,GramPro Business Services Private Limited,wayback+homepage
coupa.com,http://www.coupa.com,Coupa Software India Private Limited,wayback+homepage+careers
tynybay.com,https://www.tynybay.com/,TYNYBAY Private Limited,wayback+homepage+careers
sapfioneer.com,https://www.sapfioneer.com/,Fioneer India Private Limited,homepage
westerndigital.com,https://www.westerndigital.com/en-us,WD Storage Technologies India Private Limited,homepage
crmtiger.com,https://crmtiger.com/,CRMTiger Technologies LLP,wayback+homepage+careers
klodev.com,https://www.klodev.com/,Klodev Private Limited,wayback+homepage+careers
simcorp.com,https://www.simcorp.com/,SimCorp India LLP,wayback+homepage
syllogisticsai.com,https://syllogisticsai.com,Syllogistics AI Private Limited,wayback+homepage+careers
medtronic.com,https://www.medtronic.com/in-en/our-company/india/diabetes-global-capability-centre.html,Medtronic Minimed India Private Limited,homepage
avvanz.com,https://www.avvanz.com/,Avvanz India Private Limited,homepage+careers
aissmsioit.org,https://www.aissmsioit.org/,"AISSMS Institute of Information Technology, Pune",wayback+homepage+careers
handigital.com,https://www.handigital.com/,Han Digital Solution Private Limited,homepage
acquisysolutions.com,https://www.acquisysolutions.com/,Acquisy Solutions Private Limited,wayback+homepage+careers
pro.epikdoc.ai,https://pro.epikdoc.ai/,epikDoc AI Technologies Private Limited,wayback+homepage+careers
valueadd-research.com,https://www.valueadd-research.com/,ValueAdd Research and Analytics Solutions LLP,homepage
sgcsol.com,https://www.sgcsol.com/,SGC IT Solutions Private Limited,wayback+homepage+careers
getmysoutions.in,https://getmysoutions.in,GetMy Solutions Private Limited,wayback+homepage+careers
vixplor.com,https://www.vixplor.com/,Vixplor Analytics Private Limited,wayback+homepage+careers
schwab.com,https://www.schwab.com/,Charles Schwab Services India Private Limited,wayback+homepage+careers
allegion.com,https://www.allegion.com/,Allegion India Private Limited,wayback+homepage
intactinsurance.co.uk,https://www.intactinsurance.co.uk/,Intact Business Services Private Limited,homepage
hdsupply.jobs,https://hdsupply.jobs/us/en/global-technology-center,HD Supply Global Delivery Services Private Limited,wayback+homepage+careers
cubeten.com,http://www.cubeten.com,CubeTen Technologies Private Limited,wayback+homepage+careers
msd.com,https://www.msd.com,MSD Hyderabad Global Capabilities Center India Private Limited,wayback+homepage
utiitsl.com,https://www.utiitsl.com/,UTI Infrastructure Technology and Services Limited,homepage
talentonlease.com,https://talentonlease.com/,TalentOnLease Private Limited,wayback+homepage+careers
everligntek.com,https://www.everligntek.com/,Everligntek Solutions Private Limited,wayback+homepage
zeptologic.com,https://zeptologic.com/,Zepto Logic Technologies Private Limited,wayback+homepage+careers
gesil.co.in,https://www.gesil.co.in/,Global E-Village Services India Limited,wayback+homepage+careers
aagati.com,https://www.aagati.com,AagatiServe Private Limited,wayback+homepage
alkegen.com,https://www.alkegen.com/,Unifrax India Private Limited,wayback+homepage+careers
learnbay.co,https://www.learnbay.co/,Learnvista Private Limited,wayback+homepage+careers
emiconglobal.com,https://www.emiconglobal.com,Globalminds Advisory Services Private Limited,wayback+homepage+careers
prostarm.com,https://prostarm.com/,Prostarm Info Systems Limited,wayback+homepage
agilitz.com,https://www.agilitz.com/about-us/locations,Agilitz Technologies Private Limited,wayback+homepage
titaniumtekzi.com,https://titaniumtekzi.com/,Titanium Tekzi Business Solutions,homepage
amypo.com,https://amypo.com,Amypo Technologies Private Limited,homepage
dawnitservice.com,https://www.dawnitservice.com/,Dawn IT Services & Solutions LLP,homepage
ironmountain.com,https://www.ironmountain.com,Iron Mountain Services Private Limited,wayback+homepage+careers
axesstechnology.in,https://www.axesstechnology.in,Axess Technology,homepage
engieindia.com,https://engieindia.com/,Engie Energy and Services India Private Limited,wayback+homepage
tatacapital.com,https://www.tatacapital.com/about-us.html,Tata Capital Limited,wayback+homepage+careers
goavo.ai,https://www.goavo.ai/,GoAvocado AI Private Limited,wayback+homepage+careers
arthrex.com,https://www.arthrex.com/,Arthrex Software Engineering Private Limited,homepage+careers
tenneco.com,http://www.tenneco.com,Tenneco Global Services Private Limited,wayback+homepage+careers
ligiotec.net,https://www.ligiotec.net/,Ligiotec Solutions Private Limited,wayback+homepage+careers
cdmmediagroup.com,https://www.cdmmediagroup.com/,CDM-Content Design Market LLP,wayback+homepage+careers
kaisemicontrolsystems.com,https://kaisemicontrolsystems.com,Kaisemi Control Systems Private Limited,homepage
shresthacloudsolutions.com,https://www.shresthacloudsolutions.com/,Shrestha Cloud Solutions Private Limited,wayback+homepage
copernicusworld.com,https://copernicusworld.com,Copernicus Consulting Private Limited,wayback+homepage+careers
legionrealtyservices.com,https://www.legionrealtyservices.com/,Legion Realty Services LLP,wayback+homepage+careers
cloddians.com,https://www.cloddians.com,Cloudalytix Tech Solutions LLP,wayback+homepage+careers
finforz.com,https://finforz.com/,Finforz Technologies Private Limited,homepage
acmedian.com,https://acmedian.com/home,Acmedian Technologies Private Limited,wayback+homepage+careers
vialtopartners.com,https://vialtopartners.com/,Vialto Partners India 2 Private Limited,wayback+homepage
benzfab.com,https://www.benzfab.com/,Benzfab Technologies Private Limited,wayback+homepage
mhfaindia.com,https://www.mhfaindia.com/,MHFA India Private Limited,homepage
merufintech.com,https://merufintech.com/,Meru Technosoft Private Limited,wayback+homepage
rea-group.com,https://www.rea-group.com/,REAGCC Technology Services Private Limited,homepage
binarywavessolutions.com,https://www.binarywavessolutions.com/,Binary Waves Solutions Private Limited,homepage+careers
smartbox.in,https://smartbox.in/,Smartbox Ecommerce Solutions Private Limited,wayback+homepage+careers
brillio.com,https://www.brillio.com,Brillio Technologies Private Limited,homepage
bicsglobal.com,http://www.bicsglobal.com,BICS GLOBAL,wayback+homepage+careers
f5.com,https://www.f5.com/,F5 Networks Innovation Private Limited,homepage
pragmaedge.com,http://www.pragmaedge.com,Pragma Edge Software Services Private Limited,homepage+careers
mobillor.com,http://www.mobillor.com,Mobillor Technologies Private Limited,wayback+homepage+careers
unfold-consulting.com,http://unfold-consulting.com/,Unfold Culture Catalyst Private Limited,wayback+homepage+careers
denso.com,https://www.denso.com/in/en/,DENSO International India Private Limited,wayback+homepage+careers
andolasoft.com,http://www.andolasoft.com,Andolasoft (India) Private Limited,homepage
aws.amazon.com,https://aws.amazon.com/,Amazon Web Services India Private Limited,wayback+homepage+careers
veridic.co.uk,http://www.veridic.co.uk,Veridic Technologies Private Limited,wayback+homepage+careers
appsmartz.com,http://www.AppSmartz.com,AppSmartz,homepage
kloctechnologies.com,https://www.kloctechnologies.com,KLoc Technologies Private Limited,homepage
sigmancomp.com,http://www.sigmancomp.com,Sigma Analytics and Computing Private Limited,wayback+homepage+careers
aziwa.com,http://www.aziwa.com,Aziwa InfoSystems Private Limited,wayback+homepage+careers
mphatek.com,http://www.mphatek.com,mPhatek Systems Private Limited,wayback+homepage+careers
barco.com,http://www.barco.com,Barco Electronic Systems Private Limited,wayback+homepage+careers
augustinfotech.com,http://www.augustinfotech.com,AugustCode Solutions Private Limited,homepage
navbackoffice.com,http://www.navbackoffice.com,NAV Fund Services (India) Private Limited,wayback+homepage
essitco.com,https://www.essitco.com/,E Software Solutions,wayback+homepage+careers
novactech.in,https://novactech.in/index.html,Novac Technology Solutions Private Limited,wayback+homepage+careers
marensolutions.com,http://www.marensolutions.com,Maren Solutions Private Limited,homepage
ossisto.com,https://www.ossisto.com/,Ossisto Technologies Private Limited,homepage
morningstar.in,http://www.morningstar.in,MorningStar India Private Limited,homepage+careers
icanbpo.com,https://www.icanbpo.com,ICAN BPO Private Limited,wayback+homepage+careers
humanfactors.com,http://www.humanfactors.com,Human Factors International Private Limited,wayback+homepage
ituple.com,https://ituple.com/,iTuple Technologies Private Limited,wayback+homepage+careers
neenopal.com,https://www.neenopal.com/,Neenopal Intelligent Solutions Private Limited,homepage+careers
intechspace.com,https://www.intechspace.com/,iNtechspace Technologies Private Limited,wayback+homepage+careers
sabre.com,http://sabre.com,Sabre Travel Technologies Private Limited,homepage
eluminoustechnologies.com,https://eluminoustechnologies.com,Eluminous Technologies Private Limited,wayback+homepage
kritilabs.com,http://www.kritilabs.com,KritiLabs Technologies Private Limited,wayback+homepage+careers
metclouds.com,https://metclouds.com,MetClouds Technologies Private Limited,homepage
technodg.com,https://www.technodg.com,Techno Developers Group,homepage
confiexdataroom.com,https://www.confiexdataroom.com,Confiex Data Room Private Limited,wayback+homepage+careers
redblacktree.com,http://www.redblacktree.com,RedBlackTree Technologies Private Limited,wayback+homepage+careers
kalsofte.com,http://kalsofte.com/new/,Kalpatharu Software Limited,homepage+careers
axs-solutions.com,http://axs-solutions.com,AXS Solutions and Consulting Private Limited,wayback+homepage+careers
softnet.co.in,http://www.softnet.co.in/,Softnet Technoware Private Limited,homepage
ezesoft.com,https://www.ezesoft.com/,EzeSoftware India Private Limited,wayback+homepage+careers
silicontechlab.com,https://www.silicontechlab.com/,Silicon Techlab Private Limited,wayback+homepage+careers
caftius.com,http://www.caftius.com,Caftius Technologies Private Limited,homepage+careers
paratussystems.com,http://www.paratussystems.com,Paratus Systems Private Limited,wayback+homepage+careers
mt.com,http://www.mt.com,Mettler-Toledo India Private Limited,wayback+homepage+careers
akzonobel.com,http://www.akzonobel.com,Akzo Nobel Global Business Services LLP,wayback+homepage
aspirify.net,http://www.aspirify.net/,Aspirify Enterprises Private Limited,wayback+homepage+careers
predictiveanalytics.in,https://predictiveanalytics.in/,Predictive Analytics Solutions Private Limited,homepage+careers
entiovi.com,http://www.entiovi.com,Entiovi Technologies Private Limited,wayback+homepage
avineon.com,https://www.avineon.com,Avineon India Private Limited,homepage+careers
versupinfotech.com,http://versupinfotech.com/,VERSUP InfoTech Private Limited,wayback+homepage
viosmedical.com,http://www.viosmedical.com,Murata Vios Private Limited,homepage
nlpbots.com,https://www.nlpbots.com,Light Information Systems Private Limited,wayback+homepage+careers
botaiml.com,http://botaiml.com/index.php,BOT AI ML Private Limited,wayback+homepage
questdiagnostics.com,http://www.QuestDiagnostics.com,Quest Diagnostics HTAS India Private Limited,homepage
opexworks.com,http://www.opexworks.com,OpexWorks Solutions Private Limited,homepage+careers
gradientm.com,http://www.gradientm.com,Gradient M IT Consulting and Services Private Limited,homepage
elementzit.com,http://www.elementzit.com,Elementz IT Solutions Private Limited,wayback+homepage+careers
titechglobal.com,http://www.titechglobal.com,RCG Global Services (India) Private Limited,wayback+homepage+careers
erginous.com,http://www.erginous.com,Erginous Technologies,homepage
cognicor.com,http://www.cognicor.com,CogniCor Technologies Private Limited,wayback+homepage+careers
cumminsindia.com,https://cumminsindia.com/,Cummins Technologies India Private Limited,wayback+homepage+careers
bizmetric.com,https://www.bizmetric.com,Biz-Metric India Private Limited,wayback+homepage+careers
rostantechnologies.com,http://www.rostantechnologies.com,ROSTAN Technologies Private Limited,homepage
avanceservices.com,https://www.avanceservices.com/,Avance Consulting Services Private Limited,wayback+homepage+careers
gebbs.com,https://gebbs.com/,Gebbs Healthcare Solutions Private Limited,wayback+homepage+careers
oremuscorp.com,http://www.oremuscorp.com,Oremus Corporate Services Private Limited,wayback+homepage+careers
unifyrcm.com,http://unifyrcm.com/,Unify healthcare Services LLP,wayback+homepage+careers
quantafic.com,http://quantafic.com/,Quantafic Business Solutions Private Limited,wayback+homepage+careers
datatemplate.com,https://www.datatemplate.com,Data Template Infotech Private Limited,homepage
logicmonitor.com,https://www.logicmonitor.com/,LogicMonitor (India) Private Limited,homepage
servosys.com,https://www.servosys.com,Servosys Solutions (A Unit of EML Consultancy Services Private Limited),wayback+homepage+careers
econzit.com,http://www.econzit.com,Econz IT Services Private Limited,wayback+homepage+careers
refinitiv.com,https://www.refinitiv.com,Refinitiv India Shared Services Private Limited,wayback+homepage
macquarie.com,https://www.macquarie.com/in/corporate,Macquarie Global Services Private Limited,homepage
ceymox.com,https://ceymox.com,Ceymox Technologies Private Limited,homepage
bk.mufg.jp,https://www.bk.mufg.jp/global/,MUFG Bank Ltd,wayback+homepage
qlikchain.com,https://www.qlikchain.com,Quantrello Digital Private Limited,wayback+homepage+careers
hersecondinnings.com,http://www.hersecondinnings.com,World of Opportunities for Women LLP,wayback+homepage
medialogicindia.com,http://www.medialogicindia.com,Medialogic Solutions Private Limited,homepage+careers
springworks.in,https://www.springworks.in/,Springrole India Private Limited,wayback+homepage+careers
ymtsindia.com,http://ymtsindia.com/,Youngminds Technology Solutions Private Limited,homepage
placementzone.com,http://placementzone.com,Placement Zone,wayback+homepage+careers
opcito.com,http://www.opcito.com,Opcito Technologies Private Limited,wayback+homepage
bayer.in,http://www.bayer.in,Bayer CropScience Limited,wayback+homepage+careers
mrcooper.com,https://www.mrcooper.com/,NSM Services Private Limited,wayback+homepage
extremecompute.com,https://www.extremecompute.com/,Extreme Compute Technologies Private Limited,wayback+homepage+careers
toshalinfotech.com,http://www.toshalinfotech.com,Toshal Infotech Private Limited,homepage
pinelabs.com,https://www.pinelabs.com/,Pine Labs Limited,homepage
prochant.com,https://www.prochant.com/india,Prochant India Private Limited,wayback+homepage+careers
epiqglobal.com,https://www.epiqglobal.com/en-gb,Epiq Systems India Private Limited,wayback+homepage+careers
transactcampus.com,https://www.transactcampus.com,Transact Campus India Private Limited,wayback+homepage
qentelli.com,https://www.qentelli.com/,Qentelli Solutions Private Limited,wayback+homepage+careers
meesho.com,https://meesho.com/,Fashnear Technologies Private Limited,wayback+homepage+careers
vertexglobalservices.com,https://vertexglobalservices.com/,Team Vertex Global Services LLP,wayback+homepage+careers
rpatech.ai,https://www.rpatech.ai,RPATech (Spawn Ventures Services Private Limited),homepage
agshealth.com,http://www.agshealth.com,AGS Health Private Limited,wayback+homepage
alcon.com,http://www.alcon.com,Alcon Laboratories (India) Private Limited,homepage
ilead-group.com,http://ilead-group.com/,iLEAD Power Tech and Management Private Limited,wayback+homepage+careers
cogenthub.com,http://www.cogenthub.com,CogentHub Private Limited,homepage
codoid.com,http://www.codoid.com,Codoid Innovations Private Limited,wayback+homepage+careers
gemini-us.com,http://www.gemini-us.com,Gemini Consulting and Services India Private Limited,wayback+homepage+careers
apollo.com,http://www.apollo.com,Apollo India Services LLP,homepage
ukbitsolutions.com,http://www.ukbitsolutions.com,UKB IT Solutions Private Limited,wayback+homepage+careers
ankogcc.com,https://ankogcc.com/,ANKO GCC (India) Private Limited,wayback+homepage+careers
ingrammicro.com,https://www.ingrammicro.com/,Ingram Micro Platform Technology India Private Limited,wayback+homepage+careers
siddhanintelligence.com,http://www.siddhanintelligence.com,Siddhan Intelligence Private Limited,wayback+homepage+careers
esri.in,https://www.esri.in/,Esri India Technologies Private Limited,homepage
surensinffotek.com,http://www.surensinffotek.com,QA Masters Private Limited,wayback+homepage+careers
smartek21.com,http://www.smartek21.com,Smartek21 Private Limited,homepage
fci-ccm.com,https://www.fci-ccm.com,Friends Color Images Private Limited,homepage
creationinfoways.com,https://creationinfoways.com,Creation Infoways Private Limited,homepage+careers
networkredux.com,https://www.networkredux.com/,Network Redux India Private Limited,homepage
azuresys.com,http://www.azuresys.com,Azure Software Private Limited,wayback+homepage
improsys.in,http://www.improsys.in,Improsys,wayback+homepage+careers
skpts.com,https://www.skpts.com,SKP Title Search Private Limited,wayback+homepage+careers
pspl.ind.in,http://pspl.ind.in/,Parameter Softwares Private Limited,homepage+careers
itariumtech.com,http://www.itariumtech.com,Itarium Technologies India Private Limited,wayback+homepage+careers
stpis.com,https://www.stpis.com,STP Investment Services India Private Limited,wayback+homepage+careers
myanalysers.com,http://www.myanalysers.com,My Analysers,homepage+careers
innovapptive.com,http://www.innovapptive.com,Innovapptive Global Solutions Private Limited,homepage
infocomsoft.com,http://infocomsoft.com,Infocom Software Private Limited,wayback+homepage+careers
altezzasys.com,http://altezzasys.com/,AltezzaSys Systems Private Limited,wayback+homepage+careers
voltusone.com,https://voltusone.com/,Voltuswave Technologies India Private Limited,wayback+homepage+careers
agnotalents.com,https://agnotalents.com/,Agno Talents Private Limited,wayback+homepage+careers
transaltus.com,http://www.transaltus.com,Transaltus Technologies Private Limited,wayback+homepage
niit.com,http://www.niit.com,NIIT Limited,homepage+careers
caprusit.com,http://www.caprusit.com,Caprus IT Private Limited,homepage
skynats.com,https://www.skynats.com,Skynats Technologies,homepage
urolime.com,https://www.urolime.com,Urolime Solutions Private Limited,homepage+careers
ncssoft.in,https://ncssoft.in,NCS Soft Solutions Private Limited,homepage
cybermeru.com,https://www.cybermeru.com,CyberMeru Technologies Private Limited,homepage
bluecoiniot.com,https://www.bluecoiniot.com,Bluecoin IoT Solutions Private Limited,wayback+homepage
atharvasolutions.in,http://www.atharvasolutions.in,Atharva Agronomics Private Limited,wayback+homepage+careers
ikshealth.com,https://www.ikshealth.com,Inventurus Knowledge Solutions Limited,homepage
elogixsoft.com,http://www.elogixsoft.com,Elogix Software Private Limited,wayback+homepage
groundtruth.com,https://www.groundtruth.com/,Groundtruth India Private Limited,homepage
eclatprime.com,https://www.eclatprime.com,Eclantiqx Digital Private Limited,wayback+homepage+careers
empaxis.com,http://www.empaxis.com,Empaxis Data Management India Private Limited,homepage
infovision.com,https://www.infovision.com,InfoVision Labs India Private Limited,homepage
aqbsolutions.com,https://www.aqbsolutions.com/,aQb Solutions Private Limited,homepage
saintellectsolutions.com,https://saintellectsolutions.com,Swappl Intellect Sol Private Limited,wayback+homepage+careers
virtualclone.in,https://www.virtualclone.in/,VirtualTech Outsourcing Services Private Limited,wayback+homepage+careers
abinfoways.com,http://abinfoways.com,AB Infoways,wayback+homepage+careers
haltdos.com,https://www.haltdos.com/,Halt Dos.com Private Limited,homepage
scan-it.com.sg,https://www.scan-it.com.sg/#contact-us,Scan-IT Solution (India) Private Limited,homepage+careers
shooliniuniversity.com,https://shooliniuniversity.com/,Foundation For Life Sciences & Business Management,homepage
fortmindz.com,https://fortmindz.com/,Fortmindz Private Limited,homepage
gwcteq.com,https://gwcteq.com/,Global We Connect Technologies Private Limited,wayback+homepage+careers
webpt.com,https://www.webpt.com/,WebPT India Private Limited,wayback+homepage+careers
integratedenterprise.in,http://integratedenterprise.in,Integrated Enterprise Solutions Private Limited,wayback+homepage+careers
cybersafehaven.com,https://www.cybersafehaven.com/,CyberSafeHaven Consulting (OPC) Private Limited,homepage+careers
deepsense.in,http://deepsense.in,Deepsense Digital Solutions Private Limited,wayback+homepage+careers
oaknorth.co.uk,https://oaknorth.co.uk,OakNorth Global Private Limited,wayback+homepage
sanaari.net,http://www.sanaari.net/,Sanaari Software Solutions Private Limited,wayback+homepage
reltio.com,https://www.reltio.com,Reltio India Private Limited,homepage
insightsfeedback.com,https://insightsfeedback.com/,Feedback Business Insights Private Limited,wayback+homepage+careers
netsourcing.co.in,https://netsourcing.co.in/,Netsourcing (A division of Abundance Investment Advisors LLP),wayback+homepage+careers
vfactservices.com,https://vfactservices.com/,VFact Services Private Limited,wayback+homepage+careers
mikrografeio.com,https://www.mikrografeio.com/,Mikro Grafeio Services Private Limited,wayback+homepage
skillinstill.com,http://www.skillinstill.com,Skill Instill Technologies,wayback+homepage
sganalytics.com,http://www.sganalytics.com,SG Analytics Private Limited,homepage
siliconstack.com.au,https://www.siliconstack.com.au,Austrax Technologies India Private Limited,wayback+homepage+careers
jaydu.com,https://jaydu.com/,Jaydu India Private Limited,wayback+homepage
veetechnologies.com,http://www.veetechnologies.com,VEE Technologies Private Limited,homepage
techmeridian.in,https://www.techmeridian.in,Techmeridian Solutions Private Limited,wayback+homepage+careers
cromacampus.com,http://www.cromacampus.com,CromaCampus Training & Development Private Limited,wayback+homepage+careers
evarooms.merckgroup.com,https://evarooms.merckgroup.com/Location/India,Merck Life Science Private Limited,wayback+homepage+careers
bluebash.co,https://www.bluebash.co/,Bluebash Consulting Private Limited,wayback+homepage
prevajconsultants.com,https://www.prevajconsultants.com/,Prevaj Consultants Private Limited,homepage+careers
tatwa.com,https://www.tatwa.com/,Tatwa Technologies Limited,homepage
swiggy.com,https://www.swiggy.com/,Swiggy Limited,homepage
commvault.com,https://www.commvault.com/,Commvault Systems (India) Private Limited,wayback+homepage
sagent.com,https://sagent.com/,Sagent M&C India Private Limited,homepage
softlinkinformation.com,https://www.softlinkinformation.com/,SLink Information Systems Private Limited,wayback+homepage+careers
nextbigbox.in,http://www.nextbigbox.in,NextBigBox Private Limited,wayback+homepage
fasttek.com,https://www.fasttek.com/,FastSwitch-Great Lakes Private Limited,wayback+homepage+careers
prologic-technologies.com,https://www.prologic-technologies.com/,Prologic Consulting Private Limited,wayback+homepage+careers
vittreebi.com,http://www.vittreebi.com,Vittree Professional Insights LLP,homepage
in.sodexo.com,https://in.sodexo.com/home.html,Sodexo India Services Private Limited,wayback+homepage
vertexit.com,http://vertexit.com/,Vertex Systems Limited,wayback+homepage+careers
egnoto.com,http://www.egnoto.com,Egnoto Technologies LLP,wayback+homepage+careers
technogenindia.com,https://technogenindia.com/,Technogen India Private Limited,wayback+homepage+careers
cognida.ai,https://cognida.ai/,Cognida Private Limited,homepage+careers
bajajtechnologyservices.com,http://www.bajajtechnologyservices.com,Bajaj Finserv Direct Limited,wayback+homepage+careers
kochhar.com,https://kochhar.com/,Kochhar & Co.,homepage
proxiio.com,https://www.proxiio.com,Proxiio Global Solutions Private Limited,wayback+homepage+careers
aligntech.com,https://www.aligntech.com/,Invisalign India LLP,homepage
honeywell.com,https://www.honeywell.com/us/en,Honeywell Automation India Limited,wayback+homepage+careers
mco.mycomplianceoffice.com,https://mco.mycomplianceoffice.com/,MCO MyCompliance India Private Limited,wayback+homepage
xandertalent.in,http://xandertalent.in,Xander Consulting and Advisory Private Limited,wayback+homepage+careers
sticsoftsolutions.com,https://www.sticsoftsolutions.com/,Stic Soft E-Solutions Private Limited,homepage
clogration.com,http://www.clogration.com,Clogration India Private Limited,homepage
ibrandtech.com,https://ibrandtech.com/,Ibrand Tech Solutions Private Limited,wayback+homepage
iimmumbai.ac.in,https://iimmumbai.ac.in/,"Indian Institute of Management, Mumbai",wayback+homepage+careers
cetark.com,https://www.cetark.com/,Cetark Solutions Private Limited,wayback+homepage+careers
jll.co.in,https://www.jll.co.in/,Jones Lang LaSalle Property Consultants (India) Private Limited,wayback+homepage
opentrends.net,https://www.opentrends.net/en,Opentrends Technologies Private Limited,wayback+homepage+careers
utkallabs.com,https://utkallabs.com/,Utkal Labs Private Limited,wayback+homepage
nmrk.com,https://www.nmrk.com/,Newmark CRE Services Private Limited,wayback+homepage+careers
ibridge360.com,https://www.ibridge360.com/,iBridge360 Edtech Private Limited,wayback+homepage+careers
motilaloswal.com,https://www.motilaloswal.com/,Motilal Oswal Financial Services Limited,wayback+homepage
eaton.com,https://www.eaton.com/in/en-us.html,Eaton India Innovation Center LLP,wayback+homepage+careers
burckhardtcompression.com,https://www.burckhardtcompression.com/,Burckhardt Compression (India) Private Limited,wayback+homepage+careers
nipa.kr,http://www.nipa.kr,National IT Industry Promotion Agency,wayback+homepage+careers
sevikatech.com,https://sevikatech.com/,Sevika Tech Private Limited,wayback+homepage
arithra.com,https://arithra.com,Arithra Business Consulting Private Limited,homepage+careers
idoxgroup.com,http://www.idoxgroup.com,Idox India Private Limited,homepage
relatient.com,https://www.relatient.com,Relatient India Private Limited,homepage
v-chq.com,https://www.v-chq.com/,V-CHQ Business services India Private Limited,wayback+homepage+careers
pathwayinfotech.in,https://pathwayinfotech.in,Pathway Infotech,homepage+careers
bdo.in,http://www.bdo.in,BDO India Limited Liability Partnership,homepage
yogiti.com,https://www.yogiti.com,Yogiti Technologies Private Limited,homepage+careers
zestwings.com,https://zestwings.com,Zestwings Informatics Private Limited,homepage+careers
entrans.io,http://entrans.io,Entrans Technologies Private Limited,wayback+homepage
xlnctechnologies.com,https://www.xlnctechnologies.com/,XLNC Academy International Private Limited,wayback+homepage+careers
shyenatechyarns.com,https://www.shyenatechyarns.com,Shyena Tech Yarns Private Limited,wayback+homepage+careers
keical.edu.in,http://www.keical.edu.in,Kingston Educational Institute,wayback+homepage+careers
danaher.com,https://www.danaher.com/,Danaher (Beckman Coulter India Private Limited),wayback+homepage+careers
smartncode.com,https://smartncode.com,Smartncode Technologies Private Limited,homepage
hoonartek.com,https://hoonartek.com,Hoonar Tekwurks Private Limited,homepage
fujitsu.com,http://www.fujitsu.com,Fujitsu Research of India Private Limited,homepage
virtuousscreening.com,https://virtuousscreening.com/,Virtuous Screening Private Limited,homepage+careers
foxmandal.in,http://foxmandal.in,Fox Mandal & Associates LLP,homepage
krishservicesgroup.com,http://www.krishservicesgroup.com/,Krish Software Services (India) Private Limited,wayback+homepage
pmapstest.com,https://www.pmapstest.com,PMaps HR Consultants Private Limited,wayback+homepage+careers
nab.com.au,http://www.nab.com.au,NAB Global Innovation Centre India Private Limited,wayback+homepage+careers
alliantgroup.com,https://www.alliantgroup.com/,Alliantgroup India Talent Private Limited,wayback+homepage
sageitinc.com,https://sageitinc.com/,Sage IT Private Limited,wayback+homepage+careers
mvgdigital.com,https://mvgdigital.com/,MVG Digital Consulting Private Limited,wayback+homepage+careers
inmobi.com,https://www.inmobi.com/,InMobi Technology Services Private Limited,homepage+careers
avasant.com,https://avasant.com/,Avasant Advisory India Private Limited,wayback+homepage
qalibre.in,https://www.qalibre.in/,Qalibre Software Solutions Private Limited,wayback+homepage+careers
braahmam.net,https://www.braahmam.net/,Braahmam Net Solutions Private Limited,homepage
canopusgbs.com,http://Canopusgbs.com,Canopus-GBS Private Limited,wayback+homepage+careers
zehntech.com,https://zehntech.com,Zehntech Technologies Private Limited,homepage
deftsoft.com,https://deftsoft.com/index.php,Live Deftsoft Informatics Private Limited,homepage
iihm.ac.in,https://www.iihm.ac.in/,International Institute of Hotel Management,wayback+homepage+careers
geonxt.in,https://geonxt.in/,GeoNxt Info Solutions Private Limited,homepage+careers
trimplin.com,https://www.trimplin.com/,Trimplin Private Limited,homepage
mploychek.com,https://www.mploychek.com/,NSQTech Private Limited,wayback+homepage
designersx.com,https://designersx.com,DesignersX,homepage
paychexcareers.in,https://www.paychexcareers.in/,Paychex IT Solutions India Private Limited,homepage
svasthyahealth.com,https://svasthyahealth.com,Samasti Health Technologies Private Limited,wayback+homepage+careers
mantruckandbusindia.com,https://www.mantruckandbusindia.com/,Man Truck & Bus India Private Limited,homepage
jwero.ai,https://jwero.ai,Tanika Tech Jewels Private Limited,wayback+homepage
linkfields.com,https://www.linkfields.com,Linkfields Innovations Private Limited,homepage
acaglobal.com,https://www.acaglobal.com/,ACA Global Capability Center (India) Private Limited,wayback+homepage
shl.com,https://www.shl.com/,SHL (India) Private Limited,wayback+homepage+careers
softobiz.com,https://softobiz.com/,Softobiz Technologies Private Limited,wayback+homepage
gacdigital.in,http://www.gacdigital.in,GAC Digital Private Limited,homepage+careers
kryptostech.com,https://kryptostech.com/,Kryptos Technologies Private Limited,homepage
bluebinaries.com,https://www.bluebinaries.com/,BlueBinaries Engineering And Solutions Private Limited,wayback+homepage+careers
jaguar.in,https://www.jaguar.in/index.html,Jaguar Land Rover Technology And Business Services India Private Limited,wayback+homepage+careers
kapilguru.com,https://kapilguru.com/,Kapil Knowledge Hub Private Limited,wayback+homepage+careers
viit.ac.in,http://www.viit.ac.in/,Vishwakarma Institute of Technology (VIT) {Bansilal Ramnath Agarwal Charitable Trust},wayback+homepage+careers
trezix.io,http://www.trezix.io,Trezix Software Private Limited,wayback+homepage+careers
acentra.com,https://www.acentra.com,Acentra Health Software India Private Limited,wayback+homepage
aquilaclouds.com,http://www.aquilaclouds.com,AquilaClouds India Private Limited,wayback+homepage
zerofox.com,http://www.zerofox.com,ZeroFox India Private Limited,wayback+homepage
growexx.com,https://www.growexx.com/,Growby Exx Services Private Limited,wayback+homepage
sagilityhealth.com,https://sagilityhealth.com/,Sagility Limited,wayback+homepage
tquanta.com,http://www.tquanta.com,TQuanta Technologies Private Limited,homepage
to-increase.com,https://www.to-increase.com,To-Increase India Private Limited,wayback+homepage+careers
linkageit.com,https://www.linkageit.com,Linkage IT Private Limited,homepage+careers
indoramaventures.com,https://www.indoramaventures.com,Indorama Ventures Global Shared Services Private Limited,wayback+homepage+careers
vinsinfo.com,https://www.vinsinfo.com/,Vinsinfo Private Limited,homepage
eduedgepro.com,https://eduedgepro.com/,EduEdgePro Private Limited,wayback+homepage+careers
venturesathi.com,https://www.venturesathi.com,VentureSathi Business Services LLP,wayback+homepage+careers
fr8.in,https://www.fr8.in/,New Olog Logistics Private Limited,wayback+homepage+careers
margadvisory.com,https://margadvisory.com/,Marg Advisory Services,wayback+homepage+careers
crisis24.com,https://www.crisis24.com/,Crisis24 Solutions Private Limited,homepage
synergyinstitute.net,https://www.synergyinstitute.net/#,Synergy Group Institution (Under Shivani Educational and Charitable Trust),homepage+careers
techdoquest.com,https://www.techdoquest.com/,TechDoQuest Private Limited,wayback+homepage
haass.io,https://haass.io/,Hectae Analytics and Software Solutions Private Limited,wayback+homepage+careers
qagenic.com,https://qagenic.com,Qagenic Technologies Private Limited,wayback+homepage+careers
tech-trail.com,https://www.tech-trail.com/,Techtrail Technologies Private Limited,homepage
microcollege.in,http://microcollege.in,KGISL Trust,homepage
cloudexpertsguru.com,https://cloudexpertsguru.com/,SRR CloudExpertsGuru India Private Limited,wayback+homepage
alfalaval.com,http://www.alfalaval.com,Alfa Laval India Private Limited,homepage
reckitt.com,https://www.reckitt.com/,Reckitt Benckiser Healthcare India Private Limited,wayback+homepage
prasarnet.in,https://www.prasarnet.in/,Prasarnet Consulting Services Private Limited,wayback+homepage+careers
verify360.in,https://www.verify360.in,Verify360 Background Screening Services LLP,wayback+homepage+careers
rivirtual.in,https://rivirtual.in,RiVirtual Private Limited,wayback+homepage+careers
eloit.com,https://eloit.com,Eloit Innovations Private Limited,homepage+careers
bakerhughes.com,https://www.bakerhughes.com/,GE Oil & Gas India Private Limited,wayback+homepage+careers
ravity.io,https://www.ravity.io,Ravity Software Solutions Private Limited,wayback+homepage+careers
digimantralabs.com,https://digimantralabs.com/,DigiMantra Innovations Private Limited,wayback+homepage
prompttechsolutions.com,https://prompttechsolutions.com/,PromptTech Global Private Limited,wayback+homepage
reyank.com,https://reyank.com,Reyank Technology (OPC) Private Limited,wayback+homepage+careers
processvenue.com,http://www.processvenue.com/,Predusk Technology Private Limited,homepage
hnicorp.com,https://www.hnicorp.com/,HNI GBSC India Private Limited,wayback+homepage+careers
technicious.in,https://technicious.in,Technicious Technology Services Private Limited,wayback+homepage+careers
sunstone.in,https://sunstone.in,Sunstone Education Technology Private Limited,wayback+homepage
3dplmglobal.com,https://3dplmglobal.com/,Dassault Systemes Global Services Private Limited,wayback+homepage+careers
asa.in,https://www.asa.in/,ASA Corporate Catalyst India Private Limited,homepage
mudunuru.com,https://www.mudunuru.com,Mudunuru Limited,wayback+homepage
zentechinfo.com,https://www.zentechinfo.com/,Zentech Info Solutions Private Limited,homepage
syskeysoftlabs.com,http://www.syskeysoftlabs.com,Syskey Softlabs Private Limited,homepage+careers
wallero.com,https://wallero.com/,Wallero Technologies Private Limited,homepage
squareroots.ai,https://www.squareroots.ai/,SquareRoots.AI Innovation Labs Private Limited,wayback+homepage
isourceinfosystems.com,https://isourceinfosystems.com/,i-Source Infosystems Private Limited,wayback+homepage+careers
arcite.in,https://arcite.in/,Arcite Technical Education Solutions Private Limited,homepage
nmtsecurity.com,https://www.nmtsecurity.com/,NMT Security Innovations Private Limited,wayback+homepage+careers
cinepolisindia.com,https://cinepolisindia.com/?cid=10,Cinepolis India Private Limited,homepage+careers
cloudsat.in,https://www.cloudsat.in/,Cloudsat Private Limited,wayback+homepage+careers
pluxee.in,https://www.pluxee.in/,Pluxee India Private Limited,wayback+homepage
mnkgcs.com,https://www.mnkgcs.com,MNK Global Corporate Solutions India Private Limited,wayback+homepage
moodys.com,https://www.moodys.com/,Moody’s Shared Services India Private Limited,homepage
acism.com,https://acism.com,Acism Software Private Limited,wayback+homepage+careers
vbeyond.com,https://www.vbeyond.com/,VBeyond Corp (Vision Beyond Resources India Private Limited),wayback+homepage+careers
egiraffes.com,https://egiraffes.com/,E Giraffes Digital Private Limited,wayback+homepage
initiumdigital.com,https://initiumdigital.com/,Initium Digital Private Limited,homepage
delaware.pro,https://www.delaware.pro/en-in,Delaware Digital Private Limited,homepage
devx.work,https://www.devx.work,Dev Accelerator Limited,homepage
sbs-software.com,https://sbs-software.com/,Sopra Banking Software Solutions India Private Limited,homepage
sisipi.com,https://sisipi.com,Sisipi Technologies Private Limited,wayback+homepage+careers
solugenix.com,https://www.solugenix.com/,Solugenix India Private Limited,wayback+homepage+careers
zelis.com,https://www.zelis.com/,Zelis Healthcare India Private Limited,homepage+careers
rundtc.com,https://www.rundtc.com/,RunDTC Digital India Private Limited,homepage
blackhawknetwork.com,https://www.blackhawknetwork.com/,Blackhawk Network (India) Private Limited,wayback+homepage+careers
itraitz.com,https://www.itraitz.com,iTraitz IT Solutions Private Limited,homepage+careers
xcodefix.com,https://www.xcodefix.com/,XCODEFIX Private Limited,wayback+homepage+careers
metricsnumero.com,https://www.metricsnumero.com/,MetricsNumero Technology Private Limited,homepage
dyashin.com,https://www.dyashin.com,Dyashin Technosoft Private Limited,homepage
shubhitech.com,https://www.shubhitech.com,ShubhiTech (OPC) Private Limited,homepage+careers
1channel.co,https://www.1channel.co/,ChannelPlay SaaS Private Limited,wayback+homepage+careers
krtrimaiq.ai,https://www.krtrimaiq.ai/,KrtrimaIQ Cognitive Solutions,wayback+homepage+careers
instavc.com,https://www.instavc.com/,Instavc Technologies Private Limited,homepage
cantiktech.com,https://www.cantiktech.com,Cantik Technologies Private Limited,wayback+homepage+careers
cluso.com,https://www.cluso.com,Cluso Infolink Private Limited,wayback+homepage
intellobots.com,https://www.intellobots.com,Intellobots Technologies Private Limited,homepage
nervecells.ai,https://www.nervecells.ai/,Nerve Cells AI Private Limited,homepage
uniper.energy,https://www.uniper.energy/about-uniper/company-brief,Uniper India Private Limited,wayback+homepage+careers
bcg.com,https://www.bcg.com/,The Boston Consulting Group (India) Private Limited,wayback+homepage+careers
garudaaerospace.com,https://www.garudaaerospace.com/,Garuda Aerospace Private Limited,homepage
edci.co.in,https://www.edci.co.in,EDCI,homepage
leewaysoftech.com,https://www.leewaysoftech.com/,Leeway Soft-Tech Private Limited,wayback+homepage+careers
actualize.co.in,https://actualize.co.in/,Actualize Consulting Engineers (India) Private Limited,homepage+careers
gtmvantage.com,https://gtmvantage.com/,GTMVantage Technologies Private Limited,wayback+homepage
jmsadvisory.in,https://www.jmsadvisory.in/,JMS Advisory Services Private Limited,wayback+homepage+careers
uttaminfotechglobal.com,https://uttaminfotechglobal.com/,Uttam Innovative Solutions Private Limited,wayback+homepage+careers
webart.technology,https://webart.technology/,Webart Technology Private Limited,homepage
agbeindia.com,https://www.agbeindia.com,AgBe Technologies LLP,homepage
thirisoft.com,https://thirisoft.com,ThiriSoft Consultancy Services,homepage+careers
intechnologies.net,https://www.intechnologies.net,iN Technologies Private Limited,wayback+homepage+careers
qualifyde.com,https://qualifyde.com/,Qualifyde Technologies Private Limited,wayback+homepage+careers
availity.com,https://availity.com/,Availity India Private Limited,homepage
barry-callebaut.com,https://www.barry-callebaut.com/en-US,Barry Callebaut Global Business Services India LLP,wayback+homepage+careers
covasant.com,https://www.covasant.com,Covasant Technologies Private Limited,wayback+homepage
theoptimum.net,https://theoptimum.net/,Optimum Infosystem Private Limited,homepage
byteiqanalytics.com,https://www.byteiqanalytics.com/,ByteIQ Analytics Private Limited,wayback+homepage+careers
ciena.com,https://www.ciena.com/,Ciena India Private Limited,wayback+homepage+careers
karmamgmt.com,https://karmamgmt.com,Karma Management Global Consulting Solutions Private Limited,homepage+careers
tvscapital.in,https://www.tvscapital.in/,TVS Capital Funds Private Limited,wayback+homepage
quantascend.com,https://www.quantascend.com,Quantascend Consulting Global Private Limited,homepage
russellinvestments.com,https://russellinvestments.com,RIIV India Private Limited,wayback+homepage
flamingoinfinite.com,https://flamingoinfinite.com/,Flamingo BPO Technology Solutions Limited,wayback+homepage+careers
spearsoftech.com,https://spearsoftech.com/,Spearsoft Techno Solutions Private Limited,wayback+homepage+careers
sanver.com,https://sanver.com,Sanver India Private Limited,wayback+homepage
effivity.com,https://www.effivity.com,Effivity Technologies Private Limited,homepage+careers
exogenesis.solutions.com,https://www.exogenesis.solutions.com,ExoGenesis Solutions Private Limited,wayback+homepage+careers
latticesemi.com,https://www.latticesemi.com/,Lattice Semiconductor (India) Private Limited,homepage
ubnsoft.com,https://www.ubnsoft.com/,UBN Software Solutions Private Limited,homepage
benori.com,https://benori.com/,Benori KPO Private Limited,wayback+homepage+careers
appgallop.com,https://appgallop.com/,Appgallop Private Limited,wayback+homepage+careers
counselect.com,https://counselect.com/,Counselect Services Private Limited,wayback+homepage
lendingtree.com,https://lendingtree.com/,LendingTree Research Services LLP,wayback+homepage
investec.com,http://Investec.com,Investec Global Services (India) Private Limited,wayback+homepage+careers
xponential.digital,https://www.xponential.digital,Xponential Systems Private Limited,homepage+careers
adidas.com,https://www.adidas.com,Adidas India Marketing Private Limited,wayback+homepage+careers
datacrew.ai,https://datacrew.ai/,Nura Analytics Private Limited,wayback+homepage
krisin.in,https://krisin.in,Krisin Consulting LLP,homepage+careers
saspartners.com,https://saspartners.com/,SAS Partners Corporate Advisors Private Limited,homepage+careers
bceglobaltech.com,https://www.bceglobaltech.com/,BCE Global Technology Centre Private Limited,homepage
uptitude.co.uk,https://www.uptitude.co.uk/,Uptitude Cloud Private Limited,homepage
proximity.tech,https://www.Proximity.tech,Proximity Labs Private Limited,wayback+homepage+careers
asquaregroup.ai,https://asquaregroup.ai,A Square Group,wayback+homepage+careers
riobizsols.com,https://riobizsols.com/,RIO BizSols Private Limited,wayback+homepage+careers
adani.com,https://www.adani.com/,Adani GCC Private Limited,wayback+homepage+careers
talentzq.io,https://www.talentzq.io,TQ Network Private Limited,wayback+homepage
savills.in,https://www.savills.in/,Savills Property Services (India) Private Limited,wayback+homepage
triwavesolutions.com,https://www.triwavesolutions.com,Triwave Solutions Private Limited,wayback+homepage
gyansetu.in,https://www.gyansetu.in,Gyansetu Training Centre,wayback+homepage+careers
sumcircle.com,https://sumcircle.com,Sumcircle Technologies Private Limited,wayback+homepage
cognitensor.com,http://www.cognitensor.com,CogniTensor Technology Private Limited,wayback+homepage+careers
inzuscene.com,https://inzuscene.com/,Inzuscene Technologies Private Limited,homepage+careers
talentshineindia.com,http://talentshineindia.com,Talent Shine India Private Limited,homepage+careers
auisys.com,https://auisys.com,AUI Systems Private Limited,homepage
fourcore.io,https://fourcore.io,FourCore Labs Private Limited,wayback+homepage+careers
vrize.com,https://www.vrize.com/,Vrize India Private Limited,homepage
nordia.in,https://www.nordia.in/,Nordia Infotech Private Limited,wayback+homepage+careers
digitalsherpa.ai,https://www.digitalsherpa.ai,DigitalSherpa (Innovation Garage Ventures Private Limited),wayback+homepage+careers
curatal.com,https://curatal.com/,Progressive Video Private Limited,homepage
deltacapita.com,https://www.deltacapita.com/,Del Cap Managed Services India Private Limited,homepage
narwalinc.com,https://www.narwalinc.com/,Narwal Technologies Private Limited,homepage
quinji.com,https://quinji.com,Quinji,wayback+homepage+careers
indorient.in,https://indorient.in/,Indorient Financial Services Limited,wayback+homepage+careers
mysmartgrc.com,https://mysmartgrc.com,Lissomsoft Technologies LLP,wayback+homepage+careers
karkinos.in,https://www.karkinos.in,Karkinos Healthcare Private Limited,homepage
stpi.in,http://www.stpi.in,Software Technology Parks Of India,wayback+homepage+careers
mckinsey.com,http://www.mckinsey.com,McKinsey & Company India LLP,wayback+homepage+careers
technopark.org,http://www.technopark.org,TECHNOPARK (Electronics Technology Parks - Kerala),homepage
webel-india.com,http://www.webel-india.com,West Bengal Electronics Industry Development Corporation Ltd,wayback+homepage+careers
gvfl.com,http://www.gvfl.com,GVFL Limited,wayback+homepage+careers
isquareit.ac.in,http://www.isquareit.ac.in,Hope Foundation and Research Centre,wayback+homepage+careers
generalatlantic.com,http://www.generalatlantic.com,General Atlantic Pvt Ltd,homepage
infinityitpark.com,http://www.infinityitpark.com,Infinity Infotech Parks Ltd,wayback+homepage+careers
everestgrp.com,http://www.everestgrp.com,Everest Business Advisory India Pvt Ltd,wayback+homepage+careers
hewitt.com,http://www.hewitt.com,Aon Consulting Private Limited,wayback+homepage+careers
dnvindia.com,http://www.dnvindia.com,DNV Business Assurance India Private Limited,wayback+homepage+careers
tpi.net,http://www.tpi.net,TPI Advisory Services India Pvt Ltd,wayback+homepage+careers
vfsglobal.com,http://www.vfsglobal.com,VFS Global Services Pvt Ltd,homepage
welingkar.org,http://www.welingkar.org,Welingkar Institute of Management Development & Research,wayback+homepage+careers
mqasglobal.com,http://www.mqasglobal.com,Maverick Quality Advisory Services Private Limited,wayback+homepage+careers
dlf.in,http://www.dlf.in,DLF Cyber City Developers Limited,wayback+homepage
iii.org.tw,http://www.iii.org.tw,Institute for Information Industry (India Branch Office),wayback+homepage
fadvasia.com,http://www.fadvasia.com,First Advantage Pvt Ltd,wayback+homepage+careers
zinnov.com,http://www.zinnov.com,Zinnov Management Consulting Pvt Ltd,wayback+homepage+careers
ascendas.com,http://www.ascendas.com,Capitaland Services (India) Private Limited,wayback+homepage+careers
mahindraworldcity.com,http://www.mahindraworldcity.com/jaipur,Mahindra World City Jaipur Ltd,wayback+homepage+careers
vel-tech.org,http://www.vel-tech.org,Vel Tech Dr. RR & Dr. SR Technical University,wayback+homepage+careers
iesbpl.ac.in,http://www.iesbpl.ac.in,Infotech Education Society,wayback+homepage+careers
idrbt.ac.in,http://www.idrbt.ac.in,Institute for Development and Research in Banking Technology (IDRBT),homepage
ggits.org,http://www.ggits.org,Gyan Ganga Institute of Technology & Sciences,wayback+homepage+careers
infopark.in,http://www.infopark.in,"Infoparks, Kerala",wayback+homepage
ictact.in,http://www.ictact.in,ICT Academy of Tamilnadu,wayback+homepage+careers
imspeople.com,http://www.imspeople.com,Interactive Manpower Solutions Pvt Ltd,wayback+homepage+careers
orange-business.com,http://www.orange-business.com,Orange Business Services India Network Pvt Ltd,homepage
cdot.co.in,http://www.cdot.co.in,Centre for Development of Telematics (C-DOT),wayback+homepage+careers
rajalakshmi.org,http://www.rajalakshmi.org,Rajalakshmi Engineering College,homepage+careers
nishithdesai.com,http://www.nishithdesai.com,Nishith Desai Associates,homepage
psnacet.edu.in,http://www.psnacet.edu.in,PSNA College of Engineering and Technology,wayback+homepage+careers
apax.com,http://www.apax.com,Apax Partners India Advisers Pvt Ltd,wayback+homepage+careers
iimahd.ernet.in,http://www.iimahd.ernet.in,"Indian Institute of Management, Ahmedabad",wayback+homepage+careers
fragomen.com,http://www.fragomen.com,Fragomen Immigration Services India Private Limited,homepage
invest-in-bavaria.com,http://www.invest-in-bavaria.com,Bayern International,homepage+careers
sathyabamauniversity.ac.in,http://www.sathyabamauniversity.ac.in,Sathyabama University (A div. of Sathyabama Educational Trust),wayback+homepage+careers
indushealthplus.com,http://www.indushealthplus.com,Indus Health Plus Pvt Ltd,wayback+homepage
shrmindia.org,http://www.shrmindia.org,SHRM East Private Limited,homepage
library.iimcal.ac.in,http://library.iimcal.ac.in,Indian Institute of Management Calcutta,wayback+homepage+careers
jisgroup.org,http://www.jisgroup.org,JIS University,wayback+homepage+careers
npci.org.in,http://www.npci.org.in,National Payments Corporation of India,wayback+homepage+careers
aurumequity.com,http://www.aurumequity.com,Aurum Equity Partners LLP,homepage+careers
securitas.in,http://www.securitas.in,Walsons Services Pvt Ltd,homepage
iimk.ac.in,http://www.iimk.ac.in,Indian Institute of Management Kozhikode,wayback+homepage+careers
ulcyberpark.com,http://www.ulcyberpark.com,UL Cyberpark (ULCCS IT Infrastructure Pvt Ltd),homepage
refcheckxperts.com,http://www.refcheckxperts.com,Refcheck Xperts LLP,wayback+homepage
sundarambnpphome.in,http://www.sundarambnpphome.in,Sundaram Home Finance Limited,wayback+homepage+careers
captiveaide.com,http://www.captiveaide.com,Captiveaide Advisory Pvt Ltd,wayback+homepage+careers
proquestcs.com,http://www.proquestcs.com,Proquest Consultancy Services Pvt Ltd,homepage
vit.ac.in,http://www.vit.ac.in,VIT University,wayback+homepage+careers
technoparktbi.org,http://www.technoparktbi.org,Technopark Technology Business Incubator,wayback+homepage+careers
embassyindia.com,http://www.embassyindia.com,Embassy Office Parks Management Services Pvt Ltd,homepage+careers
indiangreengridgroup.com,http://www.indiangreengridgroup.com,IG3 Infra Ltd,wayback+homepage+careers
health-private.co.uk,http://www.health-private.co.uk/,Agasthya EdTech Private Limited,wayback+homepage+careers
rgcsm.co.in,http://www.rgcsm.co.in,Rajeev Gandhi Computer Saksharta Mission (RGCSM),wayback+homepage+careers
kpriet.ac.in,http://www.kpriet.ac.in,KPR Institute of Engineering and Technology,wayback+homepage+careers
cfainstitute.org,http://www.cfainstitute.org,CFA Institute India Private Limited,wayback+homepage
cyberparkkerala.org,http://www.cyberparkkerala.org,"Cyberpark, Kozhikode",wayback+homepage+careers
praxis.ac.in,http://www.praxis.ac.in,AIM Education Private Limited,homepage
bajajallianz.com,http://www.bajajallianz.com,Bajaj Life Insurance Limited,wayback+homepage+careers
knspartners.com,http://www.knspartners.com,K&S Partners,wayback+homepage
russellreynolds.com,http://www.russellreynolds.com,Russell Reynolds Associates India Private Limited,homepage
lpu.co.in,http://www.lpu.co.in,Lovely Professional University,wayback+homepage+careers
geniusconsultant.com,http://www.geniusconsultant.com,Genius HRTech Limited,wayback+homepage+careers
infomate360.com,http://www.infomate360.com,Infomate 360 Solutions India Private Limited,wayback+homepage+careers
timscdrmumbai.in,http://www.timscdrmumbai.in,Thakur Institute Of Management Studies Career Development & Research,wayback+homepage+careers
authbridge.com,http://www.authbridge.com,AuthBridge Research Services Private Limited,wayback+homepage+careers
verifacts.co.in,http://www.verifacts.co.in,Verifacts Services Private Limited,homepage
ansr.com,http://www.ansr.com,ANSR Global Corporation Private Limited,homepage
deloitte.com,https://www.deloitte.com,Deloitte Touche Tohmatsu India LLP,wayback+homepage+careers
digiverifi.com,http://www.digiverifi.com,DigiVerifi Private Limited,homepage+careers
vitbhopal.ac.in,https://www.vitbhopal.ac.in,VIT Trust,wayback+homepage+careers
raisoni.net,http://www.raisoni.net/,G H Raisoni Career Foundation,wayback+homepage+careers
hiremee.co.in,https://www.hiremee.co.in,Karpaga Assessment App Matrix Services Private Limited,wayback+homepage+careers
iknchasecheckservices.com,http://iknchasecheckservices.com/,IKN Chase Check Services Private Limited,wayback+homepage+careers
mancerconsulting.com,http://www.mancerconsulting.com/,Mancer Consulting Services Private Limited,wayback+homepage+careers
aceurban.com,http://www.aceurban.com/,Ace Urban Infocity Limited,wayback+homepage+careers
hiresafe.co.in,http://www.hiresafe.co.in/,Hiresafe Verification Services India Private Limited,wayback+homepage+careers
godigit.com,http://www.godigit.com,Go Digit General Insurance Limited,homepage
mituniversity.edu.in,http://www.mituniversity.edu.in/,"MIT Art,Design & Technology University",wayback+homepage+careers
amsinform.com,http://www.amsinform.com,AMS Inform Private Limited,wayback+homepage+careers
aissmscoe.com,http://aissmscoe.com,All India Shri Shivaji Memorial Society's College Of Engineering,wayback+homepage+careers
macronix.in,http://www.macronix.in,Macronix Screening Services Private Limited,homepage
deere.co.in,https://www.deere.co.in/en/finance/financing/,John Deere Financial India Private Limited,homepage
iemcal.com,http://www.iemcal.com,Institute Of Engineering & Management Trust,wayback+homepage+careers
uemedu.in,http://www.uemedu.in,"University Of Engineering And Management, Jaipur",wayback+homepage+careers
dhiverification.com,http://www.dhiverification.com,DHI Investigation Services Private Limited,homepage
sairamgroup.in,https://sairamgroup.in,Sairam Group Of Institutions,wayback+homepage
sandvik.com,http://www.sandvik.com,Sandvik Mining and Rock Technology India Private Limited,wayback+homepage+careers
niituniversity.in,https://www.niituniversity.in/,NIIT University,wayback+homepage+careers
srivishnu.edu.in,http://www.srivishnu.edu.in/,Sri Vishnu Educational Society,homepage
profilelens.co.in,https://www.profilelens.co.in,Profilelens Services Private Limited,wayback+homepage+careers
indialand.net,http://indialand.net/,India Land Tech Park Private Limited,wayback+homepage
marutisuzuki.com,https://www.marutisuzuki.com/,Maruti Suzuki India Limited,homepage
rcciit.org,http://www.rcciit.org,RCC Institute of Information Technology,wayback+homepage+careers
qverify.com,https://www.qverify.com/,Quetzal Verify Private Limited,wayback+homepage+careers
internationalsos.com,https://www.internationalsos.com/,International SOS Services (India) Private Limited,homepage
velsuniv.ac.in,http://www.velsuniv.ac.in,Vels Institute of Science Technology and Advanced Studies,wayback+homepage+careers
thermaxglobal.com,http://www.thermaxglobal.com,Thermax Limited,wayback+homepage+careers
iqbc.in,https://iqbc.in/,Info Quest Background Checks Private Limited,wayback+homepage+careers
iitr.ac.in,https://www.iitr.ac.in/,"Indian Institute of Technology, Roorkee",wayback+homepage+careers
foxivision.com,http://www.foxivision.com,Foxivision Screening Services Private Limited,homepage
uni-mysore.ac.in,https://uni-mysore.ac.in/english-version/,University of Mysore,wayback+homepage+careers
iiml.ac.in,http://www.iiml.ac.in/,Indian Institute of Management Lucknow,wayback+homepage+careers
mallareddyuniversity.ac.in,https://mallareddyuniversity.ac.in/,Malla Reddy University,wayback+homepage+careers
randstad.in,http://www.randstad.in/,Randstad India Private Limited,wayback+homepage+careers
cgu-odisha.ac.in,https://cgu-odisha.ac.in/,"C.V. Raman Global University, Odisha",wayback+homepage+careers
mietjmu.in,http://www.mietjmu.in,Model Institute of Engineering and Technology,wayback+homepage+careers
sequoiacap.com,https://www.sequoiacap.com/india/,Peak XV Partners Advisors India LLP,wayback+homepage+careers
arcattest.com,https://www.arcattest.com/,Arc Consulting (I) Private Limited,wayback+homepage+careers
chase-india.com,http://www.chase-india.com,Chase Avian Commuincations Private Limited,homepage
myavtar.com,http://www.myavtar.com,Bruhat Insights Global Private Limited,homepage
siriusinfos.com,https://www.siriusinfos.com/,Sirius Info Services Private Limited,homepage
suryadatta.org,https://www.suryadatta.org/,Suryadatta Education Foundation,wayback+homepage+careers
skf.com,https://www.skf.com/in,SKF India Limited,wayback+homepage+careers
xdiligence.com,https://www.xdiligence.com/,xDiligence Screening Private Limited,homepage
hicet.ac.in,http://www.hicet.ac.in,Hindusthan Educational and Charitable Trust,wayback+homepage+careers
mindspacereit.com,https://www.mindspacereit.com/home,Mindspace Business Parks REIT,wayback+homepage
adamma.in,http://www.adamma.in,Adamma Info Services Private Limited,homepage
xstreamsecure.com,http://www.xstreamsecure.com,Xstream Secure,wayback+homepage+careers
dnb.co.in,https://www.dnb.co.in/,Dun & Bradstreet Information Services India Private Limited,wayback+homepage+careers
citchennai.edu.in,https://www.citchennai.edu.in/,Chennai Institute of Technology,wayback+homepage+careers
india.worldatwork.org,https://india.worldatwork.org,World At Work Private Limited,wayback+homepage
corp.dataflowgroup.com,https://corp.dataflowgroup.com/supportcontact-us/,DataFlow Services (India) Private Limited,wayback+homepage
tsspl.org,http://www.tsspl.org,Trusted Support Services Private Limited,wayback+homepage
bharatre.in,http://www.bharatre.in,Bharat Re-Insurance Brokers Private Limited,wayback+homepage
saveetha.ac.in,http://www.saveetha.ac.in,Saveetha Engineering College (A college of Saveetha Medical and Educational Trust),wayback+homepage
johnsoncontrols.com,https://www.johnsoncontrols.com,Johnson Controls (India) Private Limited,homepage
neotiahospital.com,http://www.neotiahospital.com,Park Hospitals,homepage
cushmanwakefield.com,https://www.cushmanwakefield.com/en/india,Cushman & Wakefield India Private Limited,homepage
criterionscreeners.com,http://www.criterionscreeners.com,CriterionScreeners Global Private Limited,wayback+homepage
bdservices.in,https://bdservices.in/,BD Services Private Limited,wayback+homepage+careers
hdfcbank.com,https://www.hdfcbank.com/,HDFC Bank Limited,wayback+homepage+careers
edelweisstokio.in,https://www.edelweisstokio.in/,Edelweiss Life Insurance Company Limited,wayback+homepage+careers
provalidate.in,https://www.provalidate.in,Provalidate Services Private Limited,homepage+careers
imthyderabad.edu.in,https://www.imthyderabad.edu.in/,"Institute of Management Technology, Hyderabad",wayback+homepage+careers
bschool.cms.ac.in,https://www.bschool.cms.ac.in,JAIN University (Jain Trust),wayback+homepage+careers
aupertz.com,https://www.aupertz.com,Aupertz Services Private Limited,wayback+homepage+careers
ushacomm.com,http://www.ushacomm.com,Redtech Network India Pvt Ltd,wayback+homepage+careers
infosys.com,http://www.infosys.com,Infosys Limited,wayback+homepage+careers
wipro.com,http://www.wipro.com,Wipro Limited,wayback+homepage+careers
sonata-software.com,http://www.sonata-software.com,Sonata Software Limited,homepage
tcs.com,http://www.tcs.com,Tata Consultancy Services Ltd,wayback+homepage+careers
mastek.com,http://www.mastek.com,MASTEK Ltd,wayback+homepage+careers
hpindia.com,http://www.hpindia.com,Hewlett-Packard Enterprise India Pvt Ltd,wayback+homepage+careers
niit-tech.com,http://www.niit-tech.com,Coforge Limited,wayback+homepage+careers
factsoftware.com,http://www.factsoftware.com,Fact Solutions India Pvt Ltd,wayback+homepage
techmahindra.com,http://www.techmahindra.com,Tech Mahindra Ltd,wayback+homepage+careers
ti.com,http://www.ti.com/india,Texas Instruments India Pvt Ltd,wayback+homepage+careers
jktech.com,http://www.jktech.com,JK Technosoft Ltd,homepage
magicsw.com,http://www.magicsw.com,Magic Software Pvt Ltd,homepage
onwardgroup.com,http://www.onwardgroup.com,Onward Technologies Ltd,wayback+homepage
rssoftware.com,http://www.rssoftware.com,R S Software (India) Ltd,homepage
microsoft.com,http://www.microsoft.com,Microsoft Corporation (I) Pvt Ltd,wayback+homepage+careers
tatatechnologies.com,http://www.tatatechnologies.com,Tata Technologies Limited,wayback+homepage+careers
cyient.com,http://www.cyient.com,Cyient Limited,wayback+homepage
ibm.com,http://www.ibm.com/in,IBM India Private Limited,wayback+homepage+careers
atos-kliniken.com,https://atos-kliniken.com/de/heidelberg/,Atos Global IT Solutions and Services Private Limited,wayback+homepage+careers
appliedcommerce.com,http://www.appliedcommerce.com,Applied Software Pvt Ltd,wayback+homepage
newgensoft.com,http://www.newgensoft.com,Newgen Software Technologies Ltd,wayback+homepage+careers
teamhgs.com,http://www.teamhgs.com,Hinduja Global Solutions Ltd,homepage
siemens.co.in,http://www.siemens.co.in,Siemens Technology and Services Pvt Ltd,wayback+homepage+careers
asmltd.com,http://www.asmltd.com,ASM Technologies Ltd,wayback+homepage+careers
prologicfirst.com,http://www.prologicfirst.com,Prologic First India Pvt Ltd,wayback+homepage
algosoftware.com,http://www.algosoftware.com,Algorithms Software Pvt Ltd,wayback+homepage+careers
deshawindia.com,http://www.deshawindia.com,D E Shaw India Private Limited,homepage
rsystems.com,http://www.rsystems.com,R Systems International Ltd,homepage
sasken.com,http://www.sasken.com,Sasken Technologies Limited,homepage
samsungindiasoft.com,http://www.samsungindiasoft.com,Samsung R&D Institute India - Bangalore Pvt Ltd,wayback+homepage+careers
rmsi.com,http://www.rmsi.com,RMSI Pvt Ltd,homepage
aptech-worldwide.com,http://www.aptech-worldwide.com,Aptech Limited,wayback+homepage+careers
natwestgroup.com,http://www.natwestgroup.com,NatWest Digital Services India Private Limited,homepage
bt.com,http://www.bt.com/india,BT e-Serv (India) Private Limited,wayback+homepage+careers
bluechipsw.com,http://www.bluechipsw.com,Blue Chip Computer Consultants Pvt Ltd,wayback+homepage+careers
in.sopragroup.com,http://www.in.sopragroup.com,Sopra Steria India Limited,wayback+homepage+careers
boschindia.com,http://www.boschindia.com,Robert BOSCH Engineering and Business Solutions Pvt Ltd,wayback+homepage+careers
infogain.com,http://www.infogain.com,Tenarai Technologies Private Limited,homepage
dell.com,http://www.dell.com,Dell International Services India Pvt Ltd,wayback+homepage+careers
focusinfotech.com,http://www.focusinfotech.com,Future Focus Infotech Pvt Ltd,wayback+homepage+careers
infozech.com,http://www.infozech.com,Infozech Software Private Limited,wayback+homepage+careers
netedgecomputing.com,http://www.netedgecomputing.com,NetEdge Computing Global Services Pvt Ltd,wayback+homepage+careers
adobeindia.com,http://www.adobeindia.com,Adobe Systems India Pvt Ltd,wayback+homepage+careers
congruentsolutions.com,http://www.congruentsolutions.com,Congruent Solutions Pvt Ltd,homepage
neilsoft.com,http://www.neilsoft.com,Neilsoft Limited,homepage+careers
phi.co.in,http://www.phi.co.in,PHi Business Solutions Ltd,homepage
nttdata.com,https://www.nttdata.com/global/en/about-us,NTT DATA Information Processing Services Private Limited,wayback+homepage
capgemini.com,http://www.capgemini.com,Capgemini Technology Services India Limited,wayback+homepage+careers
rave-tech.com,http://www.rave-tech.com,NEC Software Solutions (India) Private Limited,wayback+homepage+careers
datacore-india.com,http://www.datacore-india.com,DCG Data-Core Systems (India) Private Limited,wayback+homepage+careers
adp.com,http://www.adp.com,ADP Pvt Ltd,wayback+homepage+careers
mphasis.com,http://www.mphasis.com,Mphasis Limited,wayback+homepage+careers
cgi.com,http://www.cgi.com,CGI Information Systems and Management Consultants Pvt Ltd,homepage
americanexpress.co.in,http://www.americanexpress.co.in,American Express India Pvt Ltd,homepage
itti.com,http://www.itti.com,ITTI Private Limited,homepage
temenos.com,http://www.temenos.com,Temenos India Pvt Ltd,homepage
dcmds.com,http://www.dcmds.com,DCM Infotech Limited,wayback+homepage+careers
idsil.com,http://www.idsil.com,IDS Infotech Ltd,homepage
integra.co.in,http://www.integra.co.in,Integra Software Services Pvt Ltd,homepage
saksoft.com,http://www.saksoft.com,Saksoft Limited,wayback+homepage+careers
epam.com,http://www.epam.com,EPAM Systems India Pvt Ltd,wayback+homepage+careers
octave.com,https://www.octave.com/,Octave Capability Center India Private Limited,wayback+homepage
sampoorna.com,http://www.sampoorna.com,Sampoorna Matchjobs.com Pvt Ltd,wayback+homepage
sapient.com,http://www.sapient.com,TLG India Private Limited,wayback+homepage
clayfin.com,http://www.clayfin.com/,Clayfin Technologies Private Limited,homepage+careers
poloqueen.com,http://www.poloqueen.com,Polo Queen Industrial and Fintech Ltd,homepage+careers
tallysolutions.com,http://www.tallysolutions.com,Tally Solutions Pvt Ltd,homepage
gnfc.in,http://www.gnfc.in,Gujarat Narmada Valley Fertilizers & Chemicals Ltd,homepage
geinetech.com,http://www.geinetech.com,Geine Technologies India Pvt Ltd,wayback+homepage+careers
botree.co.in,http://www.botree.co.in,Botree Software International Ltd,wayback+homepage+careers
alletec.com,http://www.alletec.com,All e Technologies Limited,homepage
nss1.org,http://www.nss1.org/,Net Solutions India Private Limited,homepage
panbusiness.de,http://www.panbusiness.de,Pan Business Lists Pvt Ltd,wayback+homepage+careers
sitel-india.com,http://www.sitel-india.com,Foundever CRM India Private Limited,wayback+homepage+careers
ibsplc.com,http://www.ibsplc.com,IBS Software Private Limited,homepage+careers
ionidea.com,http://www.ionidea.com,IonIdea Enterprise Solutions Pvt Ltd,homepage
india.ford.com,http://www.india.ford.com,Ford Motor Pvt Ltd,wayback+homepage+careers
worldbank.org,http://www.worldbank.org,The World Bank (IBRD),wayback+homepage
anz-it.com,http://www.anz-it.com,ANZ Operations and Technology Pvt Ltd,wayback+homepage+careers
expleogroup.com,https://www.expleogroup.com/,Expleo Solutions Limited,wayback+homepage+careers
hsbcservicedelivery.com,http://www.hsbcservicedelivery.com,HSBC Electronic Data Processing India Pvt Ltd,wayback+homepage+careers
thomsonreuters.com,http://www.thomsonreuters.com,Thomson Reuters International Services Pvt Ltd,wayback+homepage+careers
rrd.com,http://www.rrd.com,RR Donnelley India Outsource Pvt Ltd,wayback+homepage+careers
silverskills.com,http://www.silverskills.com,Silverskills Pvt Ltd,homepage
nusummit.com,https://www.nusummit.com/,NuSummit Technologies Private Limited,wayback+homepage
3dplmsoftware.com,http://www.3dplmsoftware.com,Dassault Systemes Solutions Lab Private Limited,homepage+careers
impetus.com,http://www.impetus.com,Impetus Technologies India Private Limited,homepage
gujaratinformatics.com,http://www.gujaratinformatics.com,Gujarat Informatics Ltd,wayback+homepage+careers
jpmorgan.com,http://www.jpmorgan.com,JP Morgan Services India Pvt Ltd,homepage
suntecgroup.com,http://www.suntecgroup.com,SunTec Business Solutions Pvt Ltd,homepage
exlservice.com,http://www.exlservice.com,exl Service.com (India) Pvt Ltd,homepage
accenture.com,http://www.accenture.com,Accenture Solutions Private Limited,wayback+homepage+careers
sundaraminfotech.com,http://www.sundaraminfotech.com,Sundaram Infotech Solutions (A Division of Sundaram Finance Ltd),wayback+homepage
hsbcsoftwaredevelopment.com,http://www.hsbcsoftwaredevelopment.com,HSBC Software Development (India) Pvt Ltd,wayback+homepage+careers
teleperformance.com,http://www.teleperformance.com,Teleperformance Global Business Private Limited,wayback+homepage+careers
alldigitech.com,http://www.alldigitech.com,Alldigi Tech Limited,wayback+homepage+careers
aisect.org,http://www.aisect.org,All India Society For Electronics & Computer Technology (AISECT),wayback+homepage+careers
kcp.net,http://www.kcp.net,KCP Technologies Ltd,wayback+homepage+careers
thoughtworks.com,http://www.thoughtworks.com,ThoughtWorks Technologies India Pvt Ltd,homepage
sap.com,https://www.sap.com/india/about.saplabsindia.html,SAP Labs India Private Limited,wayback+homepage+careers
virtusa.com,http://www.virtusa.com/,Virtusa Consulting Services Private Limited,wayback+homepage+careers
acceltree.com,http://www.acceltree.com,AccelTree Software Pvt Ltd,wayback+homepage+careers
sutherlandglobal.com,http://www.sutherlandglobal.com,Sutherland Global Services Pvt Ltd,homepage
olivetech.com,http://www.olivetech.com,Olive Technology Limited,homepage
c7e.co,http://www.c7e.co,Cambridge Technology Enterprises Ltd,wayback+homepage+careers
calsoftinc.com,http://www.calsoftinc.com,CalSoft Pvt Ltd,homepage
mothersontechnology.com,www.mothersontechnology.com,Motherson Technology Services Limited,wayback+homepage
nagarro.com,http://www.nagarro.com,Nagarro Software Pvt Ltd,homepage
pwc.com,http://www.pwc.com,PricewaterhouseCoopers Pvt Ltd,homepage
infoprolearning.com,http://www.infoprolearning.com,Compunnel Technology India Pvt Ltd,homepage
motifinc.com,http://www.motifinc.com,TTEC India Customer Solutions Private Limited,wayback+homepage+careers
myadrenalin.com,http://www.myadrenalin.com,Adrenalin eSystems Ltd,homepage+careers
ymsl.in,http://www.ymsl.in,Yamaha Motor Solutions (India) Pvt Ltd,wayback+homepage+careers
sifycorp.com,http://www.sifycorp.com,Sify Technologies Ltd,homepage
bahwancybertek.com,http://www.bahwancybertek.com,Bahwan CyberTek Pvt Ltd,wayback+homepage
saama.com,http://www.saama.com,Saama Technologies (India) Pvt Ltd,homepage
oberoihotels.com,http://www.oberoihotels.com,Oberoi Contact Centre (A Div. of EIH Ltd),wayback+homepage
topsource.co.uk,http://www.topsource.co.uk,TopSource Infotech Solutions Pvt Ltd,wayback+homepage+careers
hartron.cc,http://www.hartron.cc,Hartron Communications Ltd,wayback+homepage+careers
fidelity.co.in,http://www.fidelity.co.in,Fidelity Business Services India Pvt Ltd,wayback+homepage
caresoftinc.com,http://www.caresoftinc.com,Caresoft Inc. India,homepage+careers
ntrustinfotech.com,http://www.ntrustinfotech.com,eNTrust Software and Services Private Limited,homepage
socgensolutions.com,http://www.socgensolutions.com,Societe Generale Global Solution Centre Pvt Ltd,wayback+homepage+careers
netcracker.com,http://www.netcracker.com,NetCracker Technology Solutions (India) Pvt Ltd,wayback+homepage
bankofamerica.com,http://www.bankofamerica.com,BA Continuum India Pvt Ltd,wayback+homepage
manthan.com,http://www.manthan.com,Algonomy Software Private Limited,wayback+homepage
rmindia.co.in,https://www.rmindia.co.in,RM Education Solutions India Pvt Ltd,homepage
verizon.com,http://www.verizon.com,Verizon Data Services India Pvt Ltd,homepage
ciindia.com,http://www.ciindia.com,CI Global Technologies Pvt Ltd,wayback+homepage+careers
htcinc.com,http://www.htcinc.com,HTC Global Services (India) Pvt Ltd,wayback+homepage
unisys.co.in,http://www.unisys.co.in,Unisys India Private Limited,homepage
berkadia.com,http://www.berkadia.com,Berkadia Services India Pvt Ltd,homepage
manh.com,http://www.manh.com,Manhattan Associates (India) Development Centre Pvt Ltd,homepage
saigun.com,http://www.saigun.com,Saigun Technologies Pvt Ltd,wayback+homepage
tescohsc.com,http://www.tescohsc.com,TESCO Bengaluru Private Limited,wayback+homepage+careers
spitech.com,http://www.spitech.com,SPI Technologies India Pvt Ltd,wayback+homepage+careers
db.com,http://www.db.com,Deutsche India Private Limited,wayback+homepage
pinnaclecad.com,http://www.pinnaclecad.com,Pinnacle Infotech Solutions,wayback+homepage
sumasoft.com,http://www.sumasoft.com,Suma Soft Pvt Ltd,wayback+homepage
in.kpmg.com,http://www.in.kpmg.com,KPMG Advisory Services Private Limited,wayback+homepage+careers
franklintempleton.com,http://www.franklintempleton.com,Franklin Templeton International Services (India) Pvt Ltd,homepage
google.com,http://www.google.com,Google India Private Limited,wayback+homepage+careers
scopeinternational.com,http://www.scopeinternational.com,Standard Chartered Global Business Services Private Limited,wayback+homepage+careers
bebotechnologies.com,http://www.bebotechnologies.com,Bebo Technologies Pvt Ltd,wayback+homepage
yesbank.in,http://www.yesbank.in,YES - Centre of Systems Excellence (Yes Bank Ltd),wayback+homepage+careers
philips.com,http://www.philips.com,Philips India Limited,wayback+homepage+careers
colt.net,http://www.colt.net,COLT Technology Services India Pvt Ltd,homepage
volvo.co.in,http://www.volvo.co.in,Volvo India Pvt Ltd,wayback+homepage+careers
amdocs.com,http://www.amdocs.com,Amdocs Development Centre India LLP,wayback+homepage+careers
nomura.com,http://www.nomura.com,Nomura Services India Pvt Ltd,wayback+homepage+careers
globalinfovision.com,http://www.globalinfovision.com,Global Infovision Pvt Ltd,wayback+homepage
morganstanley.com,http://www.morganstanley.com/advantageservices/,Morgan Stanley Advantage Services Pvt Ltd,wayback+homepage+careers
iictechnologies.com,http://www.iictechnologies.com,IIC Technologies Private Limited,homepage+careers
oracle.com,http://www.oracle.com/us/products/applications/financial-services/software-bpo/index.html,Oracle (OFSS) BPO Services Ltd,wayback+homepage+careers
aegiscomgroup.com,http://www.aegiscomgroup.com,Aegis Customer Support Services Private Limited,wayback+homepage+careers
makemytrip.com,http://www.makemytrip.com,MakeMyTrip (India) Pvt Ltd,wayback+homepage+careers
movate.com,http://www.movate.com,Movate Technologies Private Limited,homepage
ap.att.com,http://www.ap.att.com,AT&T Communication Services India Private Limited,wayback+homepage+careers
markettools.com,http://www.markettools.com,Metrixlab Research India LLP,homepage
infoedge.in,http://www.infoedge.in,Info Edge (India) Ltd,homepage
microland.com,http://www.microland.com,Microland Limited,homepage
engineering.quest-global.com,http://engineering.quest-global.com,QuEST Global Engineering Services Private Limited,wayback+homepage+careers
manu.com,http://www.manu.com,Blue Yonder India Private Limited,wayback+homepage+careers
netscout.com,http://www.netscout.com,NetScout Systems Software India Pvt Ltd,homepage
aabsys.com,http://www.aabsys.com,AABSyS Information Technology Pvt Ltd,homepage
axiscades.com,http://www.axiscades.com,AXISCADES Technologies Limited,homepage
capita.co.uk,http://www.capita.co.uk,Capita India Private Limited,wayback+homepage+careers
leptonsoftware.com,http://www.leptonsoftware.com,Lepton Software Export & Research Pvt Ltd,wayback+homepage+careers
hazelinfotech.com,http://www.hazelinfotech.com,Hazel Mercantile Limited,wayback+homepage+careers
scatech.com,https://www.scatech.com/,SCA Technologies India Pvt Ltd,homepage
mediatek.com,http://www.mediatek.com,MediaTek India Technology Pvt Ltd,wayback+homepage+careers
swissre.com,http://www.swissre.com,Swiss Re Global Business Solutions India Private Limited,wayback+homepage+careers
ge.com,http://www.ge.com,Synchrony International Services Private Limited,wayback+homepage
kla-tencor.com,http://www.kla-tencor.com,KLA-Tencor Software India Pvt Ltd,homepage
genpact.com,http://www.genpact.com,GENPACT India Private Limited,wayback+homepage
novartis.com,http://www.novartis.com,Novartis Development IT (A Div. of Novartis Healthcare Pvt Ltd),homepage
kginvicta.com,https://www.kginvicta.com,KG Invicta Services Private Limited,wayback+homepage+careers
fiserv.com,http://www.fiserv.com,Fiserv India Pvt Ltd,wayback+homepage
qualtechedge.com,http://www.qualtechedge.com,Qualtech Consultants Pvt Ltd,wayback+homepage
amruts.com,http://www.amruts.com,Amrut Software Pvt Ltd,wayback+homepage+careers
sella.it,http://www.sella.it,Centrico-India Private Limited,wayback+homepage+careers
bnpparibasindiasolutions.com,http://www.bnpparibasindiasolutions.com,BNP Paribas India Solutions Private Limited,wayback+homepage+careers
ramtech-corp.com,http://www.ramtech-corp.com,RAMTeCH Software Solutions Pvt Ltd,homepage+careers
metacube.com,http://www.metacube.com,Metacube Software Pvt Ltd,homepage+careers
progress.com,https://www.progress.com,Progress Software Development Pvt Ltd,homepage
netapp.com,http://www.netapp.com,NetApp India Pvt Ltd,wayback+homepage+careers
hsc.com,http://www.hsc.com,Hughes Systique Pvt Ltd,wayback+homepage+careers
akmin.com,http://www.akmin.com,Akmin Technologies Pvt Ltd,wayback+homepage
iqor.com,http://www.iqor.com,iQor India Services Pvt Ltd,homepage
quislex.com,http://www.quislex.com,QuisLex Legal Services Pvt Ltd,wayback+homepage+careers
sunlife.com,http://www.sunlife.com,Sun Life Global Solutions Private Limited,wayback+homepage+careers
couthit.com,http://www.couthit.com,Couth Infotech Pvt Ltd,homepage+careers
tholons.com,http://www.tholons.com,Tholons Knowledge Management Pvt Ltd,homepage+careers
legasis.in,http://www.legasis.in,Legasis Services Pvt Ltd,wayback+homepage
quatrro.com,http://www.quatrro.com,Quatrro Global Services Pvt Ltd,wayback+homepage+careers
anibrain.com,http://www.anibrain.com,Anibrain Digital Technologies Pvt Ltd,homepage
insolutionsglobal.com,http://www.insolutionsglobal.com,In-Solutions Global Pvt Ltd,homepage
tieto.in,http://www.tieto.in,Tietoevry India Private Limited,homepage
quinnox.com,http://www.quinnox.com,Quinnox Consultancy Services Ltd,homepage
emerson.com,http://www.emerson.com,Emerson Innovation Center - Pune (A Div. of Emerson Electric Company (I) Pvt Ltd),wayback+homepage
svam.com,http://www.svam.com,North Shore Technologies Pvt Ltd,homepage
northerntrust.com,http://www.northerntrust.com,Northern Operating Services Pvt Ltd,homepage
principal.com,http://www.principal.com,Principal Global Services Pvt Ltd,wayback+homepage+careers
sil.co.in,http://www.sil.co.in,RUGR SIL Private Limited,wayback+homepage+careers
drivestream.com,http://www.drivestream.com,Drivestream India Private Limited,wayback+homepage
sony.com,http://www.sony.com,Sony India Software Centre Private Limited,wayback+homepage+careers
vertexcs.com,http://www.vertexcs.com,Vertex Offshore Services Pvt Ltd,wayback+homepage
defiance-tech.com,http://www.defiance-tech.com,Hinduja Tech Limited,wayback+homepage+careers
xlgroup.com,http://www.xlgroup.com,XL India Business Services Pvt Ltd,wayback+homepage
hytechpro.com,http://www.hytechpro.com,HyTech Professionals India Pvt Ltd,homepage
7seasent.com,http://www.7seasent.com,7Seas Entertainment Ltd,homepage
webrosoft.com,http://www.webrosoft.com,Webrosoft Solutions Pvt Ltd,wayback+homepage+careers
mcmcg.com,http://www.mcmcg.com,Midland Credit Management India Pvt Ltd,wayback+homepage+careers
intelliob.com,http://www.intelliob.com,Intelliob Technologies Pvt Ltd,homepage+careers
broadridge.com,http://www.broadridge.com,Broadridge Financial Solutions (India) Pvt Ltd,homepage
wellsfargo.com,http://www.wellsfargo.com,Wells Fargo International Solutions Private Limited,wayback+homepage+careers
aesasp.com,http://www.aesasp.com,AES Technologies (India) Pvt Ltd,wayback+homepage+careers
hitechos.com,http://www.hitechos.com,Hi-Tech Digital Solutions LLP,wayback+homepage+careers
eclerx.com,http://www.eclerx.com,eClerx Services Ltd,wayback+homepage+careers
uftech.com,http://www.uftech.com,Unitforce Technologies Consulting Pvt Ltd,wayback+homepage+careers
arrkgroup.com,http://www.arrkgroup.com,Arrk Solutions Pvt Ltd,homepage
bnymellon.com,http://www.bnymellon.com,BNY Mellon International Operations (India) Pvt Ltd,homepage
lighthouseglobal.com,https://www.lighthouseglobal.com/,Lighthouse Asia Pacific Private Limited,homepage
intellicus.com,http://www.intellicus.com,Intellicus Technologies Private Limited,wayback+homepage+careers
espire.com,http://www.espire.com,Espire Infolabs Pvt Ltd,wayback+homepage+careers
enoahisolution.com,http://www.enoahisolution.com,eNoah iSolution India Pvt Ltd,wayback+homepage
paypal.com,https://www.paypal.com/in/home,PayPal India Private Limited,homepage+careers
easi.com,http://www.easi.com,Allegis Services (India) Private Limited (Actalent),wayback+homepage
tenth-planet.com,http://www.tenth-planet.com,Tenth Planet Technologies Pvt Ltd,wayback+homepage+careers
navis.com,http://www.navis.com,Navis Software India Private Limited,wayback+homepage+careers
vidyatech.com,http://www.vidyatech.com,Vidyatech Solutions Private Limited,wayback+homepage+careers
inteliment.com,http://www.inteliment.com,Inteliment Technologies Pvt Ltd,wayback+homepage+careers
maerskline.com,http://www.maerskline.com,Maersk Global Service Centres (India) Pvt Ltd,wayback+homepage
graycelltech.com,http://www.graycelltech.com,GrayCell Technologies Exports,wayback+homepage
dynproindia.com,http://www.dynproindia.com,DynPro India Pvt Ltd,homepage
globeop.com,http://www.globeop.com,GlobeOp Financial Services (India) Pvt Ltd,wayback+homepage+careers
sunknowledge.com,http://www.sunknowledge.com,Sun Knowledge Pvt Ltd,homepage
sblcorp.com,http://www.sblcorp.com,SBL Knowledge Services Private Limited,homepage+careers
fifthgentech.com,http://www.fifthgentech.com,Fifth Generation Technologies India Pvt Ltd,homepage+careers
mindcrest.com,http://www.mindcrest.com,Mindcrest (India) Pvt Ltd,wayback+homepage+careers
uhgis.com,http://www.uhgis.com,Optum Global Solutions (India) Private Limited,wayback+homepage+careers
mercer.co.in,http://www.mercer.co.in,Marsh Mclennan (India) Private Limited,wayback+homepage
snaponbusinesssolutions.com,http://www.snaponbusinesssolutions.com,Snap-on Business Solutions India Pvt Ltd,wayback+homepage+careers
pega.com,http://www.pega.com,Pegasystems Worldwide India Pvt Ltd,wayback+homepage
metlife.com,http://www.metlife.com,Metlife Global Operations Support Centre Pvt Ltd,homepage
in4velocity.com,http://www.in4velocity.com,In4velocity Systems Pvt Ltd,wayback+homepage+careers
ssofts.com,http://www.ssofts.com,SureSoft Systems Pvt Ltd,homepage+careers
m1xchange.com,https://www.m1xchange.com/,Mynd Solutions Pvt Ltd,wayback+homepage+careers
totalit.co.in,http://www.totalit.co.in,Total IT Solutions Pvt Ltd,wayback+homepage+careers
lazerken.com,http://www.lazerken.com,Lazer Ken IT Services India Pvt Ltd,wayback+homepage+careers
paytmpayments.com,https://www.paytmpayments.com/,Paytm Payments Services Limited,wayback+homepage
sharp.co.in,http://www.sharp.co.in,Sharp Software Development India Pvt Ltd,wayback+homepage+careers
fnfindia.co.in,http://www.fnfindia.co.in,FNF India Private Limited,wayback+homepage+careers
techiesindiainc.com,http://www.techiesindiainc.com,Techies India Inc.,homepage
equiniti-ics.com,http://www.equiniti-ics.com,Equiniti India Pvt Ltd,wayback+homepage+careers
aktbpo.com,http://www.aktbpo.com,Vitae International Accounting Services Pvt Ltd,wayback+homepage+careers
cesltd.com,http://www.cesltd.com,CES Limited,wayback+homepage+careers
iiservz.com,http://www.iiservz.com,Integrated Information Services Pvt Ltd,homepage
toluna.com,https://www.toluna.com,ToLuna India Pvt Ltd,wayback+homepage+careers
jmrinfotech.com,http://www.jmrinfotech.com,JMR Infotech India Pvt Ltd,wayback+homepage+careers
acninfotech.com,http://www.acninfotech.com,ACN Infotech (India) Pvt Ltd,wayback+homepage
digitide.com,https://digitide.com/,Digitide Solutions Limited,wayback+homepage+careers
rigelnetworks.com,http://www.rigelnetworks.com,Rigel Networks Pvt Ltd,homepage
dnbtechnology.com,http://www.dnbtechnology.com,Dun & Bradstreet Technologies & Data Services Pvt Ltd,wayback+homepage+careers
crimsoni.com,http://www.crimsoni.com,Crimson Interactive Pvt Ltd,homepage+careers
dupont.com,http://www.dupont.com,Corteva Agriscience Services India Private Limited,homepage+careers
posidex.com,http://www.posidex.com,Posidex Technologies Pvt Ltd,wayback+homepage+careers
chelsoft.com,http://www.chelsoft.com,Chella Software Pvt Ltd,homepage
lexplosion.in,http://www.lexplosion.in,Lexplosion Solutions Pvt Ltd,homepage
invesco.com,http://www.invesco.com,Invesco (India) Private Limited,homepage
firstam.co.in,http://www.firstam.co.in,First American (India) Pvt Ltd,homepage
deltaintech.com,http://www.deltaintech.com,Delta Technology & Management Services Pvt Ltd,homepage
esko.com,http://www.esko.com,Esko-Graphics India Pvt Ltd,homepage+careers
aviva.com,http://www.aviva.com,Aviva Global Services (A div. Of A G S Customer Services (India) Pvt Ltd),homepage
realpage.com,http://www.realpage.com,RealPage India Pvt Ltd,homepage
acrenoutsourcing.com,http://www.acrenoutsourcing.com,Aeren IT Solutions Pvt Ltd,wayback+homepage+careers
aabasoft.com,http://www.aabasoft.com,Aabasoft Technologies (India) Private Limited,homepage
rockwellcollins.com,http://www.rockwellcollins.com,Rockwell Collins India Enterprises Pvt Ltd,wayback+homepage+careers
moksatechnologies.com,http://www.moksatechnologies.com,mokSa Technologies India Pvt Ltd,homepage
anantsoftech.com,http://www.anantsoftech.com,Anant Softtech Pvt Ltd,homepage
yokogawa.com,http://www.yokogawa.com,Yokogawa Technology Solutions India Private Limited,wayback+homepage+careers
escrowtech.in,http://www.escrowtech.in,Escrownxt Services Private Limited,homepage
intecinfocom.com,http://www.intecinfocom.com,Intec Infra-Technologies Pvt Ltd,wayback+homepage
4iapps.com,http://www.4iapps.com,4i Apps Solutions Pvt Ltd,homepage+careers
cognethro.com,http://www.cognethro.com,Cognet HR Solutions Pvt Ltd,homepage+careers
lexingtonsoft.com,http://www.lexingtonsoft.com,Lexington Soft Pvt Ltd,homepage
cequitysolutions.com,http://www.cequitysolutions.com,Hansa Customer Equity Pvt Ltd,wayback+homepage+careers
medsynaptic.com,http://www.medsynaptic.com,Medsynaptic Pvt Ltd,homepage+careers
spiderlogic.com,http://www.spiderlogic.com,Wipfli India LLP,wayback+homepage+careers
ozonetel.com,http://www.ozonetel.com,Ozonetel Communications Private Limited,homepage
sankalptech.com,http://www.sankalptech.com,Sankalp Computer & Systems Pvt Ltd,wayback+homepage+careers
lumen.com,http://www.lumen.com,Lumen IT India Private Limited,wayback+homepage+careers
krgtech.com,https://www.krgtech.com,KRG Technologies India Private Limited,wayback+homepage+careers
teksystems.com,http://www.teksystems.com,TEKsystems Global Services Private Limited,homepage
saralweb.com,http://www.saralweb.com,TA Netgables Pvt Ltd,homepage
pdsinfotech.com,http://www.pdsinfotech.com,PDS Infotech Pvt Ltd,wayback+homepage+careers
satyamventure.com,http://www.satyamventure.com,Satyam Venture Engineering Services Pvt Ltd,wayback+homepage+careers
sas.com,http://www.sas.com,SAS Institute (India) Pvt Ltd,wayback+homepage+careers
innodata.com,http://www.innodata.com,Innodata India Pvt Ltd,wayback+homepage+careers
pennywisesolutions.com,http://www.pennywisesolutions.com,Pennywise Solutions Pvt Ltd,wayback+homepage+careers
velsof.com,http://www.velsof.com,Velocity Software Solutions Pvt Ltd,homepage
britishcouncil.org,http://www.britishcouncil.org,BC Management Services Pvt Ltd,wayback+homepage+careers
concentrix.com,http://www.concentrix.com,Concentrix Daksh Services India Private Limited,homepage
virtualemployee.com,http://www.virtualemployee.com,Virtual Employee Pvt Ltd,wayback+homepage+careers
equinoxweb.co.in,http://www.equinoxweb.co.in,Equinox Software And Services Pvt Ltd,homepage+careers
kronos.com,http://www.kronos.com,Kronos Solutions India Pvt Ltd,wayback+homepage+careers
winsoftech.com,http://www.winsoftech.com,Winsoft Technologies India Pvt Ltd,wayback+homepage
ea.com,http://www.ea.com,Electronic Arts Games (India) Pvt Ltd,wayback+homepage
qxltd.com,http://www.qxltd.com,QX Global Services Private Limited,wayback+homepage+careers
suyogindia.com,http://www.suyogindia.com,Suyog Computech Pvt Ltd,wayback+homepage
metroservicespune.com,http://www.metroservicespune.com,METRO Global Solution Center Private Limited,wayback+homepage+careers
shell.com,http://www.shell.com,Shell Business Service Centre (A div. of Shell India Markets Pvt Ltd),wayback+homepage+careers
congruentindia.com,http://www.congruentindia.com,Congruent Info-Tech Pvt Ltd,homepage
gs.com,http://www.gs.com,Goldman Sachs Services Pvt Ltd,homepage
surya-soft.com,http://www.surya-soft.com,Surya Software Systems Pvt Ltd,homepage
7stl.com,http://www.7stl.com,Seventhsense Technologies Pvt Ltd,wayback+homepage
blackrock.co.in,http://www.blackrock.co.in,BlackRock Services India Pvt Ltd,wayback+homepage+careers
kribindia.com,http://www.kribindia.com,Krib Information Services Private Limited,wayback+homepage
xybion.com,http://www.xybion.com,Xybion India Pvt Ltd,homepage
phykon.com,http://www.phykon.com,Phykon Solutions Pvt Ltd,homepage
sapience.net,http://www.sapience.net,Sapience Analytics Pvt Ltd,wayback+homepage+careers
cyret.com,http://www.cyret.com,Cyret Technologies India Pvt Ltd,homepage+careers
opentext.com,http://www.opentext.com,Open Text Technologies India Pvt Ltd,wayback+homepage+careers
gartner.com,https://www.gartner.com/,Gartner India Research & Advisory Services Private Limited,wayback+homepage+careers
winsarinfo.com,http://www.winsarinfo.com,Winsar Infosoft Pvt Ltd,wayback+homepage+careers
target.com,http://www.target.com/india,Target Corporation India Pvt Ltd,wayback+homepage+careers
sportsmechanics.in,http://www.sportsmechanics.in,Sports Mechanics India Pvt Ltd,wayback+homepage+careers
mouritech.com,http://www.mouritech.com,Mouri Tech Limited,homepage
gotsoftwares.com,http://www.gotsoftwares.com,Got Softwares Pvt Ltd,wayback+homepage+careers
tvtworld.com,http://www.tvtworld.com,Towards Vision Technologies Limited,wayback+homepage+careers
prohance.net,https://www.prohance.net/,Prohance India Private Limited,wayback+homepage+careers
signalchip.com,http://www.signalchip.com,Signalchip Innovations Pvt Ltd,homepage
solartis.com,http://www.solartis.com,Solartis Technology Services Pvt Ltd,homepage
tripleasolutions.com,http://www.tripleasolutions.com,Triple A Solutions Pvt Ltd,wayback+homepage+careers
ittiam.com,http://www.ittiam.com,Ittiam Systems Pvt Ltd,wayback+homepage+careers
evoketechnologies.com,http://www.evoketechnologies.com,Evoke Technologies Pvt Ltd,homepage
xplore-tech.com,http://www.xplore-tech.com,Fusion CX Private Limited,wayback+homepage+careers
surevin.com,http://www.surevin.com,We Win Limited,wayback+homepage+careers
bravurasolutions.com,http://www.bravurasolutions.com,Bravura Solutions India LLP,wayback+homepage+careers
novonordisk.com,http://www.novonordisk.com,Novo Nordisk Service Center India Pvt Ltd,homepage
generalmills.com,http://www.generalmills.com,General Mills India Pvt Ltd,wayback+homepage+careers
oneglobesystems.com,http://www.oneglobesystems.com,OneGlobe Systems LLP,homepage
invensis.net,http://www.invensis.net,Invensis Technologies Pvt Ltd,wayback+homepage+careers
circularedge.com,http://www.circularedge.com,Circular Edge Solution Private Limited,wayback+homepage
 www.indium.tech,http:// www.indium.tech,Indium Software (India) Private Limited,wayback+homepage+careers
techindia.com,http://www.techindia.com,Techindia Infoway Pvt Ltd,wayback+homepage
convergenceservices.in,http://www.convergenceservices.in,uKnowva (Convergence IT Services Pvt Ltd),wayback+homepage+careers
transformsolution.com,http://www.transformsolution.com,TransForm Solutions Private Limited,wayback+homepage+careers
litmus7.com,http://www.litmus7.com,Litmus7 Systems Consulting Private Limited,homepage
systematixinfotech.com,http://www.systematixinfotech.com,Softude Infotech Private Limited,homepage
barclays.com,http://www.barclays.com,Barclays Global Service Centre Private Limited,homepage
trutechwebs.com,http://www.trutechwebs.com,Trutech Webs Pvt Ltd,wayback+homepage+careers
trikaaltech.com,http://www.trikaaltech.com,Trikaal Tech Enterprises Pvt Ltd,homepage
ltts.com,https://www.ltts.com,L&T Technology Services Ltd,wayback+homepage
asdintech.com,http://www.asdintech.com,ASDintech Services Pvt Ltd,homepage
precisionit.co.in,http://www.precisionit.co.in,Precision Infomatic (Madras) Pvt Ltd,homepage
navsoft.in,http://www.navsoft.in,Navigators Software Pvt Ltd,wayback+homepage
zohocorp.com,http://www.zohocorp.com,Zoho Corporation Pvt Ltd,homepage+careers
kvaliteta.in,http://www.kvaliteta.in,Kvaliteta Systems and Solutions Pvt Ltd,homepage+careers
datavail.com,http://www.datavail.com,Datavail Infotech Pvt Ltd,homepage
itsyssolutions.com,http://www.itsyssolutions.com,ITSYS Solutions Pvt Ltd,homepage+careers
fissionlabs.in,http://www.fissionlabs.in,Fission Computer Labs Pvt Ltd,wayback+homepage+careers
skilrock.com,http://www.skilrock.com,Skilrock Technologies Pvt Ltd,wayback+homepage+careers
kaartech.com,http://www.kaartech.com,Kaar Technologies India Pvt Ltd,wayback+homepage+careers
g7cr.com,http://www.g7cr.com,Noventiq Global AI Solutions Private Limited,wayback+homepage+careers
axtria.com,http://www.axtria.com,Axtria India Pvt Ltd,wayback+homepage
mallinathgroup.com,http://www.mallinathgroup.com,Karneet Enterprises (India) Pvt Ltd,wayback+homepage+careers
shalominfotech.com,http://www.shalominfotech.com,Shalom Info Tech Pvt Ltd,wayback+homepage+careers
ahana.co.in,http://www.ahana.co.in,Ahana Systems and Solutions Pvt Ltd,wayback+homepage+careers
utc.com,http://www.utc.com,Carrier Technologies India Limited,wayback+homepage
kliotech.com,http://www.kliotech.com,Klio Tech LLP,wayback+homepage+careers
cma-cgm.com,http://www.cma-cgm.com,CMA CGM Global Business Services (India) Private Limited,wayback+homepage+careers
lifeline-sys.com,http://www.lifeline-sys.com/,Lifeline Systech Solutions Pvt Ltd,wayback+homepage+careers
epicentertechnology.com,http://epicentertechnology.com,Epicenter Technologies Pvt Ltd,homepage
zuora.com,http://www.zuora.com,Zuora India Private Limited,wayback+homepage+careers
move-offshore.com,http://www.move-offshore.com,Move Offshore Call Centre Pvt Ltd,wayback+homepage+careers
trimble.com,http://www.trimble.com,Trimble Information Technologies India Pvt Ltd,wayback+homepage+careers
india.dexian.com,https://india.dexian.com,Dexian India Technologies Private Limited,wayback+homepage+careers
gesinfotek.com,http://www.gesinfotek.com,Averna Test (India) Private Limited,wayback+homepage+careers
wrenchsolutions.com,http://www.wrenchsolutions.com,Wrench Solutions Pvt Ltd,wayback+homepage+careers
calling24o7.com,http://www.calling24o7.com,Calling 24o7 BPO Services Pvt Ltd,wayback+homepage+careers
almamate.in,http://www.almamate.in,Almamate Info Tech Pvt Ltd,wayback+homepage+careers
netaccess-india.com,http://www.netaccess-india.com,Net Access India Limited,wayback+homepage+careers
cliffordchance-businessservices.com,https://cliffordchance-businessservices.com,Clifford Chance Business Services Private Limited,wayback+homepage+careers
aksitservices.co.in,http://www.aksitservices.co.in,AKS Information Technology Services Pvt Ltd,homepage
entercoms.com,http://www.entercoms.com,Actiohx Solutions Private Limited,wayback+homepage+careers
aumovio.com,https://www.aumovio.com,Aumovio India Private Limited,wayback+homepage
careers.dish.com,https://careers.dish.com/careers/india,DISH Network Technologies India Private Limited,wayback+homepage
nthrive.com,http://www.nThrive.com,Savista Global Solutions Private Limited,wayback+homepage+careers
gamutinfosystems.com,http://www.gamutinfosystems.com,Gamut Infosystems Ltd,wayback+homepage+careers
amazon.com,http://www.amazon.com,Amazon Seller Services Pvt Ltd,wayback+homepage+careers
gtsharedservices.co.in,http://www.gtsharedservices.co.in,GT US Shared Services Center India Pvt Ltd,homepage+careers
nvidia.in,http://www.nvidia.in,NVIDIA Graphics Pvt Ltd,wayback+homepage
ignitarium.com,http://www.ignitarium.com,Ignitarium Technology Solutions Pvt Ltd,homepage
allstate.com,http://www.allstate.com,Allstate India Private Limited,wayback+homepage+careers
texelq.com,http://www.texelq.com,Texelq Engineering India Pvt Ltd,wayback+homepage+careers
colgateinvestors.co.in,https://www.colgateinvestors.co.in/,Colgate Global Business Services Pvt Ltd,wayback+homepage+careers
fractalanalytics.com,http://fractalanalytics.com,Fractal Analytics Limited,wayback+homepage+careers
ndimensionz.com,http://ndimensionz.com,NdimensionZ Solutions Pvt Ltd,homepage
ellucian.com,http://www.ellucian.com,Ellucian Higher Education Systems India Pvt Ltd,wayback+homepage
ktree.com,http://www.ktree.com,KTree Computer Solutions India Pvt Ltd,homepage
orchidtech.in,http://www.orchidtech.in,Orchid Technical Consultancy Pvt Ltd,wayback+homepage+careers
adventglobal.com,http://www.adventglobal.com,Advent Global Solutions Ltd,homepage+careers
nmsworks.co.in,http://www.nmsworks.co.in,NMSWorks Software Pvt Ltd,wayback+homepage+careers
taurusquest.com,http://www.taurusquest.com,Taurusquest Global Services Pvt Ltd,wayback+homepage+careers
nrifintech.com,http://www.nrifintech.com,Nomura Research Institute Financial Technologies India Pvt Ltd,homepage+careers
metricstream.com,http://www.metricstream.com,MetricStream Infotech (India) Pvt Ltd,wayback+homepage+careers
mccit.co.in,http://www.mccit.co.in,Management & Computer Consultants,homepage
hitachi-solutions.com,http://www.hitachi-solutions.com,Hitachi Solutions India Private Limited,wayback+homepage+careers
avaap.com,http://www.avaap.com,ASGN Apex Systems Big Data India Private Limited,homepage
flipkart.com,http://www.flipkart.com,Flipkart Internet Private Limited,homepage+careers
synergytechservices.com,http://www.synergytechservices.com,Synergy Technology Services Private Limited,homepage
alisonsgroup.com,http://www.alisonsgroup.com,Alisons Infomatics Pvt Ltd,homepage+careers
elysiumgroups.com,http://www.elysiumgroups.com,Elysium Technologies Pvt Ltd,wayback+homepage+careers
testhouse.net,http://www.testhouse.net,Testhouse India Pvt Ltd,wayback+homepage
patracorp.com,http://www.patracorp.com,Patra India BPO Services Pvt Ltd,wayback+homepage+careers
graebert.in,http://www.graebert.in,Graebert India Software Pvt Ltd,wayback+homepage
sky-bits.com,http://www.sky-bits.com,Skybits Technologies Pvt Ltd,homepage+careers
vitamap.com,http://www.vitamap.com,Vitamap Software Solutions Pvt Ltd,wayback+homepage+careers
jdsu.com,http://www.jdsu.com,Viavi Solutions India Pvt Ltd,homepage
camsonline.com,http://www.camsonline.com,Computer Age Management Services Limited,wayback+homepage+careers
tssconsultancy.com,http://www.tssconsultancy.com,TSS Consultancy Pvt Ltd,wayback+homepage+careers
clematistechsol.com,http://www.clematistechsol.com,Clematis Technology Solutions India Pvt Ltd,wayback+homepage+careers
timeinc.com,http://www.timeinc.com,Meredith India Services Private Limited,wayback+homepage+careers
hansinfomatic.com,http://www.hansinfomatic.com,Hans Infomatic Pvt Ltd,wayback+homepage+careers
exfo.com,http://www.exfo.com,Exfo Electro-Optical Engineering India Pvt Ltd,wayback+homepage+careers
spectraforce.com,http://spectraforce.com,Spectraforce Technologies (India) Pvt Ltd,wayback+homepage
bradyindia.co.in,http://www.bradyindia.co.in,Brady Company India Pvt Ltd,wayback+homepage+careers
kriyatec.com,http://www.kriyatec.com,Kriyatec IT Systems Pvt Ltd,wayback+homepage+careers
rolls-royce.com,http://www.rolls-royce.com,Rolls Royce India Private Limited,homepage
cegura.com,http://www.cegura.com,Cegura Technology Solutions Pvt Ltd,wayback+homepage+careers
acmeinfinity.com,http://www.acmeinfinity.com,ACME Infovision Systems Pvt Ltd,wayback+homepage+careers
slrinfotech.org,http://www.slrinfotech.org,SLR Infotech Pvt Ltd,wayback+homepage
citi.com,https://www.citi.com,Citicorp Services India Pvt Ltd,wayback+homepage+careers
yash.com,http://www.yash.com,YASH Technologies Pvt Ltd,homepage
mallow-tech.com,http://www.mallow-tech.com,Mallow Technologies Pvt Ltd,homepage+careers
assistanz.com,http://www.assistanz.com,Assistanz Networks Pvt Ltd,homepage
accesshealthcare.co,http://www.accesshealthcare.co,Access Healthcare Services Pvt Ltd,wayback+homepage
amadeus.com,http://www.amadeus.com,Amadeus Software Labs India Pvt Ltd,homepage
mbrdi.co.in,http://www.mbrdi.co.in,Mercedes-Benz Research and Development India Pvt Ltd,wayback+homepage+careers
factset.com,http://www.factset.com,Factset Systems India Pvt Ltd,wayback+homepage+careers
adient.com,http://www.adient.com,Adient India Private Limited,homepage
oneshield.com,http://www.oneshield.com,OneShield India Pvt Ltd,wayback+homepage
secpod.com,http://www.secpod.com,SecPod Technologies Pvt Ltd,homepage
atoa.com,http://www.atoa.com,ATOA Scientific Technologies Pvt Ltd,wayback+homepage
tomtom.com,http://www.tomtom.com,TomTom India Pvt Ltd,wayback+homepage
velaninfo.com,http://www.velaninfo.com,Velan Info Services India Pvt Ltd,homepage
uniqtechnologies.co.in,http://www.uniqtechnologies.co.in,Uniq Technologies,homepage
himadi.com,http://www.himadi.com,Himadi Solutions Pvt Ltd,wayback+homepage
s10health.com,http://www.s10health.com,S10 Healthcare Solutions Pvt Ltd,homepage
desicrew.in,http://www.desicrew.in,DesiCrew Solutions Pvt Ltd,wayback+homepage+careers
knotsolutions.com,http://www.knotsolutions.com,Knot Solutions Pvt Ltd,homepage
mindmapconsulting.com,http://www.mindmapconsulting.com,MindMap Learning LLP,wayback+homepage
dsrc.com,http://www.dsrc.com,Data Software Research Company Pvt Ltd,wayback+homepage+careers
expedien.net,http://expedien.net,Expedien E-Solutions Limited,wayback+homepage+careers
admiral.com,http://www.admiral.com,EUI Limited,homepage+careers
soais.com,http://www.soais.com,SOA IT Solutions Pvt Ltd,homepage
quantium.com,http://www.quantium.com,Quantium Analytics Pvt Ltd,wayback+homepage+careers
rheincs.com,http://www.rheincs.com,RheinBrucke IT Consulting Pvt Ltd,homepage
muziris.in,http://www.muziris.in,Muziris Softech Pvt Ltd,homepage
bulwarks.com,http://www.bulwarks.com,Bulwark Systems,wayback+homepage
volkswagen.co.in,http://www.volkswagen.co.in,Volkswagen Group Digital Solutions Private Limited,wayback+homepage+careers
intellinetsystem.com,http://www.intellinetsystem.com,Intellinet Systems Pvt Ltd,wayback+homepage+careers
brindleytech.com,http://www.BrindleyTech.com,Brindley Technologies Limited,wayback+homepage+careers
astreait.com,http://www.astreait.com,Astrea IT Services Pvt Ltd,wayback+homepage
mobisy.com,http://mobisy.com,Mobisy Technologies Pvt Ltd,wayback+homepage
ablysoft.com,http://www.ablysoft.com,Ably Soft Pvt Ltd,homepage+careers
inboundsys.com,http://www.inboundsys.com,Inboundsys Webgalaxy Pvt Ltd,wayback+homepage
elegantjbi.com,http://www.elegantJBI.com,Elegant Microweb Technologies Pvt Ltd,homepage
xsinfosol.com,http://www.xsinfosol.com,XS Infosol Pvt Ltd,homepage
satnavtechnologies.com,http://www.satnavtechnologies.com,Satnav Technologies Pvt Ltd,homepage
nextedgesoftware.com,http://www.nextedgesoftware.com,Mashreq Global Services Private Limited,wayback+homepage+careers
infoaxon.com,http://www.infoaxon.com,InfoAxon Technologies (India) Pvt Ltd,homepage
iqvia.com,https://www.iqvia.com,IQVIA RDS (India) Private Limited,wayback+homepage+careers
aspectiit.co.in,http://aspectiit.co.in/,ASPECT Integrated IT Pvt Ltd,wayback+homepage+careers
wpitservices.com,http://www.wpitservices.com,World Phone IT Services Pvt Ltd,wayback+homepage+careers
caterpillar.com,http://www.caterpillar.com,Caterpillar India Engineering Solutions Private Limited,wayback+homepage+careers
gep.com,http://www.gep.com,GEP Solutions Pvt Ltd,wayback+homepage
neurealm.com,https://www.neurealm.com/,Neurealm Private Limited,homepage
binaryfountain.com,http://www.binaryfountain.com,Press Ganey Associates India Private Limited,homepage
ivymobility.com,http://www.ivymobility.com,Ivy Mobility Solutions Private Limited,wayback+homepage+careers
tranistics.com,http://www.tranistics.com,Tranistics Data Technologies Pvt Ltd,wayback+homepage+careers
amitysoftware.com,https://www.amitysoftware.com/,Amity Software Limited,homepage
gpxglobal.net,http://www.gpxglobal.net,Equinix India Private Limited,wayback+homepage+careers
lowes.com,http://www.lowes.com,Lowe's India Private Limited,wayback+homepage+careers
parablu.com,http://www.parablu.com,ParaBlu Systems Pvt Ltd,homepage
nemetschek.com,http://www.nemetschek.com,Nemetschek India Private Limited,homepage
enelx.com,https://www.enelx.com,ENEL X Services India Private Limited,homepage+careers
quickplay.com,http://www.quickplay.com,QuickPlay Media Pvt Ltd,wayback+homepage
equatortek.com,https://www.equatortek.com,Equator Technologies,homepage
pennanttech.com,http://www.pennanttech.com,Pennant Technologies Pvt Ltd,homepage
zifotech.com,http://www.zifotech.com,Zifo Technologies Pvt Ltd,wayback+homepage+careers
globalintegra.com,https://globalintegra.com/,BPO Integra India Pvt Ltd,wayback+homepage+careers
position2.com,http://www.position2.com,Position2 Marketing Pvt Ltd,wayback+homepage
teamtranquil.com,http://www.teamtranquil.com,Team Tranquil Software Solutions Pvt Ltd,wayback+homepage+careers
diadem.in,https://diadem.in/,Diadem Technologies Pvt Ltd,wayback+homepage
cloudstrats.com,http://www.cloudstrats.com,Cloudstrats Technologies Pvt Ltd,wayback+homepage+careers
irissoftware.com,http://www.irissoftware.com,IRIS Software Pvt Ltd,homepage
codelattice.com,http://www.codelattice.com,Codelattice Digital Solutions Pvt Ltd,wayback+homepage
softtech-engr.com,http://www.softtech-engr.com,SoftTech Engineers Limited,wayback+homepage+careers
webcomindia.biz,http://www.webcomindia.biz,Web.Com (India) Pvt Ltd,homepage+careers
lb.com,http://www.lb.com,Victorias Secret India Private Limited,wayback+homepage+careers
bestfitsolutions.co.in,http://www.bestfitsolutions.co.in,Bestfit Business Solutions Pvt Ltd,homepage
geojittechnologies.com,http://www.geojittechnologies.com,Geojit Technologies Pvt Ltd,wayback+homepage+careers
kelltontech.com,http://www.kelltontech.com,Kellton Tech Solutions Ltd,wayback+homepage
odysseytec.com,http://www.odysseytec.com,Odyssey Technologies Ltd,wayback+homepage+careers
slb.com,http://www.slb.com,Schlumberger India Technology Centre Pvt Ltd,homepage
home.kpmg,https://home.kpmg/in,KPMG Global Delivery Center Private Limited,wayback+homepage+careers
whatarage.com,http://www.whatarage.com,Rage Communications Pvt Ltd,wayback+homepage+careers
ixsight.com,http://www.ixsight.com,Ixsight Technologies Pvt Ltd,homepage
ameriprise.com,http://www.ameriprise.com,Ameriprise India LLP,homepage
fi-es.com,http://www.fi-es.com,Fi-es Systems Pvt Ltd,wayback+homepage+careers
toshiba-tsip.com,http://www.toshiba-tsip.com/tsip/,Toshiba Software (India) Pvt Ltd,wayback+homepage+careers
datacipher.com,http://www.datacipher.com,Datacipher Solutions Pvt Ltd,wayback+homepage+careers
hakunamatata.in,http://www.hakunamatata.in,Hakuna Matata Solutions Pvt Ltd,wayback+homepage+careers
netstager.com,http://www.netstager.com,Netstager Technologies Pvt Ltd,homepage+careers
skill-mine.com,http://www.skill-mine.com,Skillmine Technology Consulting Pvt Ltd,wayback+homepage
mintbook.com,http://www.mintbook.com,K-Nomics Techno Solutions Pvt Ltd,homepage+careers
fivesdigital.com,https://www.fivesdigital.com/,Five Splash Infotech Pvt Ltd,wayback+homepage+careers
crystalscreening.com,http://www.crystalscreening.com,Crystal Screening Services Pvt Ltd,homepage
ajg.com,http://www.ajg.com,Gallagher Center of Excellence LLP,wayback+homepage+careers
snapdeal.com,http://www.snapdeal.com,AceVector limited,wayback+homepage+careers
ncr.com,http://www.ncr.com,NCR Corporation India Pvt Ltd,wayback+homepage
somnetics.in,http://www.somnetics.in,Som Imaging Informatics Pvt Ltd,homepage+careers
rackbank.com,http://www.rackbank.com,Rackbank Datacenters Pvt Ltd,homepage
globussoft.com,http://www.globussoft.com,Globussoft,wayback+homepage+careers
growelsoftech.com,http://www.growelsoftech.com,Growel Softech Pvt Ltd,wayback+homepage+careers
employmentimmigration.com,http://www.employmentimmigration.com,Fakhoury Consultants Pvt Ltd,homepage
cybereyelabs.io,http://www.cybereyelabs.io,CyberEye Research Labs & Security Solutions Pvt Ltd,wayback+homepage+careers
dtcc.com,http://www.dtcc.com,DTCC Enterprise Services India Pvt Ltd,homepage+careers
syngenta.com,http://www.syngenta.com,Syngenta Global Capability Center Private Limited,homepage
jasmin-infotech.com,http://www.jasmin-infotech.com,Jasmin Infotech Pvt Ltd,wayback+homepage+careers
itelligencegroup.com,http://www.itelligencegroup.com,NTT Data Business Solutions Private Limited,wayback+homepage+careers
appexigotech.com,http://www.appexigotech.com,Appexigo Technologies Pvt Ltd,wayback+homepage+careers
danfoss.com,http://www.danfoss.com/home/,Danfoss Industries Pvt Ltd,wayback+homepage+careers
prudential.co.uk,http://www.prudential.co.uk,M&G Global Services Private Limited,wayback+homepage
chronitotech.com,http://www.chronitotech.com,Chronito Technologies LLP,wayback+homepage+careers
vakilspremedia.com,http://www.vakilspremedia.com,Vakils Premedia Private Limited,homepage
prakat.com,http://www.prakat.com,Prakat Solutions Private Limited,wayback+homepage+careers
sundarambizserv.com,http://www.sundarambizserv.com,Sundaram Business Services Limited,wayback+homepage+careers
mayvel.ai,https://mayvel.ai,Mayvel Technologies Private Limited,wayback+homepage+careers
colruyt.in,http://www.colruyt.in,Colruyt Group India Private Limited,homepage
vooraf.com,http://www.vooraf.com,Vooraf Technology Private Limited,wayback+homepage+careers
ssconsult.in,http://www.ssconsult.in,SS Consulting,wayback+homepage+careers
impactqa.in,http://www.impactqa.in,ImpactQA Services Pvt Ltd,wayback+homepage+careers
pietos.com,http://www.pietos.com,Pietos Solutions Private Limited,wayback+homepage+careers
chchealthwatch.com,http://www.chchealthwatch.com,Health Watch Tele Diagnostics Pvt Ltd,wayback+homepage+careers
easiprocess.com,http://www.easiprocess.com,OSB India Private Limited,wayback+homepage+careers
beyondsquare.com,http://www.beyondsquare.com,BeyondSquare Solutions Pvt Ltd,wayback+homepage+careers
csm.tech,https://www.csm.tech,CSM Technologies Limited,wayback+homepage
assoftwaregroup.com,http://www.assoftwaregroup.com,A & S Software Consultancy Private Limited,homepage
lucidtech.com,http://www.lucidtech.com,Lucid Infotech Private Limited,wayback+homepage
rupeeseed.com,http://www.rupeeseed.com,Rupeeseed Technology Ventures Pvt Ltd,wayback+homepage
varatechnology.com,http://www.varatechnology.com,Vara Technology Private Limited,homepage
finiq.com,http://www.finiq.com,FinIQ Consulting India Private Limited,wayback+homepage+careers
replinfosys.com,http://www.replinfosys.com,Rudrabhishek Infosystem Private Limited,homepage
dicortech.com,http://dicortech.com,Digital Core Technologies Private Limited,homepage+careers
widas.in,https://www.widas.in/,Widas Concepts India Private Limited,wayback+homepage
here.com,http://www.here.com,HERE Solutions India Private Limited (HERE Technologies),homepage
nexval.com,http://www.nexval.com,Nexval Infotech Private Limited,wayback+homepage+careers
india.worksap.co.jp,https://www.india.worksap.co.jp,Works Applications (India) Private Limited,wayback+homepage+careers
itflux.com,http://www.itflux.com,Caparizon Software Private Limited,wayback+homepage+careers
crossbowlabs.com,https://www.crossbowlabs.com,Crossbow Labs LLP,homepage
freyrsolutions.com,http://www.freyrsolutions.com,Freyr Software Services Pvt Ltd,wayback+homepage
sriniinfotech.com,http://www.sriniinfotech.com,Srini Infotech Private Limited,homepage+careers
nuvepro.com,http://www.nuvepro.com,Nuvepro Technologies Private Limited,wayback+homepage
ayruz.com,http://www.ayruz.com,Ayruz Datamarketing Private Limited,wayback+homepage
cadsystech.com,http://www.cadsystech.com,Cadsys (India) Limited,wayback+homepage
dhaninfo.com,http://dhaninfo.com,Dhandhania Infotech Private Limited,wayback+homepage+careers
computerlab.co.in,http://www.computerlab.co.in,Computer LAB,wayback+homepage
vodafone.com,https://www.vodafone.com,Vodafone India Services Private Limited,wayback+homepage+careers
irely.com,http://www.irely.com,iRely Soft Services (India) Private Limited,homepage
gieom.com,http://www.gieom.com,GIEOM Business Solutions Private Limited,wayback+homepage
shivamtech.com,http://www.shivamtech.com,Shivamtech Engineering Design Private Limited,homepage
indegene.com,http://www.indegene.com,Indegene Limited,wayback+homepage+careers
kserve.co.in,http://www.kserve.co.in,KServe BPO Private Limited,wayback+homepage+careers
creativevirtual.com,http://www.creativevirtual.com,Creative Virtual Private Limited,homepage
aheadrace.com,http://www.aheadrace.com,Aheadrace Software Development Services Private Limited,homepage
jothisoftware.com,http://www.jothisoftware.com,Jothi Software Private Limited,wayback+homepage+careers
logicladder.com,http://www.logicladder.com,LogicLadder Technologies Private Limited,homepage+careers
datatelesis.com,http://www.datatelesis.com,Guardian India Operations Private Limited,wayback+homepage+careers
tactionsoftware.com,http://www.tactionsoftware.com,Taction Software Private Limited,homepage
calpinetech.com,http://www.calpinetech.com,Calpine Infrastructure And Tech Solutions Private Limited,wayback+homepage+careers
the3i.com,http://www.the3i.com,Aarete Technosoft Private Limited,homepage
kpmg.com,http://www.kpmg.com,KPMG Global Services Management Private Limited,wayback+homepage+careers
ab-inbev.com,https://www.ab-inbev.com/,GCC Services India Private Limited,wayback+homepage+careers
cyfuture.com,http://www.cyfuture.com,Cyfuture India Private Limited,wayback+homepage+careers
varutra.com,http://www.varutra.com,Varutra Consulting Private Limited,homepage
vegazva.com,http://www.vegazva.com,Vegazva Technologies Private Limited,homepage
esteplogic.com,http://www.esteplogic.com,Esteplogic IT Solutions Private Limited,wayback+homepage
codez.in,http://www.codez.in,Codezin Technology Solutions Private Limited,homepage
softnotions.com,http://www.softnotions.com,Softnotions Technologies Pvt Ltd,homepage
easydesignsystems.com,http://www.easydesignsystems.com,Easy Design Systems Private Limited,wayback+homepage+careers
dh.com,http://www.dh.com,Finastra Software Solutions (India) Private Limited,wayback+homepage
gauri.com,http://www.gauri.com,Gauri Technologies Private Limited,homepage
valuementor.com,http://www.valuementor.com,ValueMentor InfoSec Private Limited,wayback+homepage
krypc.com,http://www.krypc.com,KrypC Technologies Private Limited,homepage
sridharindia.com,http://www.sridharindia.com,Sridhar Infosoft Solutions,wayback+homepage+careers
entune.co,http://www.entune.co,Entune IT Consulting Private Limited,wayback+homepage
belcan.com,https://belcan.com/,Belcan India Private Limited,homepage
goodmethodsglobal.com,http://www.goodmethodsglobal.com,Good Methods Software Solutions Pvt Ltd,wayback+homepage+careers
astrazeneca.com,https://www.astrazeneca.com,AstraZeneca India Private Limited,wayback+homepage
lilly.com,http://www.lilly.com,ELI Lilly Services India Private Limited,wayback+homepage+careers
inspiredgeit.com,http://www.inspiredgeit.com,Inspiredge IT Solutions Private Limited,wayback+homepage+careers
nesote.com,https://www.nesote.com,Nesote Technologies Private Limited,homepage+careers
expeditors.com,http://www.expeditors.com,Expeditors International (India) Private Limited,homepage
pbfintech.in,https://www.pbfintech.in/,PB Fintech Limited,wayback+homepage+careers
ravsoftsolutions.com,http://www.ravsoftsolutions.com,RAVSoft Solutions India Private Limited,homepage
klenty.com,http://www.klenty.com,Klenty India Private Limited,homepage
mattsenkumar.com,http://www.mattsenkumar.com,Bill Gosling India Private Limited,wayback+homepage+careers
hrblock.in,http://www.hrblock.in,H & R Block (India) Private Limited,wayback+homepage+careers
aress.com,http://www.aress.com,Aress Software & Education Technologies Private Limited,homepage
infineon.com,http://www.infineon.com,Infineon Technologies India Private Limited,homepage
unilever.com,http://www.unilever.com,Hindustan Unilever Limited (Enterprise Support and IT Innovation),wayback+homepage+careers
techeraglobal.com,http://www.techeraglobal.com,TechEra IT Consulting Private Limited,wayback+homepage+careers
oasys.co,http://www.oasys.co,Oasys Cybernetics Private Limited,wayback+homepage+careers
gyansys.com,http://www.gyansys.com,GyanSys Infotech Private Limited,wayback+homepage
isoah.com,http://www.isoah.com,ISOAH Data Securities Private Limited,homepage
provanallc.com,http://www.provanallc.com,Provana India Private Limited,wayback+homepage+careers
compucom.com,http://www.compucom.com,CompuCom CSI Systems India Private Limited,wayback+homepage
amshuhu.com,http://www.amshuhu.com,Amshuhu iTech Solution Private Limited,wayback+homepage+careers
deere.com,http://www.deere.com,John Deere India Private Limited,wayback+homepage+careers
megrisoft.com,http://www.megrisoft.com,Megri Soft Limited,wayback+homepage
cbre.co.in,http://www.cbre.co.in,CBRE South Asia Private Limited,wayback+homepage+careers
techtammina.com,http://www.techtammina.com,Sree Tammina Software Solutions Private Limited,wayback+homepage+careers
qikpod.com,http://www.qikpod.com,Leapmile Logistics Private Limited,wayback+homepage+careers
manoramahealthcare.com,http://www.manoramahealthcare.com,Manorama Infosolutions Private Limited,homepage
eagateways.net,http://www.eagateways.net,EAGateway Services India Private Limited,wayback+homepage+careers
ubs.com,http://www.ubs.com,UBS Business Solutions (India) Private Limited,wayback+homepage+careers
lesterinc.com,http://www.lesterinc.com,Lester Infoservices Private Limited,wayback+homepage
writercorporation.com,http://www.writercorporation.com,Writer Business Services Private Limited,wayback+homepage+careers
tnsi.com,https://tnsi.com,Transaction Network Services Communications India Private Limited,wayback+homepage
alten.com,https://www.alten.com/,Alten India Private Limited,wayback+homepage+careers
greatwest.com,http://www.greatwest.com,Empower Global Business Services India Private Limited,homepage
dbs.com,https://www.dbs.com,DBS Technology Services India Private Limited,homepage+careers
mastercard.com,http://www.mastercard.com,MasterCard Technology Private Limited,wayback+homepage+careers
acuitilabs.com,http://www.acuitilabs.com,Acuiti Labs (India) Pvt Ltd,homepage
teamwaresolutions.net,http://www.teamwaresolutions.net,Quantum Leap Consulting Private Limited,wayback+homepage+careers
integramicroservices.com,http://www.integramicroservices.com,Integra Micro Software Services Private Limited,wayback+homepage+careers
sedintechnologies.com,http://www.sedintechnologies.com,Sedin Technologies Private Limited,homepage+careers
maraekat.com,http://www.maraekat.com,Maraekat InfoTech Limited,homepage
qrsolutions.in,http://www.qrsolutions.in,QR Solutions (India) Private Limited,wayback+homepage
whirlpoolcorp.com,https://www.whirlpoolcorp.com,Whirlpool Asia LLP,wayback+homepage+careers
arcesium.com,http://www.arcesium.com,Arcesium India Private Limited,wayback+homepage
netsourcing.in,http://www.netsourcing.in,Rupal Consulting,wayback+homepage+careers
esigroup.in,http://www.esigroup.in,ESIGO Consulting Private Limited,homepage+careers
pisoftek.com,http://www.pisoftek.com,P I Softek Limited,homepage+careers
thryvedigitalllp.com,http://www.thryvedigitalllp.com,Thryve Digital Health LLP,wayback+homepage+careers
mirabeltechnologies.com,http://www.mirabeltechnologies.com,Mirabel Technologies India Private Limited,homepage
betamonks.com,http://www.betamonks.com,Betamonks Technology Factory Private Limited,homepage+careers
geceindia.com,http://www.geceindia.com,Global Energy Consulting Engineers Private Limited,wayback+homepage+careers
ryan.com,http://www.ryan.com,Ryan India Tax Services Private Limited,homepage
otsi.co.in,http://www.otsi.co.in,Object Technology Solutions India Private Limited,homepage
fastenal.com,http://www.fastenal.com,"Fastenal India Sourcing, IT & Procurement Private Limited",wayback+homepage+careers
nisum.com,http://www.nisum.com,Nisum Consulting Private Limited,homepage
inspireinfosol.com,http://www.inspireinfosol.com,Inspire Infosol Private Limited,wayback+homepage+careers
totient.in,http://www.totient.in,Totient Business Solutions Private Limited,homepage
axiumglobal.com,http://www.axiumglobal.com,Axium Global Private Limited,wayback+homepage
inspavo.com,http://www.inspavo.com,Inspavo Consultancy Services Private Limited,homepage
fieldassist.in,http://www.fieldassist.in,Flick2Know Technologies Private Limited,wayback+homepage+careers
enviri.com,http://www.enviri.com,Enviri India Services Private Limited,homepage+careers
williamoneilindia.com,http://www.williamoneilindia.com,William O'Neil India Private Limited,wayback+homepage
urbanclap.com,http://www.urbanclap.com,Urban Company Limited,wayback+homepage+careers
tiaa.org,http://www.tiaa.org,TIAA Global Capabilities Private Limited,wayback+homepage+careers
accretivehealth.com,http://www.accretivehealth.com,R1 RCM Global Private Limited,wayback+homepage+careers
yashams.com,http://www.yashams.com,Yasham Software Services Private Limited,homepage
cherictechnologies.com,http://www.cherictechnologies.com,Cheric Information Network Technologies Private Limited,homepage
asentechllc.com,http://www.asentechllc.com,Asenext (India) Private Limited,homepage
scalablesolutions.in,http://www.scalablesolutions.in,Scalable Consulting & Solutions Private Limited,wayback+homepage+careers
kongsberg.com,http://www.kongsberg.com,Kongsberg Digital Software And Services Pvt Ltd,homepage
finavicfo.com,http://www.finavicfo.com,Finavi CFO Private Limited,homepage+careers
transneuron.com,http://www.transneuron.com,Trans Neuron Technologies Private Limited,wayback+homepage+careers
aostasoftware.com,http://www.aostasoftware.com,Aosta India Private Limited,wayback+homepage+careers
infodynamic.net,http://WWW.INFODYNAMIC.NET,Information Dynamics India Private Limited,wayback+homepage+careers
agility.com,http://www.agility.com,Agility E Services Private Limited,wayback+homepage
eastman.com,http://www.eastman.com,Eastman chemical India Private Limited,homepage
osmosys.co,www.osmosys.co,Osmosys Software Solutions Private Limited,wayback+homepage+careers
tatamotors.com,http://www.tatamotors.com,Tata Motors Global Services Limited,wayback+homepage+careers
sdrc.co.in,http://www.sdrc.co.in,Siddha Development Research and Consultancy Private Limited,wayback+homepage+careers
actcorp.in,http://www.actcorp.in,Atria Convergence Technologies Limited,homepage
mistitservices.com,https://www.mistitservices.com,MIST IT Services Private Limited,wayback+homepage+careers
cotiviti.com,http://www.cotiviti.com,Cotiviti India Private Limited,wayback+homepage
esflabs.com,http://www.esflabs.com,ESF Labs Limited,homepage+careers
prgx.com,http://www.prgx.com,PRGX India Private Limited,homepage
estpl.in,http://www.estpl.in,E Square System & Technologies Private Limited,homepage
nestdigital.com,https://nestdigital.com/,NeST Digital Private Limited,homepage
orbitsys.in,http://www.orbitsys.in,Orbitsys Technologies Private Limited,homepage+careers
metapercept.com,https://metapercept.com,Metapercept Technology Services LLP,wayback+homepage+careers
theretailinsights.com,http://www.theretailinsights.com,RetailInsights Consultancy Services Private Limited,wayback+homepage+careers
kovai.co,https://www.kovai.co,Kovai Systems India Private Limited,wayback+homepage
inside.bsci.com,http://inside.bsci.com,Boston Scientific Technology & Engineering Services Private Limited,wayback+homepage+careers
automationedge.com,http://www.automationedge.com,Automation Edge Technologies Private Limited,wayback+homepage+careers
zf.com,http://www.zf.com,ZF India Private limited,homepage
avasoft.biz,http://www.avasoft.biz,AVA Software Private Limited,wayback+homepage
ethnus.com,http://www.ethnus.com,Ethnus Consultancy Services Private Limited,homepage+careers
techpalle.com,https://www.techpalle.com,Palle Technologies,wayback+homepage+careers
k7computing.com,http://www.k7computing.com,K7 Computing Private Limited,wayback+homepage+careers
xceedance.com,http://www.xceedance.com,Xceedance Consulting India Private Limited,wayback+homepage+careers
thinkartha.com,http://www.thinkartha.com,Artha Data Solutions India Private Limited,homepage
rovan.in,http://www.rovan.in,Rovan Software Solutions Private Limited,homepage
vortexglobalservices.com,http://www.vortexglobalservices.com,Vortex Infosolutions LLP,homepage
modakanalytics.com,http://www.modakanalytics.com,Modak Analytics LLP,wayback+homepage+careers
abb.com,http://www.abb.com,ABB Global Industries & Services Private Limited,wayback+homepage+careers
ccstechnologies.in,http://www.ccstechnologies.in,CCS Technologies IT Private Limited,wayback+homepage+careers
zs.com,http://www.zs.com,ZS Associates India Private Limited,wayback+homepage
fltcase.com,http://www.fltcase.com,Flightcase IT Services Private Limited,wayback+homepage
srkay.com,http://www.srkay.com,SRKay Consulting Group Private Limited,homepage
quiddityit.com,http://www.Quiddityit.com,Quiddity Software Solutions Private Limited,wayback+homepage+careers
craneco.com,http://www.craneco.com,Crane Process Flow Technologies (India) Private Limited,homepage
systemax.com,http://www.systemax.com,GIC Global Industrial Private Limited,wayback+homepage+careers
nasscom.in,http://www.nasscom.in/www.3rd.life,Notiva Private Limited,wayback+homepage+careers
digitalaptech.com,http://www.digitalaptech.com,Digital Aptech Private Limited,wayback+homepage
monsoonfish.com,http://www.monsoonfish.com,Monsoonfish,homepage+careers
hono.ai,https://www.hono.ai/,Sequel Integrated Solutions Private Limited,homepage
sride.co,http://www.sride.co,Sride Tech Private Limited,wayback+homepage+careers
codedecodelabs.com,https://www.codedecodelabs.com,Code Decode Labs Private Limited,homepage
mobactech.com,http://www.mobactech.com,MOBAC Technologies Private Limited,wayback+homepage+careers
omegahms.com,http://www.omegahms.com,Omega Healthcare Management Services Private Limited,wayback+homepage
factsuite.com,https://www.factsuite.com/,Quinpro Info Services Private Limited,wayback+homepage
superconcepts.com.au,http://www.superconcepts.com.au,Superannuationops Private Limited,wayback+homepage+careers
stradsolutions.com,https://www.stradsolutions.com,Strad Hosting & Development LLP,homepage+careers
saradasystems.co.in,https://www.saradasystems.co.in,Sarada Systems Private Limited,wayback+homepage+careers
healthcare.siemens.co.in,https://www.healthcare.siemens.co.in,Siemens Healthcare Private Limited,wayback+homepage+careers
integritas.in,https://integritas.in,Integritas Global Services Private Limited,homepage
apconic.com,https://www.apconic.com,Apconic Software Private Limited,wayback+homepage
saxobank.com,https://www.saxobank.com,Saxo Group India Private Limited,homepage
crushaderstech.com,https://www.crushaderstech.com,Crushaders Tech Solution LLP,homepage
nutanix.com,https://www.nutanix.com,Nutanix Technologies India Private Limited,wayback+homepage+careers
xerox.com,https://www.xerox.com,Xerox Technology Services India LLP,wayback+homepage+careers
dwarikatripathy.com,https://www.dwarikatripathy.com/,Auroinfo Private Limited,wayback+homepage+careers
18thtechnology.com,http://www.18thtechnology.com,18th Digitech Private Limited,wayback+homepage+careers
grcmentor.com,http://www.grcmentor.com,GRC Mentor LLP,wayback+homepage+careers
helloleads.io,https://www.helloleads.io,Dextrasys Technologies Private Limited,wayback+homepage
6sos.com,http://6sos.com/contact.html,SixSigma SoftSolutions Private Limited,wayback+homepage+careers
antiersolutions.com,http://www.antiersolutions.com,Antier Solutions Private Limited,wayback+homepage+careers
aplustreesystems.com,http://www.aplustreesystems.com,A-Plus Tree Systems Private Limited,homepage+careers
workline.hr,https://www.workline.hr,Workline Private Limited,wayback+homepage
lantronix.com,https://www.lantronix.com,Lantronix India Private Limited,homepage
diageo.com,http://www.Diageo.com,Diageo Business Services India Private Limited,wayback+homepage
xlpat.com,https://www.xlpat.com,Xlscout Xlpat Private Limited,wayback+homepage+careers
peoplefy.com,https://www.peoplefy.com,Peoplefy InfoSolutions Private Limited,homepage
complykaro.com,https://www.complykaro.com,Complykaro Services Private Limited,wayback+homepage+careers
onlinepsbloans.com,https://www.onlinepsbloans.com/,Online PSB Loans Limited,wayback+homepage+careers
ongrid.in,http://www.ongrid.in,Handy Online Solutions Private Limited,homepage+careers
maantt.com,https://www.maantt.com,MAANTT Global Services Private Limited,wayback+homepage+careers
nasdaq.com,https://www.nasdaq.com,Nasdaq Corporate Solutions (India) Private Limited,homepage
epicor.com,http://www.epicor.com,Epicor Software India Private Limited,homepage
radiusgs.com,https://www.radiusgs.com,Radius Global Solutions India BPO Private Limited,wayback+homepage+careers
lakshya-soft.com,https://www.lakshya-soft.com,Lakshya Software Technologies Private Limited,wayback+homepage+careers
outsourcingtechnologies.com,http://www.outsourcingtechnologies.com/,Outsourcing Technologies,wayback+homepage+careers
paradigm.in,http://paradigm.in/,Paradigm IT Private Limited,wayback+homepage
atherenergy.com,https://www.atherenergy.com,Ather Energy Limited,wayback+homepage+careers
my-rubicon.com,http://www.my-rubicon.com,Rubicon Skill Development Private Limited,wayback+homepage+careers
xebia.com,https://www.xebia.com,Xebia IT Architects India Private Limited,homepage+careers
focusrtech.com,http://www.focusrtech.com/,FocusR Consultancy and Technologies Private Limited,homepage
aptagrim.com,http://www.aptagrim.com/,Aptagrim Consulting Private Limited,homepage+careers
sterlingsoftware.global,https://sterlingsoftware.global/,Sterling Software Private Limited,wayback+homepage
empower-solutions.com,http://www.empower-solutions.com/,Empower Integrated Solutions Private Limited,wayback+homepage
elektrobit.com,https://www.elektrobit.com/about/locations,Elektrobit India Private Limited,homepage
constems-ai.com,http://constems-ai.com/,Constems-AI Systems Private Limited,wayback+homepage+careers
techsoftdataservices.com,http://www.techsoftdataservices.com,Techsoft DataServices LLP,wayback+homepage+careers
genesys.com,http://www.genesys.com,Genesys Telecom Labs India Private Limited,homepage
singsys.com,https://www.singsys.com,Sing Sys Software Services Private Limited,wayback+homepage+careers
cruzzesolutions.com,https://www.cruzzesolutions.com,Cruzze Solutions LLP,homepage+careers
centroxy.com,https://www.centroxy.com,Centroxy Solution Private Limited,homepage
veryxtech.com,http://www.veryxtech.com/,Veryx Technologies Private Limited,homepage
uber.com,https://www.uber.com/en-IN/,Uber India Systems Private Limited,wayback+homepage+careers
elipticosolutions.com,http://www.elipticosolutions.com/,iSpace Software Solutions India Private Limited,homepage
xinthe.com,http://www.xinthe.com/index.html,Xinthe Technologies Private Limited,wayback+homepage+careers
facc.com,https://www.facc.com,FACC Solutions Private Limited,homepage
voksedigital.com,https://www.voksedigital.com,Voksedigital Consultancy Services LLP,wayback+homepage
fossinfotech.com,http://www.fossinfotech.com,Foss Infotech Private Limited,homepage
auberginesolutions.com,http://www.auberginesolutions.com,Aubergine Solutions Private Limited,wayback+homepage+careers
embedur.com,http://www.embedur.com/,embedUR systems (India) Private Limited,homepage
prescienceds.com,http://www.prescienceds.com,Prescience Decision Solutions Private Limited,wayback+homepage+careers
enjayworld.com,https://www.enjayworld.com,Enjay IT Solutions Limited,wayback+homepage+careers
datamaticsbe.com,http://www.datamaticsbe.com,Datamatics Business Enablers Private Limited,wayback+homepage+careers
dhl.com,http://www.dhl.com,DHL Global Forwarding Freight Shared Services (India) LLP,wayback+homepage+careers
https:,https://Https://www.vconstruct.in,vConstruct Private Limited,wayback+homepage+careers
mondelezinternational.com,http://www.mondelezinternational.com,Mondelez India Foods Private Limited,homepage
bmw.in,https://www.bmw.in,BMW India Private Limited,wayback+homepage+careers
transunion.com,http://www.transunion.com,Transunion Global Technology Center LLP,wayback+homepage+careers
hyperthinksys.com,http://www.hyperthinksys.com,HyperThink Systems Private Limited,wayback+homepage+careers
dsm.com,https://www.dsm.com/corporate/home.html,DSM Shared Services India Private Limited,homepage
vgssecurity.com,http://www.vgssecurity.com,Virtual Guard Services Private Limited,wayback+homepage+careers
bassetti-ites.in,https://www.bassetti-ites.in,Bassetti ITES Private Limited,wayback+homepage+careers
smartenspaces.com,http://www.smartenspaces.com,Smarten Spaces (LinkDigi Spaces Private Limited),wayback+homepage+careers
mentor.com,https://www.mentor.com,Siemens EDA (India) Private Limited,wayback+homepage+careers
pioneerdesign.in,https://www.pioneerdesign.in/,Pioneer Design And Engineering Private Limited,homepage
adrosonic.com,http://www.adrosonic.com,Adrosonic IT Consultancy Services Private Limited,wayback+homepage+careers
carelonglobal.com,https://www.carelonglobal.com,Carelon Global Solutions India LLP,wayback+homepage+careers
exeterpremedia.com,https://www.exeterpremedia.com,Exeter Premedia Services Private Limited,wayback+homepage+careers
tungstenautomation.com,https://www.tungstenautomation.com/,Tungsten Development Private Limited,wayback+homepage
qualitechsolution.com,https://qualitechsolution.com,Qualitech Solutions And Services Private Limited,homepage+careers
mpminfosoft.com,http://www.mpminfosoft.com,MPM Infosoft Private Limited,wayback+homepage
winjit.com,http://www.winjit.com,Winjit Technologies Private Limited,wayback+homepage+careers
inches-insuretech.com,http://www.inches-insuretech.com/,InCHES Healthcare Private Limited,wayback+homepage+careers
avalara.com,https://www.avalara.com,Avalara Technologies Private Limited,homepage
phases.dk,https://phases.dk/,Phases Innovations private limited,wayback+homepage+careers
inapp.com,https://inapp.com/,InApp Information Technologies (India) Private Limited,wayback+homepage
globant.com,https://www.globant.com,Globant India Private Limited,wayback+homepage+careers
sailotech.com,http://sailotech.com/,Sailotech Private Limited,wayback+homepage+careers
nandiniinfosys.com,https://www.nandiniinfosys.com,Nandini Infosys Private Limited,wayback+homepage+careers
innostrat.in,https://www.innostrat.in,Innostrat Technologies Private Limited,homepage+careers
logicerp.com,http://www.logicerp.com/,Logic ERP Solutions Private Limited,wayback+homepage+careers
bullseyeoutsourcing.com,https://bullseyeoutsourcing.com,Bulls Eye Outsourcing Private Limited,wayback+homepage+careers
precisesoftware.in,http://precisesoftware.in,Precise Consultancy Services LLP,wayback+homepage
achalasolutions.com,http://www.achalasolutions.com,Achala IT Solutions Private Limited,wayback+homepage+careers
orisenc.com,https://www.orisenc.com,Orisenc Technologies Private Limited,wayback+homepage+careers
serosoft.com,https://www.serosoft.com/,Serosoft Solutions Private Limited,wayback+homepage
t-systems.com,http://www.t-systems.com/,T-Systems Information and Communication Technology India Private Limited,homepage
mindspaceoutsourcing.com,https://www.mindspaceoutsourcing.com,Mindspace Outsourcing Services Private Limited,wayback+homepage+careers
varstreetinc.com,http://www.varstreetinc.com,VARStreet Software (I) Private Limited,wayback+homepage+careers
salesforce.com,https://www.salesforce.com/,Salesforce.com India Private Limited,wayback+homepage+careers
winvinaya.com,http://www.winvinaya.com,WinVinaya InfoSystems India Private Limited,wayback+homepage+careers
prometteursolutions.com,http://www.prometteursolutions.com,Prometteur Solutions Private Limited,wayback+homepage+careers
technologymindz.com,https://www.technologymindz.com,Technology Mindz (A Unit of Prachit Technology Services Private Limited),wayback+homepage
jupiterorison.com,http://jupiterorison.com,Jupiter Orison Private Limited,homepage+careers
netconnectglobal.com,https://www.netconnectglobal.com/,Net Connect Private Limited,wayback+homepage+careers
tekkiwebsolutions.com,https://www.tekkiwebsolutions.com,Tekki Web Solutions Private Limited,wayback+homepage+careers
orimarktechnologies.com,http://orimarktechnologies.com/,Orimark Technologies Private Limited,homepage
expressanalytics.com,http://www.expressanalytics.com,Express Analytics India Private Limited,wayback+homepage
rabbitandtortoise.com,http://www.rabbitandtortoise.com/,Rabbit and Tortoise Technology Solutions Private Limited,homepage+careers
hays.com,http://www.hays.com/,Hays Business Solutions Private Limited,wayback+homepage+careers
verityglobalsolutions.com,http://www.verityglobalsolutions.com/,Verity Global Solutions Private Limited,wayback+homepage+careers
bluecast.ae,http://www.bluecast.ae,Bluecast Technologies Private Limited,wayback+homepage+careers
guvi.in,https://www.guvi.in,Guvi Geek Network Private Limited,homepage
infyz.com,http://www.infyz.com,INFYZ Solutions Private Limited,homepage+careers
ssdntechnologies.com,http://ssdntechnologies.com/,SSDN Technologies Private Limited,wayback+homepage+careers
baxter.com,http://www.baxter.com,Baxter Innovations and Business Solutions Private Limited,homepage
seodiscovery.com,https://www.seodiscovery.com/,SEO Discovery,wayback+homepage+careers
birlasoft.com,http://www.birlasoft.com/,Birlasoft Limited,wayback+homepage+careers
hashtasy.com,http://www.hashtasy.com/,Hashtasy Digital Private Limited,wayback+homepage+careers
isec.co.in,http://www.isec.co.in/,ISEC Services Private Limited,wayback+homepage+careers
airodigitallabs.com,http://www.airodigitallabs.com/,AiRo Digital Labs India Private Limited,wayback+homepage
roitech.biz,http://www.roitech.biz/,ROITech Consulting Private Limited,homepage
inoble.in,http://inoble.in,Inoble Infoway Private Limited,wayback+homepage+careers
grmtechnologies.com,https://www.grmtechnologies.com,GRM Technologies Private Limited,homepage
digitalagents.in,https://www.digitalagents.in/,Digital Agents Interactive Private Limited,wayback+homepage+careers
techstargroup.com,http://www.techstargroup.com,Techstar Software Devlopment India Private Limited,homepage
kapilit.com,http://www.kapilit.com,Kapil IT Solutions Private Limited,homepage+careers
amnex.com,http://www.amnex.com/,Amnex Infotechnologies Private Limited,homepage
quintesglobal.com,http://www.quintesglobal.com,Quintes Global Private Limited,wayback+homepage+careers
vts-global.com,http://www.vts-global.com,Vivtra Technologies and Solutions Private Limited,wayback+homepage+careers
worxpertise.com,https://www.worxpertise.com,Worxpertise® (Edge Business Solutions Private Limited),wayback+homepage+careers
geipl.com,http://www.geipl.com,Great Eastern IDTech Private Limited,wayback+homepage
asmaka.biz,http://www.asmaka.biz,Asmaka Ventures LLP,wayback+homepage+careers
wolterskluwerindia.co.in,http://www.wolterskluwerindia.co.in,Wolters Kluwer (India) Private Limited,wayback+homepage+careers
infozzle.com,https://www.infozzle.com,Infozzle Software Solutions Private Limited,wayback+homepage
idanalytics.co.in,http://www.idanalytics.co.in/,IDA Automation Private Limited,wayback+homepage+careers
amzur.com,http://www.amzur.com,Amzur Infotech Private Limited,homepage+careers
indexinfotech.com,http://www.indexinfotech.com,Index Infotech (India) Private Limited,wayback+homepage
teamf1networks.com,http://teamf1networks.com/,TeamF1 Networks Private Limited,wayback+homepage
ceridian.com,https://www.ceridian.com,Dayforce India Private Limited,wayback+homepage
walkover.in,https://www.walkover.in/,Walkover Technologies Private Limited,wayback+homepage+careers
wabcoindia.com,http://www.wabcoindia.com,ZF Commercial Vehicle Control Systems India Limited,homepage
sathyainfo.com,https://www.sathyainfo.com,Sathya Technosoft India Private Limited,homepage
adaan.com,https://www.adaan.com/,Adaan Digital Solutions Private Limited,wayback+homepage+careers
esc-ind.com,http://esc-ind.com/,ESC Utility Services Private Limited,wayback+homepage
stellarshell.com,https://www.stellarshell.com,Stellar Data Solutions Private Limited,homepage+careers
qunulabs.in,http://qunulabs.in/,QuNu Labs Private Limited,wayback+homepage+careers
bureauveritas.com,http://www.bureauveritas.com,Bureau Veritas Industrial Services (India) Private Limited,wayback+homepage+careers
sociorac.com,http://www.SocioRAC.com,Sociorac Online Private Limited,wayback+homepage+careers
prowessenterprise.com,http://prowessenterprise.com/,Prowess Enterprise (India) Private Limited,wayback+homepage+careers
goldklix.com,https://www.goldklix.com,Smartkatch Analytics Private Limited,wayback+homepage+careers
yakkaspace.com,http://www.yakkaspace.com,Yakkaspace Services Private Limited,wayback+homepage+careers
analytix.com,http://www.analytix.com,Analytix Business Solutions (India) Private Limited,homepage
eminencetechnology.com,https://www.eminencetechnology.com/,Eminence Internet Technology Private Limited,wayback+homepage
flink.in,https://flink.in/,Flink Solutions Private Limited,homepage
vmedulife.com,http://www.vmedulife.com,VM EDUlife Private Limited,homepage+careers
outsourcinghubindia.com,https://www.outsourcinghubindia.com,P B Tech Impact Solutions Private Limited,wayback+homepage+careers
easystepin.com,https://www.easystepin.com,EasyStepIn IT Services Private Limited,homepage
virtuos.com,https://www.virtuos.com,Virtuos Digital Limited,wayback+homepage+careers
dimensionslive.com,http://dimensionslive.com/,Dimensions Cybertech (India) Private Limited,homepage+careers
eximiousglobal.com,https://www.eximiousglobal.com/,Eximious Global Limited,homepage
alorica.com,http://www.alorica.com/,Alorica (India) Private Limited,wayback+homepage+careers
heerasoftware.com,http://www.heerasoftware.com,Heera Software Private Limited,homepage
corporate.comcast.com,https://corporate.comcast.com/,Comcast India Engineering Center I LLP,wayback+homepage+careers
westernunion.com,https://www.westernunion.com/in,Western Union Services India Private Limited,homepage
landisgyr.com,https://www.landisgyr.com/,Landis+Gyr Limited,wayback+homepage+careers
cadmacro.com,http://www.cadmacro.com,CAD Macro Design and Solutions Private Limited,homepage
searchsystems.in,https://www.searchsystems.in,SM Search Systems LLP,wayback+homepage+careers
itbd.net,http://www.itbd.net,Innovation Technology By Design Private Limited,wayback+homepage+careers
hitbullseye.com,http://hitbullseye.com/,Bulls Eye Knowledge System Limited,homepage+careers
prissoft.net,https://prissoft.net,Prismatic Softwares Private Limited,homepage+careers
competentgroove.com,http://www.competentgroove.com,Competent Groove Private Limited,wayback+homepage+careers
aclire.com,http://www.aclire.com,Aclire Information Services Private Limited,wayback+homepage+careers
arcadis.com,https://www.arcadis.com/,IBI Group India Private Limited,homepage+careers
telstra.com.au,http://www.telstra.com.au,Telstra Global Business Services LLP,wayback+homepage
oasystspl.com,http://oasystspl.com,Oasys Tech Solutions Private Limited,wayback+homepage
panaceainfosec.com,https://panaceainfosec.com/,Panacea Infosec Private Limited,wayback+homepage+careers
iamdave.ai,http://www.iamdave.ai,Sociograph Solutions Private Limited,wayback+homepage+careers
cvcorp.in,https://cvcorp.in,CV Corporate Services Private Limited,wayback+homepage+careers
in-medprognostics.com,http://in-medprognostics.com/neuroshield,Prognostics In-Med Private Limited,homepage
infomericainc.com,http://www.infomericainc.com,Infomerica (INDIA) Private Limited,homepage
skillup.tech,https://www.skillup.tech/,Skill-Up Tech India Private Limited,wayback+homepage+careers
vajraglobal.com,https://vajraglobal.com,Vajra Global Consulting Services LLP,wayback+homepage
threatsys.in,http://www.threatsys.in,Threatsys Technologies Private Limited,wayback+homepage+careers
virsoftech.com,http://www.virsoftech.com,Vir Softech Private Limited,homepage+careers
thyssenkruppindia.com,http://www.thyssenkruppindia.com/,Thyssenkrupp India Private Limited,wayback+homepage+careers
fluidrobotics.com,http://www.fluidrobotics.com,Fluid Analytics Private Limited,homepage+careers
presidio.com,https://presidio.com,Presidio Solutions Private Limited,homepage
tevatrontech.com,https://www.tevatrontech.com,Tevatron Technologies Private Limited,wayback+homepage
indiancybersecuritysolutions.com,https://indiancybersecuritysolutions.com/,Green Fellow IT Security Solutions Private Limited,wayback+homepage+careers
prudentconsulting.com,https://www.prudentconsulting.com,Prudent Globaltech Solutions Private Limited,wayback+homepage
outrightsolutions.net,http://www.outrightsolutions.net,Outright Solutions Private Limited,wayback+homepage+careers
elanco.com,https://www.elanco.com,Elanco Innovation & Alliance Centre India LLP,wayback+homepage+careers
cqstraining.com,http://cqstraining.com,CQS Training Private Limited,wayback+homepage+careers
pxpfinancial.com,https://www.pxpfinancial.com/,PXP Services Private Limited,wayback+homepage
