firstName,lastName,linkedinUrl,headline,location,currentTitle,currentCompanyName,currentCompanyLinkedinUrl,tenureAtCurrentRole,topSkills,experience_json
Avinash,Kothari,https://www.linkedin.com/in/avinash-kothari-76588b28,Chief Technology Officer,"Jaipur, India",Chief Technology Officer,Indeses Business Ventures Pvt.Ltd,https://www.linkedin.com/company/indeses-business-ventures-pvt-ltd/,5 yrs 8 mos,,"[{""position"": ""Chief Technology Officer"", ""location"": ""Jaipur, Rajasthan, India"", ""employmentType"": ""Full-time"", ""workplaceType"": null, ""companyName"": ""Indeses Business Ventures Pvt.Ltd"", ""companyLinkedinUrl"": ""https://www.linkedin.com/company/indeses-business-ventures-pvt-ltd/"", ""companyId"": ""13760112"", ""duration"": ""5 yrs 8 mos"", ""description"": null, ""skills"": null, ""experienceGroupId"": ""2371f37a29abf85b7f3fac5ddf42fca5c7e1fc43"", ""startDate"": {""month"": ""Jan"", ""year"": 2021, ""text"": ""Jan 2021""}, ""endDate"": {""text"": ""Present""}, ""companyLogo"": {""url"": ""https://media.licdn.com/dms/image/v2/C510BAQFM319YOgJrCw/company-logo_400_400/company-logo_400_400/0/1631409371241/indeses_business_ventures_pvt_ltd_logo?e=1789603200&v=beta&t=ZOE-zU2Wyfxm7uLyX14FsthtzTDB3ApDZylA9_sgYWM"", ""sizes"": [{""url"": ""https://media.licdn.com/dms/image/v2/C510BAQFM319YOgJrCw/company-logo_400_400/company-logo_400_400/0/1631409371241/indeses_business_ventures_pvt_ltd_logo?e=1789603200&v=beta&t=ZOE-zU2Wyfxm7uLyX14FsthtzTDB3ApDZylA9_sgYWM"", ""width"": 400, ""height"": 400}, {""url"": ""https://media.licdn.com/dms/image/v2/C510BAQFM319YOgJrCw/company-logo_200_200/company-logo_200_200/0/1631409371240/indeses_business_ventures_pvt_ltd_logo?e=1789603200&v=beta&t=bavZQFZ8MSqVybaCpm-_zVdODwxcW9qzDR7wTlNj5_Q"", ""width"": 200, ""height"": 200}, {""url"": ""https://media.licdn.com/dms/image/v2/C510BAQFM319YOgJrCw/company-logo_100_100/company-logo_100_100/0/1631409371240/indeses_business_ventures_pvt_ltd_logo?e=1789603200&v=beta&t=9FldKut0akvWe8TAsdykUlUy4tbjnmb6iIh5HhhFOXU"", ""width"": 100, ""height"": 100}]}, ""companyUniversalName"": ""indeses-business-ventures-pvt-ltd""}, {""position"": ""Development Team Lead"", ""location"": ""Jaipur"", ""employmentType"": ""Full-time"", ""workplaceType"": ""On-site"", ""companyName"": ""Indeses Business Ventures Pvt.Ltd"", ""companyLinkedinUrl"": ""https://www.linkedin.com/company/indeses-business-ventures-pvt-ltd/"", ""companyId"": ""13760112"", ""duration"": ""1 yr 11 mos"", ""description"": null, ""skills"": null, ""experienceGroupId"": ""2371f37a29abf85b7f3fac5ddf42fca5c7e1fc43"", ""startDate"": {""month"": ""Mar"", ""year"": 2019, ""text"": ""Mar 2019""}, ""endDate"": {""month"": ""Jan"", ""year"": 2021, ""text"": ""Jan 2021""}, ""companyLogo"": {""url"": ""https://media.licdn.com/dms/image/v2/C510BAQFM319YOgJrCw/company-logo_400_400/company-logo_400_400/0/1631409371241/indeses_business_ventures_pvt_ltd_logo?e=1789603200&v=beta&t=ZOE-zU2Wyfxm7uLyX14FsthtzTDB3ApDZylA9_sgYWM"", ""sizes"": [{""url"": ""https://media.licdn.com/dms/image/v2/C510BAQFM319YOgJrCw/company-logo_400_400/company-logo_400_400/0/1631409371241/indeses_business_ventures_pvt_ltd_logo?e=1789603200&v=beta&t=ZOE-zU2Wyfxm7uLyX14FsthtzTDB3ApDZylA9_sgYWM"", ""width"": 400, ""height"": 400}, {""url"": ""https://media.licdn.com/dms/image/v2/C510BAQFM319YOgJrCw/company-logo_200_200/company-logo_200_200/0/1631409371240/indeses_business_ventures_pvt_ltd_logo?e=1789603200&v=beta&t=bavZQFZ8MSqVybaCpm-_zVdODwxcW9qzDR7wTlNj5_Q"", ""width"": 200, ""height"": 200}, {""url"": ""https://media.licdn.com/dms/image/v2/C510BAQFM319YOgJrCw/company-logo_100_100/company-logo_100_100/0/1631409371240/indeses_business_ventures_pvt_ltd_logo?e=1789603200&v=beta&t=9FldKut0akvWe8TAsdykUlUy4tbjnmb6iIh5HhhFOXU"", ""width"": 100, ""height"": 100}]}, ""companyUniversalName"": ""indeses-business-ventures-pvt-ltd""}, {""position"": ""Co-Founder"", ""location"": ""Greater Jaipur Area"", ""employmentType"": ""Self-employed"", ""workplaceType"": null, ""companyName"": ""1 Touch Solution"", ""companyLinkedinUrl"": ""https://www.linkedin.com/search/results/all/?keywords=1+Touch+Solution"", ""duration"": ""2 yrs 7 mos"", ""description"": null, ""skills"": null, ""startDate"": {""month"": ""Jul"", ""year"": 2018, ""text"": ""Jul 2018""}, ""endDate"": {""month"": ""Jan"", ""year"": 2021, ""text"": ""Jan 2021""}}, {""position"": ""Senior Software Developer"", ""location"": ""Jaipur, Rajasthan, India"", ""employmentType"": null, ""workplaceType"": null, ""companyName"": ""tituprint.com"", ""companyLinkedinUrl"": ""https://www.linkedin.com/company/tituprint/"", ""companyId"": ""13257487"", ""duration"": ""1 yr 4 mos"", ""description"": null, ""skills"": null, ""startDate"": {""month"": ""Apr"", ""year"": 2017, ""text"": ""Apr 2017""}, ""endDate"": {""month"": ""Jul"", ""year"": 2018, ""text"": ""Jul 2018""}, ""companyLogo"": {""url"": ""https://media.licdn.com/dms/image/v2/C4D0BAQGHa9yOZNPGWw/company-logo_400_400/company-logo_400_400/0/1631330813867?e=1789603200&v=beta&t=XQyHuF3875wSc9nHNwVNpZ5Bd3eLEwn9oOS0t3erhmA"", ""sizes"": [{""url"": ""https://media.licdn.com/dms/image/v2/C4D0BAQGHa9yOZNPGWw/company-logo_400_400/company-logo_400_400/0/1631330813867?e=1789603200&v=beta&t=XQyHuF3875wSc9nHNwVNpZ5Bd3eLEwn9oOS0t3erhmA"", ""width"": 400, ""height"": 400}, {""url"": ""https://media.licdn.com/dms/image/v2/C4D0BAQGHa9yOZNPGWw/company-logo_200_200/company-logo_200_200/0/1631330813866?e=1789603200&v=beta&t=HrM9Afy9a1LBTXQtKJBCNlP27cYfLR5yohtfd_oJ-n0"", ""width"": 200, ""height"": 200}, {""url"": ""https://media.licdn.com/dms/image/v2/C4D0BAQGHa9yOZNPGWw/company-logo_100_100/company-logo_100_100/0/1631330813866?e=1789603200&v=beta&t=zVkoE3Xz6re2gjJWGH0aNR-rpO72EKnwRGjdjtU05Jk"", ""width"": 100, ""height"": 100}]}, ""companyUniversalName"": ""tituprint""}, {""position"": ""Senior Software Developer"", ""location"": ""Jaipur Area, India"", ""employmentType"": null, ""workplaceType"": null, ""companyName"": ""Prisys Infotech Private Ltd."", ""companyLinkedinUrl"": ""https://www.linkedin.com/search/results/all/?keywords=Prisys+Infotech+Private+Ltd%2E"", ""duration"": ""5 mos"", ""description"": null, ""skills"": null, ""startDate"": {""month"": ""Nov"", ""year"": 2016, ""text"": ""Nov 2016""}, ""endDate"": {""month"": ""Mar"", ""year"": 2017, ""text"": ""Mar 2017""}}, {""position"": ""Senior Software Developer"", ""location"": ""Greater Jaipur Area"", ""employmentType"": null, ""workplaceType"": null, ""companyName"": ""Natural Softwares Pvt. Ltd."", ""companyLinkedinUrl"": ""https://www.linkedin.com/company/natural-softwares-pvt-ltd-/"", ""companyId"": ""2594974"", ""duration"": ""3 yrs 10 mos"", ""description"": ""Senior Software Developer"", ""skills"": null, ""startDate"": {""month"": ""Dec"", ""year"": 2012, ""text"": ""Dec 2012""}, ""endDate"": {""month"": ""Sep"", ""year"": 2016, ""text"": ""Sep 2016""}, ""companyLogo"": null, ""companyUniversalName"": ""natural-softwares-pvt-ltd-""}, {""position"": ""Software Developer"", ""location"": null, ""employmentType"": null, ""workplaceType"": null, ""companyName"": ""Global Talent Track"", ""companyLinkedinUrl"": ""https://www.linkedin.com/search/results/all/?keywords=Global+Talent+Track"", ""duration"": ""4 mos"", ""description"": null, ""skills"": null, ""startDate"": {""month"": ""Aug"", ""year"": 2012, ""text"": ""Aug 2012""}, ""endDate"": {""month"": ""Nov"", ""year"": 2012, ""text"": ""Nov 2012""}}]"
kuldeep,joshi,https://www.linkedin.com/in/kuldeep-ecombooks,Founder & CTO driving software development and project management.,"Jaipur, India",Co-Founder & CTO,Ecom Books,https://www.linkedin.com/company/ecombooks/,6 yrs 3 mos,,"[{""position"": ""Co-Founder & CTO"", ""location"": ""Jaipur, Rajasthan, India"", ""employmentType"": ""Full-time"", ""workplaceType"": ""On-site"", ""companyName"": ""Ecom Books"", ""companyLinkedinUrl"": ""https://www.linkedin.com/company/ecombooks/"", ""companyId"": ""72677356"", ""duration"": ""6 yrs 3 mos"", ""description"": null, ""skills"": [""Software Development"", ""Amazon Web Services (AWS)"", ""Project Management""], ""experienceGroupId"": ""695cae0c3df4ff460bd3bf3142c40f57cc4bb56c"", ""startDate"": {""month"": ""Jun"", ""year"": 2020, ""text"": ""Jun 2020""}, ""endDate"": {""text"": ""Present""}, ""companyLogo"": {""url"": ""https://media.licdn.com/dms/image/v2/D4D0BAQH4D6_Ci4IP9Q/company-logo_400_400/company-logo_400_400/0/1662095944828/ecom_books_logo?e=1789603200&v=beta&t=P7nEW0qCjs8PVbZ85ynyqpM-cstGEUY6uDDJkCjC7gw"", ""sizes"": [{""url"": ""https://media.licdn.com/dms/image/v2/D4D0BAQH4D6_Ci4IP9Q/company-logo_400_400/company-logo_400_400/0/1662095944828/ecom_books_logo?e=1789603200&v=beta&t=P7nEW0qCjs8PVbZ85ynyqpM-cstGEUY6uDDJkCjC7gw"", ""width"": 400, ""height"": 400}, {""url"": ""https://media.licdn.com/dms/image/v2/D4D0BAQH4D6_Ci4IP9Q/company-logo_200_200/company-logo_200_200/0/1662095944828/ecom_books_logo?e=1789603200&v=beta&t=1R9aIZwdLxWt8RX8E2N3eMFsYT6-KPRjyhDBtqDoDpo"", ""width"": 200, ""height"": 200}, {""url"": ""https://media.licdn.com/dms/image/v2/D4D0BAQH4D6_Ci4IP9Q/company-logo_100_100/company-logo_100_100/0/1662095944828/ecom_books_logo?e=1789603200&v=beta&t=rvRqLr3Bz_HoSNAaoMwVE6RMs-0yTJQXYFVB_q4ZPaE"", ""width"": 100, ""height"": 100}]}, ""companyUniversalName"": ""ecombooks""}, {""position"": ""Co-Founder"", ""location"": ""Jaipur, Rajasthan, India"", ""employmentType"": ""Self-employed"", ""workplaceType"": null, ""companyName"": ""Ecom Books"", ""companyLinkedinUrl"": ""https://www.linkedin.com/company/ecombooks/"", ""companyId"": ""72677356"", ""duration"": ""6 yrs 4 mos"", ""description"": null, ""skills"": null, ""experienceGroupId"": ""695cae0c3df4ff460bd3bf3142c40f57cc4bb56c"", ""startDate"": {""month"": ""May"", ""year"": 2020, ""text"": ""May 2020""}, ""endDate"": {""text"": ""Present""}, ""companyLogo"": {""url"": ""https://media.licdn.com/dms/image/v2/D4D0BAQH4D6_Ci4IP9Q/company-logo_400_400/company-logo_400_400/0/1662095944828/ecom_books_logo?e=1789603200&v=beta&t=P7nEW0qCjs8PVbZ85ynyqpM-cstGEUY6uDDJkCjC7gw"", ""sizes"": [{""url"": ""https://media.licdn.com/dms/image/v2/D4D0BAQH4D6_Ci4IP9Q/company-logo_400_400/company-logo_400_400/0/1662095944828/ecom_books_logo?e=1789603200&v=beta&t=P7nEW0qCjs8PVbZ85ynyqpM-cstGEUY6uDDJkCjC7gw"", ""width"": 400, ""height"": 400}, {""url"": ""https://media.licdn.com/dms/image/v2/D4D0BAQH4D6_Ci4IP9Q/company-logo_200_200/company-logo_200_200/0/1662095944828/ecom_books_logo?e=1789603200&v=beta&t=1R9aIZwdLxWt8RX8E2N3eMFsYT6-KPRjyhDBtqDoDpo"", ""width"": 200, ""height"": 200}, {""url"": ""https://media.licdn.com/dms/image/v2/D4D0BAQH4D6_Ci4IP9Q/company-logo_100_100/company-logo_100_100/0/1662095944828/ecom_books_logo?e=1789603200&v=beta&t=rvRqLr3Bz_HoSNAaoMwVE6RMs-0yTJQXYFVB_q4ZPaE"", ""width"": 100, ""height"": 100}]}, ""companyUniversalName"": ""ecombooks""}, {""position"": ""Senior Software Developer"", ""location"": ""Jaipur, Rajasthan, India"", ""employmentType"": ""Full-time"", ""workplaceType"": null, ""companyName"": ""Dotsquares"", ""companyLinkedinUrl"": ""https://www.linkedin.com/company/dotsquares/"", ""companyId"": ""142960"", ""duration"": ""1 yr 4 mos"", ""description"": null, ""skills"": null, ""startDate"": {""month"": ""Oct"", ""year"": 2018, ""text"": ""Oct 2018""}, ""endDate"": {""month"": ""Jan"", ""year"": 2020, ""text"": ""Jan 2020""}, ""companyLogo"": {""url"": ""https://media.licdn.com/dms/image/v2/D4E0BAQF3sGWY2j7l-A/company-logo_400_400/company-logo_400_400/0/1667320073668/dotsquares_logo?e=1789603200&v=beta&t=SdmUEa19Tt6bO-kmxgy2Xckl6eRQaGGTeqY-oGLRbZM"", ""sizes"": [{""url"": ""https://media.licdn.com/dms/image/v2/D4E0BAQF3sGWY2j7l-A/company-logo_400_400/company-logo_400_400/0/1667320073668/dotsquares_logo?e=1789603200&v=beta&t=SdmUEa19Tt6bO-kmxgy2Xckl6eRQaGGTeqY-oGLRbZM"", ""width"": 400, ""height"": 400}, {""url"": ""https://media.licdn.com/dms/image/v2/D4E0BAQF3sGWY2j7l-A/company-logo_200_200/company-logo_200_200/0/1667320073668/dotsquares_logo?e=1789603200&v=beta&t=3TUnH9ENQLHITJ-jRobYNauDstA911ETCXwQ70vo9SI"", ""width"": 200, ""height"": 200}, {""url"": ""https://media.licdn.com/dms/image/v2/D4E0BAQF3sGWY2j7l-A/company-logo_100_100/company-logo_100_100/0/1667320073668/dotsquares_logo?e=1789603200&v=beta&t=kw9IUkgfHfyVSKlaRS9Uma3PyQh6j4D9hmLx3uSUyL0"", ""width"": 100, ""height"": 100}]}, ""companyUniversalName"": ""dotsquares""}, {""position"": ""Senior Web Developer"", ""location"": ""Jaipur, Rajasthan, India"", ""employmentType"": ""Full-time"", ""workplaceType"": null, ""companyName"": ""Techno Softwares"", ""companyLinkedinUrl"": ""https://www.linkedin.com/company/techno-softwares/"", ""companyId"": ""301849"", ""duration"": ""4 mos"", ""description"": null, ""skills"": null, ""startDate"": {""month"": ""Jul"", ""year"": 2018, ""text"": ""Jul 2018""}, ""endDate"": {""month"": ""Oct"", ""year"": 2018, ""text"": ""Oct 2018""}, ""companyLogo"": {""url"": ""https://media.licdn.com/dms/image/v2/D560BAQHPBeZlizzjhg/company-logo_400_400/company-logo_400_400/0/1682665614144/techno_softwares_logo?e=1789603200&v=beta&t=pC7oMMFNJZ1z-RmzMz7900Uf5wmKp8EXBHl90pXEdVc"", ""sizes"": [{""url"": ""https://media.licdn.com/dms/image/v2/D560BAQHPBeZlizzjhg/company-logo_400_400/company-logo_400_400/0/1682665614144/techno_softwares_logo?e=1789603200&v=beta&t=pC7oMMFNJZ1z-RmzMz7900Uf5wmKp8EXBHl90pXEdVc"", ""width"": 400, ""height"": 400}, {""url"": ""https://media.licdn.com/dms/image/v2/D560BAQHPBeZlizzjhg/company-logo_200_200/company-logo_200_200/0/1682665614144/techno_softwares_logo?e=1789603200&v=beta&t=VQObg03y78ztsIl74znMuDYxx59DjCU0RCed5BZtVsE"", ""width"": 200, ""height"": 200}, {""url"": ""https://media.licdn.com/dms/image/v2/D560BAQHPBeZlizzjhg/company-logo_100_100/company-logo_100_100/0/1682665614144/techno_softwares_logo?e=1789603200&v=beta&t=X8FzKV9355B4FwFnTacGSanCXO7-R5mDe7Uk4-ixBJc"", ""width"": 100, ""height"": 100}]}, ""companyUniversalName"": ""techno-softwares""}, {""position"": ""Software Developer"", ""location"": ""Jaipur, Rajasthan, India"", ""employmentType"": ""Full-time"", ""workplaceType"": ""On-site"", ""companyName"": ""Acentria Technologies (P) Ltd."", ""companyLinkedinUrl"": ""https://www.linkedin.com/company/acentria-technologies/"", ""companyId"": ""5314356"", ""duration"": ""2 yrs 10 mos"", ""description"": null, ""skills"": null, ""startDate"": {""month"": ""Oct"", ""year"": 2015, ""text"": ""Oct 2015""}, ""endDate"": {""month"": ""Jul"", ""year"": 2018, ""text"": ""Jul 2018""}, ""companyLogo"": {""url"": ""https://media.licdn.com/dms/image/v2/C560BAQHxobrvo32M8g/company-logo_400_400/company-logo_400_400/0/1631306618446?e=1789603200&v=beta&t=PLh-W7h1LURu_UTe75124x2RO_xonLW-b8yCbOQe7lU"", ""sizes"": [{""url"": ""https://media.licdn.com/dms/image/v2/C560BAQHxobrvo32M8g/company-logo_400_400/company-logo_400_400/0/1631306618446?e=1789603200&v=beta&t=PLh-W7h1LURu_UTe75124x2RO_xonLW-b8yCbOQe7lU"", ""width"": 400, ""height"": 400}, {""url"": ""https://media.licdn.com/dms/image/v2/C560BAQHxobrvo32M8g/company-logo_200_200/company-logo_200_200/0/1631306618446?e=1789603200&v=beta&t=8bpR-Vju3wlIo4vPQ9VdFAL2T1bO52GIQaLT3rB1d58"", ""width"": 200, ""height"": 200}, {""url"": ""https://media.licdn.com/dms/image/v2/C560BAQHxobrvo32M8g/company-logo_100_100/company-logo_100_100/0/1631306618446?e=1789603200&v=beta&t=cXdGFV0UVvDocLIWCsqSQ1G1A3oKpMV7PoY3I9_TDKg"", ""width"": 100, ""height"": 100}]}, ""companyUniversalName"": ""acentria-technologies""}]"
Devendra Singh,Rathore,https://www.linkedin.com/in/devendra-singh-rathore-13530025,COO & Co-Founder - BeBroot | Co-Founder - The NineHertz,"Jaipur, India",Co-Founder & Chief Operations Officer,Bebroot,https://www.linkedin.com/company/bebroot/,1 yr 3 mos,,"[{""position"": ""Co-Founder & Chief Operations Officer"", ""location"": ""Jaipur"", ""employmentType"": ""Full-time"", ""workplaceType"": ""On-site"", ""companyName"": ""Bebroot"", ""companyLinkedinUrl"": ""https://www.linkedin.com/company/bebroot/"", ""companyId"": ""109244289"", ""duration"": ""1 yr 3 mos"", ""description"": ""Leading the vision and overall growth of BeBroot, a modern Ayurvedic wellness brand focused on solving real, everyday health concerns through simple and relevant solutions.\n\nResponsible for defining business strategy, building the core team, and driving long-term direction across product, brand, and growth.\n\nActively involved in shaping partnerships, aligning operations, and ensuring the company scales with clarity and intent."", ""skills"": [""Start-up Leadership"", ""Strategic Planning for Growth""], ""startDate"": {""month"": ""Jun"", ""year"": 2025, ""text"": ""Jun 2025""}, ""endDate"": {""text"": ""Present""}, ""companyLogo"": {""url"": ""https://media.licdn.com/dms/image/v2/D4E0BAQHwIwl0jnPHew/company-logo_400_400/B4EZnr9vebHoAY-/0/1760600456058?e=1789603200&v=beta&t=gwgQUsCBi3obCIQGCEzChg8ENm46BUoKQqSeH0tGWOI"", ""sizes"": [{""url"": ""https://media.licdn.com/dms/image/v2/D4E0BAQHwIwl0jnPHew/company-logo_400_400/B4EZnr9vebHoAY-/0/1760600456058?e=1789603200&v=beta&t=gwgQUsCBi3obCIQGCEzChg8ENm46BUoKQqSeH0tGWOI"", ""width"": 400, ""height"": 400}, {""url"": ""https://media.licdn.com/dms/image/v2/D4E0BAQHwIwl0jnPHew/company-logo_200_200/B4EZnr9vebHoAI-/0/1760600456058?e=1789603200&v=beta&t=sxCQorrKwsZcE-h5s_cj3SfXFuoJ0WDRyzvd9xs5Jmo"", ""width"": 200, ""height"": 200}, {""url"": ""https://media.licdn.com/dms/image/v2/D4E0BAQHwIwl0jnPHew/company-logo_100_100/B4EZnr9vebHoAQ-/0/1760600456058?e=1789603200&v=beta&t=CqczXw6mWErCoXevk5hKH59b_2gP3el0uKM8wAZCiLw"", ""width"": 100, ""height"": 100}]}, ""companyUniversalName"": ""bebroot""}, {""position"": ""Co-Founder & Director"", ""location"": ""Greater Jaipur Area"", ""employmentType"": ""Full-time"", ""workplaceType"": null, ""companyName"": ""The NineHertz"", ""companyLinkedinUrl"": ""https://www.linkedin.com/company/nine-hertz-india-pvt-ltd-/"", ""companyId"": ""3604114"", ""duration"": ""14 yrs 5 mos"", ""description"": null, ""skills"": null, ""startDate"": {""month"": ""Apr"", ""year"": 2012, ""text"": ""Apr 2012""}, ""endDate"": {""text"": ""Present""}, ""companyLogo"": {""url"": ""https://media.licdn.com/dms/image/v2/D560BAQENBEatiejbPg/company-logo_400_400/company-logo_400_400/0/1705406034998/nine_hertz_india_pvt_ltd__logo?e=1789603200&v=beta&t=dhzPm2x6Ux__5RehqvuQKihSy0eNNilckWYB44GArjA"", ""sizes"": [{""url"": ""https://media.licdn.com/dms/image/v2/D560BAQENBEatiejbPg/company-logo_400_400/company-logo_400_400/0/1705406034998/nine_hertz_india_pvt_ltd__logo?e=1789603200&v=beta&t=dhzPm2x6Ux__5RehqvuQKihSy0eNNilckWYB44GArjA"", ""width"": 400, ""height"": 400}, {""url"": ""https://media.licdn.com/dms/image/v2/D560BAQENBEatiejbPg/company-logo_200_200/company-logo_200_200/0/1705406034998/nine_hertz_india_pvt_ltd__logo?e=1789603200&v=beta&t=ZlIDHYp-OfmdJJrXdfANNfYoCev0gIfTEph6vrCOfRM"", ""width"": 200, ""height"": 200}, {""url"": ""https://media.licdn.com/dms/image/v2/D560BAQENBEatiejbPg/company-logo_100_100/company-logo_100_100/0/1705406034998/nine_hertz_india_pvt_ltd__logo?e=1789603200&v=beta&t=wjk15coUSnI4DIDoM9UN9-OlRwmWFkvQ7HSBFgXCW14"", ""width"": 100, ""height"": 100}]}, ""companyUniversalName"": ""nine-hertz-india-pvt-ltd-""}, {""position"": ""Asst Manager-Business Development"", ""location"": null, ""employmentType"": null, ""workplaceType"": null, ""companyName"": ""iTG Software Engineering (India) Pvt. Ltd"", ""companyLinkedinUrl"": ""https://www.linkedin.com/search/results/all/?keywords=iTG+Software+Engineering+%28India%29+Pvt%2E+Ltd"", ""duration"": ""1 yr 10 mos"", ""description"": ""Involved into New Relationship Building , Management  and Marketing for Advantech and Versant Products.Understanding customer requirements and presenting appropriate solution based on their requirement from various range of Advantech & Versant Products.\nArranging meetings with potential customers to prospect for new business.Develop New Relations through referencing & other resources."", ""skills"": null, ""startDate"": {""month"": ""Jul"", ""year"": 2010, ""text"": ""Jul 2010""}, ""endDate"": {""month"": ""Apr"", ""year"": 2012, ""text"": ""Apr 2012""}}]"
Ashim,Bhasin,https://www.linkedin.com/in/ashimbhasin,"CEO & Founder Director, BB Professionals Marketing (P) Ltd","Jaipur, India",CEO & Founder Director,BB PROFESSIONALS,https://www.linkedin.com/company/bbprof/,35 yrs 10 mos,,"[{""position"": ""CEO & Founder Director"", ""location"": ""Jaipur"", ""employmentType"": null, ""workplaceType"": null, ""companyName"": ""BB PROFESSIONALS"", ""companyLinkedinUrl"": ""https://www.linkedin.com/company/bbprof/"", ""companyId"": ""79432482"", ""duration"": ""35 yrs 10 mos"", ""description"": ""Consultative approach for complete ICT Solutions.\nPortfolio expertise includes:\n\nAPPLE Solution Expert\nMICROSOFT Silver Certified\nHP PPS Gold Partner\nHP Enterprise Silver Partner\nHP Designjet Business Partner\nHP Authorised Service Provider\nVODAFONE IDEA Business Solutions(MPLS/VPN/PRI)\nADOBE Registered Partner\nCISCO Partner\nVMWARE Partner\n\nAMC and FMS Services\nNETWORK & Data Security Solutions\nServer VIRTUALISATION\nCLOUD & Hosting Solutions\nEMAIL implementation and Migration services\nVOICE & DATA solutions\nBACKUP Solutions\nMANAGED & SECURE PRINT Solutions"", ""skills"": null, ""startDate"": {""month"": ""Nov"", ""year"": 1990, ""text"": ""Nov 1990""}, ""endDate"": {""text"": ""Present""}, ""companyLogo"": {""url"": ""https://media.licdn.com/dms/image/v2/C4D0BAQFKYRbIf6EDiA/company-logo_400_400/company-logo_400_400/0/1645937851031?e=1789603200&v=beta&t=3hRRLOiqX4fT9yS4GC7CrEG2INPb_wWYS8GY5YvoVjQ"", ""sizes"": [{""url"": ""https://media.licdn.com/dms/image/v2/C4D0BAQFKYRbIf6EDiA/company-logo_400_400/company-logo_400_400/0/1645937851031?e=1789603200&v=beta&t=3hRRLOiqX4fT9yS4GC7CrEG2INPb_wWYS8GY5YvoVjQ"", ""width"": 400, ""height"": 400}, {""url"": ""https://media.licdn.com/dms/image/v2/C4D0BAQFKYRbIf6EDiA/company-logo_200_200/company-logo_200_200/0/1645937851031?e=1789603200&v=beta&t=imv_Dh3BoYDUJl9rIg38_g3M9oCSfbBm9oaxzrGxVOA"", ""width"": 200, ""height"": 200}, {""url"": ""https://media.licdn.com/dms/image/v2/C4D0BAQFKYRbIf6EDiA/company-logo_100_100/company-logo_100_100/0/1645937851031?e=1789603200&v=beta&t=PqC97dZ3HjwqwRHhf3u9OpDdHRVp3dkMOsK5SP3nS7A"", ""width"": 100, ""height"": 100}]}, ""companyUniversalName"": ""bbprof""}]"
Ashutosh,Bhatia,https://www.linkedin.com/in/ashutosh-bhatia-6a4bb92b,CEO at alea it solutions,"Jaipur, India",CEO,alea it solutions,https://www.linkedin.com/search/results/all/?keywords=alea+it+solutions,,,"[{""position"": ""CEO"", ""location"": null, ""employmentType"": null, ""workplaceType"": null, ""companyName"": ""alea it solutions"", ""companyLinkedinUrl"": ""https://www.linkedin.com/search/results/all/?keywords=alea+it+solutions"", ""duration"": null, ""description"": null, ""skills"": null}]"
Vishnu,Goenka ,https://www.linkedin.com/in/vishnugoenka,"30,000 Connections Founder at UWS Inc and BookMySeat


","Jaipur, India",CEO at UWS Inc and BookMySeat,UWS Inc LLC,https://www.linkedin.com/company/uws-inc-llc/,10 yrs 11 mos,,"[{""position"": ""CEO at UWS Inc and BookMySeat"", ""location"": null, ""employmentType"": null, ""workplaceType"": null, ""companyName"": ""UWS Inc LLC"", ""companyLinkedinUrl"": ""https://www.linkedin.com/company/uws-inc-llc/"", ""companyId"": ""10274438"", ""duration"": ""10 yrs 11 mos"", ""description"": ""Reaching and Provide adminstrative level support to leads for Google Apps for Work. Research new markets for upcoming Google products"", ""skills"": null, ""startDate"": {""month"": ""Oct"", ""year"": 2015, ""text"": ""Oct 2015""}, ""endDate"": {""text"": ""Present""}, ""companyLogo"": {""url"": ""https://media.licdn.com/dms/image/v2/C4E0BAQHFYQoUox3gvw/company-logo_400_400/company-logo_400_400/0/1645018436234/uws_inc_llc_logo?e=1789603200&v=beta&t=jaCnPeHuGHrrl5uDymIZcH7Zs-sH-0BF8VuNs9xhdlA"", ""sizes"": [{""url"": ""https://media.licdn.com/dms/image/v2/C4E0BAQHFYQoUox3gvw/company-logo_400_400/company-logo_400_400/0/1645018436234/uws_inc_llc_logo?e=1789603200&v=beta&t=jaCnPeHuGHrrl5uDymIZcH7Zs-sH-0BF8VuNs9xhdlA"", ""width"": 400, ""height"": 400}, {""url"": ""https://media.licdn.com/dms/image/v2/C4E0BAQHFYQoUox3gvw/company-logo_200_200/company-logo_200_200/0/1645018436234/uws_inc_llc_logo?e=1789603200&v=beta&t=G-ZNpgqd9VTE5XPUgDzA5w5Mr7NXFJfkCZpq0q0-5vc"", ""width"": 200, ""height"": 200}, {""url"": ""https://media.licdn.com/dms/image/v2/C4E0BAQHFYQoUox3gvw/company-logo_100_100/company-logo_100_100/0/1645018436234/uws_inc_llc_logo?e=1789603200&v=beta&t=Rem8oaGnVCf9OMc4Jm2TK97n00jlGcNtk0WXvxhSjtY"", ""width"": 100, ""height"": 100}]}, ""companyUniversalName"": ""uws-inc-llc""}, {""position"": ""CEO"", ""location"": ""Jaipur Area, India"", ""employmentType"": null, ""workplaceType"": null, ""companyName"": ""Self employed"", ""companyLinkedinUrl"": ""https://www.linkedin.com/search/results/all/?keywords=Self+employed"", ""duration"": ""21 yrs 5 mos"", ""description"": null, ""skills"": null, ""startDate"": {""month"": ""Apr"", ""year"": 2005, ""text"": ""Apr 2005""}, ""endDate"": {""text"": ""Present""}}, {""position"": ""Chief Executive Officer"", ""location"": ""Jaipur Area, India"", ""employmentType"": null, ""workplaceType"": null, ""companyName"": ""Self-employed"", ""companyLinkedinUrl"": ""https://www.linkedin.com/search/results/all/?keywords=Self-employed"", ""duration"": ""24 yrs 8 mos"", ""description"": null, ""skills"": null, ""startDate"": {""month"": ""Jan"", ""year"": 2002, ""text"": ""Jan 2002""}, ""endDate"": {""text"": ""Present""}}, {""position"": ""CEO"", ""location"": ""234, Mangalam Metropolis, Ajmer Road, Jaipur"", ""employmentType"": null, ""workplaceType"": null, ""companyName"": ""GOENKA'S"", ""companyLinkedinUrl"": ""https://www.linkedin.com/search/results/all/?keywords=GOENKA%27S"", ""duration"": ""48 yrs 7 mos"", ""description"": ""Goenka's is Google Authorized Partner for GOOGLE ADWORDS, GOOGLE APPS FOR WORK, GOOGLE CLOUD.\nOur company expertize in IT sector, with major clientele spread accross USA,UK,Cannada , Europe, Middle East and Asia.\n\n\n\n"", ""skills"": null, ""startDate"": {""month"": ""Feb"", ""year"": 1978, ""text"": ""Feb 1978""}, ""endDate"": {""text"": ""Present""}}]"
Suchita,Sanghi,https://www.linkedin.com/in/suchitasanghi,"Co-Founder, Mernplus.com || Developers ""On Demand"" at MERNPLUS Technologies LLP","Jaipur, India",Co-Founder,MERNPLUS,https://www.linkedin.com/company/mernplus/,6 yrs,,"[{""position"": ""Co-Founder"", ""location"": ""Jaipur, Rajasthan, India"", ""employmentType"": ""Full-time"", ""workplaceType"": null, ""companyName"": ""MERNPLUS"", ""companyLinkedinUrl"": ""https://www.linkedin.com/company/mernplus/"", ""companyId"": ""70881009"", ""duration"": ""6 yrs"", ""description"": ""We are a tech services company specialising in web and mobile technologies. We have catered to over 55 funded IIT alumni founded startups and 5 listed companies. From dedicated developers to turnkey projects, we do it all. Please reach out on suchita@mernplus.com for more details\n\nMERNplus Technologies caters to:\n\nReactJS, Angular, NodeJS, Java, PHP (Laravel, Core, Cake PHP, CI, etc), Python, .net, React Native, Android, iOS, Flutter, Devops, AI/MLetc. \n\nWe always maintain a bench, so any client can get started in just 2-3 days from the date of contacting us!"", ""skills"": null, ""startDate"": {""month"": ""Sep"", ""year"": 2020, ""text"": ""Sep 2020""}, ""endDate"": {""text"": ""Present""}, ""companyLogo"": {""url"": ""https://media.licdn.com/dms/image/v2/D560BAQH4tCkwzDyMVQ/company-logo_400_400/company-logo_400_400/0/1713842527113/mernplus_logo?e=1789603200&v=beta&t=dHtP2GulnuYTcAD4uvOZD8t0mFvyK6ycLdUNucx5Y_s"", ""sizes"": [{""url"": ""https://media.licdn.com/dms/image/v2/D560BAQH4tCkwzDyMVQ/company-logo_400_400/company-logo_400_400/0/1713842527113/mernplus_logo?e=1789603200&v=beta&t=dHtP2GulnuYTcAD4uvOZD8t0mFvyK6ycLdUNucx5Y_s"", ""width"": 400, ""height"": 400}, {""url"": ""https://media.licdn.com/dms/image/v2/D560BAQH4tCkwzDyMVQ/company-logo_200_200/company-logo_200_200/0/1713842527113/mernplus_logo?e=1789603200&v=beta&t=7LakhvZdVCVsqzIwAnl0PwhU1p3Wf5XgwgITjiUfz6w"", ""width"": 200, ""height"": 200}, {""url"": ""https://media.licdn.com/dms/image/v2/D560BAQH4tCkwzDyMVQ/company-logo_100_100/company-logo_100_100/0/1713842527113/mernplus_logo?e=1789603200&v=beta&t=qRGizoZhcsMhyA_R35V00j6jOxfHb60LvBBvqmRJGds"", ""width"": 100, ""height"": 100}]}, ""companyUniversalName"": ""mernplus""}, {""position"": ""Founder & Director "", ""location"": ""Jaipur, Rajasthan, India"", ""employmentType"": ""Full-time"", ""workplaceType"": null, ""companyName"": ""Leaselogic IT Solutions Pvt Ltd"", ""companyLinkedinUrl"": ""https://www.linkedin.com/company/leaselogic-it-solutions-pvt-ltd/"", ""companyId"": ""81867668"", ""duration"": ""2 yrs 2 mos"", ""description"": ""Leaselogic is an IT asset leasing company specializing in desktop and laptop rentals. It had an elite client list of reputed IT companies and funded startups for the last 6 years and has given amazing service to its B2B clients.\n\nAll leased devices come with on site support and maintenance (in client office, not WFH) across Jaipur, Ahmedabad, Delhi, Kolkata, Mumbai, etc and soon starting in Bangalore) \n\n*For best deals on computer rental *, contact Jyoti from Leaselogic IT Solutions Pvt Ltd\n\nJyoti wa.me/919251022476 or wa.me/919314022476"", ""skills"": null, ""startDate"": {""month"": ""Feb"", ""year"": 2022, ""text"": ""Feb 2022""}, ""endDate"": {""month"": ""Mar"", ""year"": 2024, ""text"": ""Mar 2024""}, ""companyLogo"": null, ""companyUniversalName"": ""leaselogic-it-solutions-pvt-ltd""}, {""position"": ""Founder"", ""location"": ""Jaipur"", ""employmentType"": null, ""workplaceType"": null, ""companyName"": ""Vasavi"", ""companyLinkedinUrl"": ""https://www.linkedin.com/search/results/all/?keywords=Vasavi"", ""duration"": ""9 yrs 1 mo"", ""description"": ""Vasavi is all about ladies fashion. We manufacture and wholesale our own designer ladies ethnic wear.\n\nOur factory situated in Jaipur has a production capacity of 8000 pieces per month.\n"", ""skills"": null, ""startDate"": {""month"": ""Jun"", ""year"": 2014, ""text"": ""Jun 2014""}, ""endDate"": {""month"": ""Jun"", ""year"": 2023, ""text"": ""Jun 2023""}}, {""position"": ""Consultant - India Expansion"", ""location"": ""Jaipur, Rajasthan, India"", ""employmentType"": null, ""workplaceType"": null, ""companyName"": ""Adcuratio"", ""companyLinkedinUrl"": ""https://www.linkedin.com/company/adcuratio/"", ""companyId"": ""10464150"", ""duration"": ""2 yrs 5 mos"", ""description"": ""Helping Adcuratio, a media tech startup expand its development team in India by setting up a state of art development Center to augment it's business and deep integrations with all cable TV networks in the US. \n\nAdcuratio helps advertisers on TV channels / networks do profile wise targeted ads, a concept prevalent on ads on web and mobile, thereby shooting up their ROI. \n\nIt's a tech product that is generations ahead!\n\nWe are looking to hire Python Django developers for Jaipur location. Please share CVs on suchita@adcuratio.com\n"", ""skills"": null, ""startDate"": {""month"": ""May"", ""year"": 2020, ""text"": ""May 2020""}, ""endDate"": {""month"": ""Sep"", ""year"": 2022, ""text"": ""Sep 2022""}, ""companyLogo"": {""url"": ""https://media.licdn.com/dms/image/v2/C4E0BAQEo2SUk6KgQhA/company-logo_400_400/company-logo_400_400/0/1631323358300?e=1789603200&v=beta&t=kETjuEjKc-J_x4kryboVienQ5xXcumI43YULcpjNBNA"", ""sizes"": [{""url"": ""https://media.licdn.com/dms/image/v2/C4E0BAQEo2SUk6KgQhA/company-logo_400_400/company-logo_400_400/0/1631323358300?e=1789603200&v=beta&t=kETjuEjKc-J_x4kryboVienQ5xXcumI43YULcpjNBNA"", ""width"": 400, ""height"": 400}, {""url"": ""https://media.licdn.com/dms/image/v2/C4E0BAQEo2SUk6KgQhA/company-logo_200_200/company-logo_200_200/0/1631323358300?e=1789603200&v=beta&t=q4kEStJljkO6Xt8G4EG59Olae9JEf3m-Ee4ORVhdjjw"", ""width"": 200, ""height"": 200}, {""url"": ""https://media.licdn.com/dms/image/v2/C4E0BAQEo2SUk6KgQhA/company-logo_100_100/company-logo_100_100/0/1631323358300?e=1789603200&v=beta&t=tuw0-oCj-DplAFXBKQmvHpHQXkZm-FHSdFCpIt_Kqds"", ""width"": 100, ""height"": 100}]}, ""companyUniversalName"": ""adcuratio""}, {""position"": ""Founder"", ""location"": ""Jaipur Area, India"", ""employmentType"": null, ""workplaceType"": null, ""companyName"": ""Dealz"", ""companyLinkedinUrl"": ""https://www.linkedin.com/search/results/all/?keywords=Dealz"", ""duration"": ""4 yrs 8 mos"", ""description"": ""Dealz, as the name suggests, is all about getting discounted and value for money goods and services for its clients. It helps its clients in \n- Corporate gifting for clients and employees \n- Season gifting like dry fruits, Indian heritage giftings, etc\n- Discounted Fashion garments and accessories"", ""skills"": null, ""startDate"": {""month"": ""Aug"", ""year"": 2013, ""text"": ""Aug 2013""}, ""endDate"": {""month"": ""Mar"", ""year"": 2018, ""text"": ""Mar 2018""}}, {""position"": ""Head - Sales & Alliances"", ""location"": null, ""employmentType"": null, ""workplaceType"": null, ""companyName"": ""Cardekho.com "", ""companyLinkedinUrl"": ""https://www.linkedin.com/company/221442/"", ""companyId"": ""221442"", ""duration"": ""1 yr 4 mos"", ""description"": ""Head the media sales for cardekho.com. Build the entire media sales business from scratch to a sizable number. Profile included media space selling, leads selling and OEM tie up and sales along with designing and optimisation of ads. "", ""skills"": null, ""experienceGroupId"": ""07b9e9dab0d00211becb5900d86ae232786c0ebe"", ""startDate"": {""month"": ""May"", ""year"": 2011, ""text"": ""May 2011""}, ""endDate"": {""month"": ""Aug"", ""year"": 2012, ""text"": ""Aug 2012""}, ""companyLogo"": {""url"": ""https://media.licdn.com/dms/image/v2/C560BAQFzWYq61M6g7w/company-logo_400_400/company-logo_400_400/0/1631392860835?e=1789603200&v=beta&t=B3lPvu7IGTPiPJoEkXpT2bzHpmlLApFNIYbbuw3zRrE"", ""sizes"": [{""url"": ""https://media.licdn.com/dms/image/v2/C560BAQFzWYq61M6g7w/company-logo_400_400/company-logo_400_400/0/1631392860835?e=1789603200&v=beta&t=B3lPvu7IGTPiPJoEkXpT2bzHpmlLApFNIYbbuw3zRrE"", ""width"": 400, ""height"": 400}, {""url"": ""https://media.licdn.com/dms/image/v2/C560BAQFzWYq61M6g7w/company-logo_200_200/company-logo_200_200/0/1631392860835?e=1789603200&v=beta&t=mlnPl6fEAV_FeQ3xolbi-HhmlbhIZSPFteW8zn8refE"", ""width"": 200, ""height"": 200}, {""url"": ""https://media.licdn.com/dms/image/v2/C560BAQFzWYq61M6g7w/company-logo_100_100/company-logo_100_100/0/1631392860835?e=1789603200&v=beta&t=eWHDV3KQG6451Kbpcpe4uPiEMDBDQSvppe5diMKD6gg"", ""width"": 100, ""height"": 100}]}}, {""position"": ""Manager - Corporate Sales"", ""location"": null, ""employmentType"": null, ""workplaceType"": null, ""companyName"": ""Cardekho.com "", ""companyLinkedinUrl"": ""https://www.linkedin.com/company/221442/"", ""companyId"": ""221442"", ""duration"": ""6 mos"", ""description"": null, ""skills"": null, ""experienceGroupId"": ""07b9e9dab0d00211becb5900d86ae232786c0ebe"", ""startDate"": {""month"": ""Dec"", ""year"": 2010, ""text"": ""Dec 2010""}, ""endDate"": {""month"": ""May"", ""year"": 2011, ""text"": ""May 2011""}, ""companyLogo"": {""url"": ""https://media.licdn.com/dms/image/v2/C560BAQFzWYq61M6g7w/company-logo_400_400/company-logo_400_400/0/1631392860835?e=1789603200&v=beta&t=B3lPvu7IGTPiPJoEkXpT2bzHpmlLApFNIYbbuw3zRrE"", ""sizes"": [{""url"": ""https://media.licdn.com/dms/image/v2/C560BAQFzWYq61M6g7w/company-logo_400_400/company-logo_400_400/0/1631392860835?e=1789603200&v=beta&t=B3lPvu7IGTPiPJoEkXpT2bzHpmlLApFNIYbbuw3zRrE"", ""width"": 400, ""height"": 400}, {""url"": ""https://media.licdn.com/dms/image/v2/C560BAQFzWYq61M6g7w/company-logo_200_200/company-logo_200_200/0/1631392860835?e=1789603200&v=beta&t=mlnPl6fEAV_FeQ3xolbi-HhmlbhIZSPFteW8zn8refE"", ""width"": 200, ""height"": 200}, {""url"": ""https://media.licdn.com/dms/image/v2/C560BAQFzWYq61M6g7w/company-logo_100_100/company-logo_100_100/0/1631392860835?e=1789603200&v=beta&t=eWHDV3KQG6451Kbpcpe4uPiEMDBDQSvppe5diMKD6gg"", ""width"": 100, ""height"": 100}]}}, {""position"": ""Senior Project Management Lead"", ""location"": null, ""employmentType"": null, ""workplaceType"": null, ""companyName"": ""Mphasis"", ""companyLinkedinUrl"": ""https://www.linkedin.com/company/3586/"", ""companyId"": ""3586"", ""duration"": ""11 mos"", ""description"": null, ""skills"": null, ""startDate"": {""month"": ""Feb"", ""year"": 2010, ""text"": ""Feb 2010""}, ""endDate"": {""month"": ""Dec"", ""year"": 2010, ""text"": ""Dec 2010""}, ""companyLogo"": {""url"": ""https://media.licdn.com/dms/image/v2/C4D0BAQGA6s2gCDu-MA/company-logo_400_400/company-logo_400_400/0/1630508225161/mphasis_logo?e=1789603200&v=beta&t=P53msEE2HOyVF1pSLouZeSwTuRhZEnqW_bgvxMii5Rw"", ""sizes"": [{""url"": ""https://media.licdn.com/dms/image/v2/C4D0BAQGA6s2gCDu-MA/company-logo_400_400/company-logo_400_400/0/1630508225161/mphasis_logo?e=1789603200&v=beta&t=P53msEE2HOyVF1pSLouZeSwTuRhZEnqW_bgvxMii5Rw"", ""width"": 400, ""height"": 400}, {""url"": ""https://media.licdn.com/dms/image/v2/C4D0BAQGA6s2gCDu-MA/company-logo_200_200/company-logo_200_200/0/1630508225160/mphasis_logo?e=1789603200&v=beta&t=eUbviFxW_JFnPZ0TPTv2GMk8sukQq-RwA3MzIJpMupY"", ""width"": 200, ""height"": 200}, {""url"": ""https://media.licdn.com/dms/image/v2/C4D0BAQGA6s2gCDu-MA/company-logo_100_100/company-logo_100_100/0/1630508225160/mphasis_logo?e=1789603200&v=beta&t=3Zrw_XzVwcfEIXjK2S-jCeF2M59X9adpIoYjMQa_MKw"", ""width"": 100, ""height"": 100}]}}, {""position"": ""VP, Business Development (B2B Sales)"", ""location"": null, ""employmentType"": null, ""workplaceType"": null, ""companyName"": ""GoVasool.com"", ""companyLinkedinUrl"": ""https://www.linkedin.com/company/509661/"", ""companyId"": ""509661"", ""duration"": ""3 mos"", ""description"": null, ""skills"": null, ""startDate"": {""month"": ""Oct"", ""year"": 2009, ""text"": ""Oct 2009""}, ""endDate"": {""month"": ""Dec"", ""year"": 2009, ""text"": ""Dec 2009""}, ""companyLogo"": null}, {""position"": ""Business Development Specialist"", ""location"": null, ""employmentType"": null, ""workplaceType"": null, ""companyName"": ""Directi"", ""companyLinkedinUrl"": ""https://www.linkedin.com/company/29570/"", ""companyId"": ""29570"", ""duration"": ""5 mos"", ""description"": ""Worked on new product development in Domain Monetization Group"", ""skills"": null, ""startDate"": {""month"": ""May"", ""year"": 2009, ""text"": ""May 2009""}, ""endDate"": {""month"": ""Sep"", ""year"": 2009, ""text"": ""Sep 2009""}, ""companyLogo"": {""url"": ""https://media.licdn.com/dms/image/v2/C560BAQHxsLeIiy6Jjw/company-logo_400_400/company-logo_400_400/0/1631330375488?e=1789603200&v=beta&t=xTyj-rW71gL0AfwprKB2Mmcw19j__kHCxSQ1aXu8bVk"", ""sizes"": [{""url"": ""https://media.licdn.com/dms/image/v2/C560BAQHxsLeIiy6Jjw/company-logo_400_400/company-logo_400_400/0/1631330375488?e=1789603200&v=beta&t=xTyj-rW71gL0AfwprKB2Mmcw19j__kHCxSQ1aXu8bVk"", ""width"": 400, ""height"": 400}, {""url"": ""https://media.licdn.com/dms/image/v2/C560BAQHxsLeIiy6Jjw/company-logo_200_200/company-logo_200_200/0/1631330375488?e=1789603200&v=beta&t=l0MErDmdwFuNWO02Md64R7EQEqxqWevqClRc3DnKVnk"", ""width"": 200, ""height"": 200}, {""url"": ""https://media.licdn.com/dms/image/v2/C560BAQHxsLeIiy6Jjw/company-logo_100_100/company-logo_100_100/0/1631330375488?e=1789603200&v=beta&t=ocgtBsr9VGMOrxRm9X_If5OiDLJtjVQii7co3bwnOoo"", ""width"": 100, ""height"": 100}]}}, {""position"": ""Intern"", ""location"": null, ""employmentType"": null, ""workplaceType"": null, ""companyName"": ""Intel"", ""companyLinkedinUrl"": ""https://www.linkedin.com/company/1053/"", ""companyId"": ""1053"", ""duration"": ""Less than a year"", ""description"": ""Worked with the Embedded and Communication Group on a project \""India Market Analysis of Digital Security & Surveillance Systems\"""", ""skills"": null, ""startDate"": {""year"": 2008, ""text"": ""2008""}, ""endDate"": {""year"": 2008, ""text"": ""2008""}, ""companyLogo"": {""url"": ""https://media.licdn.com/dms/image/v2/C560BAQGpvWtEtj9oTQ/company-logo_400_400/company-logo_400_400/0/1630663244736/intel_corporation_logo?e=1789603200&v=beta&t=3zSij-56hHVRI0Ko3bqWCIFIoAAw41C9elLDzfMrrvY"", ""sizes"": [{""url"": ""https://media.licdn.com/dms/image/v2/C560BAQGpvWtEtj9oTQ/company-logo_400_400/company-logo_400_400/0/1630663244736/intel_corporation_logo?e=1789603200&v=beta&t=3zSij-56hHVRI0Ko3bqWCIFIoAAw41C9elLDzfMrrvY"", ""width"": 400, ""height"": 400}, {""url"": ""https://media.licdn.com/dms/image/v2/C560BAQGpvWtEtj9oTQ/company-logo_200_200/company-logo_200_200/0/1630663244735/intel_corporation_logo?e=1789603200&v=beta&t=E_jQqEFsO7M-anzibGTlm8OhvxrlruwHTKSMucY2myU"", ""width"": 200, ""height"": 200}, {""url"": ""https://media.licdn.com/dms/image/v2/C560BAQGpvWtEtj9oTQ/company-logo_100_100/company-logo_100_100/0/1630663244736/intel_corporation_logo?e=1789603200&v=beta&t=JjF0q5ZWfRawt2_XY1GQjH52uBoPAd5x6Xi7uBu-b_0"", ""width"": 100, ""height"": 100}]}}, {""position"": ""Software engineer"", ""location"": null, ""employmentType"": null, ""workplaceType"": null, ""companyName"": ""Infosys Technologies Ltd"", ""companyLinkedinUrl"": ""https://www.linkedin.com/company/1283/"", ""companyId"": ""1283"", ""duration"": ""1 yr 7 mos"", ""description"": ""Worked as Software Engineer in R&D sector for J2ee Center of excellence"", ""skills"": null, ""startDate"": {""month"": ""Nov"", ""year"": 2005, ""text"": ""Nov 2005""}, ""endDate"": {""month"": ""May"", ""year"": 2007, ""text"": ""May 2007""}, ""companyLogo"": {""url"": ""https://media.licdn.com/dms/image/v2/D560BAQEv67uGFge5Sw/company-logo_400_400/B56ZfEsEVpHoAc-/0/1751351576332/infosys_logo?e=1789603200&v=beta&t=F-7RklT-aZ6IBJeVx2myUWnIefaVhbNy9TMcb3_PxVw"", ""sizes"": [{""url"": ""https://media.licdn.com/dms/image/v2/D560BAQEv67uGFge5Sw/company-logo_400_400/B56ZfEsEVpHoAc-/0/1751351576332/infosys_logo?e=1789603200&v=beta&t=F-7RklT-aZ6IBJeVx2myUWnIefaVhbNy9TMcb3_PxVw"", ""width"": 400, ""height"": 400}, {""url"": ""https://media.licdn.com/dms/image/v2/D560BAQEv67uGFge5Sw/company-logo_200_200/B56ZfEsEVpHoAM-/0/1751351576332/infosys_logo?e=1789603200&v=beta&t=HpsHXAMeF2TLeDz0mA-F_64Igo2uxocaHE7Nkl-O1e0"", ""width"": 200, ""height"": 200}, {""url"": ""https://media.licdn.com/dms/image/v2/D560BAQEv67uGFge5Sw/company-logo_100_100/B56ZfEsEVpHoAU-/0/1751351576332/infosys_logo?e=1789603200&v=beta&t=hfvTw9np8tTDT5TjZtAmrmlq3GynTGt9LyxM3Dim0sY"", ""width"": 100, ""height"": 100}]}}]"
Mayank Kumar,Pandey,https://www.linkedin.com/in/mayank-kumar-pandey-180aa485,Founder and CEO - Ad2ship | Building One-Roof D2C Growth Ecosystems,"Jaipur, India",CEO and Founder,ad2ship,https://www.linkedin.com/company/ad2ship/,10 mos,"Sales, Sales and Marketing, Sales Management, Account Management, Market Planning","[{""position"": ""CEO and Founder"", ""location"": ""India"", ""employmentType"": ""Full-time"", ""workplaceType"": ""On-site"", ""companyName"": ""ad2ship"", ""companyLinkedinUrl"": ""https://www.linkedin.com/company/ad2ship/"", ""companyId"": ""105647027"", ""duration"": ""10 mos"", ""description"": ""I help D2C brands launch, scale, and operate profitably by building end-to-end growth ecosystems under one roof — from brand strategy and performance marketing to technology, logistics, and analytics.\n\nWith deep hands-on experience across e-commerce, digital marketing, logistics enablement, and revenue operations, I work closely with founders to solve real execution challenges: customer acquisition, conversion, fulfillment efficiency, and cash-flow visibility.\n\nWhat I Do Best\n\n🚀 Brand & Growth Strategy\n• D2C brand launches & scale-up roadmaps\n• Go-to-market & positioning strategy\n• Brand identity & communication frameworks\n\n💻 Digital & Tech Enablement\n• Shopify / D2C website development\n• Conversion-focused UI/UX\n• App integrations, automation & custom dashboards\n\n📈 Performance Marketing\n• Meta (Facebook & Instagram), Google & YouTube Ads\n• Performance-led creative strategy\n• ROI-driven campaign management & scaling\n\n🎨 Creative & Content\n• Brand & ad creatives\n• Social media content & management\n• Product shoots & visual storytelling\n\n🚚 Logistics & Operations Enablement\n• Courier aggregation & fulfillment support\n• Order processing, tracking & COD reconciliation\n• Payout & reconciliation management\n\n📊 Analytics & Unified Dashboard\n• Marketing performance insights\n• Courier & delivery tracking\n• Revenue, payouts & reconciliation visibility\n\nI believe D2C success is not about ads alone — it’s about alignment between brand, technology, marketing, logistics, and data. My focus is building scalable systems, not just short-term growth.\n\nIf you’re a D2C founder or brand leader looking to build a sustainable, data-driven growth engine, let’s connect."", ""skills"": null, ""startDate"": {""month"": ""Nov"", ""year"": 2025, ""text"": ""Nov 2025""}, ""endDate"": {""text"": ""Present""}, ""companyLogo"": {""url"": ""https://media.licdn.com/dms/image/v2/D560BAQEbN2bfpC83yw/company-logo_400_400/B56Zs7Z5alJUAY-/0/1766228203658/mypixelpanda_logo?e=1789603200&v=beta&t=cuL5ZVDqicw5Gw9zFjFJT_zQHyxsfDhJ3iE3wQNk5XQ"", ""sizes"": [{""url"": ""https://media.licdn.com/dms/image/v2/D560BAQEbN2bfpC83yw/company-logo_400_400/B56Zs7Z5alJUAY-/0/1766228203658/mypixelpanda_logo?e=1789603200&v=beta&t=cuL5ZVDqicw5Gw9zFjFJT_zQHyxsfDhJ3iE3wQNk5XQ"", ""width"": 400, ""height"": 400}, {""url"": ""https://media.licdn.com/dms/image/v2/D560BAQEbN2bfpC83yw/company-logo_200_200/B56Zs7Z5alJUAI-/0/1766228203658/mypixelpanda_logo?e=1789603200&v=beta&t=M4YZbj8Ne692UBypNF40EIDn2auO9k-CBAb93YgNmIo"", ""width"": 200, ""height"": 200}, {""url"": ""https://media.licdn.com/dms/image/v2/D560BAQEbN2bfpC83yw/company-logo_100_100/B56Zs7Z5alJUAQ-/0/1766228203658/mypixelpanda_logo?e=1789603200&v=beta&t=iMJWP6hy5Gb7_6dOsiiub_i1aCLb7w9l1W-WjKbWv5o"", ""width"": 100, ""height"": 100}]}, ""companyUniversalName"": ""ad2ship""}, {""position"": ""CEO and Co-Founder"", ""location"": ""Jaipur, Rajasthan, India"", ""employmentType"": ""Full-time"", ""workplaceType"": ""On-site"", ""companyName"": ""My Pixel Panda"", ""companyLinkedinUrl"": ""https://www.linkedin.com/company/my-pixel-panda/"", ""companyId"": ""110552683"", ""duration"": ""1 yr"", ""description"": ""My Pixel Panda is a full-stack 360° D2C brand services and marketing company, built to help brands launch, scale, and grow profitably in the digital ecosystem.\n\nWe work as an extended growth partner for D2C brands—covering everything from brand strategy and digital presence to performance marketing, technology, logistics, and data-driven decision-making."", ""skills"": null, ""startDate"": {""month"": ""Jan"", ""year"": 2025, ""text"": ""Jan 2025""}, ""endDate"": {""month"": ""Dec"", ""year"": 2025, ""text"": ""Dec 2025""}, ""companyLogo"": {""url"": ""https://media.licdn.com/dms/image/v2/D560BAQG7qERkPPcOUA/company-logo_400_400/B56Zs7jnPQHAAc-/0/1766230750802?e=1789603200&v=beta&t=vfAzZjv_ogeqKBdR0rXMByWswlBQmi1Rcpup3FdnBwk"", ""sizes"": [{""url"": ""https://media.licdn.com/dms/image/v2/D560BAQG7qERkPPcOUA/company-logo_400_400/B56Zs7jnPQHAAc-/0/1766230750802?e=1789603200&v=beta&t=vfAzZjv_ogeqKBdR0rXMByWswlBQmi1Rcpup3FdnBwk"", ""width"": 400, ""height"": 400}, {""url"": ""https://media.licdn.com/dms/image/v2/D560BAQG7qERkPPcOUA/company-logo_200_200/B56Zs7jnPQHAAM-/0/1766230750802?e=1789603200&v=beta&t=eV91kOjsK0F4j9Jr9BYfQRUHoyIhC1J_bCHJM8B-KB0"", ""width"": 200, ""height"": 200}, {""url"": ""https://media.licdn.com/dms/image/v2/D560BAQG7qERkPPcOUA/company-logo_100_100/B56Zs7jnPQHAAU-/0/1766230750802?e=1789603200&v=beta&t=0JRDEBPzJG96CbDj__zbNuXicGy0r4VZwYandFgyxgE"", ""width"": 100, ""height"": 100}]}, ""companyUniversalName"": ""my-pixel-panda""}, {""position"": ""Business Head"", ""location"": ""Gurugram, Haryana, India"", ""employmentType"": ""Full-time"", ""workplaceType"": ""On-site"", ""companyName"": ""Sourceinfi"", ""companyLinkedinUrl"": ""https://www.linkedin.com/company/sourceinfi/"", ""companyId"": ""85608470"", ""duration"": ""8 mos"", ""description"": ""•\tLed a cross-functional leadership team overseeing vendor management, new product sourcing, supply chain operations, finance, and reconciliation, ensuring seamless collaboration across departments to meet business objectives and maximize profitability.\n•\tSpearheaded D2C brand strategy, focusing on high-quality product sourcing, competitive pricing, and timely delivery, which directly contributed to increased customer satisfaction and brand growth.\n•\tFormulated and executed product assortment strategies, leveraging market trends and customer insights to maximize sales opportunities and improve customer engagement, while establishing strong supplier relationships to support long-term growth.\n•\tStreamlined supply chain workflows, reducing delays, and optimizing costs, ensuring a high delivery success rate and minimizing RTO/RTV percentages, thereby improving operational efficiency and customer experience.\n•\tImplemented data-driven methodologies to identify inefficiencies and optimize processes, leading to significant reductions in pendency rates and improving overall performance metrics across the business.\n•\tBuilt and nurtured a scalable vendor network, ensuring consistent quality, compliance with company standards, and alignment with long-term business objectives, thereby supporting the growth of operations.\n•\tMonitored and reported on KPIs across all operational functions, providing actionable insights and recommendations for continuous improvement, enabling informed decision-making and fostering a culture of operational excellence."", ""skills"": [""Sourcing"", ""Payment sales"", ""Negotiation"", ""releationship managment"", ""Brand Management"", ""Retail Sales"", ""Strategic Planning"", ""People Management"", ""Sales Operations"", ""Business Development"", ""Brand Development"", ""Merchant Acquiring"", ""Vendor Management"", ""Business Strategy"", ""Direct Sales"", ""Business Relationship Management"", ""Sales"", ""New onboarding"", ""Sales manager"", ""PnL"", ""Brand Alignment"", ""New Business Development"", ""gmv growth""], ""startDate"": {""month"": ""May"", ""year"": 2024, ""text"": ""May 2024""}, ""endDate"": {""month"": ""Dec"", ""year"": 2024, ""text"": ""Dec 2024""}, ""companyLogo"": {""url"": ""https://media.licdn.com/dms/image/v2/D4D0BAQG2iOply9IH8Q/company-logo_400_400/company-logo_400_400/0/1719256188425/sourceinfi_logo?e=1789603200&v=beta&t=CFjDTzFmClKj_Vy5vTrWmrOsGOyf8Lzp0D9d9kufpr0"", ""sizes"": [{""url"": ""https://media.licdn.com/dms/image/v2/D4D0BAQG2iOply9IH8Q/company-logo_400_400/company-logo_400_400/0/1719256188425/sourceinfi_logo?e=1789603200&v=beta&t=CFjDTzFmClKj_Vy5vTrWmrOsGOyf8Lzp0D9d9kufpr0"", ""width"": 400, ""height"": 400}, {""url"": ""https://media.licdn.com/dms/image/v2/D4D0BAQG2iOply9IH8Q/company-logo_200_200/company-logo_200_200/0/1719256722186/sourceinfi_logo?e=1789603200&v=beta&t=q6qB-XJrZxeavwjpjKehJQ6UYUu2PMkBngnU6gAXIv4"", ""width"": 200, ""height"": 200}, {""url"": ""https://media.licdn.com/dms/image/v2/D4D0BAQG2iOply9IH8Q/company-logo_100_100/company-logo_100_100/0/1719257139933/sourceinfi_logo?e=1789603200&v=beta&t=oXoDafqsiP2R_tm1x9RmFxHqbWEq_16sX4pGefbL114"", ""width"": 100, ""height"": 100}]}, ""companyUniversalName"": ""sourceinfi""}, {""position"": ""Business Head"", ""location"": ""Delhi, India"", ""employmentType"": ""Full-time"", ""workplaceType"": ""On-site"", ""companyName"": ""Auroglobal Comtrade"", ""companyLinkedinUrl"": ""https://www.linkedin.com/company/auroglobal-comtrade/"", ""companyId"": ""27446741"", ""duration"": ""7 mos"", ""description"": ""•\tLed strategic operations to drive an annual turnover of ₹360 Cr, overseeing P&L management, sales performance, finance, cash flow, and reconciliation, ensuring alignment with corporate goals and growth targets.\n•\tFormulated and executed business strategies for key partnerships with leading brands such as Lenovo, Bajaj, Godrej, Xiaomi, and major platforms including Flipkart and Amazon, strengthening both B2B and B2C channels.\n•\tSpearheaded the operational setup and expansion: established a new office, successfully hired a cross-functional team, secured a 3P warehouse, and managed compliance with GST and PT tax regulations.\n•\tOptimized procurement and inventory management, aligning daily sales with real-time stock levels across multiple warehouses, driving efficiency and reducing operational costs.\n•\tDirected the financial planning process, including budgeting, forecasting, and cash flow management, ensuring sustained profitability and effective allocation of resources.\n•\tMentored and led a team, driving high-performance culture through goal-setting, daily sales calls, and performance tracking, achieving monthly sales targets consistently."", ""skills"": [""E-Commerce"", ""b2b sales"", ""Sales and Marketing"", ""offline sales""], ""startDate"": {""month"": ""Nov"", ""year"": 2023, ""text"": ""Nov 2023""}, ""endDate"": {""month"": ""May"", ""year"": 2024, ""text"": ""May 2024""}, ""companyLogo"": {""url"": ""https://media.licdn.com/dms/image/v2/D4E0BAQETfA19yx7mlQ/company-logo_400_400/company-logo_400_400/0/1727175069877/auroglobal_comtrade_logo?e=1789603200&v=beta&t=LP7YLDGQpaKwQi71cJn_tRfCzqnOsLMwABe8viDTM30"", ""sizes"": [{""url"": ""https://media.licdn.com/dms/image/v2/D4E0BAQETfA19yx7mlQ/company-logo_400_400/company-logo_400_400/0/1727175069877/auroglobal_comtrade_logo?e=1789603200&v=beta&t=LP7YLDGQpaKwQi71cJn_tRfCzqnOsLMwABe8viDTM30"", ""width"": 400, ""height"": 400}, {""url"": ""https://media.licdn.com/dms/image/v2/D4E0BAQETfA19yx7mlQ/company-logo_200_200/company-logo_200_200/0/1727175069877/auroglobal_comtrade_logo?e=1789603200&v=beta&t=4l3T_nZdGUG6zzxZlcqOnaIRUohkAEkaFM1mCbSpBPM"", ""width"": 200, ""height"": 200}, {""url"": ""https://media.licdn.com/dms/image/v2/D4E0BAQETfA19yx7mlQ/company-logo_100_100/company-logo_100_100/0/1727175069877/auroglobal_comtrade_logo?e=1789603200&v=beta&t=qj56JlCxfKzY1W8hawfvgEPhcLppWP7iePFUjk3Ixbg"", ""width"": 100, ""height"": 100}]}, ""companyUniversalName"": ""auroglobal-comtrade""}, {""position"": ""Sr. Category Manager "", ""location"": ""Delhi, India"", ""employmentType"": ""Full-time"", ""workplaceType"": ""On-site"", ""companyName"": ""VRP Telematics Pvt. Ltd."", ""companyLinkedinUrl"": ""https://www.linkedin.com/company/vrp-telematics-pvt-ltd/"", ""companyId"": ""48789218"", ""duration"": ""2 yrs 4 mos"", ""description"": ""•\tManaged e-commerce operations across leading platforms such as Appario, Flipkart, Reliance, Croma, and Amazon, achieving an annual turnover of ₹800 Cr by overseeing P&L and sales growth.\n•\tDirected cataloging, pricing, product launches, and on-platform marketing, optimizing the sales process and enhancing market share for brands like Canon, Epson, Brother, and Asus.\n•\tDeveloped and executed sales strategies for B2B and B2C channels, driving expansion, enhancing vendor relationships, and negotiating commercial agreements to maximize revenue opportunities.\n•\tEnsured operational efficiency through effective inventory management, reducing stockouts and dead-on-arrival (DOA) products, while enhancing product availability.\n•\tCreated detailed MIS reports for senior management, providing actionable insights and strategic recommendations for continuous business growth.\n•\tPartnered with Appario and Flipkart to develop Joint Business Plans (JBP), leveraging data analytics to identify growth opportunities and ensure performance optimization across all channels."", ""skills"": [""Sourcing"", ""Negotiation"", ""E-Commerce"", ""releationship managment"", ""Distribution"", ""ecommerce"", ""Brand Management"", ""Retail Sales"", ""Strategic Planning"", ""Outright business"", ""Sales Operations"", ""Business Development"", ""Vendor Management"", ""Partner Relationship Management"", ""Business-to-Business (B2B)"", ""Business Strategy"", ""Account Management"", ""Category Management"", ""Sales"", ""Vendor Negotiation"", ""Sales manager"", ""Brand Alignment"", ""gmv growth"", ""Vendor management""], ""startDate"": {""month"": ""Aug"", ""year"": 2021, ""text"": ""Aug 2021""}, ""endDate"": {""month"": ""Nov"", ""year"": 2023, ""text"": ""Nov 2023""}, ""companyLogo"": {""url"": ""https://media.licdn.com/dms/image/v2/D4D0BAQEycDu-XMzx_A/company-logo_400_400/company-logo_400_400/0/1700318979945/vrp_telematics_pvt_ltd_logo?e=1789603200&v=beta&t=ytjFy1CauzvLVnpewyj5IpyttcXmbyfBvjrfoRWsIPA"", ""sizes"": [{""url"": ""https://media.licdn.com/dms/image/v2/D4D0BAQEycDu-XMzx_A/company-logo_400_400/company-logo_400_400/0/1700318979945/vrp_telematics_pvt_ltd_logo?e=1789603200&v=beta&t=ytjFy1CauzvLVnpewyj5IpyttcXmbyfBvjrfoRWsIPA"", ""width"": 400, ""height"": 400}, {""url"": ""https://media.licdn.com/dms/image/v2/D4D0BAQEycDu-XMzx_A/company-logo_200_200/company-logo_200_200/0/1700318979945/vrp_telematics_pvt_ltd_logo?e=1789603200&v=beta&t=y0bwyPdpegEJKoq7I4NB1t2qxCgDZovOkqve41GhdrY"", ""width"": 200, ""height"": 200}, {""url"": ""https://media.licdn.com/dms/image/v2/D4D0BAQEycDu-XMzx_A/company-logo_100_100/company-logo_100_100/0/1700318979945/vrp_telematics_pvt_ltd_logo?e=1789603200&v=beta&t=qKb_rwnEcscPGxg9tR9GD9_7FZozFxTtvFFbO20iEKE"", ""width"": 100, ""height"": 100}]}, ""companyUniversalName"": ""vrp-telematics-pvt-ltd""}, {""position"": ""Category Manager"", ""location"": ""Gurgaon, Haryana, India"", ""employmentType"": ""Full-time"", ""workplaceType"": null, ""companyName"": ""CLUBFACTORY"", ""companyLinkedinUrl"": ""https://www.linkedin.com/company/7327501/"", ""companyId"": ""7327501"", ""duration"": ""2 yrs 1 mo"", ""description"": ""•\tSpearheaded merchant acquisition and onboarding, expanding product categories and ensuring the latest assortments were available on the platform, driving growth and market competitiveness.\n•\tDeveloped and maintained strong relationships with sellers, ensuring smooth onboarding and seamless integration of new products to meet customer demand and enhance platform performance.\n•\tAnalyzed sales metrics (orders, conversions, clicks, and impressions) to implement action plans that improved SKU performance, resulting in an optimized product mix and increased sales.\n•\tEnsured price competitiveness through strategic sourcing and effective negotiation, driving procurement cost reduction and increasing market share.\n•\tLed a strategic initiative that resulted in a 500% increase in watch sales, utilizing innovative category strategies and targeted marketing efforts.\n•\tCoordinated cross-functional teams, including logistics, marketing, tech, and CRM, ensuring smooth operations, timely product delivery, and effective customer engagement.\n•\tGathered and analyzed customer feedback, identifying key trends and areas for improvement, and implementing customer-centric strategies that enhanced user satisfaction and platform loyalty."", ""skills"": [""Sourcing"", ""Negotiation"", ""releationship managment"", ""ecommerce"", ""Vendor Coordination"", ""Retail Sales"", ""Strategic Planning"", ""Business Development"", ""Merchant Acquiring"", ""Vendor Management"", ""Business Strategy"", ""Account Management"", ""Category Management"", ""Business Relationship Management"", ""Sales"", ""New onboarding"", ""Vendor Negotiation"", ""New Business Development"", ""gmv growth"", ""Vendor management""], ""startDate"": {""month"": ""Aug"", ""year"": 2019, ""text"": ""Aug 2019""}, ""endDate"": {""month"": ""Aug"", ""year"": 2021, ""text"": ""Aug 2021""}, ""companyLogo"": null}, {""position"": ""Area Sales Manager"", ""location"": ""West Delhi, Delhi, India & Central Delhi"", ""employmentType"": ""Full-time"", ""workplaceType"": ""On-site"", ""companyName"": ""Paytm"", ""companyLinkedinUrl"": ""https://www.linkedin.com/company/2340144/"", ""companyId"": ""2340144"", ""duration"": ""1 yr 9 mos"", ""description"": ""•\tLed a high-performing sales team of 120-140 members, including 10-12 Team Leaders, overseeing POS, EDC, and QR sales operations, driving cross-functional collaboration and effective issue resolution.\n•\tDirected product development and successfully launched EDC, QR, O2O, and Paytm POS solutions, reinforcing Paytm’s leadership in the digital payments space.\n•\tExpanded Paytm's digital presence by launching POS and EDC operations with Metro Cash & Carry, enhancing the brand’s position in the wholesale market, and boosting transaction volumes.\n•\tDrove significant GMV growth by strategically placing Paytm mall vouchers in retail outlets, significantly increasing offline sales and improving customer engagement.\n•\tFostered innovation in digital payments through cutting-edge product launches, positioning Paytm as a market leader in digital solutions and mobile payment systems.\n•\tStreamlined POS and EDC operations, improving sales efficiency, operational processes, and market penetration in collaboration with Metro Cash & Carry.\n•\tIdentified new business opportunities, expanding market reach and driving substantial growth in customer base and transaction volumes, resulting in higher sales and broader market engagement."", ""skills"": [""Sourcing"", ""Payment sales"", ""Negotiation"", ""releationship managment"", ""ecommerce"", ""Retail Sales"", ""Sales Operations"", ""Business Development"", ""Area sales manager"", ""Merchant Acquiring"", ""Vendor Management"", ""Products sales"", ""Business Strategy"", ""Direct Sales"", ""Sales"", ""New onboarding"", ""Vendor Negotiation"", ""Sales manager"", ""New Business Development""], ""startDate"": {""month"": ""Dec"", ""year"": 2017, ""text"": ""Dec 2017""}, ""endDate"": {""month"": ""Aug"", ""year"": 2019, ""text"": ""Aug 2019""}, ""companyLogo"": {""url"": ""https://media.licdn.com/dms/image/v2/D560BAQFk1pEHVpJxRQ/company-logo_400_400/B56ZxM_LMOJgAc-/0/1770818156480/paytm_logo?e=1789603200&v=beta&t=3zxpRtbj3cdvW3q8wHFMa91qcOBD7hcARXmkfAfLZx4"", ""sizes"": [{""url"": ""https://media.licdn.com/dms/image/v2/D560BAQFk1pEHVpJxRQ/company-logo_400_400/B56ZxM_LMOJgAc-/0/1770818156480/paytm_logo?e=1789603200&v=beta&t=3zxpRtbj3cdvW3q8wHFMa91qcOBD7hcARXmkfAfLZx4"", ""width"": 400, ""height"": 400}, {""url"": ""https://media.licdn.com/dms/image/v2/D560BAQFk1pEHVpJxRQ/company-logo_200_200/B56ZxM_LMOJgAM-/0/1770818156480/paytm_logo?e=1789603200&v=beta&t=4Uts7MKjSZMVHVrc-dwQvNbjporV6-Vexwq2hqcJ984"", ""width"": 200, ""height"": 200}, {""url"": ""https://media.licdn.com/dms/image/v2/D560BAQFk1pEHVpJxRQ/company-logo_100_100/B56ZxM_LMOJgAU-/0/1770818156480/paytm_logo?e=1789603200&v=beta&t=Q5qBA1XKwV9wdP9U2ReV7VyDo4id5MkU4PtUtRGyqS4"", ""width"": 100, ""height"": 100}]}}, {""position"": ""Sales Manager"", ""location"": ""Delhi NCR"", ""employmentType"": ""Full-time"", ""workplaceType"": ""On-site"", ""companyName"": ""Little Internet Private Limited"", ""companyLinkedinUrl"": ""https://www.linkedin.com/company/9461207/"", ""companyId"": ""9461207"", ""duration"": ""2 yrs 8 mos"", ""description"": ""•\tPioneered sales and operational strategies in the Delhi/NCR region, laying the foundation for the company’s rapid growth and market expansion, helping establish Little App as a key player in the digital deals space.\n•\tSpearheaded merchant acquisition within verticals such as F&B, Wellness, Spa & Beauty, Fitness, and Entertainment & Travel, driving growth and onboarding new partners to diversify product offerings and expand market reach.\n•\tNegotiated high-value partnerships with restaurants ranging from 1-star to 5-stars, enhancing the platform’s partner network and offering customers a diverse selection of deals, increasing platform engagement.\n•\tDeveloped and executed strategic deals, negotiating better discounts with partners, and creating attractive offers that enhanced customer acquisition and retention.\n•\tFostered strong relationships with key partners, advising them on market trends and business solutions, strengthening partnerships and ensuring mutual business growth.\n•\tDeveloped and implemented BTL marketing plans, collaborating with marketing agencies to drive customer outreach, boost market awareness, and increase the platform’s visibility and customer base."", ""skills"": [""Sourcing"", ""releationship managment"", ""ecommerce"", ""Business Development"", ""Area sales manager"", ""Merchant Acquiring"", ""Key Account Development"", ""Products sales"", ""Sales"", ""New onboarding"", ""New Business Development""], ""startDate"": {""month"": ""May"", ""year"": 2015, ""text"": ""May 2015""}, ""endDate"": {""month"": ""Dec"", ""year"": 2017, ""text"": ""Dec 2017""}, ""companyLogo"": {""url"": ""https://media.licdn.com/dms/image/v2/C4D0BAQGJXEa5EC0tQg/company-logo_400_400/company-logo_400_400/0/1631314882811?e=1789603200&v=beta&t=ezcVFTy75FwBQHKVZDmr7ChdJ5v_zqIAUfTl_IufmS8"", ""sizes"": [{""url"": ""https://media.licdn.com/dms/image/v2/C4D0BAQGJXEa5EC0tQg/company-logo_400_400/company-logo_400_400/0/1631314882811?e=1789603200&v=beta&t=ezcVFTy75FwBQHKVZDmr7ChdJ5v_zqIAUfTl_IufmS8"", ""width"": 400, ""height"": 400}, {""url"": ""https://media.licdn.com/dms/image/v2/C4D0BAQGJXEa5EC0tQg/company-logo_200_200/company-logo_200_200/0/1631314882811?e=1789603200&v=beta&t=PMFL1d9Vxx94Ko7xy6UTV1q7kAnzmky2o5iqQtbxR60"", ""width"": 200, ""height"": 200}, {""url"": ""https://media.licdn.com/dms/image/v2/C4D0BAQGJXEa5EC0tQg/company-logo_100_100/company-logo_100_100/0/1631314882811?e=1789603200&v=beta&t=VvqUCE6EWaIHW8O6MUUk_YW9xc5PADAkWs8VilEyxwU"", ""width"": 100, ""height"": 100}]}}, {""position"": ""Business Development Manager"", ""location"": ""okhla phase 1 new delhi"", ""employmentType"": null, ""workplaceType"": null, ""companyName"": ""Falcon18 Imports Pvt. Ltd."", ""companyLinkedinUrl"": ""https://www.linkedin.com/company/2571399/"", ""companyId"": ""2571399"", ""duration"": ""2 yrs 10 mos"", ""description"": ""•\tVendor Network Expansion: Handled new vendor accounts and explored markets to find and onboard new products and vendors.\n•\tPrice Negotiation: Negotiated prices and managed order fulfilment with merchants in the category\n•\tInventory Management: Oversaw stock levels and ensured timely inventory fulfillment from the partners. \n•\tVendor Relations: Handled daily vendor interactions to strengthen market presence and supply chain.\n•\tMarket Analysis: Analyzed market trends, prices, demand, and competition to guide decisions.\n•\tCross-Functional Coordination: Coordinated with the marketing team to launch new products, promote existing products, and update new deals."", ""skills"": [""Sourcing"", ""Negotiation"", ""releationship managment"", ""ecommerce"", ""Retail Sales"", ""Business Development"", ""Partner Relationship Management"", ""Commercial Development"", ""Category Management"", ""Sales"", ""New onboarding"", ""Sales manager"", ""New Business Development""], ""startDate"": {""month"": ""Jul"", ""year"": 2012, ""text"": ""Jul 2012""}, ""endDate"": {""month"": ""Apr"", ""year"": 2015, ""text"": ""Apr 2015""}, ""companyLogo"": {""url"": ""https://media.licdn.com/dms/image/v2/C560BAQF8IO2oBrOZew/company-logo_400_400/company-logo_400_400/0/1631385111000?e=1789603200&v=beta&t=9ipgmzehL1rZNaFp5qgYdh6YwI8jM12SiigPQWDtQkM"", ""sizes"": [{""url"": ""https://media.licdn.com/dms/image/v2/C560BAQF8IO2oBrOZew/company-logo_400_400/company-logo_400_400/0/1631385111000?e=1789603200&v=beta&t=9ipgmzehL1rZNaFp5qgYdh6YwI8jM12SiigPQWDtQkM"", ""width"": 400, ""height"": 400}, {""url"": ""https://media.licdn.com/dms/image/v2/C560BAQF8IO2oBrOZew/company-logo_200_200/company-logo_200_200/0/1631385111000?e=1789603200&v=beta&t=abrk84GWJOWOsFKvXMd_oUGQfq3848PCzJZHIC-SgMk"", ""width"": 200, ""height"": 200}, {""url"": ""https://media.licdn.com/dms/image/v2/C560BAQF8IO2oBrOZew/company-logo_100_100/company-logo_100_100/0/1631385111000?e=1789603200&v=beta&t=RJ4XDmxwfSdsQp95tZsOPLqJZfWoCRW0vwHHq-2zDuU"", ""width"": 100, ""height"": 100}]}}]"
MOHIT,VYAS,https://www.linkedin.com/in/mohitvyas0007,Datacenter | Cloud Computing  | Blockchain | IPV4,"Jaipur, India",CEO & Founder,Lease Packet,https://www.linkedin.com/company/lease-packet/,7 yrs 4 mos,,"[{""position"": ""CEO & Founder"", ""location"": ""India"", ""employmentType"": ""Full-time"", ""workplaceType"": null, ""companyName"": ""Lease Packet"", ""companyLinkedinUrl"": ""https://www.linkedin.com/company/lease-packet/"", ""companyId"": ""35925947"", ""duration"": ""7 yrs 4 mos"", ""description"": null, ""skills"": null, ""startDate"": {""month"": ""May"", ""year"": 2019, ""text"": ""May 2019""}, ""endDate"": {""text"": ""Present""}, ""companyLogo"": {""url"": ""https://media.licdn.com/dms/image/v2/C4D0BAQEM6Rq1lTGjug/company-logo_400_400/company-logo_400_400/0/1672645657166/lease_packet_logo?e=1789603200&v=beta&t=UXKZxD96YpsUzqgFDVkmX_uG3TxVN8K2KRXFyVJ2YLg"", ""sizes"": [{""url"": ""https://media.licdn.com/dms/image/v2/C4D0BAQEM6Rq1lTGjug/company-logo_400_400/company-logo_400_400/0/1672645657166/lease_packet_logo?e=1789603200&v=beta&t=UXKZxD96YpsUzqgFDVkmX_uG3TxVN8K2KRXFyVJ2YLg"", ""width"": 400, ""height"": 400}, {""url"": ""https://media.licdn.com/dms/image/v2/C4D0BAQEM6Rq1lTGjug/company-logo_200_200/company-logo_200_200/0/1672645657166/lease_packet_logo?e=1789603200&v=beta&t=uZRxzOzXQ5XbLjNJPMgROXQVHIilUDd3RaATNx-lRj0"", ""width"": 200, ""height"": 200}, {""url"": ""https://media.licdn.com/dms/image/v2/C4D0BAQEM6Rq1lTGjug/company-logo_100_100/company-logo_100_100/0/1672645657166/lease_packet_logo?e=1789603200&v=beta&t=029vrD_x3gQsYyVrapSjXL7gU6Jk5x5zYol-z4sD1Bo"", ""width"": 100, ""height"": 100}]}, ""companyUniversalName"": ""lease-packet""}, {""position"": ""Founder"", ""location"": ""Jaipur, Rajasthan, India"", ""employmentType"": ""Full-time"", ""workplaceType"": null, ""companyName"": ""SupportFly"", ""companyLinkedinUrl"": ""https://www.linkedin.com/company/supportfly/"", ""companyId"": ""80953729"", ""duration"": ""7 yrs 4 mos"", ""description"": null, ""skills"": null, ""startDate"": {""month"": ""May"", ""year"": 2019, ""text"": ""May 2019""}, ""endDate"": {""text"": ""Present""}, ""companyLogo"": {""url"": ""https://media.licdn.com/dms/image/v2/D560BAQEfdjWzDfs6Rg/company-logo_400_400/company-logo_400_400/0/1716019335250/supportfly_logo?e=1789603200&v=beta&t=t1a3Mwpce8plzlK5KUhZy4y7mamMuPvtjS8kLKBgSsA"", ""sizes"": [{""url"": ""https://media.licdn.com/dms/image/v2/D560BAQEfdjWzDfs6Rg/company-logo_400_400/company-logo_400_400/0/1716019335250/supportfly_logo?e=1789603200&v=beta&t=t1a3Mwpce8plzlK5KUhZy4y7mamMuPvtjS8kLKBgSsA"", ""width"": 400, ""height"": 400}, {""url"": ""https://media.licdn.com/dms/image/v2/D560BAQEfdjWzDfs6Rg/company-logo_200_200/company-logo_200_200/0/1716019335250/supportfly_logo?e=1789603200&v=beta&t=UoB8TL3sSEmcd2YwYWN0pMst33zzI2pNST-PSrL7Wzg"", ""width"": 200, ""height"": 200}, {""url"": ""https://media.licdn.com/dms/image/v2/D560BAQEfdjWzDfs6Rg/company-logo_100_100/company-logo_100_100/0/1716019335250/supportfly_logo?e=1789603200&v=beta&t=vOFVhSTA1ImirBH2-eUk8NXjlMIfqe9caLOwx_OdEJ4"", ""width"": 100, ""height"": 100}]}, ""companyUniversalName"": ""supportfly""}, {""position"": ""Founder"", ""location"": null, ""employmentType"": ""Full-time"", ""workplaceType"": null, ""companyName"": ""LEASEIPx"", ""companyLinkedinUrl"": ""https://www.linkedin.com/company/leaseipx/"", ""companyId"": ""85639393"", ""duration"": ""4 yrs 2 mos"", ""description"": ""IPv4 on Lease\nIPv4 for Sale\nASN Registration\nIP Announcement"", ""skills"": null, ""startDate"": {""month"": ""Jul"", ""year"": 2022, ""text"": ""Jul 2022""}, ""endDate"": {""text"": ""Present""}, ""companyLogo"": {""url"": ""https://media.licdn.com/dms/image/v2/D4D0BAQHDEvgaHqDctQ/company-logo_400_400/company-logo_400_400/0/1663564605461?e=1789603200&v=beta&t=WbHG4UjLljLjYQsbO7dJEZPo21f2HcYBl8zOEj1t6wY"", ""sizes"": [{""url"": ""https://media.licdn.com/dms/image/v2/D4D0BAQHDEvgaHqDctQ/company-logo_400_400/company-logo_400_400/0/1663564605461?e=1789603200&v=beta&t=WbHG4UjLljLjYQsbO7dJEZPo21f2HcYBl8zOEj1t6wY"", ""width"": 400, ""height"": 400}, {""url"": ""https://media.licdn.com/dms/image/v2/D4D0BAQHDEvgaHqDctQ/company-logo_200_200/company-logo_200_200/0/1663564605461?e=1789603200&v=beta&t=RVALGXjVx664wBdSWc9UezmRCuFhpt6x32F1scGkZ-Y"", ""width"": 200, ""height"": 200}, {""url"": ""https://media.licdn.com/dms/image/v2/D4D0BAQHDEvgaHqDctQ/company-logo_100_100/company-logo_100_100/0/1663564605461?e=1789603200&v=beta&t=eY3gm638RtIjn_ZFJ_anDt7asA5JcSyDrqiwHLsgPIs"", ""width"": 100, ""height"": 100}]}, ""companyUniversalName"": ""leaseipx""}]"
Prakash,S.,https://www.linkedin.com/in/prakash-chand-saini,"Founder and CEO, Pinnasys | Enabling businesses to leverage AI for growth","Jaipur, India",Chief Executive Officer,Pinnasys,https://www.linkedin.com/company/pinnasys/,8 mos,"Strategic Partnerships, Business Strategy, Artificial Intelligence (AI), Process Automation","[{""position"": ""Chief Executive Officer"", ""location"": ""Jaipur, Rajasthan, India"", ""employmentType"": ""Full-time"", ""workplaceType"": ""On-site"", ""companyName"": ""Pinnasys"", ""companyLinkedinUrl"": ""https://www.linkedin.com/company/pinnasys/"", ""companyId"": ""111835091"", ""duration"": ""8 mos"", ""description"": ""Our name reflects our core values. 𝐏𝐈𝐍𝐍𝐀 defines our approach:\n𝐏𝐚𝐫𝐭𝐧𝐞𝐫𝐬𝐡𝐢𝐩. We serve as a strategic extension of your team. Your success is our success.\n𝐈𝐧𝐭𝐞𝐠𝐫𝐢𝐭𝐲. Ethical AI, data responsibility, and transparency guide every decision. We advise against AI when it is not the right solution, even at our own expense.\n𝐍𝐞𝐱𝐭-𝐆𝐞𝐧 𝐒𝐨𝐥𝐮𝐭𝐢𝐨𝐧𝐬. We design modern AI architectures that scale, adapt, and remain relevant as technology advances.\n𝐍𝐞𝐞𝐝𝐬 𝐅𝐢𝐫𝐬𝐭. We tailor every solution to real workflows and constraints. Each project is unique.\n𝐀𝐠𝐢𝐥𝐢𝐭𝐲. Our adaptive teams deliver iteratively and build systems that evolve with your data and needs.\n\nAfter a decade, our belief remains: 𝐩𝐢𝐥𝐨𝐭𝐬 𝐚𝐫𝐞 𝐞𝐚𝐬𝐲, 𝐩𝐫𝐨𝐝𝐮𝐜𝐭𝐢𝐨𝐧 𝐢𝐬 𝐭𝐡𝐞 𝐩𝐫𝐨𝐝𝐮𝐜𝐭. We measure success by hours saved, errors reduced, and revenue unlocked."", ""skills"": [""Organizational Development"", ""Product Development"", ""Artificial Intelligence (AI)"", ""Business-to-Business (B2B)"", ""Strategic Partnerships""], ""startDate"": {""month"": ""Jan"", ""year"": 2026, ""text"": ""Jan 2026""}, ""endDate"": {""text"": ""Present""}, ""companyLogo"": {""url"": ""https://media.licdn.com/dms/image/v2/D560BAQFzN0NRGTXsXA/company-logo_400_400/B56Zx0cMc.KUAY-/0/1771480074498/pinnasys_logo?e=1789603200&v=beta&t=jTbA5WknDVIVRtPEWLVFdxJTe-gfdCeUWCXxWnyc7yY"", ""sizes"": [{""url"": ""https://media.licdn.com/dms/image/v2/D560BAQFzN0NRGTXsXA/company-logo_400_400/B56Zx0cMc.KUAY-/0/1771480074498/pinnasys_logo?e=1789603200&v=beta&t=jTbA5WknDVIVRtPEWLVFdxJTe-gfdCeUWCXxWnyc7yY"", ""width"": 400, ""height"": 400}, {""url"": ""https://media.licdn.com/dms/image/v2/D560BAQFzN0NRGTXsXA/company-logo_200_200/B56Zx0cMc.KUAI-/0/1771480074498/pinnasys_logo?e=1789603200&v=beta&t=fAMhBwONppVCEGAElFeLwugn0z8lGBzQuxmA1WDAtic"", ""width"": 200, ""height"": 200}, {""url"": ""https://media.licdn.com/dms/image/v2/D560BAQFzN0NRGTXsXA/company-logo_100_100/B56Zx0cMc.KUAQ-/0/1771480074498/pinnasys_logo?e=1789603200&v=beta&t=8in23qEGauqXDh5q0CR5rGMdTgELHk3W0AGTJ0tLcnM"", ""width"": 100, ""height"": 100}]}, ""companyUniversalName"": ""pinnasys""}, {""position"": ""Managing Director"", ""location"": ""India"", ""employmentType"": ""Full-time"", ""workplaceType"": ""On-site"", ""companyName"": ""Amplework Software Pvt. Ltd."", ""companyLinkedinUrl"": ""https://www.linkedin.com/company/amplework-software-pvt-ltd/"", ""companyId"": ""13758372"", ""duration"": ""11 yrs 2 mos"", ""description"": ""Amplework Software is a technology partner dedicated to delivering innovative digital solutions that address the unique needs of businesses. We specialise in mobile and web app development, custom software, and low-code solutions to help organisations remain competitive in a rapidly changing market. Our team prioritises scalability and efficiency, working closely with partners to drive operational excellence, improve customer experiences, and support sustainable growth."", ""skills"": [""Organizational Development"", ""Product Planning"", ""Change Management"", ""Business-to-Business (B2B)"", ""Business Strategy"", ""Strategic Partnerships"", ""Team Leadership"", ""Team Building""], ""experienceGroupId"": ""45ebc9f196ad304a392d83f3b524a94aac09936c"", ""startDate"": {""month"": ""Jul"", ""year"": 2015, ""text"": ""Jul 2015""}, ""endDate"": {""text"": ""Present""}, ""companyLogo"": {""url"": ""https://media.licdn.com/dms/image/v2/D560BAQEOnc7Rh7iRRg/company-logo_400_400/company-logo_400_400/0/1719255903803/amplework_software_pvt_ltd_logo?e=1789603200&v=beta&t=_bNPhy8IUcXgjF5H2NeC-PDjV5EOYoAfCnLiaQwZJV0"", ""sizes"": [{""url"": ""https://media.licdn.com/dms/image/v2/D560BAQEOnc7Rh7iRRg/company-logo_400_400/company-logo_400_400/0/1719255903803/amplework_software_pvt_ltd_logo?e=1789603200&v=beta&t=_bNPhy8IUcXgjF5H2NeC-PDjV5EOYoAfCnLiaQwZJV0"", ""width"": 400, ""height"": 400}, {""url"": ""https://media.licdn.com/dms/image/v2/D560BAQEOnc7Rh7iRRg/company-logo_200_200/company-logo_200_200/0/1719257875340/amplework_software_pvt_ltd_logo?e=1789603200&v=beta&t=PTkLa7aFLAvesKSQzp8xiWbrZpjwFeb_lZh76nvvT6o"", ""width"": 200, ""height"": 200}, {""url"": ""https://media.licdn.com/dms/image/v2/D560BAQEOnc7Rh7iRRg/company-logo_100_100/company-logo_100_100/0/1719257178129/amplework_software_pvt_ltd_logo?e=1789603200&v=beta&t=9aJjXIv1iKfdRV9gWxJpR1RHfEjCRKj337jaPrk4cR8"", ""width"": 100, ""height"": 100}]}, ""companyUniversalName"": ""amplework-software-pvt-ltd""}, {""position"": ""Co-Founder & CTO"", ""location"": ""Jaipur, Rajasthan, India"", ""employmentType"": ""Full-time"", ""workplaceType"": ""On-site"", ""companyName"": ""Amplework Software Pvt. Ltd."", ""companyLinkedinUrl"": ""https://www.linkedin.com/company/amplework-software-pvt-ltd/"", ""companyId"": ""13758372"", ""duration"": ""11 yrs 2 mos"", ""description"": null, ""skills"": [""Product Development"", ""Product Planning"", ""Mobile Application Development"", ""Full-Stack Development"", ""Machine Learning"", ""Team Building""], ""experienceGroupId"": ""45ebc9f196ad304a392d83f3b524a94aac09936c"", ""startDate"": {""month"": ""Jul"", ""year"": 2015, ""text"": ""Jul 2015""}, ""endDate"": {""text"": ""Present""}, ""companyLogo"": {""url"": ""https://media.licdn.com/dms/image/v2/D560BAQEOnc7Rh7iRRg/company-logo_400_400/company-logo_400_400/0/1719255903803/amplework_software_pvt_ltd_logo?e=1789603200&v=beta&t=_bNPhy8IUcXgjF5H2NeC-PDjV5EOYoAfCnLiaQwZJV0"", ""sizes"": [{""url"": ""https://media.licdn.com/dms/image/v2/D560BAQEOnc7Rh7iRRg/company-logo_400_400/company-logo_400_400/0/1719255903803/amplework_software_pvt_ltd_logo?e=1789603200&v=beta&t=_bNPhy8IUcXgjF5H2NeC-PDjV5EOYoAfCnLiaQwZJV0"", ""width"": 400, ""height"": 400}, {""url"": ""https://media.licdn.com/dms/image/v2/D560BAQEOnc7Rh7iRRg/company-logo_200_200/company-logo_200_200/0/1719257875340/amplework_software_pvt_ltd_logo?e=1789603200&v=beta&t=PTkLa7aFLAvesKSQzp8xiWbrZpjwFeb_lZh76nvvT6o"", ""width"": 200, ""height"": 200}, {""url"": ""https://media.licdn.com/dms/image/v2/D560BAQEOnc7Rh7iRRg/company-logo_100_100/company-logo_100_100/0/1719257178129/amplework_software_pvt_ltd_logo?e=1789603200&v=beta&t=9aJjXIv1iKfdRV9gWxJpR1RHfEjCRKj337jaPrk4cR8"", ""width"": 100, ""height"": 100}]}, ""companyUniversalName"": ""amplework-software-pvt-ltd""}, {""position"": ""Senior Software Engineer"", ""location"": ""Jaipur, Rajasthan, India"", ""employmentType"": ""Full-time"", ""workplaceType"": null, ""companyName"": ""Planet Web Solutions Pvt. Ltd."", ""companyLinkedinUrl"": ""https://www.linkedin.com/company/planetwebsolution/"", ""companyId"": ""1967076"", ""duration"": ""2 yrs 2 mos"", ""description"": ""As a Full Stack Developer, I gained extensive experience in Web Development, JavaScript, Node.js, MongoDB, MySQL, PHP, CakePHP, Laravel, Web Services, Web Applications, and REST APIs. During this time, I played a significant role in developing an employment management SAP application, which was a valuable learning experience for me."", ""skills"": null, ""startDate"": {""month"": ""Jun"", ""year"": 2013, ""text"": ""Jun 2013""}, ""endDate"": {""month"": ""Jul"", ""year"": 2015, ""text"": ""Jul 2015""}, ""companyLogo"": {""url"": ""https://media.licdn.com/dms/image/v2/C510BAQHa3vkDXtqbbQ/company-logo_400_400/company-logo_400_400/0/1630572816770/planetwebsolution_logo?e=1789603200&v=beta&t=0meg_unzqO-Gadx_MrUwQ1a76lOs2PW49eQ-U2GMUqY"", ""sizes"": [{""url"": ""https://media.licdn.com/dms/image/v2/C510BAQHa3vkDXtqbbQ/company-logo_400_400/company-logo_400_400/0/1630572816770/planetwebsolution_logo?e=1789603200&v=beta&t=0meg_unzqO-Gadx_MrUwQ1a76lOs2PW49eQ-U2GMUqY"", ""width"": 400, ""height"": 400}, {""url"": ""https://media.licdn.com/dms/image/v2/C510BAQHa3vkDXtqbbQ/company-logo_200_200/company-logo_200_200/0/1630572816770/planetwebsolution_logo?e=1789603200&v=beta&t=AZoGG5Xf59FZycsrRwKvTwd__TpYHr-jK6XXFUrA23c"", ""width"": 200, ""height"": 200}, {""url"": ""https://media.licdn.com/dms/image/v2/C510BAQHa3vkDXtqbbQ/company-logo_100_100/company-logo_100_100/0/1630572816770/planetwebsolution_logo?e=1789603200&v=beta&t=rV9ZKuWlixrQO_gBf3QqJ35NHMRLIZp2Sd7Yuj9bcvo"", ""width"": 100, ""height"": 100}]}, ""companyUniversalName"": ""planetwebsolution""}, {""position"": ""Software Engineer"", ""location"": null, ""employmentType"": ""Full-time"", ""workplaceType"": ""On-site"", ""companyName"": ""Deemtech Software Pvt. Ltd"", ""companyLinkedinUrl"": ""https://www.linkedin.com/search/results/all/?keywords=Deemtech+Software+Pvt%2E+Ltd"", ""duration"": ""1 yr 4 mos"", ""description"": ""Worked as a software developer on various domains such as  e-commerce, Healthcare, Real Estate, Service On Demand, Social Media and many more.\n\nMy key role was design architecture for website and mobile application, develop website create rest apis."", ""skills"": null, ""startDate"": {""month"": ""Feb"", ""year"": 2012, ""text"": ""Feb 2012""}, ""endDate"": {""month"": ""May"", ""year"": 2013, ""text"": ""May 2013""}}]"
Yogesh,Pant,https://www.linkedin.com/in/yogeshpant,Founder & CEO at Mtoag Technologies | LLM & RAG Expert | Empowering Businesses with AI-Powered Solutions,"Jaipur, India",CEO,Mtoag Technology Pvt Ltd,https://www.linkedin.com/company/mtoag-technology/,17 yrs 3 mos,"Mobile Application Development, Web Development, Software Development, Artificial Intelligence (AI), Blockchain","[{""position"": ""CEO"", ""location"": null, ""employmentType"": null, ""workplaceType"": null, ""companyName"": ""Mtoag Technology Pvt Ltd"", ""companyLinkedinUrl"": ""https://www.linkedin.com/company/mtoag-technology/"", ""companyId"": ""14444570"", ""duration"": ""17 yrs 3 mos"", ""description"": null, ""skills"": null, ""startDate"": {""month"": ""Jun"", ""year"": 2009, ""text"": ""Jun 2009""}, ""endDate"": {""text"": ""Present""}, ""companyLogo"": {""url"": ""https://media.licdn.com/dms/image/v2/C510BAQHd2_1kje0zAQ/company-logo_400_400/company-logo_400_400/0/1630596367985/mtoag_technology_logo?e=1789603200&v=beta&t=wRZjN5qMQdoy5tvVc5kTfzHRoTjIq3oTaUiBBtsGRCQ"", ""sizes"": [{""url"": ""https://media.licdn.com/dms/image/v2/C510BAQHd2_1kje0zAQ/company-logo_400_400/company-logo_400_400/0/1630596367985/mtoag_technology_logo?e=1789603200&v=beta&t=wRZjN5qMQdoy5tvVc5kTfzHRoTjIq3oTaUiBBtsGRCQ"", ""width"": 400, ""height"": 400}, {""url"": ""https://media.licdn.com/dms/image/v2/C510BAQHd2_1kje0zAQ/company-logo_200_200/company-logo_200_200/0/1630596367985/mtoag_technology_logo?e=1789603200&v=beta&t=yGS-o7zaiRuUlbOI01rrT-eCvUBdAwoHcgH_y3RIUn8"", ""width"": 200, ""height"": 200}, {""url"": ""https://media.licdn.com/dms/image/v2/C510BAQHd2_1kje0zAQ/company-logo_100_100/company-logo_100_100/0/1630596367985/mtoag_technology_logo?e=1789603200&v=beta&t=Ir136vzuEepWeBSRIPiQcH1iTFhkTO2tCzniyxrF3wc"", ""width"": 100, ""height"": 100}]}, ""companyUniversalName"": ""mtoag-technology""}]"
Ashish,Biyani,https://www.linkedin.com/in/biyaniashish,Building SEOKart & DeskMoz for Shopify & BigCommerce Stores | $1M+ ARR | Full-stack SEO,"Jaipur, India",Co-Founder,DeskMoz,https://www.linkedin.com/company/deskmoz/,19 yrs 11 mos,"Bootstrapping, Start-up Consulting, Entrepreneurship, SEO, Digital Marketing","[{""position"": ""Co-Founder"", ""location"": ""Jaipur"", ""employmentType"": null, ""workplaceType"": null, ""companyName"": ""DeskMoz"", ""companyLinkedinUrl"": ""https://www.linkedin.com/company/deskmoz/"", ""companyId"": ""6461587"", ""duration"": ""19 yrs 11 mos"", ""description"": ""DeskMoz is a dream project which we managed to bootstrap successfully. DeskMoz deals into providing 24x7 Live Chat Agent services across world. Integrated with top live chat service provider, LiveChat Inc., DeskMoz has been answering hundreds of chats on daily basis.\n- From working as an agent to going on lunch with a client, I take care of anything & everything, whenever needed. \n- Ensure top-notch services to clients ranging from 100 to 100,000 chats. \n- Regular involvement in product enhancement by adding new features on monthly basis.\n- Lead Generation\n- Adwords Management\n- SEO, SMM & Offline Marketing"", ""skills"": null, ""startDate"": {""month"": ""Oct"", ""year"": 2006, ""text"": ""Oct 2006""}, ""endDate"": {""text"": ""Present""}, ""companyLogo"": {""url"": ""https://media.licdn.com/dms/image/v2/C4D0BAQFONG8IgmaUhQ/company-logo_400_400/company-logo_400_400/0/1655210172649/deskmoz_logo?e=1789603200&v=beta&t=gz1r2k-FWkKYNXShmSPtzc_fAwSqKSOQqx6nYUn0WTI"", ""sizes"": [{""url"": ""https://media.licdn.com/dms/image/v2/C4D0BAQFONG8IgmaUhQ/company-logo_400_400/company-logo_400_400/0/1655210172649/deskmoz_logo?e=1789603200&v=beta&t=gz1r2k-FWkKYNXShmSPtzc_fAwSqKSOQqx6nYUn0WTI"", ""width"": 400, ""height"": 400}, {""url"": ""https://media.licdn.com/dms/image/v2/C4D0BAQFONG8IgmaUhQ/company-logo_200_200/company-logo_200_200/0/1655210172649/deskmoz_logo?e=1789603200&v=beta&t=xctqe6iplfFBypNHUtyYATBX8QeHk9_RFxB4mncnrFQ"", ""width"": 200, ""height"": 200}, {""url"": ""https://media.licdn.com/dms/image/v2/C4D0BAQFONG8IgmaUhQ/company-logo_100_100/company-logo_100_100/0/1655210172649/deskmoz_logo?e=1789603200&v=beta&t=PSxn52zCphjcBel2wtI_w_sY82z7SFMfsOdw9IIx8ig"", ""width"": 100, ""height"": 100}]}, ""companyUniversalName"": ""deskmoz""}, {""position"": ""Co-Founder"", ""location"": ""Jaipur, Rajasthan, India"", ""employmentType"": ""Full-time"", ""workplaceType"": ""On-site"", ""companyName"": ""SEOKart"", ""companyLinkedinUrl"": ""https://www.linkedin.com/company/seokartapp/"", ""companyId"": ""93388674"", ""duration"": ""6 yrs 8 mos"", ""description"": ""The All-in-one SEO Optimizer App powered with ChatGPT (AI Assist) is specially designed for Bigcommerce & Shopify Merchants which can help them in optimizing their stores, getting higher rankings, organic traction and revenue. \n\nhttps://www.bigcommerce.com/apps/seokart/\nhttps://apps.shopify.com/seokart"", ""skills"": null, ""startDate"": {""month"": ""Jan"", ""year"": 2020, ""text"": ""Jan 2020""}, ""endDate"": {""text"": ""Present""}, ""companyLogo"": {""url"": ""https://media.licdn.com/dms/image/v2/D4D0BAQFJtbx1CB6q_A/company-logo_400_400/company-logo_400_400/0/1684183290068?e=1789603200&v=beta&t=IebdLhS1SM_r0mCXZPE_r12Gc6VIhUjfmHCcCj1xyGw"", ""sizes"": [{""url"": ""https://media.licdn.com/dms/image/v2/D4D0BAQFJtbx1CB6q_A/company-logo_400_400/company-logo_400_400/0/1684183290068?e=1789603200&v=beta&t=IebdLhS1SM_r0mCXZPE_r12Gc6VIhUjfmHCcCj1xyGw"", ""width"": 400, ""height"": 400}, {""url"": ""https://media.licdn.com/dms/image/v2/D4D0BAQFJtbx1CB6q_A/company-logo_200_200/company-logo_200_200/0/1684183290068?e=1789603200&v=beta&t=3iHTaZoeckxhgdyD_2xG2zrhBHpOZQWNQaveI2uPMVg"", ""width"": 200, ""height"": 200}, {""url"": ""https://media.licdn.com/dms/image/v2/D4D0BAQFJtbx1CB6q_A/company-logo_100_100/company-logo_100_100/0/1684183290068?e=1789603200&v=beta&t=n8cI3O8ef3UXlXAiVPPWfLQf3T0Amk1wU9j-JPauSGM"", ""width"": 100, ""height"": 100}]}, ""companyUniversalName"": ""seokartapp""}, {""position"": ""Director & Co-Founder"", ""location"": ""Jaipur Area, India"", ""employmentType"": ""Full-time"", ""workplaceType"": null, ""companyName"": ""Activant Solutions Pvt Ltd, Jaipur"", ""companyLinkedinUrl"": ""https://www.linkedin.com/company/activant-solutions-jaipur/"", ""companyId"": ""6473717"", ""duration"": ""21 yrs 7 mos"", ""description"": ""Activant Solutions deals in providing non-voice Customer Support, Content Development & Digital Marketing services.\nActivant Solutions is my Identity. I try to contribute maximum in whatever areas my specialization & availability can be utilized.  \nWith a great business partner and awesome team members, I take care of all aspects which can contribute to the growth chart of Activant Solutions. \nI love working on marketing campaigns, website optimization, quality control, product/service expansion, launching new ideas, brand building & keeping everyone active!"", ""skills"": null, ""startDate"": {""month"": ""Feb"", ""year"": 2005, ""text"": ""Feb 2005""}, ""endDate"": {""text"": ""Present""}, ""companyLogo"": {""url"": ""https://media.licdn.com/dms/image/v2/C4D0BAQG5fRF_B9cKwg/company-logo_400_400/company-logo_400_400/0/1630546210966/activant_solutions_jaipur_logo?e=1789603200&v=beta&t=xGcflfSgpqX7wq1Px7R2rE73VoAxk_bX74ixk7RTQ3E"", ""sizes"": [{""url"": ""https://media.licdn.com/dms/image/v2/C4D0BAQG5fRF_B9cKwg/company-logo_400_400/company-logo_400_400/0/1630546210966/activant_solutions_jaipur_logo?e=1789603200&v=beta&t=xGcflfSgpqX7wq1Px7R2rE73VoAxk_bX74ixk7RTQ3E"", ""width"": 400, ""height"": 400}, {""url"": ""https://media.licdn.com/dms/image/v2/C4D0BAQG5fRF_B9cKwg/company-logo_200_200/company-logo_200_200/0/1630546210966/activant_solutions_jaipur_logo?e=1789603200&v=beta&t=dfpX8n_XfNGzkIRYhEk_qhDAOJL2Uos45QCkRIrsGfU"", ""width"": 200, ""height"": 200}, {""url"": ""https://media.licdn.com/dms/image/v2/C4D0BAQG5fRF_B9cKwg/company-logo_100_100/company-logo_100_100/0/1630546210966/activant_solutions_jaipur_logo?e=1789603200&v=beta&t=3DZXD41WqOk4wAwF6AA-7xobpDJeorRDhrTqPBuYb9Y"", ""width"": 100, ""height"": 100}]}, ""companyUniversalName"": ""activant-solutions-jaipur""}, {""position"": ""Trustee & Volunteer"", ""location"": ""Jaipur Area, India"", ""employmentType"": null, ""workplaceType"": null, ""companyName"": ""Rani Biyani Foundation (RBF)"", ""companyLinkedinUrl"": ""https://www.linkedin.com/company/rbfjaipur/"", ""companyId"": ""78421446"", ""duration"": ""17 yrs 8 mos"", ""description"": ""I have been active with Rani Biyani Foundation (RBF) from day 1. From sponsoring education of 80 children to managing 2000+ members blood donors' club, I have given a small fraction of my life to this non-profit organisation. My key responsibilities are: \n- Making arrangements of Education, Books & Uniforms for 80 Kids\n- Providing a platform for various activities conducted in School\n- Blood Donation Camps\n- Blood Donors' Club - Active in Jaipur & integrated with SMS (shortcode) for sharing donors' information.\n- Water Huts\n- Sponsorship for higher education\n- Funding & Donations"", ""skills"": null, ""startDate"": {""month"": ""Jan"", ""year"": 2009, ""text"": ""Jan 2009""}, ""endDate"": {""text"": ""Present""}, ""companyLogo"": {""url"": ""https://media.licdn.com/dms/image/v2/C560BAQGbyWOrKTCc5w/company-logo_400_400/company-logo_400_400/0/1642614943038/rbfjaipur_logo?e=1789603200&v=beta&t=BOdfjNxDTzrIPSoig-mRDMFXURkzA6M2vF6XEtVGe1A"", ""sizes"": [{""url"": ""https://media.licdn.com/dms/image/v2/C560BAQGbyWOrKTCc5w/company-logo_400_400/company-logo_400_400/0/1642614943038/rbfjaipur_logo?e=1789603200&v=beta&t=BOdfjNxDTzrIPSoig-mRDMFXURkzA6M2vF6XEtVGe1A"", ""width"": 400, ""height"": 400}, {""url"": ""https://media.licdn.com/dms/image/v2/C560BAQGbyWOrKTCc5w/company-logo_200_200/company-logo_200_200/0/1642614943038/rbfjaipur_logo?e=1789603200&v=beta&t=JWsjsV0AhyLooZHP6V_KZHDiNY4JDVFruGpjOgJfYa8"", ""width"": 200, ""height"": 200}, {""url"": ""https://media.licdn.com/dms/image/v2/C560BAQGbyWOrKTCc5w/company-logo_100_100/company-logo_100_100/0/1642614943038/rbfjaipur_logo?e=1789603200&v=beta&t=YeS_tgE_nFG27MtW92VOP2pVJbGHo0ImlU3tOQeg4Bw"", ""width"": 100, ""height"": 100}]}, ""companyUniversalName"": ""rbfjaipur""}, {""position"": ""Mentor"", ""location"": ""Jaipur Area, India"", ""employmentType"": null, ""workplaceType"": null, ""companyName"": ""ExamNest"", ""companyLinkedinUrl"": ""https://www.linkedin.com/search/results/all/?keywords=ExamNest"", ""duration"": ""3 yrs 1 mo"", ""description"": ""Mentoring on following areas:\n\n- Concept Finalization\n- Resources Selection & Allocation\n- Technology & Interface\n- Adwords Management\n- SEO\n- Performance Evaluation & Follow Ups\n\nExamNest provides a powerful learning platform equipped with best test series available in the market for the competitive exams like CAT, CLAT, Bank PO etc."", ""skills"": null, ""startDate"": {""month"": ""Aug"", ""year"": 2017, ""text"": ""Aug 2017""}, ""endDate"": {""month"": ""Aug"", ""year"": 2020, ""text"": ""Aug 2020""}}, {""position"": ""Mentor"", ""location"": ""Jaipur Area, India"", ""employmentType"": null, ""workplaceType"": null, ""companyName"": ""Flower Desire"", ""companyLinkedinUrl"": ""https://www.linkedin.com/company/4818935/"", ""companyId"": ""4818935"", ""duration"": ""5 yrs 7 mos"", ""description"": ""- Provided concept & detailed plan for setting up the business\n- Assisted in setting up Marketing Campaign & proper execution\n- Provided concrete guidance for success of the product\n- Worked for SLA optimization\n- Adwords Management\n"", ""skills"": null, ""startDate"": {""month"": ""Jun"", ""year"": 2014, ""text"": ""Jun 2014""}, ""endDate"": {""month"": ""Dec"", ""year"": 2019, ""text"": ""Dec 2019""}, ""companyLogo"": {""url"": ""https://media.licdn.com/dms/image/v2/C560BAQGpzMXxP1EOBg/company-logo_400_400/company-logo_400_400/0/1631330565242?e=1789603200&v=beta&t=BOZY9IHZz54vTD_9gVXtkrj8OQnYbV6LxoYhNxRhC5U"", ""sizes"": [{""url"": ""https://media.licdn.com/dms/image/v2/C560BAQGpzMXxP1EOBg/company-logo_400_400/company-logo_400_400/0/1631330565242?e=1789603200&v=beta&t=BOZY9IHZz54vTD_9gVXtkrj8OQnYbV6LxoYhNxRhC5U"", ""width"": 400, ""height"": 400}, {""url"": ""https://media.licdn.com/dms/image/v2/C560BAQGpzMXxP1EOBg/company-logo_200_200/company-logo_200_200/0/1631330565242?e=1789603200&v=beta&t=1jPLTNZ-2V7gW3pyQZnOQDHnlboiIvzo6e5MnBgjSTo"", ""width"": 200, ""height"": 200}, {""url"": ""https://media.licdn.com/dms/image/v2/C560BAQGpzMXxP1EOBg/company-logo_100_100/company-logo_100_100/0/1631330565242?e=1789603200&v=beta&t=agfSctbKpOs3QnhwUTnkUq_fVnn9USCue6f9eXqlwYc"", ""width"": 100, ""height"": 100}]}}, {""position"": ""Official Partner - India"", ""location"": null, ""employmentType"": null, ""workplaceType"": null, ""companyName"": ""LiveChat - customer service software"", ""companyLinkedinUrl"": ""https://www.linkedin.com/company/91811/"", ""companyId"": ""91811"", ""duration"": ""1 yr 11 mos"", ""description"": ""Partnered with LiveChat Inc.com to promote their Live Chat Software in the Indian market through https://www.LiveChat.co.in. "", ""skills"": null, ""startDate"": {""month"": ""Dec"", ""year"": 2017, ""text"": ""Dec 2017""}, ""endDate"": {""month"": ""Oct"", ""year"": 2019, ""text"": ""Oct 2019""}, ""companyLogo"": {""url"": ""https://media.licdn.com/dms/image/v2/D4D0BAQHUZXh_oJ-Dlw/company-logo_400_400/B4DZ1s8SRVI4AY-/0/1775649236470/text_logo?e=1789603200&v=beta&t=1twRM3DdTNvEzmTolmDW_0xni7F96lyR9DiTWkwM5C8"", ""sizes"": [{""url"": ""https://media.licdn.com/dms/image/v2/D4D0BAQHUZXh_oJ-Dlw/company-logo_400_400/B4DZ1s8SRVI4AY-/0/1775649236470/text_logo?e=1789603200&v=beta&t=1twRM3DdTNvEzmTolmDW_0xni7F96lyR9DiTWkwM5C8"", ""width"": 400, ""height"": 400}, {""url"": ""https://media.licdn.com/dms/image/v2/D4D0BAQHUZXh_oJ-Dlw/company-logo_200_200/B4DZ1s8SRVI4AI-/0/1775649236470/text_logo?e=1789603200&v=beta&t=OuEdCVfCxy7dm6WzbeOFelmQI6GJTPcIUk03-Vyzf40"", ""width"": 200, ""height"": 200}, {""url"": ""https://media.licdn.com/dms/image/v2/D4D0BAQHUZXh_oJ-Dlw/company-logo_100_100/B4DZ1s8SRVI4AQ-/0/1775649236470/text_logo?e=1789603200&v=beta&t=CZQHD05ZUwwsLIi4I1HEewgKVkIsgHbUZeIrLHuvtXc"", ""width"": 100, ""height"": 100}]}}, {""position"": ""Mentor"", ""location"": null, ""employmentType"": null, ""workplaceType"": null, ""companyName"": ""FasterCapital"", ""companyLinkedinUrl"": ""https://www.linkedin.com/company/4793440/"", ""companyId"": ""4793440"", ""duration"": ""1 yr 4 mos"", ""description"": ""Became part of FasterCapital - VC firm based out of Dubai. I will be sharing my digital marketing knowledge and skills with the startups under their acceleration and incubation program. "", ""skills"": null, ""startDate"": {""month"": ""Dec"", ""year"": 2017, ""text"": ""Dec 2017""}, ""endDate"": {""month"": ""Mar"", ""year"": 2019, ""text"": ""Mar 2019""}, ""companyLogo"": {""url"": ""https://media.licdn.com/dms/image/v2/D4E0BAQGhgg0uRLYPiw/company-logo_400_400/company-logo_400_400/0/1729513313914/fastercapital_logo?e=1789603200&v=beta&t=_jdqY_TXQs7-KxP6QI-KP9qiX6jVbXwDhz57nXL1RuA"", ""sizes"": [{""url"": ""https://media.licdn.com/dms/image/v2/D4E0BAQGhgg0uRLYPiw/company-logo_400_400/company-logo_400_400/0/1729513313914/fastercapital_logo?e=1789603200&v=beta&t=_jdqY_TXQs7-KxP6QI-KP9qiX6jVbXwDhz57nXL1RuA"", ""width"": 400, ""height"": 400}, {""url"": ""https://media.licdn.com/dms/image/v2/D4E0BAQGhgg0uRLYPiw/company-logo_200_200/company-logo_200_200/0/1729513313914/fastercapital_logo?e=1789603200&v=beta&t=ze6zsU5RHD_VaGf78HrfTyXEZDF5Psi-lt9wz1D9uhA"", ""width"": 200, ""height"": 200}, {""url"": ""https://media.licdn.com/dms/image/v2/D4E0BAQGhgg0uRLYPiw/company-logo_100_100/company-logo_100_100/0/1729513313914/fastercapital_logo?e=1789603200&v=beta&t=08v4E0AFM-ubasnjx3lOkwifaAIBSM9NPzDMFoFP1EA"", ""width"": 100, ""height"": 100}]}}, {""position"": ""Assistant Marketing Manager"", ""location"": ""Jaipur Area, India"", ""employmentType"": null, ""workplaceType"": null, ""companyName"": ""Lotus Education"", ""companyLinkedinUrl"": ""https://www.linkedin.com/search/results/all/?keywords=Lotus+Education"", ""duration"": ""8 mos"", ""description"": ""I looked after business development during my association with Lotus Education. I was responsible for:\n- Lead Generation\n- Launching new educational programs like Samvad\n- Conducting Mock Tests\n- Career & Product Counselling\n- Vendor Management\n- Brand Building"", ""skills"": null, ""startDate"": {""month"": ""May"", ""year"": 2004, ""text"": ""May 2004""}, ""endDate"": {""month"": ""Dec"", ""year"": 2004, ""text"": ""Dec 2004""}}]"
Shankar,Morwal,https://www.linkedin.com/in/shankarmorwal,Founder CTO at HabileLabs | IIMA (Pursuing-Senior Management program) | MNIT Jaipur Alumni | CTO at iSEEit | Digital transformation Consultant | Driving AI & Cloud Innovation,"Jaipur, India",Chief Technology Officer and Founder ,Habilelabs Pvt. Ltd.,https://www.linkedin.com/company/habilelabs/,10 yrs 5 mos,,"[{""position"": ""Chief Technology Officer and Founder "", ""location"": ""Greater Jaipur Area"", ""employmentType"": ""Full-time"", ""workplaceType"": null, ""companyName"": ""Habilelabs Pvt. Ltd."", ""companyLinkedinUrl"": ""https://www.linkedin.com/company/habilelabs/"", ""companyId"": ""13199263"", ""duration"": ""10 yrs 5 mos"", ""description"": ""My passion lies in immersing myself in the ever-changing world of mobile and web technologies. As a leader, I enjoy mentoring and guiding young programmers through speeches and training sessions held at our studio in Jaipur, India.\n\nHere are some key aspects of my experience:\n\nLeading a High-Performing Team: I take pride in leading a team of 160+ developers, inspiring them to excel and achieve remarkable results in their projects.\n\nVisionary Leadership: Throughout my career, I have spearheaded the company's technical vision, playing a pivotal role in driving the development of cutting-edge solutions.\n\nTechnology Research and Implementation: My passion for innovation extends to researching and conducting case studies on leading-edge technologies. This enables me to make informed decisions on their implementation, contributing to our company's growth and competitiveness.\n\nEmpowering Young Developers: As an advocate for knowledge sharing and skill development, I actively participate in training sessions for young developers. My goal is to nurture a talented and skilled team capable of delivering high-quality solutions within deadlines.\n\nCustomer-Centric Approach: Understanding the unique needs of our customers is vital. I assist them in selecting the most suitable technology stacks for their projects, ensuring the success of their ventures.\n\nIn summary, my dedication to staying at the forefront of technology and empowering the next generation of programmers has been instrumental in achieving both personal and professional fulfillment."", ""skills"": [""Node.js"", ""React.js"", ""Salesforce Sales Cloud"", ""Team Building"", ""gcloud"", ""Artificial Intelligence (AI)"", ""Leadership"", ""Technical Leadership"", ""JavaScript"", ""Cubejs"", ""Amazon Web Services (AWS)"", ""Microsoft Azure"", ""Cloud Computing"", ""Consulting""], ""startDate"": {""month"": ""Apr"", ""year"": 2016, ""text"": ""Apr 2016""}, ""endDate"": {""text"": ""Present""}, ""companyLogo"": {""url"": ""https://media.licdn.com/dms/image/v2/D560BAQH0zhfdlB8qPg/company-logo_400_400/B56ZwD2pSEHIAY-/0/1769591182951/habilelabs_logo?e=1789603200&v=beta&t=Z_j4hlzXjBTfk913krXcuEZM2DsxT3dJecB7oXA8u00"", ""sizes"": [{""url"": ""https://media.licdn.com/dms/image/v2/D560BAQH0zhfdlB8qPg/company-logo_400_400/B56ZwD2pSEHIAY-/0/1769591182951/habilelabs_logo?e=1789603200&v=beta&t=Z_j4hlzXjBTfk913krXcuEZM2DsxT3dJecB7oXA8u00"", ""width"": 400, ""height"": 400}, {""url"": ""https://media.licdn.com/dms/image/v2/D560BAQH0zhfdlB8qPg/company-logo_200_200/B56ZwD2pSEHIAI-/0/1769591182951/habilelabs_logo?e=1789603200&v=beta&t=7A2eNPHAXF0OLp2lZZi5dDsYLZ5auBPfY8uJHWgziSs"", ""width"": 200, ""height"": 200}, {""url"": ""https://media.licdn.com/dms/image/v2/D560BAQH0zhfdlB8qPg/company-logo_100_100/B56ZwD2pSEHIAQ-/0/1769591182951/habilelabs_logo?e=1789603200&v=beta&t=ODRWuMD--l0SvghU6QuYkWR7JkYKGdkzdOxEushkh3I"", ""width"": 100, ""height"": 100}]}, ""companyUniversalName"": ""habilelabs""}, {""position"": ""Technical and Functional Architect / Chief Technology Officer"", ""location"": null, ""employmentType"": ""Full-time"", ""workplaceType"": null, ""companyName"": ""iSEEit Inc."", ""companyLinkedinUrl"": ""https://www.linkedin.com/company/iseeit-inc-/"", ""companyId"": ""5142373"", ""duration"": ""8 yrs 5 mos"", ""description"": ""As part of my role, I am responsible for:\n\nProduct Design: I design both the technical and functional aspects of our products, ensuring they align with the company's vision and customer requirements.\n\nCustomer-Centric Approach: I maintain close connections with business teams and end customers, actively learning about their needs and aligning team goals accordingly.\n\nStrategic Development: I develop the technical aspects of the company's strategy, ensuring it complements our business objectives and fosters growth.\n\nTechnology Adoption: I explore and implement new technologies that provide a competitive advantage, keeping our company at the forefront of innovation.\n\nInfrastructure Oversight: I supervise the system infrastructure to ensure optimal functionality and efficiency, enhancing overall operational performance.\n\nQuality Assurance & Data Protection: I establish robust quality assurance and data protection processes, safeguarding our products and customers' data.\n\nPerformance Monitoring: I monitor KPIs and IT budgets to assess technological performance, identifying areas for improvement and optimization.\n\nContinuous Improvement: I use feedback from stakeholders to inform necessary improvements and adjustments to our technology, enhancing user experience and satisfaction.\n\nEffective Communication: I effectively communicate our technology strategy to partners and investors, fostering transparency and trust."", ""skills"": [""Salesforce Sales Cloud"", ""Salesforce.com Consulting"", ""Apex Programming"", ""Lightning Web Components""], ""startDate"": {""month"": ""Apr"", ""year"": 2018, ""text"": ""Apr 2018""}, ""endDate"": {""text"": ""Present""}, ""companyLogo"": {""url"": ""https://media.licdn.com/dms/image/v2/C4E0BAQEiaJfqfWowHw/company-logo_400_400/company-logo_400_400/0/1630615150803/iseeit_inc__logo?e=1789603200&v=beta&t=Wc5Zi5-0r3QcSBfA1g0_F4sy9MWV4SMd88ety2ecG_M"", ""sizes"": [{""url"": ""https://media.licdn.com/dms/image/v2/C4E0BAQEiaJfqfWowHw/company-logo_400_400/company-logo_400_400/0/1630615150803/iseeit_inc__logo?e=1789603200&v=beta&t=Wc5Zi5-0r3QcSBfA1g0_F4sy9MWV4SMd88ety2ecG_M"", ""width"": 400, ""height"": 400}, {""url"": ""https://media.licdn.com/dms/image/v2/C4E0BAQEiaJfqfWowHw/company-logo_200_200/company-logo_200_200/0/1630615150803/iseeit_inc__logo?e=1789603200&v=beta&t=sacU1YR_NUIu8rXK5FET0s-Bu9ypRtV7BEKcyPCklIM"", ""width"": 200, ""height"": 200}, {""url"": ""https://media.licdn.com/dms/image/v2/C4E0BAQEiaJfqfWowHw/company-logo_100_100/company-logo_100_100/0/1630615150803/iseeit_inc__logo?e=1789603200&v=beta&t=CsdHxAhEreASKawi3sbciZMct_uWt4usBNuko6qiILM"", ""width"": 100, ""height"": 100}]}, ""companyUniversalName"": ""iseeit-inc-""}, {""position"": ""Senior Software Engineer"", ""location"": ""Gurugram, Haryana, India"", ""employmentType"": ""Full-time"", ""workplaceType"": null, ""companyName"": ""Nagarro"", ""companyLinkedinUrl"": ""https://www.linkedin.com/company/nagarro/"", ""companyId"": ""11902"", ""duration"": ""2 yrs 5 mos"", ""description"": ""As part of my role:\n\nTeam Leadership: I successfully led a team of 5+ developers, fostering a collaborative environment and inspiring them to achieve exceptional results.\n\nPioneering JavaScript Technologies: As one of the first adopters of JavaScript-based technologies, I stayed ahead of the curve, leveraging cutting-edge tools and frameworks to drive innovation.\n\nTechnology Research and Implementation: I conducted extensive research and case studies on cutting-edge technologies, allowing me to make informed decisions on their practical implementation.\n\nCustom Solutions Delivery: By leveraging my expertise and leadership, I helped the team deliver tailor-made solutions to multiple customers, meeting their unique requirements effectively."", ""skills"": [""Node.js"", ""React.js"", ""Web Application Development"", ""Angular"", ""Salesforce.com Development"", ""Mobile Applications"", ""Next.js""], ""startDate"": {""month"": ""Nov"", ""year"": 2013, ""text"": ""Nov 2013""}, ""endDate"": {""month"": ""Mar"", ""year"": 2016, ""text"": ""Mar 2016""}, ""companyLogo"": {""url"": ""https://media.licdn.com/dms/image/v2/D4D0BAQHu-RIXbSi0fw/company-logo_400_400/company-logo_400_400/0/1688362226392/nagarro_logo?e=1789603200&v=beta&t=mxyDdfqQpltfTyOGP6jyoJ_wE064tagxFhu624Dn5RM"", ""sizes"": [{""url"": ""https://media.licdn.com/dms/image/v2/D4D0BAQHu-RIXbSi0fw/company-logo_400_400/company-logo_400_400/0/1688362226392/nagarro_logo?e=1789603200&v=beta&t=mxyDdfqQpltfTyOGP6jyoJ_wE064tagxFhu624Dn5RM"", ""width"": 400, ""height"": 400}, {""url"": ""https://media.licdn.com/dms/image/v2/D4D0BAQHu-RIXbSi0fw/company-logo_200_200/company-logo_200_200/0/1688362226392/nagarro_logo?e=1789603200&v=beta&t=HLkZknrNlHy79x-_OYSOkLCXzkp3Ygn1OXJ0c-vHxDc"", ""width"": 200, ""height"": 200}, {""url"": ""https://media.licdn.com/dms/image/v2/D4D0BAQHu-RIXbSi0fw/company-logo_100_100/company-logo_100_100/0/1688362226392/nagarro_logo?e=1789603200&v=beta&t=yhDQR2g0LViqoGEnBrH5rJdp3AsYwxmxxCdjqBL0NdU"", ""width"": 100, ""height"": 100}]}, ""companyUniversalName"": ""nagarro""}, {""position"": ""Senior Associate"", ""location"": ""Noida"", ""employmentType"": ""Full-time"", ""workplaceType"": ""On-site"", ""companyName"": ""Headstrong"", ""companyLinkedinUrl"": ""https://www.linkedin.com/company/headstrong/"", ""companyId"": ""4386"", ""duration"": ""2 yrs 6 mos"", ""description"": ""In my role, I am responsible for:\n\nClient Interaction: I engage with clients, understand their requirements, and provide effective solutions to meet their needs.\n\nMaintenance and Enhancements: I perform maintenance tasks and implement feature enhancements to continuously improve product functionality and user experience.\n\nFurthermore, I have been involved in significant projects, including:\n\nFlagship Product Development: I played a pivotal role in developing a flagship product for a multinational corporation, which catered to over 1 million users. The product featured natural voice interactions with users, enhancing its accessibility and usability.\n\nText-to-Speech Technology: I have been an integral part of multiple text-to-speech technology product development teams, contributing to the advancement of this cutting-edge field."", ""skills"": [""Java Enterprise Edition"", ""Microsoft SQL Server"", ""Linux"", ""Core Java"", ""C++""], ""startDate"": {""month"": ""Jun"", ""year"": 2011, ""text"": ""Jun 2011""}, ""endDate"": {""month"": ""Nov"", ""year"": 2013, ""text"": ""Nov 2013""}, ""companyLogo"": {""url"": ""https://media.licdn.com/dms/image/v2/C560BAQFj23wnTEuWzA/company-logo_400_400/company-logo_400_400/0/1631328643368?e=1789603200&v=beta&t=gPK_ImbwCwMy2M7bnaYyE61CAnoXtXSGX_CFRZr8lKo"", ""sizes"": [{""url"": ""https://media.licdn.com/dms/image/v2/C560BAQFj23wnTEuWzA/company-logo_400_400/company-logo_400_400/0/1631328643368?e=1789603200&v=beta&t=gPK_ImbwCwMy2M7bnaYyE61CAnoXtXSGX_CFRZr8lKo"", ""width"": 400, ""height"": 400}, {""url"": ""https://media.licdn.com/dms/image/v2/C560BAQFj23wnTEuWzA/company-logo_200_200/company-logo_200_200/0/1631328643368?e=1789603200&v=beta&t=pgBmnoG3MibF4mjNI6XybK788eTFI75T1V9jA4XAKEI"", ""width"": 200, ""height"": 200}, {""url"": ""https://media.licdn.com/dms/image/v2/C560BAQFj23wnTEuWzA/company-logo_100_100/company-logo_100_100/0/1631328643368?e=1789603200&v=beta&t=1zyoWOwvN1TI2nR83GutQCk935CKgZmWQb9SKAqqATw"", ""width"": 100, ""height"": 100}]}, ""companyUniversalName"": ""headstrong""}]"
Tanzeem,Khan,https://www.linkedin.com/in/tanzykhan,Entrepreneur & Co-Founder | Business Growth Partner | Tech Strategy Consultant | Helping Businesses Succeed through Technology,"Jaipur, India",Co-Founder,Gekonova,https://www.linkedin.com/company/gekonova/,1 yr 4 mos,,"[{""position"": ""Co-Founder"", ""location"": ""United Kingdom"", ""employmentType"": ""Full-time"", ""workplaceType"": ""Hybrid"", ""companyName"": ""Gekonova"", ""companyLinkedinUrl"": ""https://www.linkedin.com/company/gekonova/"", ""companyId"": ""107701282"", ""duration"": ""1 yr 4 mos"", ""description"": null, ""skills"": null, ""startDate"": {""month"": ""May"", ""year"": 2025, ""text"": ""May 2025""}, ""endDate"": {""text"": ""Present""}, ""companyLogo"": {""url"": ""https://media.licdn.com/dms/image/v2/D4E0BAQF9yUGXpeclbA/company-logo_400_400/B4EZd5X2zzHcAs-/0/1750087987348/gekonova_logo?e=1789603200&v=beta&t=cmgF3d4BPkiq1OHHWuQpmzq3wnbNxXIxPu0x1hcS8OI"", ""sizes"": [{""url"": ""https://media.licdn.com/dms/image/v2/D4E0BAQF9yUGXpeclbA/company-logo_400_400/B4EZd5X2zzHcAs-/0/1750087987348/gekonova_logo?e=1789603200&v=beta&t=cmgF3d4BPkiq1OHHWuQpmzq3wnbNxXIxPu0x1hcS8OI"", ""width"": 400, ""height"": 400}, {""url"": ""https://media.licdn.com/dms/image/v2/D4E0BAQF9yUGXpeclbA/company-logo_200_200/B4EZd5X2zzHcAc-/0/1750087987348/gekonova_logo?e=1789603200&v=beta&t=_0BI73UhOaoT9FmaM5GDL7qXwaXBbulU8MwW0kDsXhM"", ""width"": 200, ""height"": 200}, {""url"": ""https://media.licdn.com/dms/image/v2/D4E0BAQF9yUGXpeclbA/company-logo_100_100/B4EZd5X2zzHcAk-/0/1750087987348/gekonova_logo?e=1789603200&v=beta&t=W6vutmo5o_feyKvneeVe5R7rseJ1vhiAILPOSjCTnA0"", ""width"": 100, ""height"": 100}]}, ""companyUniversalName"": ""gekonova""}, {""position"": ""Co-Founder"", ""location"": ""Jaipur, Rajasthan, India"", ""employmentType"": ""Full-time"", ""workplaceType"": ""On-site"", ""companyName"": ""Sublimity Softwares Private Limited"", ""companyLinkedinUrl"": ""https://www.linkedin.com/company/sublimitysoftwares/"", ""companyId"": ""86680395"", ""duration"": ""2 yrs"", ""description"": null, ""skills"": null, ""startDate"": {""month"": ""Sep"", ""year"": 2024, ""text"": ""Sep 2024""}, ""endDate"": {""text"": ""Present""}, ""companyLogo"": {""url"": ""https://media.licdn.com/dms/image/v2/D560BAQFAUwMofHOE0w/company-logo_400_400/B56Zql_0LLJoAY-/0/1763721561302/sublimitysoftwares_logo?e=1789603200&v=beta&t=mor8ymIRtMpJpCNz8QHswt79eBgaxTwxDA-IqZweRNE"", ""sizes"": [{""url"": ""https://media.licdn.com/dms/image/v2/D560BAQFAUwMofHOE0w/company-logo_400_400/B56Zql_0LLJoAY-/0/1763721561302/sublimitysoftwares_logo?e=1789603200&v=beta&t=mor8ymIRtMpJpCNz8QHswt79eBgaxTwxDA-IqZweRNE"", ""width"": 400, ""height"": 400}, {""url"": ""https://media.licdn.com/dms/image/v2/D560BAQFAUwMofHOE0w/company-logo_200_200/B56Zql_0LLJoAI-/0/1763721561302/sublimitysoftwares_logo?e=1789603200&v=beta&t=JsIxE_7b2_4Uw8xrTOPjJGMK0iXUMldAxDRu_vpPbUo"", ""width"": 200, ""height"": 200}, {""url"": ""https://media.licdn.com/dms/image/v2/D560BAQFAUwMofHOE0w/company-logo_100_100/B56Zql_0LLJoAQ-/0/1763721561302/sublimitysoftwares_logo?e=1789603200&v=beta&t=rHVT_duJZytfzGjRoj-xBX5TSg2ft4Y0b-P1kmGRmDM"", ""width"": 100, ""height"": 100}]}, ""companyUniversalName"": ""sublimitysoftwares""}, {""position"": ""Sr. Business Analyst"", ""location"": ""Ahmedabad, Gujarat, India"", ""employmentType"": ""Full-time"", ""workplaceType"": null, ""companyName"": ""Mobiquity Inc."", ""companyLinkedinUrl"": ""https://www.linkedin.com/company/mobiquityinc/"", ""companyId"": ""2084011"", ""duration"": ""2 yrs 10 mos"", ""description"": null, ""skills"": null, ""startDate"": {""month"": ""Nov"", ""year"": 2021, ""text"": ""Nov 2021""}, ""endDate"": {""month"": ""Aug"", ""year"": 2024, ""text"": ""Aug 2024""}, ""companyLogo"": {""url"": ""https://media.licdn.com/dms/image/v2/D4E0BAQE8R2RZs6sWRA/company-logo_400_400/company-logo_400_400/0/1687947399111/mobiquityinc_logo?e=1789603200&v=beta&t=WWnYQfopVn3QpSLDP-v5-cWs_D8PiFSZw7Nmt7J92b0"", ""sizes"": [{""url"": ""https://media.licdn.com/dms/image/v2/D4E0BAQE8R2RZs6sWRA/company-logo_400_400/company-logo_400_400/0/1687947399111/mobiquityinc_logo?e=1789603200&v=beta&t=WWnYQfopVn3QpSLDP-v5-cWs_D8PiFSZw7Nmt7J92b0"", ""width"": 400, ""height"": 400}, {""url"": ""https://media.licdn.com/dms/image/v2/D4E0BAQE8R2RZs6sWRA/company-logo_200_200/company-logo_200_200/0/1687947399111/mobiquityinc_logo?e=1789603200&v=beta&t=K_6Mv0e8ILS6l4EgwjyKXVu5ORcFBCgyvvR_X8N-aig"", ""width"": 200, ""height"": 200}, {""url"": ""https://media.licdn.com/dms/image/v2/D4E0BAQE8R2RZs6sWRA/company-logo_100_100/company-logo_100_100/0/1687947399111/mobiquityinc_logo?e=1789603200&v=beta&t=WvNeUByucZAVrsmhUdhXvVAdSQUQwHs8SCGPa4uOVwo"", ""width"": 100, ""height"": 100}]}, ""companyUniversalName"": ""mobiquityinc""}, {""position"": ""Project Manager"", ""location"": ""Jaipur, Rajasthan, India"", ""employmentType"": ""Full-time"", ""workplaceType"": null, ""companyName"": ""Dotsquares"", ""companyLinkedinUrl"": ""https://www.linkedin.com/company/dotsquares/"", ""companyId"": ""142960"", ""duration"": ""1 yr 9 mos"", ""description"": null, ""skills"": null, ""startDate"": {""month"": ""Apr"", ""year"": 2020, ""text"": ""Apr 2020""}, ""endDate"": {""month"": ""Dec"", ""year"": 2021, ""text"": ""Dec 2021""}, ""companyLogo"": {""url"": ""https://media.licdn.com/dms/image/v2/D4E0BAQF3sGWY2j7l-A/company-logo_400_400/company-logo_400_400/0/1667320073668/dotsquares_logo?e=1789603200&v=beta&t=SdmUEa19Tt6bO-kmxgy2Xckl6eRQaGGTeqY-oGLRbZM"", ""sizes"": [{""url"": ""https://media.licdn.com/dms/image/v2/D4E0BAQF3sGWY2j7l-A/company-logo_400_400/company-logo_400_400/0/1667320073668/dotsquares_logo?e=1789603200&v=beta&t=SdmUEa19Tt6bO-kmxgy2Xckl6eRQaGGTeqY-oGLRbZM"", ""width"": 400, ""height"": 400}, {""url"": ""https://media.licdn.com/dms/image/v2/D4E0BAQF3sGWY2j7l-A/company-logo_200_200/company-logo_200_200/0/1667320073668/dotsquares_logo?e=1789603200&v=beta&t=3TUnH9ENQLHITJ-jRobYNauDstA911ETCXwQ70vo9SI"", ""width"": 200, ""height"": 200}, {""url"": ""https://media.licdn.com/dms/image/v2/D4E0BAQF3sGWY2j7l-A/company-logo_100_100/company-logo_100_100/0/1667320073668/dotsquares_logo?e=1789603200&v=beta&t=kw9IUkgfHfyVSKlaRS9Uma3PyQh6j4D9hmLx3uSUyL0"", ""width"": 100, ""height"": 100}]}, ""companyUniversalName"": ""dotsquares""}, {""position"": ""Sr. Business Analyst"", ""location"": ""Jaipur Area, India"", ""employmentType"": null, ""workplaceType"": null, ""companyName"": ""ProTechGenie"", ""companyLinkedinUrl"": ""https://www.linkedin.com/company/protechgenie/"", ""companyId"": ""13351192"", ""duration"": ""1 yr 6 mos"", ""description"": null, ""skills"": null, ""experienceGroupId"": ""9b26df91f3ae65a12d89d56c6ccacf7fa0d3050f"", ""startDate"": {""month"": ""Nov"", ""year"": 2018, ""text"": ""Nov 2018""}, ""endDate"": {""month"": ""Apr"", ""year"": 2020, ""text"": ""Apr 2020""}, ""companyLogo"": {""url"": ""https://media.licdn.com/dms/image/v2/C560BAQH7ZhJR6ClWkA/company-logo_400_400/company-logo_400_400/0/1631332119967?e=1789603200&v=beta&t=vcnQdvdof3bgjAbPmd5i9R2OPXHBmPMT9c86MSHP5f4"", ""sizes"": [{""url"": ""https://media.licdn.com/dms/image/v2/C560BAQH7ZhJR6ClWkA/company-logo_400_400/company-logo_400_400/0/1631332119967?e=1789603200&v=beta&t=vcnQdvdof3bgjAbPmd5i9R2OPXHBmPMT9c86MSHP5f4"", ""width"": 400, ""height"": 400}, {""url"": ""https://media.licdn.com/dms/image/v2/C560BAQH7ZhJR6ClWkA/company-logo_200_200/company-logo_200_200/0/1631332119967?e=1789603200&v=beta&t=gnJ2EBa56hsVDIou2GosVa8oBrSaj8caa9URgCb8QZE"", ""width"": 200, ""height"": 200}, {""url"": ""https://media.licdn.com/dms/image/v2/C560BAQH7ZhJR6ClWkA/company-logo_100_100/company-logo_100_100/0/1631332119967?e=1789603200&v=beta&t=dgSyfCjc1F1mUWwn0rlANYezfOCRuYUjFqtNco6vifc"", ""width"": 100, ""height"": 100}]}, ""companyUniversalName"": ""protechgenie""}, {""position"": ""Sr. Business Analyst"", ""location"": ""Greater Jaipur Area"", ""employmentType"": null, ""workplaceType"": null, ""companyName"": ""ProTechGenie"", ""companyLinkedinUrl"": ""https://www.linkedin.com/company/protechgenie/"", ""companyId"": ""13351192"", ""duration"": ""1 yr 6 mos"", ""description"": null, ""skills"": null, ""experienceGroupId"": ""9b26df91f3ae65a12d89d56c6ccacf7fa0d3050f"", ""startDate"": {""month"": ""Nov"", ""year"": 2018, ""text"": ""Nov 2018""}, ""endDate"": {""month"": ""Apr"", ""year"": 2020, ""text"": ""Apr 2020""}, ""companyLogo"": {""url"": ""https://media.licdn.com/dms/image/v2/C560BAQH7ZhJR6ClWkA/company-logo_400_400/company-logo_400_400/0/1631332119967?e=1789603200&v=beta&t=vcnQdvdof3bgjAbPmd5i9R2OPXHBmPMT9c86MSHP5f4"", ""sizes"": [{""url"": ""https://media.licdn.com/dms/image/v2/C560BAQH7ZhJR6ClWkA/company-logo_400_400/company-logo_400_400/0/1631332119967?e=1789603200&v=beta&t=vcnQdvdof3bgjAbPmd5i9R2OPXHBmPMT9c86MSHP5f4"", ""width"": 400, ""height"": 400}, {""url"": ""https://media.licdn.com/dms/image/v2/C560BAQH7ZhJR6ClWkA/company-logo_200_200/company-logo_200_200/0/1631332119967?e=1789603200&v=beta&t=gnJ2EBa56hsVDIou2GosVa8oBrSaj8caa9URgCb8QZE"", ""width"": 200, ""height"": 200}, {""url"": ""https://media.licdn.com/dms/image/v2/C560BAQH7ZhJR6ClWkA/company-logo_100_100/company-logo_100_100/0/1631332119967?e=1789603200&v=beta&t=dgSyfCjc1F1mUWwn0rlANYezfOCRuYUjFqtNco6vifc"", ""width"": 100, ""height"": 100}]}, ""companyUniversalName"": ""protechgenie""}, {""position"": ""Sr. Business Analyst"", ""location"": ""Jaipur, Rajasthan, India"", ""employmentType"": null, ""workplaceType"": null, ""companyName"": ""Dotsquares"", ""companyLinkedinUrl"": ""https://www.linkedin.com/company/dotsquares/"", ""companyId"": ""142960"", ""duration"": ""1 yr 5 mos"", ""description"": null, ""skills"": null, ""startDate"": {""month"": ""Jul"", ""year"": 2017, ""text"": ""Jul 2017""}, ""endDate"": {""month"": ""Nov"", ""year"": 2018, ""text"": ""Nov 2018""}, ""companyLogo"": {""url"": ""https://media.licdn.com/dms/image/v2/D4E0BAQF3sGWY2j7l-A/company-logo_400_400/company-logo_400_400/0/1667320073668/dotsquares_logo?e=1789603200&v=beta&t=SdmUEa19Tt6bO-kmxgy2Xckl6eRQaGGTeqY-oGLRbZM"", ""sizes"": [{""url"": ""https://media.licdn.com/dms/image/v2/D4E0BAQF3sGWY2j7l-A/company-logo_400_400/company-logo_400_400/0/1667320073668/dotsquares_logo?e=1789603200&v=beta&t=SdmUEa19Tt6bO-kmxgy2Xckl6eRQaGGTeqY-oGLRbZM"", ""width"": 400, ""height"": 400}, {""url"": ""https://media.licdn.com/dms/image/v2/D4E0BAQF3sGWY2j7l-A/company-logo_200_200/company-logo_200_200/0/1667320073668/dotsquares_logo?e=1789603200&v=beta&t=3TUnH9ENQLHITJ-jRobYNauDstA911ETCXwQ70vo9SI"", ""width"": 200, ""height"": 200}, {""url"": ""https://media.licdn.com/dms/image/v2/D4E0BAQF3sGWY2j7l-A/company-logo_100_100/company-logo_100_100/0/1667320073668/dotsquares_logo?e=1789603200&v=beta&t=kw9IUkgfHfyVSKlaRS9Uma3PyQh6j4D9hmLx3uSUyL0"", ""width"": 100, ""height"": 100}]}, ""companyUniversalName"": ""dotsquares""}, {""position"": ""Sr. Business Analyst"", ""location"": ""Jaipur, Rajasthan, India"", ""employmentType"": null, ""workplaceType"": null, ""companyName"": ""Endive Software"", ""companyLinkedinUrl"": ""https://www.linkedin.com/company/10062296/"", ""companyId"": ""10062296"", ""duration"": ""3 mos"", ""description"": null, ""skills"": null, ""startDate"": {""month"": ""May"", ""year"": 2017, ""text"": ""May 2017""}, ""endDate"": {""month"": ""Jul"", ""year"": 2017, ""text"": ""Jul 2017""}, ""companyLogo"": {""url"": ""https://media.licdn.com/dms/image/v2/C510BAQG5PuhtRZM9rg/company-logo_400_400/company-logo_400_400/0/1630595071541/endive_software_logo?e=1789603200&v=beta&t=XqLpT2r4IMvsOFMn8qePc8B88ymhGRlxbltc93GAdbg"", ""sizes"": [{""url"": ""https://media.licdn.com/dms/image/v2/C510BAQG5PuhtRZM9rg/company-logo_400_400/company-logo_400_400/0/1630595071541/endive_software_logo?e=1789603200&v=beta&t=XqLpT2r4IMvsOFMn8qePc8B88ymhGRlxbltc93GAdbg"", ""width"": 400, ""height"": 400}, {""url"": ""https://media.licdn.com/dms/image/v2/C510BAQG5PuhtRZM9rg/company-logo_200_200/company-logo_200_200/0/1630595071541/endive_software_logo?e=1789603200&v=beta&t=DX7yoCBelvCO1v3YlRF4D5x4ard0XCCj27q8QEvUk8U"", ""width"": 200, ""height"": 200}, {""url"": ""https://media.licdn.com/dms/image/v2/C510BAQG5PuhtRZM9rg/company-logo_100_100/company-logo_100_100/0/1630595071541/endive_software_logo?e=1789603200&v=beta&t=lovaVQzNWfh_WrGczMxQILQUJ4T5wQvHqs2C-4SPgn8"", ""width"": 100, ""height"": 100}]}}, {""position"": ""Business Development Manager"", ""location"": null, ""employmentType"": null, ""workplaceType"": null, ""companyName"": ""DreamSoft4u Pvt. Ltd."", ""companyLinkedinUrl"": ""https://www.linkedin.com/company/2435805/"", ""companyId"": ""2435805"", ""duration"": ""1 yr 11 mos"", ""description"": null, ""skills"": null, ""startDate"": {""month"": ""Jul"", ""year"": 2015, ""text"": ""Jul 2015""}, ""endDate"": {""month"": ""May"", ""year"": 2017, ""text"": ""May 2017""}, ""companyLogo"": {""url"": ""https://media.licdn.com/dms/image/v2/C4D0BAQGw5uAH9gxVKg/company-logo_400_400/company-logo_400_400/0/1631348144319?e=1789603200&v=beta&t=Yr40rLebAKjFjlo79vWXOpQScrll3iIwYXPNAteUZt0"", ""sizes"": [{""url"": ""https://media.licdn.com/dms/image/v2/C4D0BAQGw5uAH9gxVKg/company-logo_400_400/company-logo_400_400/0/1631348144319?e=1789603200&v=beta&t=Yr40rLebAKjFjlo79vWXOpQScrll3iIwYXPNAteUZt0"", ""width"": 400, ""height"": 400}, {""url"": ""https://media.licdn.com/dms/image/v2/C4D0BAQGw5uAH9gxVKg/company-logo_200_200/company-logo_200_200/0/1631348144319?e=1789603200&v=beta&t=9hogZgV35VV3URuQ2OOqkTtvH3u3s8MX3Jt6gqqduJE"", ""width"": 200, ""height"": 200}, {""url"": ""https://media.licdn.com/dms/image/v2/C4D0BAQGw5uAH9gxVKg/company-logo_100_100/company-logo_100_100/0/1631348144319?e=1789603200&v=beta&t=CEveW9tza4R6MAigOkVykawJ3PGsmjW80SZtTAL0U84"", ""width"": 100, ""height"": 100}]}}]"
Ramesh,Choudhary,https://www.linkedin.com/in/rcsarv,Chief Executive Officer @ Sarv.com | Founder & Director,"Jaipur, India",Chief Executive Officer,Sarv.com,https://www.linkedin.com/company/sarv-com/,5 yrs 10 mos,,"[{""position"": ""Chief Executive Officer"", ""location"": ""India"", ""employmentType"": ""Full-time"", ""workplaceType"": ""On-site"", ""companyName"": ""Sarv.com"", ""companyLinkedinUrl"": ""https://www.linkedin.com/company/sarv-com/"", ""companyId"": ""2509978"", ""duration"": ""5 yrs 10 mos"", ""description"": ""My appointment is a clear reflection of the company's current state : ready to take on the future and featuring up after another strong year of growth and successful customers."", ""skills"": null, ""experienceGroupId"": ""ecca1b78ab8c0c91bcdfd73358ecd33e33657f5f"", ""startDate"": {""month"": ""Nov"", ""year"": 2020, ""text"": ""Nov 2020""}, ""endDate"": {""text"": ""Present""}, ""companyLogo"": {""url"": ""https://media.licdn.com/dms/image/v2/D560BAQH4Gaa5f7lFDg/company-logo_400_400/B56Z0e_zwRJMAY-/0/1774341537337/sarv_com_logo?e=1789603200&v=beta&t=mQvhMxLLa6P7DCklk1A0wHnGJw467JPf7wuraTPndl8"", ""sizes"": [{""url"": ""https://media.licdn.com/dms/image/v2/D560BAQH4Gaa5f7lFDg/company-logo_400_400/B56Z0e_zwRJMAY-/0/1774341537337/sarv_com_logo?e=1789603200&v=beta&t=mQvhMxLLa6P7DCklk1A0wHnGJw467JPf7wuraTPndl8"", ""width"": 400, ""height"": 400}, {""url"": ""https://media.licdn.com/dms/image/v2/D560BAQH4Gaa5f7lFDg/company-logo_200_200/B56Z0e_zwRJMAI-/0/1774341537337/sarv_com_logo?e=1789603200&v=beta&t=EYfkyK_a8POPvpPvqDAO9z3l7F76eLMquFxqeJeLTiM"", ""width"": 200, ""height"": 200}, {""url"": ""https://media.licdn.com/dms/image/v2/D560BAQH4Gaa5f7lFDg/company-logo_100_100/B56Z0e_zwRJMAQ-/0/1774341537337/sarv_com_logo?e=1789603200&v=beta&t=yDWqLIoGDh-gUCnMwDX_5xnJw1akuSdb9ZE_p0L6Bcg"", ""width"": 100, ""height"": 100}]}, ""companyUniversalName"": ""sarv-com""}, {""position"": ""Founder & Director"", ""location"": ""Jaipur Area, India"", ""employmentType"": null, ""workplaceType"": null, ""companyName"": ""Sarv.com"", ""companyLinkedinUrl"": ""https://www.linkedin.com/company/sarv-com/"", ""companyId"": ""2509978"", ""duration"": ""9 yrs 1 mo"", ""description"": ""Brand development, Developed brand strategy and statistics systems, Research, Development."", ""skills"": null, ""experienceGroupId"": ""ecca1b78ab8c0c91bcdfd73358ecd33e33657f5f"", ""startDate"": {""month"": ""Nov"", ""year"": 2011, ""text"": ""Nov 2011""}, ""endDate"": {""month"": ""Nov"", ""year"": 2020, ""text"": ""Nov 2020""}, ""companyLogo"": {""url"": ""https://media.licdn.com/dms/image/v2/D560BAQH4Gaa5f7lFDg/company-logo_400_400/B56Z0e_zwRJMAY-/0/1774341537337/sarv_com_logo?e=1789603200&v=beta&t=mQvhMxLLa6P7DCklk1A0wHnGJw467JPf7wuraTPndl8"", ""sizes"": [{""url"": ""https://media.licdn.com/dms/image/v2/D560BAQH4Gaa5f7lFDg/company-logo_400_400/B56Z0e_zwRJMAY-/0/1774341537337/sarv_com_logo?e=1789603200&v=beta&t=mQvhMxLLa6P7DCklk1A0wHnGJw467JPf7wuraTPndl8"", ""width"": 400, ""height"": 400}, {""url"": ""https://media.licdn.com/dms/image/v2/D560BAQH4Gaa5f7lFDg/company-logo_200_200/B56Z0e_zwRJMAI-/0/1774341537337/sarv_com_logo?e=1789603200&v=beta&t=EYfkyK_a8POPvpPvqDAO9z3l7F76eLMquFxqeJeLTiM"", ""width"": 200, ""height"": 200}, {""url"": ""https://media.licdn.com/dms/image/v2/D560BAQH4Gaa5f7lFDg/company-logo_100_100/B56Z0e_zwRJMAQ-/0/1774341537337/sarv_com_logo?e=1789603200&v=beta&t=yDWqLIoGDh-gUCnMwDX_5xnJw1akuSdb9ZE_p0L6Bcg"", ""width"": 100, ""height"": 100}]}, ""companyUniversalName"": ""sarv-com""}, {""position"": ""Chief Executive Officer"", ""location"": ""India"", ""employmentType"": ""Full-time"", ""workplaceType"": ""On-site"", ""companyName"": ""DeepCall"", ""companyLinkedinUrl"": ""https://www.linkedin.com/company/deepcall/"", ""companyId"": ""80639680"", ""duration"": ""5 yrs 10 mos"", ""description"": null, ""skills"": null, ""startDate"": {""month"": ""Nov"", ""year"": 2020, ""text"": ""Nov 2020""}, ""endDate"": {""text"": ""Present""}, ""companyLogo"": {""url"": ""https://media.licdn.com/dms/image/v2/D560BAQHGGkK85Xzo_Q/company-logo_400_400/company-logo_400_400/0/1704879232653/deepcall_logo?e=1789603200&v=beta&t=4sg-jdLoAm8W83Za30yKmGERztggiE8YIznLW6wbxaE"", ""sizes"": [{""url"": ""https://media.licdn.com/dms/image/v2/D560BAQHGGkK85Xzo_Q/company-logo_400_400/company-logo_400_400/0/1704879232653/deepcall_logo?e=1789603200&v=beta&t=4sg-jdLoAm8W83Za30yKmGERztggiE8YIznLW6wbxaE"", ""width"": 400, ""height"": 400}, {""url"": ""https://media.licdn.com/dms/image/v2/D560BAQHGGkK85Xzo_Q/company-logo_200_200/company-logo_200_200/0/1704879232653/deepcall_logo?e=1789603200&v=beta&t=A2qP8ixxBAXfKHj9bb8AvlRgN_hNMD331bAoX0qMprc"", ""width"": 200, ""height"": 200}, {""url"": ""https://media.licdn.com/dms/image/v2/D560BAQHGGkK85Xzo_Q/company-logo_100_100/company-logo_100_100/0/1704879232653/deepcall_logo?e=1789603200&v=beta&t=X7gh2riqsrWrJRDyY0W-HidmBd6FACbC-xo5oNWEL4U"", ""width"": 100, ""height"": 100}]}, ""companyUniversalName"": ""deepcall""}, {""position"": ""Co-Founder"", ""location"": ""Jaipur, Rajasthan, India"", ""employmentType"": ""Full-time"", ""workplaceType"": ""On-site"", ""companyName"": ""Naam"", ""companyLinkedinUrl"": ""https://www.linkedin.com/company/naamai/"", ""companyId"": ""88401512"", ""duration"": ""4 yrs 8 mos"", ""description"": ""Making society free from spam and scams with AI! Naam, your AI-powered contact identification app, detects scammers and spammers even before they begin."", ""skills"": [""Start-up Leadership""], ""startDate"": {""month"": ""Jan"", ""year"": 2022, ""text"": ""Jan 2022""}, ""endDate"": {""text"": ""Present""}, ""companyLogo"": {""url"": ""https://media.licdn.com/dms/image/v2/D4D0BAQFhtzMh7mWADA/company-logo_400_400/B4DaAz6zoBIIAU-/0/1787577449173/naamai_logo?e=1789603200&v=beta&t=dzn5zvl87RWL7q-bxtFzOtqXtybGXBbRmILx7kuMyAs"", ""sizes"": [{""url"": ""https://media.licdn.com/dms/image/v2/D4D0BAQFhtzMh7mWADA/company-logo_400_400/B4DaAz6zoBIIAU-/0/1787577449173/naamai_logo?e=1789603200&v=beta&t=dzn5zvl87RWL7q-bxtFzOtqXtybGXBbRmILx7kuMyAs"", ""width"": 400, ""height"": 400}, {""url"": ""https://media.licdn.com/dms/image/v2/D4D0BAQFhtzMh7mWADA/company-logo_200_200/B4DaAz6zoBIIAE-/0/1787577449173/naamai_logo?e=1789603200&v=beta&t=QFuGmjQWW4OfjctLthgiw4sLUcgrx55h-xBKUYHNv3U"", ""width"": 200, ""height"": 200}, {""url"": ""https://media.licdn.com/dms/image/v2/D4D0BAQFhtzMh7mWADA/company-logo_100_100/B4DaAz6zoBIIAI-/0/1787577449173/naamai_logo?e=1789603200&v=beta&t=mvTxg-fD8myjYCwo3wSCnQ7rVuQpoke5mPPePP0DfPw"", ""width"": 100, ""height"": 100}]}, ""companyUniversalName"": ""naamai""}, {""position"": ""Chief Executive Officer"", ""location"": ""India"", ""employmentType"": ""Full-time"", ""workplaceType"": null, ""companyName"": ""SendClean"", ""companyLinkedinUrl"": ""https://www.linkedin.com/company/sendcleaninc/"", ""companyId"": ""79750400"", ""duration"": ""2 yrs 9 mos"", ""description"": null, ""skills"": null, ""startDate"": {""month"": ""Jul"", ""year"": 2021, ""text"": ""Jul 2021""}, ""endDate"": {""month"": ""Mar"", ""year"": 2024, ""text"": ""Mar 2024""}, ""companyLogo"": {""url"": ""https://media.licdn.com/dms/image/v2/D4D0BAQHRpGUBF3FMog/company-logo_400_400/company-logo_400_400/0/1709625339838/sendcleaninc_logo?e=1789603200&v=beta&t=srvIl4UOC67dAnbwY7kXAQsQvO0JyF5ww9CazplJqfc"", ""sizes"": [{""url"": ""https://media.licdn.com/dms/image/v2/D4D0BAQHRpGUBF3FMog/company-logo_400_400/company-logo_400_400/0/1709625339838/sendcleaninc_logo?e=1789603200&v=beta&t=srvIl4UOC67dAnbwY7kXAQsQvO0JyF5ww9CazplJqfc"", ""width"": 400, ""height"": 400}, {""url"": ""https://media.licdn.com/dms/image/v2/D4D0BAQHRpGUBF3FMog/company-logo_200_200/company-logo_200_200/0/1709625339838/sendcleaninc_logo?e=1789603200&v=beta&t=nUCKBe3UPupQqDyB2b1NZMJDtx1UbzBmEos7lnZg-zg"", ""width"": 200, ""height"": 200}, {""url"": ""https://media.licdn.com/dms/image/v2/D4D0BAQHRpGUBF3FMog/company-logo_100_100/company-logo_100_100/0/1709625339838/sendcleaninc_logo?e=1789603200&v=beta&t=x_S-qsB_Y9DaGxXvelBC2NgF6BEcRtfMgQB05o3c7pk"", ""width"": 100, ""height"": 100}]}, ""companyUniversalName"": ""sendcleaninc""}]"
