company_name,domain,domain_source,city,state_region,phone,email,source,profile_url,first_seen_run,notes,reason
2Base Technologies Pvt Ltd,2basetechnologies.com,listed,Kochi,Kerala,,careers@2basetechnologies.com,infopark,https://infopark.in/companies-profile/2base-technologies-pvt-ltd,2026-08-19,,dup_domain_within_scrape
2Hats Logic Solutions Pvt. Ltd.,2hatslogic.com,listed,Kochi,Kerala,0484 487 8903,hr@2hatslogic.com,infopark,https://infopark.in/companies-profile/2hats-logic-solutions-pvt-ltd,2026-08-19,,dup_domain_within_scrape
42Square Technologies,42square.ai,listed,Kochi,Kerala,8078186103,support@42square.ai,infopark,https://infopark.in/companies-profile/42square-technologies,2026-08-19,,dup_domain_within_scrape
9Commerce Technologies,commerce9.io,listed,Kochi,Kerala,9995080656,hr@commerce9.io,infopark,https://infopark.in/companies-profile/9commerce-technologies,2026-08-19,,dup_domain_within_scrape
Aabasoft Technologies India Private Limited,,backfill_needed,Kochi,Kerala,+914844172222,info@aabasoft.com,infopark,https://infopark.in/companies-profile/aabasoft-technologies-india-private-limited,2026-08-19,,dup_name_within_scrape
Aarbee Structures Pvt.Ltd,aarbeestructures.com,listed,Kochi,Kerala,+91-9544407555,aarbee@aarbeestructures.com,infopark,https://infopark.in/companies-profile/aarbee-structures-pvt-ltd,2026-08-19,,dup_domain_within_scrape
Abel Techsoft Private Limited,,backfill_needed,Kochi,Kerala,+919995005969,info@abeltechsoft.com,infopark,https://infopark.in/companies-profile/abel-techsoft-private-limited,2026-08-19,,dup_name_within_scrape
Abilytics Consulting Pvt Ltd,abilytics.com,listed,Kochi,Kerala,+91 9496061623,hr@abilytics.com,infopark,https://infopark.in/companies-profile/abilytics-consulting-pvt-ltd,2026-08-19,,dup_domain_within_scrape
Acabes International Pvt. Ltd.,acabesinternational.com,listed,Kochi,Kerala,04844225166,gopikaprabhu@acabes.com,infopark,https://infopark.in/companies-profile/acabes-international-pvt-ltd,2026-08-19,,dup_domain_within_scrape
Accelray Technologies Pvt Ltd,accelray.com,listed,Kochi,Kerala,+9188486 20593,info@accelray.com,infopark,https://infopark.in/companies-profile/accelray-technologies-pvt-ltd,2026-08-19,,dup_domain_within_scrape
Aceware Fintech Services Pvt Ltd (Radiant Acemoney),acemoney.in,listed,Kochi,Kerala,0806 898 3333,info@acemoney.in,infopark,https://infopark.in/companies-profile/aceware-fintech-services-pvt-ltd-radiant-acemoney,2026-08-19,,dup_domain_within_scrape
Acube Innovations,acubeinnovations.com,listed,Kochi,Kerala,6235866111,contact-if@acube.co,infopark,https://infopark.in/companies-profile/acube-innovations,2026-08-19,,dup_domain_within_scrape
adesso India Private Ltd,adesso.in,listed,Kochi,Kerala,+91- 77360 95222,careers@adesso.in,infopark,https://infopark.in/companies-profile/adesso-india-private-ltd,2026-08-19,,dup_domain_within_scrape
Admaren Tech Pvt Ltd,admaren.com,listed,Kochi,Kerala,+91 96333 84111,info@admaren.com,infopark,https://infopark.in/companies-profile/admaren-tech-pvt-ltd,2026-08-19,,dup_domain_within_scrape
Advenser Engineering Services Private Limited,advenser.com,listed,Kochi,Kerala,+91 484 4040708,info@advenser.com,infopark,https://infopark.in/companies-profile/advenser-engineering-services-private-limited,2026-08-19,,dup_domain_within_scrape
"Affiliated Computer Services of India, A Xerox Company",,backfill_needed,Kochi,Kerala,0484 4090136,Praseel.Nambiar@xerox.com,infopark,https://infopark.in/companies-profile/affiliated-computer-services-of-india-a-xerox-company,2026-08-19,,dup_name_within_scrape
Airo Global Software Pvt Ltd,airoglobal.com,listed,Kochi,Kerala,+91-7034966777,hiring@airoglobalsoftware.com,infopark,https://infopark.in/companies-profile/airo-global-software-pvt-ltd,2026-08-19,,dup_domain_within_scrape
Airpay Financial Technologies Pvt. Ltd,airpay.co.in,listed,Kochi,Kerala,,priyanka.dalvi@airpay.co.in,infopark,https://infopark.in/companies-profile/airpay-financial-technologies-pvt-ltd,2026-08-19,,dup_domain_within_scrape
ALB Technologies Pvt Ltd,accuratelegalbilling.com,listed,Kochi,Kerala,+91- 6238295987,hr@accuratelegalbilling.com,infopark,https://infopark.in/companies-profile/alb-technologies-pvt-ltd,2026-08-19,,dup_domain_within_scrape
AlignMinds Technologies,alignminds.com,listed,Kochi,Kerala,8590036453,careers@alignminds.com,infopark,https://infopark.in/companies-profile/alignminds-technologies,2026-08-19,,dup_domain_within_scrape
Alphasky Ventures Pvt. Ltd.,,backfill_needed,Kochi,Kerala,9895632200,careers@alphasky.aero,infopark,https://infopark.in/companies-profile/alphasky-ventures-pvt-ltd,2026-08-19,,dup_name_within_scrape
ALTOS Technologies,altostechnologies.in,listed,Kochi,Kerala,,info@altostechnologies.in,infopark,https://infopark.in/companies-profile/altos-technologies,2026-08-19,,dup_domain_within_scrape
Amara Raja Design Alpha Private Limited,amararajadesignalpha.com,listed,Kochi,Kerala,+91 8590905049,aswathi@designalpha.in,infopark,https://infopark.in/companies-profile/amara-raja-design-alpha-private-limited,2026-08-19,,dup_domain_within_scrape
Amatosoft,gmail.com,listed,Kochi,Kerala,9400334787,mailtogenius@gmail.com,infopark,https://infopark.in/companies-profile/amatosoft,2026-08-19,,dup_domain_within_scrape
AMIYON SOLUTIONS PVT LTD.,amiyon.com,listed,Kochi,Kerala,7012013434,hr@amiyon.com,infopark,https://infopark.in/companies-profile/amiyon-solutions-pvt-ltd,2026-08-19,,dup_domain_within_scrape
Amla Consultancy Pvt Ltd,amlaconsultancy.com,listed,Kochi,Kerala,+91 99613 69999,info@amlaconsultancy.com,infopark,https://infopark.in/companies-profile/amla-consultancy-pvt-ltd,2026-08-19,,dup_domain_within_scrape
Amplitude Software Systems Pvt Ltd,jupiterbs.com,listed,Kochi,Kerala,91 6282902505,hr@jupiterbs.com,infopark,https://infopark.in/companies-profile/amplitude-software-systems-pvt-ltd,2026-08-19,,dup_domain_within_scrape
Appadore Private Limited,appadore.com,listed,Kochi,Kerala,0484-2956529,info@appadore.com,infopark,https://infopark.in/companies-profile/appadore-private-limited,2026-08-19,,dup_domain_within_scrape
Applied Payments Technology Pvt Ltd.,appliedpaymentstech.com,listed,Kochi,Kerala,0484 485 0362,info@appliedpaymentstech.com,infopark,https://infopark.in/companies-profile/applied-payments-technology-pvt-ltd,2026-08-19,,dup_domain_within_scrape
Apps Team Technologies Pvt.Ltd.,appsteamtechnologies.com,listed,Kochi,Kerala,+91 484 2982554,hello@appsteamtechnologies.com,infopark,https://infopark.in/companies-profile/apps-team-technologies-pvt-ltd,2026-08-19,,dup_domain_within_scrape
Apro IT Solutions Pvt Ltd,aproitsolutions.com,listed,Kochi,Kerala,+91 6238683058,info@aproitsolutions.com,infopark,https://infopark.in/companies-profile/apro-it-solutions-pvt-ltd,2026-08-19,,dup_domain_within_scrape
Armia Systems Pvt. Ltd,armia.com,listed,Kochi,Kerala,0484 297 3123,jobs@armia.com,infopark,https://infopark.in/companies-profile/armia-systems-pvt-ltd,2026-08-19,,dup_domain_within_scrape
Array Platforms Pvt Ltd,,backfill_needed,Kochi,Kerala,0484-4041580,neha.r@array.team,infopark,https://infopark.in/companies-profile/array-platforms-pvt-ltd,2026-08-19,,dup_name_within_scrape
Art Technology and Software.,,backfill_needed,Kochi,Kerala,0484-2415244,art-hr@artechsoft.com,infopark,https://infopark.in/companies-profile/art-technology-and-software,2026-08-19,,dup_name_within_scrape
Aspire Systems Digital Private Limited,aspiresys.com,listed,Kochi,Kerala,0484 4061901,keerthana.jayaraj@aspiresys.com,infopark,https://infopark.in/companies-profile/aspire-systems-digital-private-limited,2026-08-19,,dup_domain_within_scrape
AVENTUS INFORMATICS,aventusinformatics.com,listed,Kochi,Kerala,7907091213,hr@aventusinformatics.com,infopark,https://infopark.in/companies-profile/aventus-informatics,2026-08-19,,dup_domain_within_scrape
Ayata Commerce Tech Solutions Pvt Ltd,ayatacommerce.com,listed,Kochi,Kerala,+919995473245,hr@ayatacommerce.com,infopark,https://infopark.in/companies-profile/ayata-commerce-tech-solutions-pvt-ltd,2026-08-19,,dup_domain_within_scrape
Banzan Studios,banzan.co,listed,Kochi,Kerala,,info@banzan.co,infopark,https://infopark.in/companies-profile/banzan-studios,2026-08-19,,dup_domain_within_scrape
Beinex Consulting Pvt Ltd,,backfill_needed,Kochi,Kerala,6238389957,careers@beinex.com,infopark,https://infopark.in/companies-profile/beinex-consulting-pvt-ltd,2026-08-19,,dup_name_within_scrape
Beth Soft Technologies India Private Limited,bethsofttechnologies.com,listed,Kochi,Kerala,9633849485,info@bethsofttechnologies.com,infopark,https://infopark.in/companies-profile/beth-soft-technologies-india-private-limited,2026-08-19,,dup_domain_within_scrape
Bhooshan's Junior,bhooshansjr.in,listed,Kochi,Kerala,04843539863,info@bhooshansjr.in,infopark,https://infopark.in/companies-profile/bhooshan-s-junior,2026-08-19,,dup_domain_within_scrape
BIMEX Engineers,bimexeng.com,listed,Kochi,Kerala,+91 81293 21656,info@bimexeng.com,infopark,https://infopark.in/companies-profile/bimex-engineers,2026-08-19,,dup_domain_within_scrape
Bramma IT Solutions,gmail.com,listed,Kochi,Kerala,+91 9895027444,brammainfo@gmail.com,infopark,https://infopark.in/companies-profile/bramma-it-solutions,2026-08-19,,dup_domain_within_scrape
9Commerce Technologies,commerce9.io,listed,Kochi,Kerala,9995080656,hr@commerce9.io,infopark,https://infopark.in/companies-profile/9commerce-technologies,2026-08-19,,dup_domain_within_scrape
Aabasoft Technologies India Private Limited,,backfill_needed,Kochi,Kerala,+914844172222,info@aabasoft.com,infopark,https://infopark.in/companies-profile/aabasoft-technologies-india-private-limited,2026-08-19,,dup_name_within_scrape
Aarbee Structures Pvt.Ltd,aarbeestructures.com,listed,Kochi,Kerala,+91-9544407555,aarbee@aarbeestructures.com,infopark,https://infopark.in/companies-profile/aarbee-structures-pvt-ltd,2026-08-19,,dup_domain_within_scrape
Abel Techsoft Private Limited,,backfill_needed,Kochi,Kerala,+919995005969,info@abeltechsoft.com,infopark,https://infopark.in/companies-profile/abel-techsoft-private-limited,2026-08-19,,dup_name_within_scrape
Accelray Technologies Pvt Ltd,accelray.com,listed,Kochi,Kerala,+9188486 20593,info@accelray.com,infopark,https://infopark.in/companies-profile/accelray-technologies-pvt-ltd,2026-08-19,,dup_domain_within_scrape
Aceware Fintech Services Pvt Ltd (Radiant Acemoney),acemoney.in,listed,Kochi,Kerala,0806 898 3333,info@acemoney.in,infopark,https://infopark.in/companies-profile/aceware-fintech-services-pvt-ltd-radiant-acemoney,2026-08-19,,dup_domain_within_scrape
Acube Innovations,acubeinnovations.com,listed,Kochi,Kerala,6235866111,contact-if@acube.co,infopark,https://infopark.in/companies-profile/acube-innovations,2026-08-19,,dup_domain_within_scrape
adesso India Private Ltd,adesso.in,listed,Kochi,Kerala,+91- 77360 95222,careers@adesso.in,infopark,https://infopark.in/companies-profile/adesso-india-private-ltd,2026-08-19,,dup_domain_within_scrape
Advenser Engineering Services Private Limited,advenser.com,listed,Kochi,Kerala,+91 484 4040708,info@advenser.com,infopark,https://infopark.in/companies-profile/advenser-engineering-services-private-limited,2026-08-19,,dup_domain_within_scrape
"Affiliated Computer Services of India, A Xerox Company",,backfill_needed,Kochi,Kerala,0484 4090136,Praseel.Nambiar@xerox.com,infopark,https://infopark.in/companies-profile/affiliated-computer-services-of-india-a-xerox-company,2026-08-19,,dup_name_within_scrape
Airo Global Software Pvt Ltd,airoglobal.com,listed,Kochi,Kerala,+91-7034966777,hiring@airoglobalsoftware.com,infopark,https://infopark.in/companies-profile/airo-global-software-pvt-ltd,2026-08-19,,dup_domain_within_scrape
ALB Technologies Pvt Ltd,accuratelegalbilling.com,listed,Kochi,Kerala,+91- 6238295987,hr@accuratelegalbilling.com,infopark,https://infopark.in/companies-profile/alb-technologies-pvt-ltd,2026-08-19,,dup_domain_within_scrape
ALTOS Technologies,altostechnologies.in,listed,Kochi,Kerala,,info@altostechnologies.in,infopark,https://infopark.in/companies-profile/altos-technologies,2026-08-19,,dup_domain_within_scrape
Amatosoft,gmail.com,listed,Kochi,Kerala,9400334787,mailtogenius@gmail.com,infopark,https://infopark.in/companies-profile/amatosoft,2026-08-19,,dup_domain_within_scrape
Amla Consultancy Pvt Ltd,amlaconsultancy.com,listed,Kochi,Kerala,+91 99613 69999,info@amlaconsultancy.com,infopark,https://infopark.in/companies-profile/amla-consultancy-pvt-ltd,2026-08-19,,dup_domain_within_scrape
Amplitude Software Systems Pvt Ltd,jupiterbs.com,listed,Kochi,Kerala,91 6282902505,hr@jupiterbs.com,infopark,https://infopark.in/companies-profile/amplitude-software-systems-pvt-ltd,2026-08-19,,dup_domain_within_scrape
Appadore Private Limited,appadore.com,listed,Kochi,Kerala,0484-2956529,info@appadore.com,infopark,https://infopark.in/companies-profile/appadore-private-limited,2026-08-19,,dup_domain_within_scrape
Applied Payments Technology Pvt Ltd.,appliedpaymentstech.com,listed,Kochi,Kerala,0484 485 0362,info@appliedpaymentstech.com,infopark,https://infopark.in/companies-profile/applied-payments-technology-pvt-ltd,2026-08-19,,dup_domain_within_scrape
Array Platforms Pvt Ltd,,backfill_needed,Kochi,Kerala,0484-4041580,neha.r@array.team,infopark,https://infopark.in/companies-profile/array-platforms-pvt-ltd,2026-08-19,,dup_name_within_scrape
Art Technology and Software.,,backfill_needed,Kochi,Kerala,0484-2415244,art-hr@artechsoft.com,infopark,https://infopark.in/companies-profile/art-technology-and-software,2026-08-19,,dup_name_within_scrape
Aspire Systems Digital Private Limited,aspiresys.com,listed,Kochi,Kerala,0484 4061901,keerthana.jayaraj@aspiresys.com,infopark,https://infopark.in/companies-profile/aspire-systems-digital-private-limited,2026-08-19,,dup_domain_within_scrape
Banzan Studios,banzan.co,listed,Kochi,Kerala,,info@banzan.co,infopark,https://infopark.in/companies-profile/banzan-studios,2026-08-19,,dup_domain_within_scrape
Beinex Consulting Pvt Ltd,,backfill_needed,Kochi,Kerala,6238389957,careers@beinex.com,infopark,https://infopark.in/companies-profile/beinex-consulting-pvt-ltd,2026-08-19,,dup_name_within_scrape
Beth Soft Technologies India Private Limited,bethsofttechnologies.com,listed,Kochi,Kerala,9633849485,info@bethsofttechnologies.com,infopark,https://infopark.in/companies-profile/beth-soft-technologies-india-private-limited,2026-08-19,,dup_domain_within_scrape
Bhooshan's Junior,bhooshansjr.in,listed,Kochi,Kerala,04843539863,info@bhooshansjr.in,infopark,https://infopark.in/companies-profile/bhooshan-s-junior,2026-08-19,,dup_domain_within_scrape
BIMEX Engineers,bimexeng.com,listed,Kochi,Kerala,+91 81293 21656,info@bimexeng.com,infopark,https://infopark.in/companies-profile/bimex-engineers,2026-08-19,,dup_domain_within_scrape
Binaries,binariesindia.com,listed,Kochi,Kerala,+918547644145,info@binariesindia.com,infopark,https://infopark.in/companies-profile/binaries,2026-08-19,,dup_domain_within_scrape
BJ Corps Technologies (OPC) Private Limited,bjcorps.com,listed,Kochi,Kerala,9846691115,info@bjcorps.com,infopark,https://infopark.in/companies-profile/bj-corps-technologies-opc-private-limited,2026-08-19,,dup_domain_within_scrape
Bramma IT Solutions,gmail.com,listed,Kochi,Kerala,+91 9895027444,brammainfo@gmail.com,infopark,https://infopark.in/companies-profile/bramma-it-solutions,2026-08-19,,dup_domain_within_scrape
BroadTech IT Solutions Pvt Ltd,broadtech-innovations.com,listed,Kochi,Kerala,+91 9048654482,contact@broadtech-innovations.com,infopark,https://infopark.in/companies-profile/broadtech-it-solutions-pvt-ltd,2026-08-19,,dup_domain_within_scrape
Cabot Technology Solutions Pvt. Ltd.,cabotsolutions.com,listed,Kochi,Kerala,0484 404 5555,info@cabotsolutions.com,infopark,https://infopark.in/companies-profile/cabot-technology-solutions-pvt-ltd,2026-08-19,,dup_domain_within_scrape
Calpine Group,calpinetech.com,listed,Kochi,Kerala,+91 484 241 5030,info@calpinetech.com,infopark,https://infopark.in/companies-profile/calpine-group,2026-08-19,,dup_domain_within_scrape
Cascade Revenue Management Pvt. Ltd,aimabms.com,listed,Kochi,Kerala,0484 4861626,hrd@aimagroup.co.uk,infopark,https://infopark.in/companies-profile/cascade-revenue-management-pvt-ltd,2026-08-19,,dup_domain_within_scrape
Cavli Wireless,cavliwireless.com,listed,Kochi,Kerala,8893204111,careers@cavliwireless.com,infopark,https://infopark.in/companies-profile/cavli-wireless,2026-08-19,,dup_domain_within_scrape
CCS Technologies (P) Ltd,ccs-technologies.com,listed,Kochi,Kerala,,careers@ccs-technologies.com,infopark,https://infopark.in/companies-profile/ccs-technologies-p-ltd,2026-08-19,,dup_domain_within_scrape
Clevero India Pvt. Ltd.,cleverotel.com,listed,Kochi,Kerala,98952 25072,joji@clevero.com,infopark,https://infopark.in/companies-profile/clevero-india-pvt-ltd,2026-08-19,,dup_domain_within_scrape
CLOUDVICE,cloudvice.com,listed,Kochi,Kerala,9037122872,info@cloudvice.com,infopark,https://infopark.in/companies-profile/cloudvice,2026-08-19,,dup_domain_within_scrape
CodeDesign Technologies Pvt Ltd,codedesign.in,listed,Kochi,Kerala,7558825266,info@codedesign.in,infopark,https://infopark.in/companies-profile/codedesign-technologies-pvt-ltd,2026-08-19,,dup_domain_within_scrape
CodeNext Technologies Pvt. Ltd.,codenexttechnologies.com,listed,Kochi,Kerala,9447406836,info@codenexttechnologies.com,infopark,https://infopark.in/companies-profile/codenext-technologies-pvt-ltd,2026-08-19,,dup_domain_within_scrape
Cognicor Technologies Pvt.Ltd,cognicor.com,listed,Kochi,Kerala,0484 241 5600,hr@cognicor.com,infopark,https://infopark.in/companies-profile/cognicor-technologies-pvt-ltd,2026-08-19,,dup_domain_within_scrape
Coinone Global Solutions Pvt Ltd,coinoneglobal.com,listed,Kochi,Kerala,+91 999 5205 444,info@coinoneglobal.com,infopark,https://infopark.in/companies-profile/coinone-global-solutions-pvt-ltd,2026-08-19,,dup_domain_within_scrape
Conduent Business Services LLP,,backfill_needed,Kochi,Kerala,0484-2020202,Jothish.s@conduent.com,infopark,https://infopark.in/companies-profile/conduent-business-services-llp,2026-08-19,,dup_name_within_scrape
9Commerce Technologies,commerce9.io,listed,Kochi,Kerala,9995080656,hr@commerce9.io,infopark,https://infopark.in/companies-profile/9commerce-technologies,2026-08-19,,dup_domain_within_scrape
Aabasoft Technologies India Private Limited,,backfill_needed,Kochi,Kerala,+914844172222,info@aabasoft.com,infopark,https://infopark.in/companies-profile/aabasoft-technologies-india-private-limited,2026-08-19,,dup_name_within_scrape
Aarbee Structures Pvt.Ltd,aarbeestructures.com,listed,Kochi,Kerala,+91-9544407555,aarbee@aarbeestructures.com,infopark,https://infopark.in/companies-profile/aarbee-structures-pvt-ltd,2026-08-19,,dup_domain_within_scrape
Abel Techsoft Private Limited,,backfill_needed,Kochi,Kerala,+919995005969,info@abeltechsoft.com,infopark,https://infopark.in/companies-profile/abel-techsoft-private-limited,2026-08-19,,dup_name_within_scrape
Accelray Technologies Pvt Ltd,accelray.com,listed,Kochi,Kerala,+9188486 20593,info@accelray.com,infopark,https://infopark.in/companies-profile/accelray-technologies-pvt-ltd,2026-08-19,,dup_domain_within_scrape
Aceware Fintech Services Pvt Ltd (Radiant Acemoney),acemoney.in,listed,Kochi,Kerala,0806 898 3333,info@acemoney.in,infopark,https://infopark.in/companies-profile/aceware-fintech-services-pvt-ltd-radiant-acemoney,2026-08-19,,dup_domain_within_scrape
Acube Innovations,acubeinnovations.com,listed,Kochi,Kerala,6235866111,contact-if@acube.co,infopark,https://infopark.in/companies-profile/acube-innovations,2026-08-19,,dup_domain_within_scrape
adesso India Private Ltd,adesso.in,listed,Kochi,Kerala,+91- 77360 95222,careers@adesso.in,infopark,https://infopark.in/companies-profile/adesso-india-private-ltd,2026-08-19,,dup_domain_within_scrape
Advenser Engineering Services Private Limited,advenser.com,listed,Kochi,Kerala,+91 484 4040708,info@advenser.com,infopark,https://infopark.in/companies-profile/advenser-engineering-services-private-limited,2026-08-19,,dup_domain_within_scrape
"Affiliated Computer Services of India, A Xerox Company",,backfill_needed,Kochi,Kerala,0484 4090136,Praseel.Nambiar@xerox.com,infopark,https://infopark.in/companies-profile/affiliated-computer-services-of-india-a-xerox-company,2026-08-19,,dup_name_within_scrape
Airo Global Software Pvt Ltd,airoglobal.com,listed,Kochi,Kerala,+91-7034966777,hiring@airoglobalsoftware.com,infopark,https://infopark.in/companies-profile/airo-global-software-pvt-ltd,2026-08-19,,dup_domain_within_scrape
ALB Technologies Pvt Ltd,accuratelegalbilling.com,listed,Kochi,Kerala,+91- 6238295987,hr@accuratelegalbilling.com,infopark,https://infopark.in/companies-profile/alb-technologies-pvt-ltd,2026-08-19,,dup_domain_within_scrape
ALTOS Technologies,altostechnologies.in,listed,Kochi,Kerala,,info@altostechnologies.in,infopark,https://infopark.in/companies-profile/altos-technologies,2026-08-19,,dup_domain_within_scrape
Amatosoft,gmail.com,listed,Kochi,Kerala,9400334787,mailtogenius@gmail.com,infopark,https://infopark.in/companies-profile/amatosoft,2026-08-19,,dup_domain_within_scrape
Amla Consultancy Pvt Ltd,amlaconsultancy.com,listed,Kochi,Kerala,+91 99613 69999,info@amlaconsultancy.com,infopark,https://infopark.in/companies-profile/amla-consultancy-pvt-ltd,2026-08-19,,dup_domain_within_scrape
Amplitude Software Systems Pvt Ltd,jupiterbs.com,listed,Kochi,Kerala,91 6282902505,hr@jupiterbs.com,infopark,https://infopark.in/companies-profile/amplitude-software-systems-pvt-ltd,2026-08-19,,dup_domain_within_scrape
Appadore Private Limited,appadore.com,listed,Kochi,Kerala,0484-2956529,info@appadore.com,infopark,https://infopark.in/companies-profile/appadore-private-limited,2026-08-19,,dup_domain_within_scrape
Applied Payments Technology Pvt Ltd.,appliedpaymentstech.com,listed,Kochi,Kerala,0484 485 0362,info@appliedpaymentstech.com,infopark,https://infopark.in/companies-profile/applied-payments-technology-pvt-ltd,2026-08-19,,dup_domain_within_scrape
Array Platforms Pvt Ltd,,backfill_needed,Kochi,Kerala,0484-4041580,neha.r@array.team,infopark,https://infopark.in/companies-profile/array-platforms-pvt-ltd,2026-08-19,,dup_name_within_scrape
Art Technology and Software.,,backfill_needed,Kochi,Kerala,0484-2415244,art-hr@artechsoft.com,infopark,https://infopark.in/companies-profile/art-technology-and-software,2026-08-19,,dup_name_within_scrape
Aspire Systems Digital Private Limited,aspiresys.com,listed,Kochi,Kerala,0484 4061901,keerthana.jayaraj@aspiresys.com,infopark,https://infopark.in/companies-profile/aspire-systems-digital-private-limited,2026-08-19,,dup_domain_within_scrape
Banzan Studios,banzan.co,listed,Kochi,Kerala,,info@banzan.co,infopark,https://infopark.in/companies-profile/banzan-studios,2026-08-19,,dup_domain_within_scrape
Beinex Consulting Pvt Ltd,,backfill_needed,Kochi,Kerala,6238389957,careers@beinex.com,infopark,https://infopark.in/companies-profile/beinex-consulting-pvt-ltd,2026-08-19,,dup_name_within_scrape
Beth Soft Technologies India Private Limited,bethsofttechnologies.com,listed,Kochi,Kerala,9633849485,info@bethsofttechnologies.com,infopark,https://infopark.in/companies-profile/beth-soft-technologies-india-private-limited,2026-08-19,,dup_domain_within_scrape
Bhooshan's Junior,bhooshansjr.in,listed,Kochi,Kerala,04843539863,info@bhooshansjr.in,infopark,https://infopark.in/companies-profile/bhooshan-s-junior,2026-08-19,,dup_domain_within_scrape
BIMEX Engineers,bimexeng.com,listed,Kochi,Kerala,+91 81293 21656,info@bimexeng.com,infopark,https://infopark.in/companies-profile/bimex-engineers,2026-08-19,,dup_domain_within_scrape
Binaries,binariesindia.com,listed,Kochi,Kerala,+918547644145,info@binariesindia.com,infopark,https://infopark.in/companies-profile/binaries,2026-08-19,,dup_domain_within_scrape
BJ Corps Technologies (OPC) Private Limited,bjcorps.com,listed,Kochi,Kerala,9846691115,info@bjcorps.com,infopark,https://infopark.in/companies-profile/bj-corps-technologies-opc-private-limited,2026-08-19,,dup_domain_within_scrape
Bramma IT Solutions,gmail.com,listed,Kochi,Kerala,+91 9895027444,brammainfo@gmail.com,infopark,https://infopark.in/companies-profile/bramma-it-solutions,2026-08-19,,dup_domain_within_scrape
BroadTech IT Solutions Pvt Ltd,broadtech-innovations.com,listed,Kochi,Kerala,+91 9048654482,contact@broadtech-innovations.com,infopark,https://infopark.in/companies-profile/broadtech-it-solutions-pvt-ltd,2026-08-19,,dup_domain_within_scrape
Cabot Technology Solutions Pvt. Ltd.,cabotsolutions.com,listed,Kochi,Kerala,0484 404 5555,info@cabotsolutions.com,infopark,https://infopark.in/companies-profile/cabot-technology-solutions-pvt-ltd,2026-08-19,,dup_domain_within_scrape
Calpine Group,calpinetech.com,listed,Kochi,Kerala,+91 484 241 5030,info@calpinetech.com,infopark,https://infopark.in/companies-profile/calpine-group,2026-08-19,,dup_domain_within_scrape
Cascade Revenue Management Pvt. Ltd,aimabms.com,listed,Kochi,Kerala,0484 4861626,hrd@aimagroup.co.uk,infopark,https://infopark.in/companies-profile/cascade-revenue-management-pvt-ltd,2026-08-19,,dup_domain_within_scrape
Cavli Wireless,cavliwireless.com,listed,Kochi,Kerala,8893204111,careers@cavliwireless.com,infopark,https://infopark.in/companies-profile/cavli-wireless,2026-08-19,,dup_domain_within_scrape
CCS Technologies (P) Ltd,ccs-technologies.com,listed,Kochi,Kerala,,careers@ccs-technologies.com,infopark,https://infopark.in/companies-profile/ccs-technologies-p-ltd,2026-08-19,,dup_domain_within_scrape
Clevero India Pvt. Ltd.,cleverotel.com,listed,Kochi,Kerala,98952 25072,joji@clevero.com,infopark,https://infopark.in/companies-profile/clevero-india-pvt-ltd,2026-08-19,,dup_domain_within_scrape
CLOUDVICE,cloudvice.com,listed,Kochi,Kerala,9037122872,info@cloudvice.com,infopark,https://infopark.in/companies-profile/cloudvice,2026-08-19,,dup_domain_within_scrape
CodeDesign Technologies Pvt Ltd,codedesign.in,listed,Kochi,Kerala,7558825266,info@codedesign.in,infopark,https://infopark.in/companies-profile/codedesign-technologies-pvt-ltd,2026-08-19,,dup_domain_within_scrape
CodeNext Technologies Pvt. Ltd.,codenexttechnologies.com,listed,Kochi,Kerala,9447406836,info@codenexttechnologies.com,infopark,https://infopark.in/companies-profile/codenext-technologies-pvt-ltd,2026-08-19,,dup_domain_within_scrape
Cognicor Technologies Pvt.Ltd,cognicor.com,listed,Kochi,Kerala,0484 241 5600,hr@cognicor.com,infopark,https://infopark.in/companies-profile/cognicor-technologies-pvt-ltd,2026-08-19,,dup_domain_within_scrape
Coinone Global Solutions Pvt Ltd,coinoneglobal.com,listed,Kochi,Kerala,+91 999 5205 444,info@coinoneglobal.com,infopark,https://infopark.in/companies-profile/coinone-global-solutions-pvt-ltd,2026-08-19,,dup_domain_within_scrape
Conduent Business Services LLP,,backfill_needed,Kochi,Kerala,0484-2020202,Jothish.s@conduent.com,infopark,https://infopark.in/companies-profile/conduent-business-services-llp,2026-08-19,,dup_name_within_scrape
Consoul Associates,consoulassociates.com,listed,Kochi,Kerala,+91-9072256810,info@consoulgroup.com,infopark,https://infopark.in/companies-profile/consoul-associates,2026-08-19,,dup_domain_within_scrape
ContactPoint 360,contactpoint360.com,listed,Kochi,Kerala,,hr.india@cp-360.com,infopark,https://infopark.in/companies-profile/contactpoint-360,2026-08-19,,dup_domain_within_scrape
CoolMinds Technologies Pvt Ltd.,coolmindsinc.com,listed,Kochi,Kerala,0484 241 5121,career@coolmindsinc.com,infopark,https://infopark.in/companies-profile/coolminds-technologies-pvt-ltd,2026-08-19,,dup_domain_within_scrape
Crossgen Technologies,crossgentech.com,listed,Kochi,Kerala,0484-2992021,info@crossgentech.com,infopark,https://infopark.in/companies-profile/crossgen-technologies,2026-08-19,,dup_domain_within_scrape
Cubet Techno Labs Pvt.Ltd,cubettech.com,listed,Kochi,Kerala,0484-4054324,infopark@cubettech.com,infopark,https://infopark.in/companies-profile/cubet-techno-labs-pvt-ltd,2026-08-19,,dup_domain_within_scrape
Currentware India Pvt Ltd.,currentware.com,listed,Kochi,Kerala,+91-484-4055678,india@codework-solutions.com,infopark,https://infopark.in/companies-profile/currentware-india-pvt-ltd,2026-08-19,,dup_domain_within_scrape
CVS Info Solutions Private Limited,cvsinfosolutions.com,listed,Kochi,Kerala,+918921947372,Aditya@cvsinfosolutions.com,infopark,https://infopark.in/companies-profile/cvs-info-solutions-private-limited,2026-08-19,,dup_domain_within_scrape
Cybrosys Technologies Pvt. Ltd.,cybrosys.com,listed,Kochi,Kerala,0484 320 0080,info@cybrosys.com,infopark,https://infopark.in/companies-profile/cybrosys-technologies-pvt-ltd,2026-08-19,,dup_domain_within_scrape
Daddara,daddara.in,listed,Kochi,Kerala,8921062753,mail@daddara.in,infopark,https://infopark.in/companies-profile/daddara,2026-08-19,,dup_domain_within_scrape
DBiz AI Solutions Pvt. Ltd.,dbiz.ai,listed,Kochi,Kerala,9995617998,ThePeopleDesk@dbizsolution.com,infopark,https://infopark.in/companies-profile/dbiz-ai-solutions-pvt-ltd,2026-08-19,,dup_domain_within_scrape
Difinity Digital,difinitydigital.com,listed,Kochi,Kerala,+91 99950 99789,careers@difinitydigital.com,infopark,https://infopark.in/companies-profile/difinity-digital,2026-08-19,,dup_domain_within_scrape
Digiora Technologies Pvt.Ltd.,digiora.com,listed,Kochi,Kerala,0484 4061387,info@digiora.com,infopark,https://infopark.in/companies-profile/digiora-technologies-pvt-ltd,2026-08-19,,dup_domain_within_scrape
Dimensions Cybertech India Pvt. Ltd.,dimensionslive.com,listed,Kochi,Kerala,080-61860333,info@dimensionslive.com,infopark,https://infopark.in/companies-profile/dimensions-cybertech-india-pvt-ltd,2026-08-19,,dup_domain_within_scrape
Distinct Infotech Solutions,distinctinfotech.com,listed,Kochi,Kerala,+91 9074508742,hradmin@distinctinfotech.com,infopark,https://infopark.in/companies-profile/distinct-infotech-solutions,2026-08-19,,dup_domain_within_scrape
DOCGIANT SERVICES INDIA PVT.LTD.,docgiant.in,listed,Kochi,Kerala,6282503130,hrd@docgiant.in,infopark,https://infopark.in/companies-profile/docgiant-services-india-pvt-ltd,2026-08-19,,dup_domain_within_scrape
Dynactionize India Pvt Ltd,consono.ai,listed,Kochi,Kerala,+91 91 880 70144,info-india@dynactionize.com,infopark,https://infopark.in/companies-profile/dynactionize-india-pvt-ltd,2026-08-19,,dup_domain_within_scrape
EGC Global Services India Pvt Ltd,theegc.com,listed,Kochi,Kerala,+91 9946567777,egcgshr@psmicorp.com,infopark,https://infopark.in/companies-profile/egc-global-services-india-pvt-ltd,2026-08-19,,dup_domain_within_scrape
EMATRIX SOFTWARE PRIVATE LIMITED,ematrixsoftware.com,listed,Kochi,Kerala,+917356451100,info@ematrixsoftware.com,infopark,https://infopark.in/companies-profile/ematrix-software-private-limited,2026-08-19,,dup_domain_within_scrape
Emergio Technologies Pvt Ltd,emergiogames.com,listed,Kochi,Kerala,+91 7593898080,nisha@emergiotech.com,infopark,https://infopark.in/companies-profile/emergio-technologies-pvt-ltd,2026-08-19,,dup_domain_within_scrape
Empay Software Solutions Private Limited,,backfill_needed,Kochi,Kerala,0484-4865189,info@empaysoft.com,infopark,https://infopark.in/companies-profile/empay-software-solutions-private-limited,2026-08-19,,dup_name_within_scrape
Empress InfoTech,empressinfotech.com,listed,Kochi,Kerala,0484-4042440,hr@empressinfotech.com,infopark,https://infopark.in/companies-profile/empress-infotech,2026-08-19,,dup_domain_within_scrape
Emsyne Technologies Private Limited,emsyne.com,listed,Kochi,Kerala,"0484-6677602 , 0484-6677",jobs@emsyne.com,infopark,https://infopark.in/companies-profile/emsyne-technologies-private-limited,2026-08-19,,dup_domain_within_scrape
EnergyScape Renewables LLP,energyscaperenewables.com,listed,Kochi,Kerala,+91 9207130069,info@energyscaperenewables.com,infopark,https://infopark.in/companies-profile/energyscape-renewables-llp,2026-08-19,,dup_domain_within_scrape
EPI-USE India Pvt.Ltd.,epiuse.com,listed,Kochi,Kerala,+91 9778316023,hr_cochin@epiuse.com,infopark,https://infopark.in/companies-profile/epi-use-india-pvt-ltd,2026-08-19,,dup_domain_within_scrape
Eqsoft Business Solutions Pvt Ltd,eqsoftonline.com,listed,Kochi,Kerala,9946017660,hr@eqsoftglobal.com,infopark,https://infopark.in/companies-profile/eqsoft-business-solutions-pvt-ltd,2026-08-19,,dup_domain_within_scrape
Exor India Pvt Ltd.,hr.in,listed,Kochi,Kerala,04842415101,hr.in.cochin@exorint.com,infopark,https://infopark.in/companies-profile/exor-india-pvt-ltd,2026-08-19,,dup_domain_within_scrape
Expeed Software Private Limited,expeed.com,listed,Kochi,Kerala,0091- 9633066613,info@expeed.com,infopark,https://infopark.in/companies-profile/expeed-software-private-limited,2026-08-19,,dup_domain_within_scrape
Experion Technologies,experionglobal.com,listed,Kochi,Kerala,04843067309,careers@experionglobal.com,infopark,https://infopark.in/companies-profile/experion-technologies,2026-08-19,,dup_domain_within_scrape
Extravelmoney Technosol Private Limited,extravelmoney.com,listed,Kochi,Kerala,9072000850,join@extravelmoney.com,infopark,https://infopark.in/companies-profile/extravelmoney-technosol-private-limited,2026-08-19,,dup_domain_within_scrape
Facade Global Pvt. Ltd.,facadeglobal.in,listed,Kochi,Kerala,+91 0484 4010129,info@facadeglobal.com,infopark,https://infopark.in/companies-profile/facade-global-pvt-ltd,2026-08-19,,dup_domain_within_scrape
FDC Web Technologies Pvt Ltd,financial.com,listed,Kochi,Kerala,7025118844,recruitment.india@financial.com,infopark,https://infopark.in/companies-profile/fdc-web-technologies-pvt-ltd,2026-08-19,,dup_domain_within_scrape
Federal Operations and Services Ltd (FedServ),fedserv.co.in,listed,Kochi,Kerala,"04842412048, 8089908700",careers@fedserv.co.in,infopark,https://infopark.in/companies-profile/federal-operations-and-services-ltd-fedserv-1,2026-08-19,,dup_domain_within_scrape
Fine Destination,finedestination.co.in,listed,Kochi,Kerala,7012155322,Career@finedestination.co.in,infopark,https://infopark.in/companies-profile/fine-destination,2026-08-19,,dup_domain_within_scrape
Fingent Global Solutions,,backfill_needed,Kochi,Kerala,0484-4055006,careers@fingent.com,infopark,https://infopark.in/companies-profile/fingent-global-solutions,2026-08-19,,dup_name_within_scrape
Flycatch Infotech Pvt. Ltd.,flycatchtech.com,listed,Kochi,Kerala,+91 7736830531,Opportunity@flycatchtech.com,infopark,https://infopark.in/companies-profile/flycatch-infotech-pvt-ltd,2026-08-19,,dup_domain_within_scrape
Focaloid Technologies Private Limited,focaloid.com,listed,Kochi,Kerala,+91-484-7136778,careers@focaloid.com,infopark,https://infopark.in/companies-profile/focaloid-technologies-private-limited,2026-08-19,,dup_domain_within_scrape
Founding Minds software Pvt.Ltd,foundingminds.com,listed,Kochi,Kerala,"0484-4042200, 4042202",hr@foundingminds.com,infopark,https://infopark.in/companies-profile/founding-minds-software-pvt-ltd,2026-08-19,,dup_domain_within_scrape
Fragomen Immigration Services India Private Limited,fragomen.com,listed,Kochi,Kerala,,snikhil@fragomen.com,infopark,https://infopark.in/companies-profile/fragomen-immigration-services-india-private-limited,2026-08-19,,dup_domain_within_scrape
G10X INDIA PRIVATE LIMITED,,backfill_needed,Kochi,Kerala,,Contact@g10x.com,infopark,https://infopark.in/companies-profile/g10x-india-private-limited,2026-08-19,,dup_name_within_scrape
GEOJIT TECHNOLOGIES PVT LTD,geojit.tech,listed,Kochi,Kerala,04842901901,hr@geojittechnologies.com,infopark,https://infopark.in/companies-profile/geojit-technologies-pvt-ltd,2026-08-19,,dup_domain_within_scrape
GIS AXIOM Pvt. Ltd.,gisaxiom.com,listed,Kochi,Kerala,"+91 81380 17386, 9995917",sales@gisaxiom.com,infopark,https://infopark.in/companies-profile/gis-axiom-pvt-ltd,2026-08-19,,dup_domain_within_scrape
Gizmeon Technologies Private Limited,gizmeon.com,listed,Kochi,Kerala,+91 9645833111,sunil@gizmeon.com,infopark,https://infopark.in/companies-profile/gizmeon-technologies-private-limited,2026-08-19,,dup_domain_within_scrape
Global Infonet Inc,,backfill_needed,Kochi,Kerala,9633138880,hr@global-infonet.com,infopark,https://infopark.in/companies-profile/global-infonet-inc,2026-08-19,,dup_name_within_scrape
Grapelime Innovations Private Limited.,grapelime.in,listed,Kochi,Kerala,+91 484 401 1758,hr@grapelime.in,infopark,https://infopark.in/companies-profile/grapelime-innovations-private-limited,2026-08-19,,dup_domain_within_scrape
Greenworld International Enterprise Private Limited,greenworldin.in,listed,Kochi,Kerala,+91 9947407002,mail.greenworldin@gmail.com,infopark,https://infopark.in/companies-profile/greenworld-international-enterprise-private-limited,2026-08-19,,dup_domain_within_scrape
Grehasoft,,backfill_needed,Kochi,Kerala,+91 8921540183,info@grehasoft.com,infopark,https://infopark.in/companies-profile/grehasoft,2026-08-19,,dup_name_within_scrape
HashRoot Technologies Pvt Ltd,,backfill_needed,Kochi,Kerala,+91 484 404 1616,info@hashroot.com,infopark,https://infopark.in/companies-profile/hashroot-technologies-pvt-ltd,2026-08-19,,dup_name_within_scrape
Hubbell Burndy India,,backfill_needed,Kochi,Kerala,,,infopark,https://infopark.in/companies-profile/hubbell-burndy-india,2026-08-19,,dup_name_within_scrape
IBS Software,ibsplc.com,listed,Kochi,Kerala,04847193700,receptiondesk@ibsplc.com,infopark,https://infopark.in/companies-profile/ibs-software,2026-08-19,,dup_domain_within_scrape
iCodeBees Private Limited,icodebees.com,listed,Kochi,Kerala,ph. - 98477 32355,info@icodebees.com,infopark,https://infopark.in/companies-profile/icodebees-private-limited,2026-08-19,,dup_domain_within_scrape
IdeaGCS Private Limited,ideagcs.com,listed,Kochi,Kerala,+91 9746126217,hello@ideagcs.com,infopark,https://infopark.in/companies-profile/ideagcs-private-limited,2026-08-19,,dup_domain_within_scrape
iLeaf Solutions Pvt Ltd.,ileafsolutions.com,listed,Kochi,Kerala,+91-9746226403,careers@ileafsolutions.com,infopark,https://infopark.in/companies-profile/ileaf-solutions-pvt-ltd,2026-08-19,,dup_domain_within_scrape
Indian Institute of Management - Kozhikode,iimk.ac.in,listed,Kochi,Kerala,,sheelu_k@iimk.ac.in,infopark,https://infopark.in/companies-profile/indian-institute-of-management-kozhikode,2026-08-19,,dup_domain_within_scrape
IndustryApps Technologies Pvt Ltd,industryapps.net,listed,Kochi,Kerala,+91 99462 60111,director-india@industryapps.net,infopark,https://infopark.in/companies-profile/industryapps-technologies-pvt-ltd,2026-08-19,,dup_domain_within_scrape
InerG Software Innovations Pvt.Ltd.,inerg.com,listed,Kochi,Kerala,,hr@inerg.com,infopark,https://infopark.in/companies-profile/inerg-software-innovations-pvt-ltd,2026-08-19,,dup_domain_within_scrape
Infintor Solutions LLP,infintor.com,listed,Kochi,Kerala,+919422799989,info@infintor.com,infopark,https://infopark.in/companies-profile/infintor-solutions-llp,2026-08-19,,dup_domain_within_scrape
INFOCYLANZ PVT. LTD.,infocylanz.com,listed,Kochi,Kerala,8921032682,info@infocylanz.com,infopark,https://infopark.in/companies-profile/infocylanz-pvt-ltd,2026-08-19,,dup_domain_within_scrape
Infosmart Technologies Private Limited,infosmart-technologies.com,listed,Kochi,Kerala,+91 99468 05010,boby.thomas@infosmart-technologies.com,infopark,https://infopark.in/companies-profile/infosmart-technologies-private-limited,2026-08-19,,dup_domain_within_scrape
Inspired Software Development (India) LLP,inseinc.com,listed,Kochi,Kerala,+91-9995229371,india.careers@inseinc.com,infopark,https://infopark.in/companies-profile/inspired-software-development-india-llp,2026-08-19,,dup_domain_within_scrape
Inspirisys Solutions Limited,inspirisys.com,listed,Kochi,Kerala,0484 - 3343403/3343404,samritha.santhosh@inspirisys.com,infopark,https://infopark.in/companies-profile/inspirisys-solutions-limited,2026-08-19,,dup_domain_within_scrape
Inspite Technologies Pvt.Ltd,inspitetech.com,listed,Kochi,Kerala,8714153735,inspitetechnologies@gmail.com,infopark,https://infopark.in/companies-profile/inspite-technologies-pvt-ltd,2026-08-19,,dup_domain_within_scrape
Intbrains Private Limited,intbrains.com,listed,Kochi,Kerala,,hr@intbrains.com,infopark,https://infopark.in/companies-profile/intbrains-private-limited,2026-08-19,,dup_domain_within_scrape
iWEX Infomatics,iwex.in,listed,Kochi,Kerala,+919744783338,emails@iwex.in,infopark,https://infopark.in/companies-profile/iwex-infomatics,2026-08-19,,dup_domain_within_scrape
Jachoos Technologies Private Limited,jachoos.com,listed,Kochi,Kerala,+9181290 05574,info@jachoos.com,infopark,https://infopark.in/companies-profile/jachoos-technologies-private-limited,2026-08-19,,dup_domain_within_scrape
JTSi Technologies India Private Limited,jtsiindia.com,listed,Kochi,Kerala,0484 - 4070368,hr@jtsiindia.com,infopark,https://infopark.in/companies-profile/jtsi-technologies-india-private-limited,2026-08-19,,dup_domain_within_scrape
Kakapo Systems India Private Limited,kakaposystems.com,listed,Kochi,Kerala,+91 9946864488,talkindia@kakaposystems.com,infopark,https://infopark.in/companies-profile/kakapo-systems-india-private-limited,2026-08-19,,dup_domain_within_scrape
KnowBe4 India Private Limited,knowbe4.com,listed,Kochi,Kerala,+1-727-748-4221,info@knowbe4.com,infopark,https://infopark.in/companies-profile/knowbe4-india-private-limited,2026-08-19,,dup_domain_within_scrape
Mantle Solutions Private Limited,mantlesolutions.in,listed,Kochi,Kerala,0484-6633333,careers@mantlesolutions.in,infopark,https://infopark.in/companies-profile/mantle-solutions-private-limited,2026-08-19,,dup_domain_within_scrape
Mantra IT Solutions,mantraitsolutions.in,listed,Kochi,Kerala,6282113506,info@mantraitsolutions.in,infopark,https://infopark.in/companies-profile/mantra-it-solutions,2026-08-19,,dup_domain_within_scrape
MARLABS SOFTWARE,marlabs.com,listed,Kochi,Kerala,"91 0484 6062885, 6062886",harsha.pramod@marlabs.com,infopark,https://infopark.in/companies-profile/marlabs-software,2026-08-19,,dup_domain_within_scrape
Mashuptech,mashuptech.in,listed,Kochi,Kerala,"+91 4843514093, +91 8089",info@mashuptech.in,infopark,https://infopark.in/companies-profile/mashuptech,2026-08-19,,dup_domain_within_scrape
McFadyen Digital,mcfadyen.com,listed,Kochi,Kerala,9495662507,djanardhanan@mcfadyen.com,infopark,https://infopark.in/companies-profile/mcfadyen-digital,2026-08-19,,dup_domain_within_scrape
Merabt Technologies Private Limited,,backfill_needed,Kochi,Kerala,+91-7907092564,hr@merabt.com,infopark,https://infopark.in/companies-profile/merabt-technologies-private-limited,2026-08-19,,dup_name_within_scrape
Milestone Technologies,milestone.tech,listed,Kochi,Kerala,91-484-4060800,recruiters-apac@milestone.tech,infopark,https://infopark.in/companies-profile/milestone-technologies,2026-08-19,,dup_domain_within_scrape
Millennium InfoLogic,millinfo.net,listed,Kochi,Kerala,+91 484 4856688,hr@millinfo.net,infopark,https://infopark.in/companies-profile/millennium-infologic,2026-08-19,,dup_domain_within_scrape
Mindcurv Technology Solutions Pvt. Ltd.,mindcurv.com,listed,Kochi,Kerala,0484 2100164,hr@mindcurv.com,infopark,https://infopark.in/companies-profile/mindcurv-technology-solutions-pvt-ltd,2026-08-19,,dup_domain_within_scrape
MindLabs Systems Pvt Ltd,mindlabssys.com,listed,Kochi,Kerala,9656056789,hrteam@mindlabssys.com,infopark,https://infopark.in/companies-profile/mindlabs-systems-pvt-ltd,2026-08-19,,dup_domain_within_scrape
mitz AI Minds Pvt Ltd,mitz.ai,listed,Kochi,Kerala,9656730556,contactus@mitz.ai,infopark,https://infopark.in/companies-profile/mitz-ai-minds-pvt-ltd,2026-08-19,,dup_domain_within_scrape
Navicater Solutions India Pvt Ltd,navicater.com,listed,Kochi,Kerala,"+91 9446 88 33 77, +91 8",admin@navicater.com,infopark,https://infopark.in/companies-profile/navicater-solutions-india-pvt-ltd,2026-08-19,,dup_domain_within_scrape
NDimensionZ Solutions Pvt.Ltd.,ndimensionz.com,listed,Kochi,Kerala,0484 - 6689999,hr@ndimensionz.com,infopark,https://infopark.in/companies-profile/ndimensionz-solutions-pvt-ltd,2026-08-19,,dup_domain_within_scrape
Neem Info Solutions Pvt. Ltd.,neemsoftware.com,listed,Kochi,Kerala,8281155932,admin@neemsoftware.com,infopark,https://infopark.in/companies-profile/neem-info-solutions-pvt-ltd,2026-08-19,,dup_domain_within_scrape
Neork Technologies,neork.com,listed,Kochi,Kerala,+91 99958 03233,info@neork.com,infopark,https://infopark.in/companies-profile/neork-technologies,2026-08-19,,dup_domain_within_scrape
Nesote Technologies Pvt Ltd,nesote.com,listed,Kochi,Kerala,04842987111,hr@nesote.com,infopark,https://infopark.in/companies-profile/nesote-technologies-pvt-ltd,2026-08-19,,dup_domain_within_scrape
Nestsoft TechnoMaster PVT LTD,,backfill_needed,Kochi,Kerala,+91 9895490866,join@nestsoft.com,infopark,https://infopark.in/companies-profile/nestsoft-technomaster-pvt-ltd,2026-08-19,,dup_name_within_scrape
Netlyft Technologies Pvt Ltd,,backfill_needed,Kochi,Kerala,+91 9207325275,contact@netlyft.com,infopark,https://infopark.in/companies-profile/netlyft-technologies-pvt-ltd,2026-08-19,,dup_name_within_scrape
NewAgeSys Solutions (P) Ltd.,newagesysindia.com,listed,Kochi,Kerala,0484-2983032 / 2983033,career@newagesysindia.com,infopark,https://infopark.in/companies-profile/newagesys-solutions-p-ltd,2026-08-19,,dup_domain_within_scrape
Next Apps,nextapps.in,listed,Kochi,Kerala,9916940449,support@nextapps.in,infopark,https://infopark.in/companies-profile/next-apps,2026-08-19,,dup_domain_within_scrape
Niaway Technologies Pvt Ltd,niaway.com,listed,Kochi,Kerala,+91 6238833983,info@niaway.com,infopark,https://infopark.in/companies-profile/niaway-technologies-pvt-ltd,2026-08-19,,dup_domain_within_scrape
Niche Techies,nichetechies.com,listed,Kochi,Kerala,9995333078,info@nichetechies.com,infopark,https://infopark.in/companies-profile/niche-techies,2026-08-19,,dup_domain_within_scrape
Noa Infosolutions LLP,noainfosolutions.com,listed,Kochi,Kerala,9846002792,hr@noainfosolutions.com,infopark,https://infopark.in/companies-profile/noa-infosolutions-llp,2026-08-19,,dup_domain_within_scrape
Offline Human Studios,offlinehumanstudios.com,listed,Kochi,Kerala,+91 9995479222,contact@offlinehumanstudios.com,infopark,https://infopark.in/companies-profile/offline-human-studios,2026-08-19,,dup_domain_within_scrape
Onesoft Technologies LLP,onesoftapps.com,listed,Kochi,Kerala,+91-96567 07783,admin@onesoftapps.com,infopark,https://infopark.in/companies-profile/onesoft-technologies-llp,2026-08-19,,dup_domain_within_scrape
Opshore Talent Solutions Pvt.Ltd.,opshoretalentsolutions.com,listed,Kochi,Kerala,9995205566,hr@opshoretalentsolutions.com,infopark,https://infopark.in/companies-profile/opshore-talent-solutions-pvt-ltd,2026-08-19,,dup_domain_within_scrape
Orestes Technologies Pvt Ltd,orestestech.com,listed,Kochi,Kerala,+918078206146,info@orestestech.com,infopark,https://infopark.in/companies-profile/orestes-technologies-pvt-ltd,2026-08-19,,dup_domain_within_scrape
Orion India Systems Pvt. Ltd.,orioninc.com,listed,Kochi,Kerala,+91 484 6616100,pramodt@orioninc.com,infopark,https://infopark.in/companies-profile/orion-india-systems-pvt-ltd,2026-08-19,,dup_domain_within_scrape
Ormeon IT Consulting Pvt Ltd,ormeon.com,listed,Kochi,Kerala,+91 94472 14688,info@ormeon.com,infopark,https://infopark.in/companies-profile/ormeon-it-consulting-pvt-ltd,2026-08-19,,dup_domain_within_scrape
Outsource Partners International,opiglobal.com,listed,Kochi,Kerala,,info@opiglobal.com,infopark,https://infopark.in/companies-profile/outsource-partners-international,2026-08-19,,dup_domain_within_scrape
PanashiFZCO Technology Solution Private Limited,,backfill_needed,Kochi,Kerala,04842915045,hr@panashi.ae,infopark,https://infopark.in/companies-profile/panashifzco-technology-solution-private-limited,2026-08-19,,dup_name_within_scrape
Paoyaila Animation Studios LLP,paoyaila.com,listed,Kochi,Kerala,"+91 9495463841, +9194001",hrpaoyaila@gmail.com,infopark,https://infopark.in/companies-profile/paoyaila-animation-studios-llp,2026-08-19,,dup_domain_within_scrape
PaulCart E Commerce Pvt. Ltd.,wibserp.com,listed,Kochi,Kerala,9995434111,rinosh@paulcart.com,infopark,https://infopark.in/companies-profile/paulcart-e-commerce-pvt-ltd,2026-08-19,,dup_domain_within_scrape
Pearlsoft Technologies LLP,pearlsofttechnologies.com,listed,Kochi,Kerala,,joinus@pearlsofttechnologies.com,infopark,https://infopark.in/companies-profile/pearlsoft-technologies-llp,2026-08-19,,dup_domain_within_scrape
Penguin Data Centre Pvt.Ltd.,penguininc.com,listed,Kochi,Kerala,+91-6238309752,careers@penguininc.com,infopark,https://infopark.in/companies-profile/penguin-data-centre-pvt-ltd,2026-08-19,,dup_domain_within_scrape
Phases India Technology Solutions Pvt Ltd.,phases.io,listed,Kochi,Kerala,,_@c.c,infopark,https://infopark.in/companies-profile/phases-india-technology-solutions-pvt-ltd,2026-08-19,,dup_domain_within_scrape
PIT Solutions Private Limited,pitsolutions.com,listed,Kochi,Kerala,04712700915,enquiries@pitsolutions.com,infopark,https://infopark.in/companies-profile/pit-solutions-private-limited,2026-08-19,,dup_domain_within_scrape
Pixdynamics,pixdynamics.com,listed,Kochi,Kerala,+91 79944 31750,hr@pixdynamics.com,infopark,https://infopark.in/companies-profile/pixdynamics,2026-08-19,,dup_domain_within_scrape
Portrave Solutions Pvt Ltd,portrave.com,listed,Kochi,Kerala,+91484 4070667,info@portrave.com,infopark,https://infopark.in/companies-profile/portrave-solutions-pvt-ltd,2026-08-19,,dup_domain_within_scrape
Privo TechCorp Private Limited,privocorp.com,listed,Kochi,Kerala,,hr@privocorp.com,infopark,https://infopark.in/companies-profile/privo-techcorp-private-limited,2026-08-19,,dup_domain_within_scrape
Pueblo Shades Pvt.Ltd,puebloshades.com,listed,Kochi,Kerala,80752 45591,info@puebloshades.com,infopark,https://infopark.in/companies-profile/pueblo-shades-pvt-ltd,2026-08-19,,dup_domain_within_scrape
QBurst Technologies,,backfill_needed,Kochi,Kerala,,hr@qburst.com,infopark,https://infopark.in/companies-profile/qburst-technologies,2026-08-19,,dup_name_within_scrape
Qubiqon Consulting India Private Limited,qubiqon.io,listed,Kochi,Kerala,91 9995222141,contactus@qubiqon.io,infopark,https://infopark.in/companies-profile/qubiqon-consulting-india-private-limited,2026-08-19,,dup_domain_within_scrape
RedBlack Technologies Private Limited,redblacksoftware.com,listed,Kochi,Kerala,+919605623900,infokochi@intelliflo.com,infopark,https://infopark.in/companies-profile/redblack-technologies-private-limited,2026-08-19,,dup_domain_within_scrape
Redux (Network Redux),redux.co,listed,Kochi,Kerala,0484 2972794,india.hr@redux.co,infopark,https://infopark.in/companies-profile/redux-network-redux,2026-08-19,,dup_domain_within_scrape
Rextech Studios,rextechstudios.com,listed,Kochi,Kerala,9562965493,info@rextechstudios.com,infopark,https://infopark.in/companies-profile/rextech-studios,2026-08-19,,dup_domain_within_scrape
ROGERSOFT,,backfill_needed,Kochi,Kerala,9995207676,info@rogersoft.com,infopark,https://infopark.in/companies-profile/rogersoft,2026-08-19,,dup_name_within_scrape
RUBY SEVEN STUDIOS,rubyseven.in,listed,Kochi,Kerala,04844059440,careersindia@rubyseven.com,infopark,https://infopark.in/companies-profile/ruby-seven-studios,2026-08-19,,dup_domain_within_scrape
SayOne Technologies Pvt.Ltd.,sayonetech.com,listed,Kochi,Kerala,,hr@sayonetech.com,infopark,https://infopark.in/companies-profile/sayone-technologies-pvt-ltd,2026-08-19,,dup_domain_within_scrape
SBL Knowledge Services Pvt Ltd,sblcorp.com,listed,Kochi,Kerala,98957 64867,hr@sblcorp.com,infopark,https://infopark.in/companies-profile/sbl-knowledge-services-pvt-ltd,2026-08-19,,dup_domain_within_scrape
SE-Mentor Solutions,sementor.com,listed,Kochi,Kerala,7306021783,careers@se-mentor.com,infopark,https://infopark.in/companies-profile/se-mentor-solutions,2026-08-19,,dup_domain_within_scrape
Seeroo IT Solutions,seeroo.com,listed,Kochi,Kerala,+91 484 298 5660,info@seeroo.com,infopark,https://infopark.in/companies-profile/seeroo-it-solutions,2026-08-19,,dup_domain_within_scrape
Seguro Technologies,segurotechnologies.com,listed,Kochi,Kerala,8078791340,hr@segurotechnologies.com,infopark,https://infopark.in/companies-profile/seguro-technologies,2026-08-19,,dup_domain_within_scrape
Senscript Technologies Pvt Ltd,senscript.ai,listed,Kochi,Kerala,+91-9037122872,careers@senscript.ai,infopark,https://infopark.in/companies-profile/senscript-technologies-pvt-ltd,2026-08-19,,dup_domain_within_scrape
Simelabs - An Astek Company,simelabs.com,listed,Kochi,Kerala,8590718392,hr@simelabs.com,infopark,https://infopark.in/companies-profile/simelabs-an-astek-company,2026-08-19,,dup_domain_within_scrape
Skybertech IT Innovation Pvt Ltd,skybertech.com,listed,Kochi,Kerala,+91 7592 888 111,mail@skybertech.com,infopark,https://infopark.in/companies-profile/skybertech-it-innovation-pvt-ltd,2026-08-19,,dup_domain_within_scrape
SMEC Automation Pvt Ltd,smeclabs.com,listed,Kochi,Kerala,9656227714,connect@smectechnologies.com,infopark,https://infopark.in/companies-profile/smec-automation-pvt-ltd,2026-08-19,,dup_domain_within_scrape
SnippetCommerce360 Pvt Ltd,snippetcommerce360.com,listed,Kochi,Kerala,+91 9061234445,collab@snippetcommerce360.com,infopark,https://infopark.in/companies-profile/snippetcommerce360-pvt-ltd,2026-08-19,,dup_domain_within_scrape
Softop Solutions Pvt Ltd,softopsolutions.com,listed,Kochi,Kerala,+971 529822133,careers@softopsolutions.com,infopark,https://infopark.in/companies-profile/softop-solutions-pvt-ltd,2026-08-19,,dup_domain_within_scrape
Softspace Infotech Pvt Ltd,,backfill_needed,Kochi,Kerala,+91 9847811647,info@softspace.ae,infopark,https://infopark.in/companies-profile/softspace-infotech-pvt-ltd,2026-08-19,,dup_name_within_scrape
Spawoz Technologies Pvt. Ltd.,spawoz.com,listed,Kochi,Kerala,,info@spawoz.com,infopark,https://infopark.in/companies-profile/spawoz-technologies-pvt-ltd,2026-08-19,,dup_domain_within_scrape
Speridian Technologies Pvt Ltd,speridian.com,listed,Kochi,Kerala,+91 484 401 7951,smitha.sankarankutty@speridian.com,infopark,https://infopark.in/companies-profile/speridian-technologies-pvt-ltd,2026-08-19,,dup_domain_within_scrape
Spiderline Technologies,spiderline.in,listed,Kochi,Kerala,+91 97453 66367,info@spiderline.in,infopark,https://infopark.in/companies-profile/spiderline-technologies,2026-08-19,,dup_domain_within_scrape
Spiralcode Innovates LLP,spiralcode.in,listed,Kochi,Kerala,8590041414,info@spiralcode.in,infopark,https://infopark.in/companies-profile/spiralcode-innovates-llp,2026-08-19,,dup_domain_within_scrape
Steigend IT Solutions,,backfill_needed,Kochi,Kerala,9946161106,info@steigendit.com,infopark,https://infopark.in/companies-profile/steigend-it-solutions,2026-08-19,,dup_name_within_scrape
Stepping Stone Consultancy Services,steppingstoneconsultancy.com,listed,Kochi,Kerala,+91- 0484 - 2989811,hire1.steppingstone@gmail.com,infopark,https://infopark.in/companies-profile/stepping-stone-consultancy-services,2026-08-19,,dup_domain_within_scrape
Syriac Consultancy Services Private Limited,syriacconsultancy.com,listed,Kochi,Kerala,+91 8136923078,career@syriacconsultancy.com,infopark,https://infopark.in/companies-profile/syriac-consultancy-services-private-limited,2026-08-19,,dup_domain_within_scrape
SysTalent Software Private Limited,,backfill_needed,Kochi,Kerala,+91 484 2415230,info@systalent.com,infopark,https://infopark.in/companies-profile/systalent-software-private-limited,2026-08-19,,dup_name_within_scrape
Talk Digital Pvt. Ltd.,talkdigital.com,listed,Kochi,Kerala,9446581090,hr@talkdigital.co.in,infopark,https://infopark.in/companies-profile/talk-digital-pvt-ltd,2026-08-19,,dup_domain_within_scrape
Tamcherry Technologies Private Limited,tamcherry.com,listed,Kochi,Kerala,09633303943,info@tamcherry.com,infopark,https://infopark.in/companies-profile/tamcherry-technologies-private-limited,2026-08-19,,dup_domain_within_scrape
Tata Consultancy Services,tcs.com,listed,Kochi,Kerala,0484 618 7000,info@tcs.com,infopark,https://infopark.in/companies-profile/tata-consultancy-services,2026-08-19,,dup_domain_within_scrape
TECFORZ INNOVATIONS,tecforz.com,listed,Kochi,Kerala,0484 4632159,info@tecforz.com,infopark,https://infopark.in/companies-profile/tecforz-innovations,2026-08-19,,dup_domain_within_scrape
Techfriar Technologies,techfriar.com,listed,Kochi,Kerala,+91-7356899156,hr@techfriar.com,infopark,https://infopark.in/companies-profile/techfriar-technologies,2026-08-19,,dup_domain_within_scrape
Technowave ID Systems PVT.LTD.,technowavegroup.com,listed,Kochi,Kerala,8139021117,hr@technowavegroup.com,infopark,https://infopark.in/companies-profile/technowave-id-systems-pvt-ltd,2026-08-19,,dup_domain_within_scrape
TechTaliya Informatics Pvt. Ltd.,techtaliya.com,listed,Kochi,Kerala,+91 484 403 6777,info@techtaliya.com,infopark,https://infopark.in/companies-profile/techtaliya-informatics-pvt-ltd,2026-08-19,,dup_domain_within_scrape
Techversant Infotech Pvt Ltd,techversantinfotech.com,listed,Kochi,Kerala,0484 4014666,careers@techversantinfotech.com,infopark,https://infopark.in/companies-profile/techversant-infotech-pvt-ltd,2026-08-19,,dup_domain_within_scrape
Tecnostac Systems Private Limited,tecnostac.com,listed,Kochi,Kerala,+91 95670 63871,hr@tecnostac.com,infopark,https://infopark.in/companies-profile/tecnostac-systems-private-limited,2026-08-19,,dup_domain_within_scrape
Telious Technologies Pvt Ltd,telious.com,listed,Kochi,Kerala,+91 94956 58233,info@telious.com,infopark,https://infopark.in/companies-profile/telious-technologies-pvt-ltd,2026-08-19,,dup_domain_within_scrape
Testing Mavens Software Pvt Ltd,testingmavens.com,listed,Kochi,Kerala,+91 8138924300,hire@testingmavens.com,infopark,https://infopark.in/companies-profile/testing-mavens-software-pvt-ltd,2026-08-19,,dup_domain_within_scrape
Thinkpalm Technologies Pvt.Ltd,thinkpalm.com,listed,Kochi,Kerala,0484-4104100,info@thinkpalm.com,infopark,https://infopark.in/companies-profile/thinkpalm-technologies-pvt-ltd,2026-08-19,,dup_domain_within_scrape
ThoughtMinds System Pvt Ltd,thoughtminds.ai,listed,Kochi,Kerala,+91 7510303111,careers@thoughtminds.io,infopark,https://infopark.in/companies-profile/thoughtminds-system-pvt-ltd,2026-08-19,,dup_domain_within_scrape
Thriveminds Technologies Pvt. Ltd.,thrivemindsinnovations.com,listed,Kochi,Kerala,09074535476,hr@thrivemindstechno.com,infopark,https://infopark.in/companies-profile/thriveminds-technologies-pvt-ltd,2026-08-19,,dup_domain_within_scrape
Titan Tech Emirates Pvt Ltd,titantechemirates.com,listed,Kochi,Kerala,9591546465,hr@titantechemirates.com,infopark,https://infopark.in/companies-profile/titan-tech-emirates-pvt-ltd,2026-08-19,,dup_domain_within_scrape
TNP Consultancy Private Limited,tnpconsultants.com,listed,Kochi,Kerala,+91 8139894880,communication.india@tnpconsultants.com,infopark,https://infopark.in/companies-profile/tnp-consultancy-private-limited,2026-08-19,,dup_domain_within_scrape
Toobler Technologies Pvt. Ltd.,toobler.com,listed,Kochi,Kerala,91-484 4034359,info@toobler.com,infopark,https://infopark.in/companies-profile/toobler-technologies-pvt-ltd,2026-08-19,,dup_domain_within_scrape
TouchWorld Technology,touchworldtech.com,listed,Kochi,Kerala,0474 2970 298,info@touchworldtech.com,infopark,https://infopark.in/companies-profile/touchworld-technology,2026-08-19,,dup_domain_within_scrape
Travancore Analytics Pvt.Ltd.,travancoreanalytics.com,listed,Kochi,Kerala,9188955501,careers@travancoreanalytics.com,infopark,https://infopark.in/companies-profile/travancore-analytics-pvt-ltd,2026-08-19,,dup_domain_within_scrape
Tukxi India Private Ltd,tukxi.in,listed,Kochi,Kerala,,support@tukxi.in,infopark,https://infopark.in/companies-profile/tukxi-india-private-ltd,2026-08-19,,dup_domain_within_scrape
Turqosoft Solutions Pvt. Ltd.,,backfill_needed,Kochi,Kerala,+91 98412 05845,info@turqosoft.com,infopark,https://infopark.in/companies-profile/turqosoft-solutions-pvt-ltd,2026-08-19,,dup_name_within_scrape
Unilaw Global Private Limited,unilawtech.com,listed,Kochi,Kerala,+91 99950 45717,info@unilawtech.com,infopark,https://infopark.in/companies-profile/unilaw-global-private-limited,2026-08-19,,dup_domain_within_scrape
US Technology International Pvt Ltd,ust-global.com,listed,Kochi,Kerala,0484-4040000,info@ust-global.com,infopark,https://infopark.in/companies-profile/us-technology-international-pvt-ltd,2026-08-19,,dup_domain_within_scrape
Vaisesika Consulting Private Limited,vaisesikaconsulting.com,listed,Kochi,Kerala,8547432502,talentacquisition@vaisesika.in,infopark,https://infopark.in/companies-profile/vaisesika-consulting-private-limited,2026-08-19,,dup_domain_within_scrape
Varishtha Infotech Services Pvt Ltd.,varishthainfotech.com,listed,Kochi,Kerala,+971 58 5049701,vandana@varishthainfotech.com,infopark,https://infopark.in/companies-profile/varishtha-infotech-services-pvt-ltd,2026-08-19,,dup_domain_within_scrape
Veeble SoftTech (P) Ltd.,veeble.com,listed,Kochi,Kerala,7012099465,careers@veeble.com,infopark,https://infopark.in/companies-profile/veeble-softtech-p-ltd,2026-08-19,,dup_domain_within_scrape
Verteil Technologies Private Limited,verteil.com,listed,Kochi,Kerala,+91-484-4019970,contact@verteil.com,infopark,https://infopark.in/companies-profile/verteil-technologies-private-limited,2026-08-19,,dup_domain_within_scrape
Viewy Digital P(Ltd),viewydigital.com,listed,Kochi,Kerala,00914842331101,info@viewydigital.com,infopark,https://infopark.in/companies-profile/viewy-digital-p-ltd,2026-08-19,,dup_domain_within_scrape
Violet Frames,violetframes.com,listed,Kochi,Kerala,9744403855,info@violetframes.com,infopark,https://infopark.in/companies-profile/violet-frames,2026-08-19,,dup_domain_within_scrape
VIPoint Solutions Pvt Ltd,vipointsolutions.net,listed,Kochi,Kerala,484-4050222,hr@vipointsolutions.net,infopark,https://infopark.in/companies-profile/vipoint-solutions-pvt-ltd,2026-08-19,,dup_domain_within_scrape
Virtual Impulse Technologies,vimptech.com,listed,Kochi,Kerala,+91 9847670036,vimptech@gmail.com,infopark,https://infopark.in/companies-profile/virtual-impulse-technologies,2026-08-19,,dup_domain_within_scrape
Vivish Technologies Private Limited,mygate.com,listed,Kochi,Kerala,,hr@mygate.in,infopark,https://infopark.in/companies-profile/vivish-technologies-private-limited,2026-08-19,,dup_domain_within_scrape
Vortexen Dynamics,vortexen.com,listed,Kochi,Kerala,+918848850414,hr@vortexen.com,infopark,https://infopark.in/companies-profile/vortexen-dynamics,2026-08-19,,dup_domain_within_scrape
Voyon Technology Pvt Ltd,voyonfolks.com,listed,Kochi,Kerala,06282685797,careers@voyon.net,infopark,https://infopark.in/companies-profile/voyon-technology-pvt-ltd,2026-08-19,,dup_domain_within_scrape
Vtrio Solutions Private Limited,vtrio.com,listed,Kochi,Kerala,91-9656600307,hr@vtrio.com,infopark,https://infopark.in/companies-profile/vtrio-solutions-private-limited,2026-08-19,,dup_domain_within_scrape
Webdura Technologies,webduratech.com,listed,Kochi,Kerala,8714746555,careers@webdura.in,infopark,https://infopark.in/companies-profile/webdura-technologies,2026-08-19,,dup_domain_within_scrape
Wipro Limited,wipro.com,listed,Kochi,Kerala,0484-4320685,jothish.s90@wipro.com,infopark,https://infopark.in/companies-profile/wipro-limited,2026-08-19,,dup_domain_within_scrape
WOC Branding Systems Pvt Ltd,wocbranding.com,listed,Kochi,Kerala,+91 9447306003,mail@wocbranding.com,infopark,https://infopark.in/companies-profile/woc-branding-systems-pvt-ltd,2026-08-19,,dup_domain_within_scrape
Yatnam Technologies,yatnam.com,listed,Kochi,Kerala,+91484-404-9024,mail@yatnam.com,infopark,https://infopark.in/companies-profile/yatnam-technologies,2026-08-19,,dup_domain_within_scrape
Yellowfish Digital Innovations Pvt Ltd.,yellowfish.in,listed,Kochi,Kerala,,hr@yellowfish.in,infopark,https://infopark.in/companies-profile/yellowfish-digital-innovations-pvt-ltd,2026-08-19,,dup_domain_within_scrape
Zamorins Solutions (P) Ltd,zamorinstech.com,listed,Kochi,Kerala,+91 8304004275.,info@zamorinstech.com,infopark,https://infopark.in/companies-profile/zamorins-solutions-p-ltd,2026-08-19,,dup_domain_within_scrape
Zellis HR India Pvt.Ltd.,zellis.com,listed,Kochi,Kerala,+91 484 486 5758,careers.india@zellis.com,infopark,https://infopark.in/companies-profile/zellis-hr-india-pvt-ltd,2026-08-19,,dup_domain_within_scrape
Zoiteckh Informations Solutions,zoiteckh.com,listed,Kochi,Kerala,+91-7306892494,hrmanager@zoiteckh.com,infopark,https://infopark.in/companies-profile/zoiteckh-informations-solutions,2026-08-19,,dup_domain_within_scrape
AMIYON SOLUTIONS PVT LTD.,amiyon.com,listed,Kochi,Kerala,7012013434,hr@amiyon.com,infopark,https://infopark.in/companies-profile/amiyon-solutions-pvt-ltd,2026-08-19,,dup_domain_within_scrape
Apro IT Solutions Pvt Ltd,aproitsolutions.com,listed,Kochi,Kerala,+91 6238683058,info@aproitsolutions.com,infopark,https://infopark.in/companies-profile/apro-it-solutions-pvt-ltd,2026-08-19,,dup_domain_within_scrape
AVENTUS INFORMATICS,aventusinformatics.com,listed,Kochi,Kerala,7907091213,hr@aventusinformatics.com,infopark,https://infopark.in/companies-profile/aventus-informatics,2026-08-19,,dup_domain_within_scrape
Braddock Infotech Pvt. Ltd.,braddockinfotech.com,listed,Kochi,Kerala,+91 9447530986,careers@braddockinfotech.com,infopark,https://infopark.in/companies-profile/braddock-infotech-pvt-ltd,2026-08-19,,dup_domain_within_scrape
CEREIV Advisory LLP,cereiv.com,listed,Kochi,Kerala,9745767949,info@cereiv.com,infopark,https://infopark.in/companies-profile/cereiv-advisory-llp,2026-08-19,,dup_domain_within_scrape
CloudHouse Technologies Pvt.Ltd,cloudhousetechnologies.com,listed,Kochi,Kerala,"0480 2737360,",info@cloudhousetechnologies.com,infopark,https://infopark.in/companies-profile/cloudhouse-technologies-pvt-ltd,2026-08-19,,dup_domain_within_scrape
Daskalos virtual Academy pvt Limited,mytuitionapp.com,listed,Kochi,Kerala,+91- 9778968024,hiring1@90plus.in,infopark,https://infopark.in/companies-profile/daskalos-virtual-academy-pvt-limited,2026-08-19,,dup_domain_within_scrape
Dataequinox,,backfill_needed,Kochi,Kerala,+919074083251,connect@dataequinox.com,infopark,https://infopark.in/companies-profile/dataequinox,2026-08-19,,dup_name_within_scrape
ELEMMENT FAÇADE Pvt Ltd,elemmentfacade.com,listed,Kochi,Kerala,+91 8089894683,info@elemmentfacade.com,infopark,https://infopark.in/companies-profile/elemment-fa-ade-pvt-ltd,2026-08-19,,dup_domain_within_scrape
Endeion Engineering Services Pvt.Ltd.,endeion.com,listed,Kochi,Kerala,+91 88489 06400,info@endeion.com,infopark,https://infopark.in/companies-profile/endeion-engineering-services-pvt-ltd,2026-08-19,,dup_domain_within_scrape
Estro Tech Robotics and Innovations Pvt Ltd,estrotech.in,listed,Kochi,Kerala,+91 7306153206,contact@estrotech.in,infopark,https://infopark.in/companies-profile/estro-tech-robotics-and-innovations-pvt-ltd,2026-08-19,,dup_domain_within_scrape
EXACORE IT SOLUTIONS PRIVATE LIMITED,exacoreitsolutions.com,listed,Kochi,Kerala,+918138916160,career@exacoreitsolutions.com,infopark,https://infopark.in/companies-profile/exacore-it-solutions-private-limited,2026-08-19,,dup_domain_within_scrape
Feathersoft Info Solutions Private Ltd,,backfill_needed,Kochi,Kerala,+91 7736028401,careers_kochi@feathersoft.com,infopark,https://infopark.in/companies-profile/feathersoft-info-solutions-private-ltd,2026-08-19,,dup_name_within_scrape
Focal ME Design Solutions Pvt Ltd,focalpm.com,listed,Kochi,Kerala,04802082974,me@focalpm.com,infopark,https://infopark.in/companies-profile/focal-me-design-solutions-pvt-ltd,2026-08-19,,dup_domain_within_scrape
Galactico Express Solutions Pvt. Ltd.,,backfill_needed,Kochi,Kerala,9446373443,info@gecs.me,infopark,https://infopark.in/companies-profile/galactico-express-solutions-pvt-ltd,2026-08-19,,dup_name_within_scrape
GALTech Technologies Pvt Ltd,galtech.org,listed,Kochi,Kerala,"04802951674, +91 6282845",hr@galtech.org,infopark,https://infopark.in/companies-profile/galtech-technologies-pvt-ltd,2026-08-19,,dup_domain_within_scrape
Gewan Info Tech Solutions India Pvt Ltd.,gewaninfotech.com,listed,Kochi,Kerala,"+91 75109 53184, +91 751",info@gewaninfotech.com,infopark,https://infopark.in/companies-profile/gewan-info-tech-solutions-india-pvt-ltd,2026-08-19,,dup_domain_within_scrape
Glitz IT Solutions,glitzitsolutions.com,listed,Kochi,Kerala,+91 480 2734 544,care@glitzitsolutions.com,infopark,https://infopark.in/companies-profile/glitz-it-solutions,2026-08-19,,dup_domain_within_scrape
GRAMPRO BUSINESS SERVICES PVT. LTD,gramproindia.com,listed,Kochi,Kerala,+91 8714621795,contactus@gramproindia.com,infopark,https://infopark.in/companies-profile/grampro-business-services-pvt-ltd,2026-08-19,,dup_domain_within_scrape
Gravity Business Process Private Limited,gravity-bp.com,listed,Kochi,Kerala,+91 480 2080797,info@gravity-bp.com,infopark,https://infopark.in/companies-profile/gravity-business-process-private-limited,2026-08-19,,dup_domain_within_scrape
iKSANA Engineering & Management Consultants,iksana.tech,listed,Kochi,Kerala,+91 94000 96396,hello@iksana.tech,infopark,https://infopark.in/companies-profile/iksana-engineering-management-consultants,2026-08-19,,dup_domain_within_scrape
JK Lucent Pvt Ltd,,backfill_needed,Kochi,Kerala,+91 480 208 1883,careers@jklucent.com.au,infopark,https://infopark.in/companies-profile/jk-lucent-pvt-ltd,2026-08-19,,dup_name_within_scrape
Jobin & Jismi Pvt. Ltd.,jobinandjismi.com,listed,Kochi,Kerala,7034499822,contactus@jobinandjismi.com,infopark,https://infopark.in/companies-profile/jobin-jismi-pvt-ltd,2026-08-19,,dup_domain_within_scrape
KL Koncepts Lab Media and IT Park,konceptslab.com,listed,Kochi,Kerala,8606119333,hr@konceptslab.com,infopark,https://infopark.in/companies-profile/kl-koncepts-lab-media-and-it-park,2026-08-19,,dup_domain_within_scrape
LucidPlus Infotech Pvt Ltd,lucidplus.com,listed,Kochi,Kerala,0480 2731677,career@lucidplus.com,infopark,https://infopark.in/companies-profile/lucidplus,2026-08-19,,dup_domain_within_scrape
Luure.ai LLP,luure.ai,listed,Kochi,Kerala,0484-4867768,info@luure.ai,infopark,https://infopark.in/companies-profile/luure-ai-llp,2026-08-19,,dup_domain_within_scrape
MapleTech Space Pvt Ltd,mapletechspace.com,listed,Kochi,Kerala,7559923436,info@mapletechspace.com,infopark,https://infopark.in/companies-profile/mapletech-space-pvt-ltd,2026-08-19,,dup_domain_within_scrape
NAS Infosolutions Pvt Ltd,nasinfosolutions.com,listed,Kochi,Kerala,04802998676,Operations@nasinfosolutions.com,infopark,https://infopark.in/companies-profile/nas-infosolutions-pvt-ltd,2026-08-19,,dup_domain_within_scrape
Pinetech IT Solutions P Ltd,pinetech.in,listed,Kochi,Kerala,8547426732,hr@pinetech.in,infopark,https://infopark.in/companies-profile/pinetech-it-solutions-p-ltd,2026-08-19,,dup_domain_within_scrape
RIOD LOGIC PRIVATE LIMITED,riod.in,listed,Kochi,Kerala,+91 8589874131,join@riodlogic.com,infopark,https://infopark.in/companies-profile/riod-logic-private-limited,2026-08-19,,dup_domain_within_scrape
Roberts Design Services,rdsind.co,listed,Kochi,Kerala,91 8139005188,jobs@rdsind.co,infopark,https://infopark.in/companies-profile/roberts-design-services,2026-08-19,,dup_domain_within_scrape
SaNDS Lab,sandslab.com,listed,Kochi,Kerala,+91 9895765626,hr@sandslab.com,infopark,https://infopark.in/companies-profile/sands-lab,2026-08-19,,dup_domain_within_scrape
SEIDOR Opentrends,opentrends.net,listed,Kochi,Kerala,+91 480 2735022,careers@opentrends.net,infopark,https://infopark.in/companies-profile/seidor-opentrends,2026-08-19,,dup_domain_within_scrape
Silverbloom Technologies,silverbloom.com,listed,Kochi,Kerala,,,infopark,https://infopark.in/companies-profile/silverbloom-technologies,2026-08-19,,dup_domain_within_scrape
Strands Energy Pvt. Ltd,strandsenergy.com,listed,Kochi,Kerala,+91 480 2731126,jobs@strandsenergy.com,infopark,https://infopark.in/companies-profile/strands-energy-pvt-ltd,2026-08-19,,dup_domain_within_scrape
ValueMentor Infosec Pvt. Ltd.,valuementor.com,listed,Kochi,Kerala,+919745037742,help@valuementor.com,infopark,https://infopark.in/companies-profile/valuementor-infosec-pvt-ltd,2026-08-19,,dup_domain_within_scrape
Wazeefa1 Technologies Pvt. Ltd.,wazeefa.in,listed,Kochi,Kerala,"+91-487-2970765, +91-918",info@wazeefa.in,infopark,https://infopark.in/companies-profile/wazeefa1-technologies-pvt-ltd,2026-08-19,,dup_domain_within_scrape
Webandcrafts,webandcrafts.com,listed,Kochi,Kerala,+91 480 2733999,info@webandcrafts.com,infopark,https://infopark.in/companies-profile/webandcrafts,2026-08-19,,dup_domain_within_scrape
Windfall Productions Pvt.Ltd.,windfallproductions.org,listed,Kochi,Kerala,9072312681,hr@windfallproductions.org,infopark,https://infopark.in/companies-profile/windfall-productions-pvt-ltd,2026-08-19,,dup_domain_within_scrape
Woxro,woxro.com,listed,Kochi,Kerala,+91 480 2081730,hello@woxro.com,infopark,https://infopark.in/companies-profile/woxro,2026-08-19,,dup_domain_within_scrape
Ynot Infosolutions,ynotinfo.com,listed,Kochi,Kerala,+91 9544885558,hr@ynotinfo.com,infopark,https://infopark.in/companies-profile/ynot-infosolutions,2026-08-19,,dup_domain_within_scrape
Zapare Technologies Private Limited,zaparetech.com,listed,Kochi,Kerala,+91 811 388 55 44,HR@zaparetech.com,infopark,https://infopark.in/companies-profile/zapare-technologies-private-limited,2026-08-19,,dup_domain_within_scrape
AMIYON SOLUTIONS PVT LTD.,amiyon.com,listed,Kochi,Kerala,7012013434,hr@amiyon.com,infopark,https://infopark.in/companies-profile/amiyon-solutions-pvt-ltd,2026-08-19,,dup_domain_within_scrape
Apro IT Solutions Pvt Ltd,aproitsolutions.com,listed,Kochi,Kerala,+91 6238683058,info@aproitsolutions.com,infopark,https://infopark.in/companies-profile/apro-it-solutions-pvt-ltd,2026-08-19,,dup_domain_within_scrape
AVENTUS INFORMATICS,aventusinformatics.com,listed,Kochi,Kerala,7907091213,hr@aventusinformatics.com,infopark,https://infopark.in/companies-profile/aventus-informatics,2026-08-19,,dup_domain_within_scrape
Braddock Infotech Pvt. Ltd.,braddockinfotech.com,listed,Kochi,Kerala,+91 9447530986,careers@braddockinfotech.com,infopark,https://infopark.in/companies-profile/braddock-infotech-pvt-ltd,2026-08-19,,dup_domain_within_scrape
CEREIV Advisory LLP,cereiv.com,listed,Kochi,Kerala,9745767949,info@cereiv.com,infopark,https://infopark.in/companies-profile/cereiv-advisory-llp,2026-08-19,,dup_domain_within_scrape
CloudHouse Technologies Pvt.Ltd,cloudhousetechnologies.com,listed,Kochi,Kerala,"0480 2737360,",info@cloudhousetechnologies.com,infopark,https://infopark.in/companies-profile/cloudhouse-technologies-pvt-ltd,2026-08-19,,dup_domain_within_scrape
Daskalos virtual Academy pvt Limited,mytuitionapp.com,listed,Kochi,Kerala,+91- 9778968024,hiring1@90plus.in,infopark,https://infopark.in/companies-profile/daskalos-virtual-academy-pvt-limited,2026-08-19,,dup_domain_within_scrape
Dataequinox,,backfill_needed,Kochi,Kerala,+919074083251,connect@dataequinox.com,infopark,https://infopark.in/companies-profile/dataequinox,2026-08-19,,dup_name_within_scrape
ELEMMENT FAÇADE Pvt Ltd,elemmentfacade.com,listed,Kochi,Kerala,+91 8089894683,info@elemmentfacade.com,infopark,https://infopark.in/companies-profile/elemment-fa-ade-pvt-ltd,2026-08-19,,dup_domain_within_scrape
Endeion Engineering Services Pvt.Ltd.,endeion.com,listed,Kochi,Kerala,+91 88489 06400,info@endeion.com,infopark,https://infopark.in/companies-profile/endeion-engineering-services-pvt-ltd,2026-08-19,,dup_domain_within_scrape
Estro Tech Robotics and Innovations Pvt Ltd,estrotech.in,listed,Kochi,Kerala,+91 7306153206,contact@estrotech.in,infopark,https://infopark.in/companies-profile/estro-tech-robotics-and-innovations-pvt-ltd,2026-08-19,,dup_domain_within_scrape
EXACORE IT SOLUTIONS PRIVATE LIMITED,exacoreitsolutions.com,listed,Kochi,Kerala,+918138916160,career@exacoreitsolutions.com,infopark,https://infopark.in/companies-profile/exacore-it-solutions-private-limited,2026-08-19,,dup_domain_within_scrape
Feathersoft Info Solutions Private Ltd,,backfill_needed,Kochi,Kerala,+91 7736028401,careers_kochi@feathersoft.com,infopark,https://infopark.in/companies-profile/feathersoft-info-solutions-private-ltd,2026-08-19,,dup_name_within_scrape
Focal ME Design Solutions Pvt Ltd,focalpm.com,listed,Kochi,Kerala,04802082974,me@focalpm.com,infopark,https://infopark.in/companies-profile/focal-me-design-solutions-pvt-ltd,2026-08-19,,dup_domain_within_scrape
Galactico Express Solutions Pvt. Ltd.,,backfill_needed,Kochi,Kerala,9446373443,info@gecs.me,infopark,https://infopark.in/companies-profile/galactico-express-solutions-pvt-ltd,2026-08-19,,dup_name_within_scrape
GALTech Technologies Pvt Ltd,galtech.org,listed,Kochi,Kerala,"04802951674, +91 6282845",hr@galtech.org,infopark,https://infopark.in/companies-profile/galtech-technologies-pvt-ltd,2026-08-19,,dup_domain_within_scrape
Gewan Info Tech Solutions India Pvt Ltd.,gewaninfotech.com,listed,Kochi,Kerala,"+91 75109 53184, +91 751",info@gewaninfotech.com,infopark,https://infopark.in/companies-profile/gewan-info-tech-solutions-india-pvt-ltd,2026-08-19,,dup_domain_within_scrape
Glitz IT Solutions,glitzitsolutions.com,listed,Kochi,Kerala,+91 480 2734 544,care@glitzitsolutions.com,infopark,https://infopark.in/companies-profile/glitz-it-solutions,2026-08-19,,dup_domain_within_scrape
GRAMPRO BUSINESS SERVICES PVT. LTD,gramproindia.com,listed,Kochi,Kerala,+91 8714621795,contactus@gramproindia.com,infopark,https://infopark.in/companies-profile/grampro-business-services-pvt-ltd,2026-08-19,,dup_domain_within_scrape
Gravity Business Process Private Limited,gravity-bp.com,listed,Kochi,Kerala,+91 480 2080797,info@gravity-bp.com,infopark,https://infopark.in/companies-profile/gravity-business-process-private-limited,2026-08-19,,dup_domain_within_scrape
iKSANA Engineering & Management Consultants,iksana.tech,listed,Kochi,Kerala,+91 94000 96396,hello@iksana.tech,infopark,https://infopark.in/companies-profile/iksana-engineering-management-consultants,2026-08-19,,dup_domain_within_scrape
JK Lucent Pvt Ltd,,backfill_needed,Kochi,Kerala,+91 480 208 1883,careers@jklucent.com.au,infopark,https://infopark.in/companies-profile/jk-lucent-pvt-ltd,2026-08-19,,dup_name_within_scrape
Jobin & Jismi Pvt. Ltd.,jobinandjismi.com,listed,Kochi,Kerala,7034499822,contactus@jobinandjismi.com,infopark,https://infopark.in/companies-profile/jobin-jismi-pvt-ltd,2026-08-19,,dup_domain_within_scrape
KL Koncepts Lab Media and IT Park,konceptslab.com,listed,Kochi,Kerala,8606119333,hr@konceptslab.com,infopark,https://infopark.in/companies-profile/kl-koncepts-lab-media-and-it-park,2026-08-19,,dup_domain_within_scrape
LucidPlus Infotech Pvt Ltd,lucidplus.com,listed,Kochi,Kerala,0480 2731677,career@lucidplus.com,infopark,https://infopark.in/companies-profile/lucidplus,2026-08-19,,dup_domain_within_scrape
Luure.ai LLP,luure.ai,listed,Kochi,Kerala,0484-4867768,info@luure.ai,infopark,https://infopark.in/companies-profile/luure-ai-llp,2026-08-19,,dup_domain_within_scrape
MapleTech Space Pvt Ltd,mapletechspace.com,listed,Kochi,Kerala,7559923436,info@mapletechspace.com,infopark,https://infopark.in/companies-profile/mapletech-space-pvt-ltd,2026-08-19,,dup_domain_within_scrape
NAS Infosolutions Pvt Ltd,nasinfosolutions.com,listed,Kochi,Kerala,04802998676,Operations@nasinfosolutions.com,infopark,https://infopark.in/companies-profile/nas-infosolutions-pvt-ltd,2026-08-19,,dup_domain_within_scrape
Pinetech IT Solutions P Ltd,pinetech.in,listed,Kochi,Kerala,8547426732,hr@pinetech.in,infopark,https://infopark.in/companies-profile/pinetech-it-solutions-p-ltd,2026-08-19,,dup_domain_within_scrape
RIOD LOGIC PRIVATE LIMITED,riod.in,listed,Kochi,Kerala,+91 8589874131,join@riodlogic.com,infopark,https://infopark.in/companies-profile/riod-logic-private-limited,2026-08-19,,dup_domain_within_scrape
Roberts Design Services,rdsind.co,listed,Kochi,Kerala,91 8139005188,jobs@rdsind.co,infopark,https://infopark.in/companies-profile/roberts-design-services,2026-08-19,,dup_domain_within_scrape
SaNDS Lab,sandslab.com,listed,Kochi,Kerala,+91 9895765626,hr@sandslab.com,infopark,https://infopark.in/companies-profile/sands-lab,2026-08-19,,dup_domain_within_scrape
SEIDOR Opentrends,opentrends.net,listed,Kochi,Kerala,+91 480 2735022,careers@opentrends.net,infopark,https://infopark.in/companies-profile/seidor-opentrends,2026-08-19,,dup_domain_within_scrape
Silverbloom Technologies,silverbloom.com,listed,Kochi,Kerala,,,infopark,https://infopark.in/companies-profile/silverbloom-technologies,2026-08-19,,dup_domain_within_scrape
Strands Energy Pvt. Ltd,strandsenergy.com,listed,Kochi,Kerala,+91 480 2731126,jobs@strandsenergy.com,infopark,https://infopark.in/companies-profile/strands-energy-pvt-ltd,2026-08-19,,dup_domain_within_scrape
ValueMentor Infosec Pvt. Ltd.,valuementor.com,listed,Kochi,Kerala,+919745037742,help@valuementor.com,infopark,https://infopark.in/companies-profile/valuementor-infosec-pvt-ltd,2026-08-19,,dup_domain_within_scrape
Wazeefa1 Technologies Pvt. Ltd.,wazeefa.in,listed,Kochi,Kerala,"+91-487-2970765, +91-918",info@wazeefa.in,infopark,https://infopark.in/companies-profile/wazeefa1-technologies-pvt-ltd,2026-08-19,,dup_domain_within_scrape
Webandcrafts,webandcrafts.com,listed,Kochi,Kerala,+91 480 2733999,info@webandcrafts.com,infopark,https://infopark.in/companies-profile/webandcrafts,2026-08-19,,dup_domain_within_scrape
Windfall Productions Pvt.Ltd.,windfallproductions.org,listed,Kochi,Kerala,9072312681,hr@windfallproductions.org,infopark,https://infopark.in/companies-profile/windfall-productions-pvt-ltd,2026-08-19,,dup_domain_within_scrape
Woxro,woxro.com,listed,Kochi,Kerala,+91 480 2081730,hello@woxro.com,infopark,https://infopark.in/companies-profile/woxro,2026-08-19,,dup_domain_within_scrape
Ynot Infosolutions,ynotinfo.com,listed,Kochi,Kerala,+91 9544885558,hr@ynotinfo.com,infopark,https://infopark.in/companies-profile/ynot-infosolutions,2026-08-19,,dup_domain_within_scrape
Zapare Technologies Private Limited,zaparetech.com,listed,Kochi,Kerala,+91 811 388 55 44,HR@zaparetech.com,infopark,https://infopark.in/companies-profile/zapare-technologies-private-limited,2026-08-19,,dup_domain_within_scrape
CipherPeak Private Limited,cipherpeakpvtltd.com,listed,Kochi,Kerala,"+91 90747 07573, +91 974",cipherpeak@gmail.com,infopark,https://infopark.in/companies-profile/cipherpeak-private-limited,2026-08-19,,dup_domain_within_scrape
Datum Innovation,datuminnovation.com,listed,Kochi,Kerala,0478 2554009 Mob: 996173,jobs@datuminnovation.com,infopark,https://infopark.in/companies-profile/datum-innovation,2026-08-19,,dup_domain_within_scrape
Dee and Lee Services,deeandlee.com,listed,Kochi,Kerala,+919293811579,hr_talent@deeandlee.com,infopark,https://infopark.in/companies-profile/dee-and-lee-services,2026-08-19,,dup_domain_within_scrape
Dot In Technologies,dotintech.com,listed,Kochi,Kerala,919446625200,dotintechnologies@gmail.com,infopark,https://infopark.in/companies-profile/dot-in-technologies,2026-08-19,,dup_domain_within_scrape
IdealMG Educare LLP,mgtuition.com,listed,Kochi,Kerala,8086469111,info@mgtuition.com,infopark,https://infopark.in/companies-profile/idealmg-educare-llp,2026-08-19,,dup_domain_within_scrape
MarketBytes WebWorks Private Limited,marketbytes.in,listed,Kochi,Kerala,+91 88918 27272,hr@marketbytes.net,infopark,https://infopark.in/companies-profile/marketbytes-webworks-private-limited,2026-08-19,,dup_domain_within_scrape
MERP Systems Private Limited,merpsystems.com,listed,Kochi,Kerala,+918547117240,smadhav@merpsystems.com,infopark,https://infopark.in/companies-profile/merp-systems-private-limited,2026-08-19,,dup_domain_within_scrape
NOMD Technologies,nomdindia.com,listed,Kochi,Kerala,85907 17735,info@nomdindia.com,infopark,https://infopark.in/companies-profile/nomd-technologies,2026-08-19,,dup_domain_within_scrape
Obidos Technologies (P) Ltd,obidostech.com,listed,Kochi,Kerala,0478 2553300,hr@obidostech.com,infopark,https://infopark.in/companies-profile/obidos-technologies-p-ltd,2026-08-19,,dup_domain_within_scrape
Obvious AI Technology Pvt Ltd,obvs.ai,listed,Kochi,Kerala,,hr@obvsai.com,infopark,https://infopark.in/companies-profile/obvious-ai-technology-pvt-ltd,2026-08-19,,dup_domain_within_scrape
Pagematics India Pvt. Ltd.,pagematics.com,listed,Kochi,Kerala,+91 8848178114,hr@pagematics.in,infopark,https://infopark.in/companies-profile/pagematics-india-pvt-ltd,2026-08-19,,dup_domain_within_scrape
Tech Aventure,techaventure.com,listed,Kochi,Kerala,+91-478 2815657,info@techaventure.com,infopark,https://infopark.in/companies-profile/tech-aventure,2026-08-19,,dup_domain_within_scrape
Techgentsia Software Technologies Private Limited,techgentsia.com,listed,Kochi,Kerala,,joy@techgentsia.com,infopark,https://infopark.in/companies-profile/techgentsia-software-technologies-private-limited,2026-08-19,,dup_domain_within_scrape
Virtual Sys Technologies,virtualsystechnologies.com,listed,Kochi,Kerala,0478-2554004,info@vstbiz.com,infopark,https://infopark.in/companies-profile/virtual-sys-technologies,2026-08-19,,dup_domain_within_scrape
Voyager IT Solutions Pvt Ltd,itvoyager.com,listed,Kochi,Kerala,+91 478 2553310,info@itvoyager.com,infopark,https://infopark.in/companies-profile/voyager-it-solutions-pvt-ltd,2026-08-19,,dup_domain_within_scrape
Yavun Technologies,webcontentor.com,listed,Kochi,Kerala,9654765276,djk@webcontentor.com,infopark,https://infopark.in/companies-profile/yavun-technologies,2026-08-19,,dup_domain_within_scrape
Zellis HR India Pvt.Ltd.,zellis.com,listed,Kochi,Kerala,+91 484 486 5758,careers.india@zellis.com,infopark,https://infopark.in/companies-profile/zellis-hr-india-pvt-ltd,2026-08-19,,dup_domain_within_scrape
CipherPeak Private Limited,cipherpeakpvtltd.com,listed,Kochi,Kerala,"+91 90747 07573, +91 974",cipherpeak@gmail.com,infopark,https://infopark.in/companies-profile/cipherpeak-private-limited,2026-08-19,,dup_domain_within_scrape
Datum Innovation,datuminnovation.com,listed,Kochi,Kerala,0478 2554009 Mob: 996173,jobs@datuminnovation.com,infopark,https://infopark.in/companies-profile/datum-innovation,2026-08-19,,dup_domain_within_scrape
Dee and Lee Services,deeandlee.com,listed,Kochi,Kerala,+919293811579,hr_talent@deeandlee.com,infopark,https://infopark.in/companies-profile/dee-and-lee-services,2026-08-19,,dup_domain_within_scrape
Dot In Technologies,dotintech.com,listed,Kochi,Kerala,919446625200,dotintechnologies@gmail.com,infopark,https://infopark.in/companies-profile/dot-in-technologies,2026-08-19,,dup_domain_within_scrape
IdealMG Educare LLP,mgtuition.com,listed,Kochi,Kerala,8086469111,info@mgtuition.com,infopark,https://infopark.in/companies-profile/idealmg-educare-llp,2026-08-19,,dup_domain_within_scrape
MarketBytes WebWorks Private Limited,marketbytes.in,listed,Kochi,Kerala,+91 88918 27272,hr@marketbytes.net,infopark,https://infopark.in/companies-profile/marketbytes-webworks-private-limited,2026-08-19,,dup_domain_within_scrape
MERP Systems Private Limited,merpsystems.com,listed,Kochi,Kerala,+918547117240,smadhav@merpsystems.com,infopark,https://infopark.in/companies-profile/merp-systems-private-limited,2026-08-19,,dup_domain_within_scrape
NOMD Technologies,nomdindia.com,listed,Kochi,Kerala,85907 17735,info@nomdindia.com,infopark,https://infopark.in/companies-profile/nomd-technologies,2026-08-19,,dup_domain_within_scrape
Obidos Technologies (P) Ltd,obidostech.com,listed,Kochi,Kerala,0478 2553300,hr@obidostech.com,infopark,https://infopark.in/companies-profile/obidos-technologies-p-ltd,2026-08-19,,dup_domain_within_scrape
Obvious AI Technology Pvt Ltd,obvs.ai,listed,Kochi,Kerala,,hr@obvsai.com,infopark,https://infopark.in/companies-profile/obvious-ai-technology-pvt-ltd,2026-08-19,,dup_domain_within_scrape
Pagematics India Pvt. Ltd.,pagematics.com,listed,Kochi,Kerala,+91 8848178114,hr@pagematics.in,infopark,https://infopark.in/companies-profile/pagematics-india-pvt-ltd,2026-08-19,,dup_domain_within_scrape
Tech Aventure,techaventure.com,listed,Kochi,Kerala,+91-478 2815657,info@techaventure.com,infopark,https://infopark.in/companies-profile/tech-aventure,2026-08-19,,dup_domain_within_scrape
Techgentsia Software Technologies Private Limited,techgentsia.com,listed,Kochi,Kerala,,joy@techgentsia.com,infopark,https://infopark.in/companies-profile/techgentsia-software-technologies-private-limited,2026-08-19,,dup_domain_within_scrape
Virtual Sys Technologies,virtualsystechnologies.com,listed,Kochi,Kerala,0478-2554004,info@vstbiz.com,infopark,https://infopark.in/companies-profile/virtual-sys-technologies,2026-08-19,,dup_domain_within_scrape
Voyager IT Solutions Pvt Ltd,itvoyager.com,listed,Kochi,Kerala,+91 478 2553310,info@itvoyager.com,infopark,https://infopark.in/companies-profile/voyager-it-solutions-pvt-ltd,2026-08-19,,dup_domain_within_scrape
Yavun Technologies,webcontentor.com,listed,Kochi,Kerala,9654765276,djk@webcontentor.com,infopark,https://infopark.in/companies-profile/yavun-technologies,2026-08-19,,dup_domain_within_scrape
Zellis HR India Pvt.Ltd.,zellis.com,listed,Kochi,Kerala,+91 484 486 5758,careers.india@zellis.com,infopark,https://infopark.in/companies-profile/zellis-hr-india-pvt-ltd,2026-08-19,,dup_domain_within_scrape
Pandian Saraswathi Yadav Engineering College,psyec.edu.in,listed,Sivagangai,Tamil Nadu,+919842102628,info@psyec.edu.in,sida,https://sidatn.org/members,2026-08-19,,dup_domain_within_scrape
2Base Technologies Pvt Ltd,2basetechnologies.com,listed,Kochi,Kerala,,careers@2basetechnologies.com,infopark,https://infopark.in/companies-profile/2base-technologies-pvt-ltd,2026-08-19,,already_held
Aabasoft Technologies India Private Limited,,backfill_needed,Kochi,Kerala,+914844172222,info@aabasoft.com,infopark,https://infopark.in/companies-profile/aabasoft-technologies-india-private-limited,2026-08-19,,already_held
Acabes International Pvt. Ltd.,acabesinternational.com,listed,Kochi,Kerala,04844225166,gopikaprabhu@acabes.com,infopark,https://infopark.in/companies-profile/acabes-international-pvt-ltd,2026-08-19,,already_held
Acube Innovations,acubeinnovations.com,listed,Kochi,Kerala,6235866111,contact-if@acube.co,infopark,https://infopark.in/companies-profile/acube-innovations,2026-08-19,,already_held
Airo Global Software Pvt Ltd,airoglobal.com,listed,Kochi,Kerala,+91-7034966777,hiring@airoglobalsoftware.com,infopark,https://infopark.in/companies-profile/airo-global-software-pvt-ltd,2026-08-19,,already_held
AlignMinds Technologies,alignminds.com,listed,Kochi,Kerala,8590036453,careers@alignminds.com,infopark,https://infopark.in/companies-profile/alignminds-technologies,2026-08-19,,already_held
Armia Systems Pvt. Ltd,armia.com,listed,Kochi,Kerala,0484 297 3123,jobs@armia.com,infopark,https://infopark.in/companies-profile/armia-systems-pvt-ltd,2026-08-19,,already_held
Cabot Technology Solutions Pvt. Ltd.,cabotsolutions.com,listed,Kochi,Kerala,0484 404 5555,info@cabotsolutions.com,infopark,https://infopark.in/companies-profile/cabot-technology-solutions-pvt-ltd,2026-08-19,,already_held
Calpine Group,calpinetech.com,listed,Kochi,Kerala,+91 484 241 5030,info@calpinetech.com,infopark,https://infopark.in/companies-profile/calpine-group,2026-08-19,,already_held
ClaySys Technologies Pvt.Ltd,claysys.com,listed,Kochi,Kerala,0484 297 5311,info@claysys.com,infopark,https://infopark.in/companies-profile/claysys-technologies-pvt-ltd,2026-08-19,,already_held
Codelynks Software Solutions Private Limited,codelynks.com,listed,Kochi,Kerala,0484 402 6866,careers@codelynks.com,infopark,https://infopark.in/companies-profile/codelynks-software-solutions-private-limited,2026-08-19,,already_held
Cognicor Technologies Pvt.Ltd,cognicor.com,listed,Kochi,Kerala,0484 241 5600,hr@cognicor.com,infopark,https://infopark.in/companies-profile/cognicor-technologies-pvt-ltd,2026-08-19,,already_held
Cognizant Technology Solutions,,backfill_needed,Kochi,Kerala,0484 392 1000,TalentAcquisition-Kochi@cognizant.com,infopark,https://infopark.in/companies-profile/cognizant-technology-solutions,2026-08-19,,already_held
Cubet Techno Labs Pvt.Ltd,cubettech.com,listed,Kochi,Kerala,0484-4054324,infopark@cubettech.com,infopark,https://infopark.in/companies-profile/cubet-techno-labs-pvt-ltd,2026-08-19,,already_held
CVS Info Solutions Private Limited,cvsinfosolutions.com,listed,Kochi,Kerala,+918921947372,Aditya@cvsinfosolutions.com,infopark,https://infopark.in/companies-profile/cvs-info-solutions-private-limited,2026-08-19,,already_held
Cyberion Software Solutions Pvt. Ltd,pharma-erp.com,listed,Kochi,Kerala,+91 9995801261,hr@cyberionsoft.com,infopark,https://infopark.in/companies-profile/cyberion-software-solutions-pvt-ltd,2026-08-19,,already_held
Cybrosys Technologies Pvt. Ltd.,cybrosys.com,listed,Kochi,Kerala,0484 320 0080,info@cybrosys.com,infopark,https://infopark.in/companies-profile/cybrosys-technologies-pvt-ltd,2026-08-19,,already_held
Dimensions Cybertech India Pvt. Ltd.,dimensionslive.com,listed,Kochi,Kerala,080-61860333,info@dimensionslive.com,infopark,https://infopark.in/companies-profile/dimensions-cybertech-india-pvt-ltd,2026-08-19,,already_held
Edstem Technologies Pvt Ltd,edstem.com,listed,Kochi,Kerala,+91 9048738807,info@edstem.com,infopark,https://infopark.in/companies-profile/edstem-technologies-pvt-ltd,2026-08-19,,already_held
Epixel Solutions Pvt Ltd,epixelsolutions.com,listed,Kochi,Kerala,+91491 2970123,info@epixelsolutions.com,infopark,https://infopark.in/companies-profile/epixel-solutions-pvt-ltd,2026-08-19,,already_held
FDC Web Technologies Pvt Ltd,financial.com,listed,Kochi,Kerala,7025118844,recruitment.india@financial.com,infopark,https://infopark.in/companies-profile/fdc-web-technologies-pvt-ltd,2026-08-19,,already_held
Feathersoft Info Solutions Private Ltd,,backfill_needed,Kochi,Kerala,+91 7736028401,careers_kochi@feathersoft.com,infopark,https://infopark.in/companies-profile/feathersoft-info-solutions-private-ltd,2026-08-19,,already_held
Fragomen Immigration Services India Private Limited,fragomen.com,listed,Kochi,Kerala,,snikhil@fragomen.com,infopark,https://infopark.in/companies-profile/fragomen-immigration-services-india-private-limited,2026-08-19,,already_held
Gapblue Software Labs Pvt Ltd,gapblue.com,listed,Kochi,Kerala,0484-4010593,hr.support@gapblue.com,infopark,https://infopark.in/companies-profile/gapblue-software-labs-pvt-ltd,2026-08-19,,already_held
GEOJIT TECHNOLOGIES PVT LTD,geojit.tech,listed,Kochi,Kerala,04842901901,hr@geojittechnologies.com,infopark,https://infopark.in/companies-profile/geojit-technologies-pvt-ltd,2026-08-19,,already_held
GRAMPRO BUSINESS SERVICES PVT. LTD,gramproindia.com,listed,Kochi,Kerala,+91 8714621795,contactus@gramproindia.com,infopark,https://infopark.in/companies-profile/grampro-business-services-pvt-ltd,2026-08-19,,already_held
HashRoot Technologies Pvt Ltd,,backfill_needed,Kochi,Kerala,+91 484 404 1616,info@hashroot.com,infopark,https://infopark.in/companies-profile/hashroot-technologies-pvt-ltd,2026-08-19,,already_held
HTIC Global,hticglobal.com,listed,Kochi,Kerala,0484 4042400,hr@hticglobal.com,infopark,https://infopark.in/companies-profile/htic-global,2026-08-19,,already_held
IBS Software,ibsplc.com,listed,Kochi,Kerala,04847193700,receptiondesk@ibsplc.com,infopark,https://infopark.in/companies-profile/ibs-software,2026-08-19,,already_held
iLeaf Solutions Pvt Ltd.,ileafsolutions.com,listed,Kochi,Kerala,+91-9746226403,careers@ileafsolutions.com,infopark,https://infopark.in/companies-profile/ileaf-solutions-pvt-ltd,2026-08-19,,already_held
InApp Information Technologies India Pvt Ltd,inapp.com,listed,Kochi,Kerala,+91 471 277 1800,hr@inapp.com,infopark,https://infopark.in/companies-profile/inapp-information-technologies-india-pvt-ltd,2026-08-19,,already_held
Indian Institute of Management - Kozhikode,iimk.ac.in,listed,Kochi,Kerala,,sheelu_k@iimk.ac.in,infopark,https://infopark.in/companies-profile/indian-institute-of-management-kozhikode,2026-08-19,,already_held
Inntot Technologies Private Limited,,backfill_needed,Kochi,Kerala,+91- 484 298 5898,info@inntot.com,infopark,https://infopark.in/companies-profile/inntot-technologies-private-limited,2026-08-19,,already_held
Inspirisys Solutions Limited,inspirisys.com,listed,Kochi,Kerala,0484 - 3343403/3343404,samritha.santhosh@inspirisys.com,infopark,https://infopark.in/companies-profile/inspirisys-solutions-limited,2026-08-19,,already_held
Lanware Solutions,lanwaresolutions.com,listed,Kochi,Kerala,+91- 9778423737,hr@lanwaresolutions.com,infopark,https://infopark.in/companies-profile/lanware-solutions,2026-08-19,,already_held
Metclouds Technologies Pvt Ltd,metclouds.com,listed,Kochi,Kerala,0484-4030103,careers@metclouds.com,infopark,https://infopark.in/companies-profile/metclouds-technologies-pvt-ltd,2026-08-19,,already_held
NDimensionZ Solutions Pvt.Ltd.,ndimensionz.com,listed,Kochi,Kerala,0484 - 6689999,hr@ndimensionz.com,infopark,https://infopark.in/companies-profile/ndimensionz-solutions-pvt-ltd,2026-08-19,,already_held
Nesote Technologies Pvt Ltd,nesote.com,listed,Kochi,Kerala,04842987111,hr@nesote.com,infopark,https://infopark.in/companies-profile/nesote-technologies-pvt-ltd,2026-08-19,,already_held
Nuvento Systems Private Limited,nuvento.com,listed,Kochi,Kerala,0484 4066070,mohan@nuvento.com,infopark,https://infopark.in/companies-profile/nuvento-systems-private-limited,2026-08-19,,already_held
Paradigm IT Private Limited,paradigm-structural.com,listed,Kochi,Kerala,+91 8086257998,hr@paradigm.in,infopark,https://infopark.in/companies-profile/paradigm-it-private-limited,2026-08-19,,already_held
Phases India Technology Solutions Pvt Ltd.,phases.io,listed,Kochi,Kerala,,_@c.c,infopark,https://infopark.in/companies-profile/phases-india-technology-solutions-pvt-ltd,2026-08-19,,already_held
PiServe Solutions Pvt Ltd,piserve.com,listed,Kochi,Kerala,+91-9895229562,info@piserve.com,infopark,https://infopark.in/companies-profile/piserve-solutions-pvt-ltd,2026-08-19,,already_held
PIT Solutions Private Limited,pitsolutions.com,listed,Kochi,Kerala,04712700915,enquiries@pitsolutions.com,infopark,https://infopark.in/companies-profile/pit-solutions-private-limited,2026-08-19,,already_held
Qubiqon Consulting India Private Limited,qubiqon.io,listed,Kochi,Kerala,91 9995222141,contactus@qubiqon.io,infopark,https://infopark.in/companies-profile/qubiqon-consulting-india-private-limited,2026-08-19,,already_held
Quest Global Engineering Services Pvt Ltd,quest-global.com,listed,Kochi,Kerala,7593823160,info@quest-global.com,infopark,https://infopark.in/companies-profile/quest-global-engineering-services-pvt-ltd,2026-08-19,,already_held
SayOne Technologies Pvt.Ltd.,sayonetech.com,listed,Kochi,Kerala,,hr@sayonetech.com,infopark,https://infopark.in/companies-profile/sayone-technologies-pvt-ltd,2026-08-19,,already_held
SBL Knowledge Services Pvt Ltd,sblcorp.com,listed,Kochi,Kerala,98957 64867,hr@sblcorp.com,infopark,https://infopark.in/companies-profile/sbl-knowledge-services-pvt-ltd,2026-08-19,,already_held
SE-Mentor Solutions,sementor.com,listed,Kochi,Kerala,7306021783,careers@se-mentor.com,infopark,https://infopark.in/companies-profile/se-mentor-solutions,2026-08-19,,already_held
Seguro Technologies,segurotechnologies.com,listed,Kochi,Kerala,8078791340,hr@segurotechnologies.com,infopark,https://infopark.in/companies-profile/seguro-technologies,2026-08-19,,already_held
SEIDOR Opentrends,opentrends.net,listed,Kochi,Kerala,+91 480 2735022,careers@opentrends.net,infopark,https://infopark.in/companies-profile/seidor-opentrends,2026-08-19,,already_held
Simelabs - An Astek Company,simelabs.com,listed,Kochi,Kerala,8590718392,hr@simelabs.com,infopark,https://infopark.in/companies-profile/simelabs-an-astek-company,2026-08-19,,already_held
SparkSupport Infotech Pvt Ltd,,backfill_needed,Kochi,Kerala,8129270421,careers@sparksupport.com,infopark,https://infopark.in/companies-profile/sparksupport-infotech-pvt-ltd,2026-08-19,,already_held
Spawoz Technologies Pvt. Ltd.,spawoz.com,listed,Kochi,Kerala,,info@spawoz.com,infopark,https://infopark.in/companies-profile/spawoz-technologies-pvt-ltd,2026-08-19,,already_held
SS Consulting,ssconsult.in,listed,Kochi,Kerala,+91 8129688272,admin@ssconsult.in,infopark,https://infopark.in/companies-profile/ss-consulting,2026-08-19,,already_held
Tata Consultancy Services,tcs.com,listed,Kochi,Kerala,0484 618 7000,info@tcs.com,infopark,https://infopark.in/companies-profile/tata-consultancy-services,2026-08-19,,already_held
TechTaliya Informatics Pvt. Ltd.,techtaliya.com,listed,Kochi,Kerala,+91 484 403 6777,info@techtaliya.com,infopark,https://infopark.in/companies-profile/techtaliya-informatics-pvt-ltd,2026-08-19,,already_held
Thinkpalm Technologies Pvt.Ltd,thinkpalm.com,listed,Kochi,Kerala,0484-4104100,info@thinkpalm.com,infopark,https://infopark.in/companies-profile/thinkpalm-technologies-pvt-ltd,2026-08-19,,already_held
Thomsun Infocare LLP,thomsuninfocare.com,listed,Kochi,Kerala,+919995868299,careers@thomsuninfocare.com,infopark,https://infopark.in/companies-profile/thomsun-infocare-llp,2026-08-19,,already_held
Toobler Technologies Pvt. Ltd.,toobler.com,listed,Kochi,Kerala,91-484 4034359,info@toobler.com,infopark,https://infopark.in/companies-profile/toobler-technologies-pvt-ltd,2026-08-19,,already_held
UROLIME,urolime.com,listed,Kochi,Kerala,0484-2984589,hr@urolime.com,infopark,https://infopark.in/companies-profile/urolime-technologies-private-limited,2026-08-19,,already_held
ValueMentor Infosec Pvt. Ltd.,valuementor.com,listed,Kochi,Kerala,+919745037742,help@valuementor.com,infopark,https://infopark.in/companies-profile/valuementor-infosec-pvt-ltd,2026-08-19,,already_held
Varishtha Infotech Services Pvt Ltd.,varishthainfotech.com,listed,Kochi,Kerala,+971 58 5049701,vandana@varishthainfotech.com,infopark,https://infopark.in/companies-profile/varishtha-infotech-services-pvt-ltd,2026-08-19,,already_held
VIPoint Solutions Pvt Ltd,vipointsolutions.net,listed,Kochi,Kerala,484-4050222,hr@vipointsolutions.net,infopark,https://infopark.in/companies-profile/vipoint-solutions-pvt-ltd,2026-08-19,,already_held
Webandcrafts,webandcrafts.com,listed,Kochi,Kerala,+91 480 2733999,info@webandcrafts.com,infopark,https://infopark.in/companies-profile/webandcrafts,2026-08-19,,already_held
Wipro Limited,wipro.com,listed,Kochi,Kerala,0484-4320685,jothish.s90@wipro.com,infopark,https://infopark.in/companies-profile/wipro-limited,2026-08-19,,already_held
WORKSENT TECHNOLOGIES PVT LTD,,backfill_needed,Kochi,Kerala,79941677773,careers@worksent.com,infopark,https://infopark.in/companies-profile/worksent-technologies-pvt-ltd,2026-08-19,,already_held
Yellowfish Digital Innovations Pvt Ltd.,yellowfish.in,listed,Kochi,Kerala,,hr@yellowfish.in,infopark,https://infopark.in/companies-profile/yellowfish-digital-innovations-pvt-ltd,2026-08-19,,already_held
ZineMind Technologies,infopark.in,listed,Kochi,Kerala,,info@infopark.in,infopark,https://infopark.in/companies-profile/zinemind-technologies,2026-08-19,,already_held
Elysium Technologies Pvt. Ltd.,elysiumtechnologies.com,listed,Madurai,Tamil Nadu,+919677761442,info@elysiumtechnologies.com,sida,https://sidatn.org/members,2026-08-19,,already_held
Innervex Technologies Private Limited,,backfill_needed,Madurai,Tamil Nadu,+919361088999,sales@innervex.com,sida,https://sidatn.org/members,2026-08-19,,already_held
Rovan Software Solutions Private Limited,rovan.in,listed,Sivakasi,Tamil Nadu,+919943906900,sales@rovan.in,sida,https://sidatn.org/members,2026-08-19,,already_held
Solartis Technology Services Pvt Ltd,solartis.com,listed,Madurai,Tamil Nadu,+9104526645555,sampath_p@solartis.net,sida,https://sidatn.org/members,2026-08-19,,already_held
Sumanas Technologies Pvt Ltd,sumanastech.com,listed,Madurai,Tamil Nadu,+919894837443,raj@sumanastech.com,sida,https://sidatn.org/members,2026-08-19,,already_held
ZEALSOFT TECHNOLOGY SOLUTIONS,zealsoft.net,listed,Madurai,Tamil Nadu,+919944974003,hr@zealsoft.net,sida,https://sidatn.org/members,2026-08-19,,already_held
Galaxy Web Links Ltd,galaxyweblinks.com,listed,Madurai,Tamil Nadu,,,sida,https://sidatn.org/members,2026-08-19,,already_held
Chella Software,,backfill_needed,Madurai,Tamil Nadu,+919500904277,balamurugan@chelsoft.com,sida,https://sidatn.org/members,2026-08-19,,already_held
