status,company,domain,city,score,reason_or_rank,lead_source,owner,deal_id
On HubSpot — currently No Pickup / Wrong Number / Wrong SPOC,3ELIXIR SOLUTIONS,3elixir.com,"Surat, India",,No Pickup,Scraping Algo ( IT services ),Ishpreet Sood,335922425584
On HubSpot — currently No Pickup / Wrong Number / Wrong SPOC,Alliedge Technologies Pvt Ltd,alliedge.in,"Ahmedabad, India",,No Pickup,Scraping Algo ( IT services ),(unassigned),335954041591
On HubSpot — currently No Pickup / Wrong Number / Wrong SPOC,Aktiv Software,aktivsoftware.com,"Ahmedabad, India",,No Pickup,Scraping Algo ( IT services ),(unassigned),335954041592
On HubSpot — currently No Pickup / Wrong Number / Wrong SPOC,Aavatto,aavatto.com,"Ahmedabad, India",,No Pickup,Scraping Algo ( IT services ),(unassigned),335954042569
On HubSpot — currently No Pickup / Wrong Number / Wrong SPOC,7Span,7span.com,"Ahmedabad, India",,No Pickup,Scraping Algo ( IT services ),(unassigned),335954042581
On HubSpot — currently No Pickup / Wrong Number / Wrong SPOC,Addon Solutions Pvt Ltd.,addonsolutions.com,"Ahmedabad, India",,No Pickup,Scraping Algo ( IT services ),(unassigned),338983744212
On HubSpot — currently No Pickup / Wrong Number / Wrong SPOC,Atharva System,atharvasystem.com,"Ahmedabad, India",,No Pickup,Scraping Algo ( IT services ),Yuktha Anand,339022103235
On HubSpot — currently No Pickup / Wrong Number / Wrong SPOC,Bigscal Technologies Pvt Ltd,bigscal.com,"Surat, India",,No Pickup,Scraping Algo ( IT services ),(unassigned),339022105316
On HubSpot — currently No Pickup / Wrong Number / Wrong SPOC,Fusion Informatics Limited,fusioninformatics.com,"Ahmedabad, India",,No Pickup,Scraping Algo ( IT services ),(unassigned),339191216854
On HubSpot — currently No Pickup / Wrong Number / Wrong SPOC,Biztech Consulting & Solutions,biztechcs.com,"Ahmedabad, India",,No Pickup,Scraping Algo ( IT services ),(unassigned),339191216856
On HubSpot — currently No Pickup / Wrong Number / Wrong SPOC,eQuest Solutions,equestsolutions.net,"Ahmedabad, India",,No Pickup,Scraping Algo ( IT services ),(unassigned),339219974890
On HubSpot — currently No Pickup / Wrong Number / Wrong SPOC,Communication Crafts,communicationcrafts.com,"Ahmedabad, India",,No Pickup,Scraping Algo ( IT services ),(unassigned),339311934190
On HubSpot — currently No Pickup / Wrong Number / Wrong SPOC,Differenz System,differenzsystem.com,"Surat, India",,No Pickup,Scraping Algo ( IT services ),(unassigned),339278356171
On HubSpot — currently No Pickup / Wrong Number / Wrong SPOC,Foogle Tech Software,foogletech.com,"Surat, India",,No Pickup,Scraping Algo ( IT services ),(unassigned),339227366137
On HubSpot — currently No Pickup / Wrong Number / Wrong SPOC,EnactOn Technologies Private Limited,enacton.com,"Surat, India",,No Pickup,Private Codebase Tracker sheet ( IT services ),(unassigned),339278356172
On HubSpot — currently No Pickup / Wrong Number / Wrong SPOC,CREST Infosystems Pvt Ltd,crestinfosystems.com,"Surat, India",,No Pickup,Private Codebase Tracker sheet ( IT services ),(unassigned),339343159002
On HubSpot — currently No Pickup / Wrong Number / Wrong SPOC,Dignizant Technologies LLP,dignizant.com,"Surat, India",,No Pickup,Private Codebase Tracker sheet ( IT services ),(unassigned),339360607981
On HubSpot — currently No Pickup / Wrong Number / Wrong SPOC,Hidden Brains InfoTech,hiddenbrains.com,"Ahmedabad, India",,No Pickup,Scraping Algo ( IT services ),(unassigned),339984513774
On HubSpot — currently No Pickup / Wrong Number / Wrong SPOC,Brainerhub,brainerhub.com,"Ahmedabad, India",,No Pickup,Scraping Algo ( IT services ),(unassigned),340111983333
On HubSpot — currently No Pickup / Wrong Number / Wrong SPOC,Rishabh Software Pvt Ltd,rishabhsoft.com,"Vadodara, India",,No Pickup,Scraped ( IT Services ),Lamiya Saleem,341887943358
On HubSpot — currently No Pickup / Wrong Number / Wrong SPOC,Inferenz Tech Private Limited,inferenz.ai,Ahmedabad,,No Pickup,NASSCOM ( IT Services ),Lamiya Saleem,341808569038
On HubSpot — currently No Pickup / Wrong Number / Wrong SPOC,Plutomen Technologies Private Limited,pluto-men.com,Ahmedabad,,No Pickup,NASSCOM ( IT Services ),Lamiya Saleem,341803158255
On HubSpot — currently No Pickup / Wrong Number / Wrong SPOC,Dev Information Technology Limited,devitpl.com,Ahmedabad,,No Pickup,NASSCOM ( IT Services ),Yuktha Anand,341957755618
On HubSpot — currently No Pickup / Wrong Number / Wrong SPOC,Synconics Technologies Private Limited,synconics.com,Ahmedabad,,No Pickup,NASSCOM ( IT Services ),Yuktha Anand,341970405075
On HubSpot — currently No Pickup / Wrong Number / Wrong SPOC,XongoLab Technologies LLP,xongolab.com,"Ahmedabad, India",,No Pickup,Scraping Algo ( IT services ),Lamiya Saleem,342456376012
On HubSpot — currently No Pickup / Wrong Number / Wrong SPOC,QalbIT Infotech Pvt Ltd.,qalbit.com,"Ahmedabad, India",,No Pickup,Scraping Algo ( IT services ),Yuktha Anand,342546196197
On HubSpot — currently No Pickup / Wrong Number / Wrong SPOC,BlueEra Softech,blueerasoftech.com,"Vadodara, India",,No Pickup,Founder Search ( IT Services ),Yuktha Anand,342335661763
On HubSpot — currently No Pickup / Wrong Number / Wrong SPOC,OptimumBrew Technology,optimumbrew.com,"Surat, India",,No Pickup,Founder Search ( IT Services ),Yuktha Anand,342576236281
On HubSpot — currently No Pickup / Wrong Number / Wrong SPOC,GVM Technologies,gvmtechnologies.com,"Surat, India",,No Pickup,Founder Search ( IT Services ),Yuktha Anand,342456428236
On HubSpot — currently No Pickup / Wrong Number / Wrong SPOC,Simplior Technologies Pvt Ltd.,simplior.com,"Ahmedabad, India",,No Pickup,Founder Search ( IT Services ),Yuktha Anand,342544476892
On HubSpot — currently No Pickup / Wrong Number / Wrong SPOC,Inbox Infotech,inboxtechs.com,"Vadodara, India",,No Pickup,Founder Search ( IT Services ),Lamiya Saleem,342421897959
On HubSpot — currently No Pickup / Wrong Number / Wrong SPOC,Naapbooks Limited,naapbooks.com,"Ahmedabad, India",,No Pickup,Founder Search ( IT Services ),Lamiya Saleem,342812942031
On HubSpot — currently No Pickup / Wrong Number / Wrong SPOC,Netclues,netclues.ca,"Ahmedabad, India",,No Pickup,Founder Search ( IT Services ),Lamiya Saleem,342841195215
On HubSpot — currently No Pickup / Wrong Number / Wrong SPOC,Peerbits,peerbits.com,"Ahmedabad, India",,No Pickup,Founder Search ( IT Services ),Yuktha Anand,342832323278
On HubSpot — currently No Pickup / Wrong Number / Wrong SPOC,Sky Productivity,skyproductivity.com,"Ahmedabad, India",,No Pickup,Founder Search ( IT Services ),Yuktha Anand,342802922172
On HubSpot — currently No Pickup / Wrong Number / Wrong SPOC,Variance InfoTech Pvt Ltd,varianceinfotech.com,"Ahmedabad, India",,No Pickup,Founder Search ( IT Services ),Lamiya Saleem,342790277819
On HubSpot — currently No Pickup / Wrong Number / Wrong SPOC,Tntra,tntra.io,"Vadodara, India",,No Pickup,Founder Search ( IT Services ),Yuktha Anand,342827359935
On HubSpot — currently No Pickup / Wrong Number / Wrong SPOC,Odan Infotech,odaninfotech.com,"Surat, India",,No Pickup,Founder Search ( IT Services ),Lamiya Saleem,342793899769
On HubSpot — currently No Pickup / Wrong Number / Wrong SPOC,Pixlogix Infotech Pvt. Ltd,pixlogix.com,"Ahmedabad, India",,No Pickup,Founder Search ( IT Services ),Yuktha Anand,342772020961
On HubSpot — currently No Pickup / Wrong Number / Wrong SPOC,LaMinds,laminds.com,"Surat, India",,No Pickup,Founder Search ( IT Services ),Yuktha Anand,343023021788
On HubSpot — currently No Pickup / Wrong Number / Wrong SPOC,Tech Celerity Global Solutions Pvt. Ltd.,techcelerity.com,"Ahmedabad, India",,No Pickup,Founder Search ( IT Services ),Yuktha Anand,342983460579
On HubSpot — currently No Pickup / Wrong Number / Wrong SPOC,Silicon IT Hub,siliconithub.com,"Ahmedabad, India",,No Pickup,Founder Search ( IT Services ),Yuktha Anand,342987257567
On HubSpot — currently No Pickup / Wrong Number / Wrong SPOC,Devstree IT Solutions,devstree.com,"Ahmedabad, India",,No Pickup,Founder Search ( IT Services ),Yuktha Anand,342978024126
On HubSpot — currently No Pickup / Wrong Number / Wrong SPOC,Lemolite,lemolite.com,"Ahmedabad, India",,No Pickup,Founder Search ( IT Services ),Lamiya Saleem,342992673521
On HubSpot — currently No Pickup / Wrong Number / Wrong SPOC,PEANUT SQUARE LLP,peanutsquare.com,"Ahmedabad, India",,No Pickup,Founder Search ( IT Services ),Yuktha Anand,342976212723
On HubSpot — currently No Pickup / Wrong Number / Wrong SPOC,Simform,simform.com,"Ahmedabad, India",,Dead/ColdCall/WrongNumber,Scraping Algo ( IT services ),(unassigned),340112021238
On HubSpot — currently No Pickup / Wrong Number / Wrong SPOC,Rysun Labs Private Limited,rysun.com,Ahmedabad,,Dead/ColdCall/WrongNumber,NASSCOM ( IT Services ),Lamiya Saleem,342085187276
On HubSpot — currently No Pickup / Wrong Number / Wrong SPOC,Orange Technolab Pvt Ltd,orangewebtech.com,Ahmedabad,,Dead/ColdCall/WrongNumber,NASSCOM ( IT Services ),Yuktha Anand,342192078523
On HubSpot — currently No Pickup / Wrong Number / Wrong SPOC,Concetto Labs,concettolabs.com,"Ahmedabad, India",,Dead/ColdCall/WrongNumber,Scraping Algo ( IT services ),Lamiya Saleem,342511638217
On HubSpot — currently No Pickup / Wrong Number / Wrong SPOC,IT Path Solutions,itpathsolutions.com,"Ahmedabad, India",,Dead/ColdCall/WrongNumber,Scraping Algo ( IT services ),Yuktha Anand,342456376044
On HubSpot — currently No Pickup / Wrong Number / Wrong SPOC,Intellial Solutions Pvt Ltd,intellial.com,"Ahmedabad, India",,Dead/ColdCall/WrongNumber,Scraping Algo ( IT services ),Yuktha Anand,342459929335
On HubSpot — currently No Pickup / Wrong Number / Wrong SPOC,FinByz Tech Pvt Ltd,finbyz.tech,"Ahmedabad, India",,Dead/ColdCall/WrongNumber + Wrong SPOC (note),Scraping Algo ( IT services ),Lamiya Saleem,342399016683
On HubSpot — currently No Pickup / Wrong Number / Wrong SPOC,Manektech,manektech.com,"Ahmedabad, India",,Dead/ColdCall/WrongNumber,Scraping Algo ( IT services ),Lamiya Saleem,342400601845
On HubSpot — currently No Pickup / Wrong Number / Wrong SPOC,Concept Infoway,conceptinfoway.net,"Ahmedabad, India",,Dead/ColdCall/WrongNumber,Founder Search ( IT Services ),Lamiya Saleem,342456412879
On HubSpot — currently No Pickup / Wrong Number / Wrong SPOC,Netclues,netclues.com,"Ahmedabad, India",,Dead/ColdCall/WrongNumber + Wrong SPOC (note),Founder Search ( IT Services ),Lamiya Saleem,342596479720
On HubSpot — currently No Pickup / Wrong Number / Wrong SPOC,Rlogical Techsoft pvt ltd.,rlogical.com,"Ahmedabad, India",,Dead/ColdCall/WrongNumber,Founder Search ( IT Services ),Lamiya Saleem,342764784371
On HubSpot — currently No Pickup / Wrong Number / Wrong SPOC,Multipz Technology,multipz.com,"Ahmedabad, India",,Dead/ColdCall/WrongNumber,Founder Search ( IT Services ),Yuktha Anand,342990911184
On HubSpot — currently No Pickup / Wrong Number / Wrong SPOC,Mobio Solutions,mobiosolutions.com,"Ahmedabad, India",,Dead/ColdCall/WrongNumber,Founder Search ( IT Services ),Lamiya Saleem,342967085803
On HubSpot — currently No Pickup / Wrong Number / Wrong SPOC,The Intellify,theintellify.com,"Ahmedabad, India",,Dead/ColdCall/WrongNumber,Founder Search ( IT Services ),Lamiya Saleem,342970822360
On HubSpot — currently No Pickup / Wrong Number / Wrong SPOC,Netweb Software Pvt Ltd,netweb.biz,Vadodara,,Wrong SPOC (note),NASSCOM ( IT Services ),Lamiya Saleem,342212538075
Tier-A queue (active),Techforce Global,techforceglobal.com,"Ahmedabad, India",120,rank 1,,,
Tier-A queue (active),Codemech Solutions,codemechsolutions.com,"Ahmedabad, India",110,rank 4,,,
Tier-A queue (active),Zluck Solutions,zluck.com,"Surat, India",110,rank 6,,,
Tier-A queue (active),XongoLab Technologies LLP,xongolab.com,"Ahmedabad, India",110,rank 7,,,
Tier-A queue (active),Shine Infosoft,shineinfosoft.in,"Ahmedabad, India",110,rank 9,,,
Tier-A queue (active),Digital Web Weaver,digitalwebweaver.com,"Vadodara, India",105,rank 12,,,
Tier-A queue (active),Rays Techserv Private Limited,raystechserv.com,"Ahmedabad, India",100,rank 13,,,
Tier-A queue (active),Verve Systems Pvt. Ltd.,vervesys.com,"Ahmedabad, India",100,rank 19,,,
Tier-A queue (active),QalbIT Infotech Pvt Ltd.,qalbit.com,"Ahmedabad, India",100,rank 24,,,
Tier-A queue (active),Tagline Infotech,taglineinfotech.com,"Surat, India",95,rank 27,,,
Tier-A queue (active),Concept Infoway,conceptinfoway.net,"Ahmedabad, India",95,rank 29,,,
Tier-A queue (active),Triveni Global Software Services LLP,triveniglobalsoft.com,"Surat, India",95,rank 31,,,
Tier-A queue (active),M-Square Technologies,msquaretec.com,"Surat, India",95,rank 40,,,
Tier-A queue (active),Ankpal Technologies Private Limited,ankpal.com,"Ahmedabad, India",90,rank 62,,,
Tier-A queue (active),Webmyne Systems,webmyne.com,"Vadodara, India",85,rank 72,,,
Tier-A queue (active),HourlyDeveloper.io,hourlydeveloper.io,"Ahmedabad, India",85,rank 75,,,
Tier-A queue (active),i-Verve Inc,i-verve.com,"Ahmedabad, India",85,rank 76,,,
Tier-A queue (active),QDev Technolab,qdevtechnolab.com,"Ahmedabad, India",85,rank 77,,,
Tier-A queue (active),Ark infosoft,arkinfosoft.com,"Ahmedabad, India",85,rank 79,,,
Tier-A queue (active),Zealous System,zealousys.com,"Ahmedabad, India",85,rank 81,,,
Tier-A queue (active),Patoliya Infotech,patoliyainfotech.com,"Surat, India",85,rank 84,,,
Tier-A queue (active),Atologist Infotech Pvt Ltd,atologistinfotech.com,"Surat, India",85,rank 91,,,
Tier-A queue (active),Karmsoft,karmsoft.com,"Ahmedabad, India",85,rank 92,,,
Tier-A queue (active),SSTech System,sstechsystem.com,"Ahmedabad, India",85,rank 100,,,
Tier-A queue (active),Overseas Web Solution,overseaswebsolution.com,"Ahmedabad, India",85,rank 101,,,
Tier-A queue (active),Rejoicehub,rejoicehub.com,"Surat, India",82,rank 103,,,
Tier-A queue (active),GTCSYS,gtcsys.com,"Ahmedabad, India",80,rank 111,,,
Tier-A queue (active),SilverSky Technology,silverskytechnology.com,"Ahmedabad, India",80,rank 112,,,
Tier-A queue (active),Nectarbits Pvt. Ltd.,nectarbits.com,"Ahmedabad, India",80,rank 130,,,
Tier-A queue (active),Softqube Technologies Pvt. Ltd.,softqubes.com,"Ahmedabad, India",80,rank 132,,,
Tier-A queue (active),BlueEra Softech,blueerasoftech.com,"Vadodara, India",80,rank 137,,,
Tier-A queue (active),WhiteStone Infotech,whitestoneinfotech.com,"Surat, India",80,rank 139,,,
Tier-A queue (active),AI Software LLC,aisoftwarellc.com,"Ahmedabad, India",80,rank 144,,,
Tier-A queue (active),"SharpQuest, Inc.",sharpquest.com,"Ahmedabad, India",80,rank 147,,,
Tier-A queue (active),Dasinfomedia,dasinfomedia.com,"Ahmedabad, India",80,rank 149,,,
Tier-A queue (active),Intellial Solutions Pvt Ltd,intellial.com,"Ahmedabad, India",75,rank 171,,,
Tier-A queue (active),iSummation Technologies,isummation.com,"Ahmedabad, India",75,rank 174,,,
Tier-A queue (active),TechnoCrackers,technocrackers.com,"Ahmedabad, India",75,rank 176,,,
Tier-A queue (active),Concetto Labs,concettolabs.com,"Ahmedabad, India",75,rank 177,,,
Tier-A queue (active),Sensussoft Software Pvt.Ltd,sensussoft.com,"Surat, India",75,rank 180,,,
Tier-A queue (active),Prishusoft,prishusoft.com,"Ahmedabad, India",75,rank 182,,,
Tier-A queue (active),IndaPoint Technologies Pvt. Ltd.,indapoint.com,"Vadodara, India",75,rank 185,,,
Tier-A queue (active),Space-O Technologies,spaceotechnologies.com,"Ahmedabad, India",75,rank 188,,,
Tier-A queue (active),Sapphire Software Solutions,sapphiresolutions.net,"Ahmedabad, India",75,rank 205,,,
Tier-A queue (active),"NCode Technologies, Inc.",ncodetechnologies.com,"Ahmedabad, India",75,rank 208,,,
Tier-A queue (active),Rainstreamweb,rainstreamweb.com,"Ahmedabad, India",75,rank 215,,,
Tier-A queue (active),OptimumBrew Technology,optimumbrew.com,"Surat, India",75,rank 219,,,
Tier-A queue (active),The Dezine,thedezine.in,"Ahmedabad, India",75,rank 220,,,
Tier-A queue (active),Ouranos Technologies Pvt Ltd,ouranostech.com,"Ahmedabad, India",75,rank 227,,,
Tier-A queue (active),GVM Technologies,gvmtechnologies.com,"Surat, India",75,rank 232,,,
Tier-A queue (active),WeblineIndia,weblineindia.com,"Ahmedabad, India",75,rank 234,,,
Tier-A queue (active),Metizsoft Solutions,metizsoft.com,"Ahmedabad, India",75,rank 236,,,
Tier-A queue (active),DNG Web Developer,dngwebdeveloper.com,"Ahmedabad, India",75,rank 238,,,
Tier-A queue (active),Green Apex,green-apex.com,"Ahmedabad, India",75,rank 250,,,
Tier-A queue (active),Daydreamsoft Infotech LLP,daydreamsoft.com,"Surat, India",75,rank 251,,,
Tier-A queue (active),IT Path Solutions,itpathsolutions.com,"Ahmedabad, India",75,rank 253,,,
Tier-A queue (active),TECUNIQUE PRIVATE LIMITED,tecunique.com,"Vadodara, India",75,rank 254,,,
Tier-A queue (active),Aimdek Technologies,aimdek.com,"Ahmedabad, India",75,rank 255,,,
Tier-A queue (active),Netclues,netclues.com,"Ahmedabad, India",75,rank 259,,,
Tier-A queue (active),EMedStore,emedstore.in,"Ahmedabad, India",75,rank 262,,,
Tier-A queue (active),Atyantik Technologies Pvt. Ltd.,atyantik.com,"Vadodara, India",75,rank 268,,,
Tier-A queue (active),Upstair Technologies LLP,upstairtechnologies.com,"Surat, India",72,rank 272,,,
Tier-A queue (active),Tuvoc Technologies Pvt Ltd,tuvoc.com,"Ahmedabad, India",72,rank 273,,,
Tier-A queue (active),Altumcore Technologies,altumcore.com,"Ahmedabad, India",70,rank 276,,,
Tier-A queue (active),RORBits Software,rorbits.com,"Ahmedabad, India",70,rank 277,,,
Tier-A queue (active),iTechnoSol Inc,itechnosol.com,"Vadodara, India",70,rank 283,,,
Tier-A queue (active),Albiorix Technology Private Limited,albiorixtech.com,"Ahmedabad, India",70,rank 292,,,
Tier-A queue (active),Nevina Infotech Pvt.Ltd,nevinainfotech.com,"Ahmedabad, India",70,rank 295,,,
Tier-A queue (active),Intuz,intuz.com,"Ahmedabad, India",70,rank 302,,,
Tier-A queue (active),Bitrix Infotech Pvt Ltd,bitrixinfotech.com,"Surat, India",70,rank 303,,,
Tier-A queue (active),iGex Solutions,igexsolutions.com,"Ahmedabad, India",70,rank 305,,,
Tier-A queue (active),Kanhasoft,kanhasoft.com,"Ahmedabad, India",70,rank 309,,,
Tier-A queue (active),Agreem Technologies,agreemtech.com,"Ahmedabad, India",70,rank 316,,,
Tier-A queue (active),IConflux Techonologies,iconflux.com,"Ahmedabad, India",70,rank 317,,,
Tier-A queue (active),E Launch Solution Pvt. Ltd.,elaunchinfotech.com,"Surat, India",70,rank 325,,,
Tier-A queue (active),SkyQuest Technology Consulting Pvt. Ltd.,skyquestt.com,"Ahmedabad, India",70,rank 329,,,
Tier-A queue (active),Infynno Solutions,infynno.com,"Ahmedabad, India",70,rank 331,,,
Tier-A queue (active),EliteSigma Infotech,elitesigma.com,"Ahmedabad, India",70,rank 335,,,
Tier-A queue (active),Vedlogic Soultions PVT. LTD,vedlogic.com,"Ahmedabad, India",70,rank 338,,,
Tier-A queue (active),iTechNotion Pvt Ltd,itechnotion.com,"Ahmedabad, India",70,rank 339,,,
Tier-A queue (active),Facile Technolab Pvt Ltd,faciletechnolab.com,"Ahmedabad, India",70,rank 341,,,
Tier-A queue (active),FinByz Tech Pvt Ltd,finbyz.tech,"Ahmedabad, India",70,rank 344,,,
Tier-A queue (active),Simplior Technologies Pvt Ltd.,simplior.com,"Ahmedabad, India",70,rank 352,,,
Tier-A queue (active),Inbox Infotech,inboxtechs.com,"Vadodara, India",70,rank 356,,,
Tier-A queue (active),Logix Built Solutions Private Limited,logixbuilt.com,"Surat, India",70,rank 361,,,
Tier-A queue (active),Naapbooks Limited,naapbooks.com,"Ahmedabad, India",70,rank 366,,,
Tier-A queue (active),Taasha Tech,taasha.tech,"Ahmedabad, India",70,rank 368,,,
Tier-A queue (active),Nivida,nivida.in,"Vadodara, India",70,rank 371,,,
Tier-A queue (active),Netclues,netclues.ca,"Ahmedabad, India",70,rank 375,,,
Tier-A queue (active),Inextrix Technologies Pvt Ltd,inextrix.com,"Ahmedabad, India",70,rank 376,,,
Tier-A queue (active),eSparkBiz Technologies Pvt. Ltd,esparkinfo.com,"Ahmedabad, India",70,rank 377,,,
Tier-A queue (active),Peerbits,peerbits.com,"Ahmedabad, India",70,rank 379,,,
Tier-A queue (active),Sky Productivity,skyproductivity.com,"Ahmedabad, India",70,rank 394,,,
Tier-A queue (active),Vistaura,vistaura.com,"Vadodara, India",70,rank 398,,,
Tier-A queue (active),Techcronus Business Solutions,techcronus.com,"Ahmedabad, India",65,rank 408,,,
Tier-A queue (active),Rlogical Techsoft pvt ltd.,rlogical.com,"Ahmedabad, India",65,rank 423,,,
Tier-A queue (active),Samyak Infotech Pvt.Ltd,samyak.com,"Ahmedabad, India",65,rank 426,,,
Tier-A queue (active),Manektech,manektech.com,"Ahmedabad, India",65,rank 428,,,
Tier-A queue (active),Tenup Software Services,tenupsoft.com,"Vadodara, India",65,rank 432,,,
Tier-A queue (active),Cirkle Studio Pvt. Ltd.,cirklestudio.co,"Surat, India",65,rank 435,,,
Tier-A queue (active),iFour Technolab Pvt. Ltd.,ifourtechnolab.com,"Ahmedabad, India",65,rank 439,,,
Tier-A queue (active),Variance InfoTech Pvt Ltd,varianceinfotech.com,"Ahmedabad, India",65,rank 440,,,
Tier-A queue (active),Encodedots Technolabs Pvt Ltd,encodedots.com,"Ahmedabad, India",65,rank 450,,,
Tier-B reserve (active),Dynamic Methods,dynamic-methods.com,"Ahmedabad, India",65,rank 10,,,
Tier-B reserve (active),Weapplinse Technologies LLP,weapplinse.com,"Surat, India",65,rank 15,,,
Tier-B reserve (active),RAPID DATA LABS,rapiddatalabs.com,"Ahmedabad, India",65,rank 16,,,
Tier-B reserve (active),Tntra,tntra.io,"Vadodara, India",65,rank 23,,,
Tier-B reserve (active),arth infosoft pvt ltd,arthinfosoft.in,"Ahmedabad, India",65,rank 34,,,
Tier-B reserve (active),Odan Infotech,odaninfotech.com,"Surat, India",65,rank 37,,,
Tier-B reserve (active),Vetron IT Servcies,vetron.in,"Surat, India",65,rank 38,,,
Tier-B reserve (active),Empiric Infotech LLP,empiricinfotech.com,"Surat, India",65,rank 41,,,
Tier-B reserve (active),KGN Technologies,kgntechnologies.com,"Ahmedabad, India",65,rank 45,,,
Tier-B reserve (active),Avishkar IT Services,avishkaritservices.com,"Vadodara, India",65,rank 58,,,
Tier-B reserve (active),Aarvi Technology,aarvitechnology.com,"Surat, India",65,rank 60,,,
Tier-B reserve (active),Matlab Infotech,matlabinfotech.com,"Surat, India",65,rank 65,,,
Tier-B reserve (active),Pavans Group,pavansgroup.com,"Vadodara, India",65,rank 66,,,
Tier-B reserve (active),Pixlogix Infotech Pvt. Ltd,pixlogix.com,"Ahmedabad, India",65,rank 68,,,
Tier-B reserve (active),Novus Logics,novuslogics.com,"Ahmedabad, India",65,rank 70,,,
Tier-B reserve (active),Sarvadhi Solutions Pvt Ltd,sarvadhi.com,"Surat, India",65,rank 91,,,
Tier-B reserve (active),Tech Celerity Global Solutions Pvt. Ltd.,techcelerity.com,"Ahmedabad, India",65,rank 92,,,
Tier-B reserve (active),Rushkar,rushkar.com,"Ahmedabad, India",65,rank 94,,,
Tier-B reserve (active),Multipz Technology,multipz.com,"Ahmedabad, India",65,rank 99,,,
Tier-B reserve (active),Siddhi Infosoft,siddhiinfosoft.com,"Ahmedabad, India",65,rank 100,,,
Tier-B reserve (active),InfyOm Technologies,infyom.com,"Surat, India",65,rank 102,,,
Tier-B reserve (active),The Intellify,theintellify.com,"Ahmedabad, India",62,rank 114,,,
Tier-B reserve (active),Spiral Technolabs Pvt Ltd,spiraltechnolabs.com,"Ahmedabad, India",62,rank 116,,,
Tier-B reserve (active),Codewinglet Private Limited,codewinglet.com,"Surat, India",62,rank 119,,,
Tier-B reserve (active),DigiPay.Guru,digipay.guru,"Ahmedabad, India",60,rank 127,,,
Tier-B reserve (active),Nivida software,nividasoftware.com,"Vadodara, India",60,rank 136,,,
Tier-B reserve (active),LahaGora,lahagora.com,"Surat, India",60,rank 142,,,
Tier-B reserve (active),Devstree IT Solutions,devstree.com,"Ahmedabad, India",60,rank 146,,,
Tier-B reserve (active),Budventure Technologies Pvt. Ltd.,budventure.technology,"Ahmedabad, India",60,rank 151,,,
Tier-B reserve (active),PlanicsDev Infotech LLP,planicsdev.com,"Surat, India",60,rank 153,,,
Tier-B reserve (active),Prakash Software Solutions Pvt Ltd,prakashinfotech.com,"Vadodara, India",60,rank 158,,,
Tier-B reserve (active),Silicon IT Hub,siliconithub.com,"Ahmedabad, India",60,rank 161,,,
Tier-B reserve (active),AllianceTek,alliancetek.com,"Ahmedabad, India",60,rank 165,,,
Tier-B reserve (active),Mobio Solutions,mobiosolutions.com,"Ahmedabad, India",60,rank 171,,,
Tier-B reserve (active),Seawind Solution Pvt Ltd,seawindsolution.com,"Ahmedabad, India",60,rank 172,,,
Tier-B reserve (active),Citta Solutions Pvt Ltd,cittasolutions.com,"Ahmedabad, India",60,rank 173,,,
Tier-B reserve (active),Pardy Panda Studios,pardypanda.com,"Vadodara, India",60,rank 178,,,
Tier-B reserve (active),Lemolite,lemolite.com,"Ahmedabad, India",60,rank 183,,,
Tier-B reserve (active),Omeecron Solutions,omeecron.com,"Surat, India",60,rank 198,,,
Tier-B reserve (active),Progragon Technolabs,progragon.com,"Ahmedabad, India",60,rank 200,,,
Tier-B reserve (active),Ansi ByteCode LLP,ansibytecode.com,"Ahmedabad, India",60,rank 201,,,
Tier-B reserve (active),Theoddcoders Technologies,theoddcoders.com,"Ahmedabad, India",60,rank 212,,,
Tier-B reserve (active),LaMinds,laminds.com,"Surat, India",60,rank 225,,,
Tier-B reserve (active),Intricare Technologies,intricaretech.com,"Vadodara, India",60,rank 226,,,
Tier-B reserve (active),IngeniousMindsLab Solution Pvt. Ltd,ingeniousmindslab.com,"Ahmedabad, India",60,rank 227,,,
Tier-B reserve (active),8 webcom.com,8webcom.com,"Ahmedabad, India",60,rank 254,,,
Tier-B reserve (active),Cyblance Technologies Pvt. Ltd.,cyblance.com,"Ahmedabad, India",60,rank 263,,,
Tier-B reserve (active),Tricore Infotech PVT LTD,tricoreitsolutions.com,"Ahmedabad, India",60,rank 265,,,
Tier-B reserve (active),PEANUT SQUARE LLP,peanutsquare.com,"Ahmedabad, India",60,rank 270,,,
Tier-B reserve (active),Regenapps Clouds Private Limited,regenapps.com,"Surat, India",60,rank 286,,,
Tier-B reserve (active),JMS Advisory Services Private Limited,jmsadvisory.in,Ahmedabad,60,rank 301,,,
Tier-B reserve (active),EnactSoft,enactsoft.com,"Surat, India",60,rank 311,,,
Tier-B reserve (active),EMed HealthTech Pvt Ltd.,emedhealthtech.com,"Ahmedabad, India",60,rank 315,,,
Tier-B reserve (active),Marquee Solution,marqueesolution.com,"Surat, India",60,rank 319,,,
Tier-B reserve (active),Jash Entertainment,jashentertainment.com,"Ahmedabad, India",60,rank 342,,,
Tier-B reserve (active),Logical Wings InfoWeb Pvt Ltd,logicalwings.com,"Ahmedabad, India",60,rank 354,,,
Tier-B reserve (active),AppWorld Infotech,appworldinfotech.com,"Surat, India",60,rank 364,,,
Tier-B reserve (active),TechEniac - Top Web App Development Company USA,techeniac.com,"Ahmedabad, India",60,rank 369,,,
Tier-B reserve (active),Finlark Technologies,finlark.com,"Ahmedabad, India",60,rank 371,,,
Tier-B reserve (active),Primocys,primocys.com,"Ahmedabad, India",60,rank 375,,,
Tier-B reserve (active),CRMTiger Technologies LLP,crmtiger.com,Ahmedabad,60,rank 382,,,
Tier-B reserve (active),Cyberscrypt Innovations,cyberscrypt.com,"Vadodara, India",60,rank 393,,,
Tier-B reserve (active),Rigel Networks Pvt Ltd,rigelnetworks.com,Vadodara,55,rank 420,,,
Tier-B reserve (active),AppleTech Pvt. Ltd.,appletechsoft.com,"Vadodara, India",55,rank 427,,,
Tier-B reserve (active),Shreeji Software,shreejisoftware.com,"Surat, India",55,rank 438,,,
Tier-B reserve (active),Innovative Iteration,innovativeiteration.com,"Surat, India",55,rank 448,,,
Tier-B reserve (active),Ashapura Softech,ashapurasoftech.com,"Ahmedabad, India",55,rank 451,,,
Tier-B reserve (active),Stimulus Co.,stimulusco.com,"Ahmedabad, India",55,rank 454,,,
Tier-B reserve (active),UpNext Software Private Limited,upnextsoftware.com,"Surat, India",55,rank 457,,,
Tier-B reserve (active),Mxicoders,mxicoders.com,"Ahmedabad, India",55,rank 460,,,
Tier-B reserve (active),Elightwalk Technology Private Limited,elightwalk.com,"Ahmedabad, India",55,rank 463,,,
Tier-B reserve (active),TechupR,techupr.com,"Ahmedabad, India",55,rank 470,,,
Tier-B reserve (active),Arche Softronix Pvt.Ltd.,archesoftronix.com,"Vadodara, India",55,rank 472,,,
Tier-B reserve (active),IndiaAppDeveloper,indiaappdeveloper.com,"Ahmedabad, India",55,rank 476,,,
Tier-B reserve (active),Tecocraft PVT. LTD,tecocraft.co.uk,"Surat, India",55,rank 480,,,
Tier-B reserve (active),World Web Technology Pvt. Ltd.,worldwebtechnology.com,"Ahmedabad, India",55,rank 481,,,
Tier-B reserve (active),i-hiddentalent,i-hiddentalent.com,"Ahmedabad, India",55,rank 487,,,
Tier-B reserve (active),Scalybee,scalybee.com,"Vadodara, India",55,rank 491,,,
Tier-B reserve (active),Stalwart Info,stalwartinfo.com,"Ahmedabad, India",55,rank 494,,,
Tier-B reserve (active),XCode Web Solutions,xcodewebsolutions.com,"Ahmedabad, India",55,rank 495,,,
Tier-B reserve (active),MagentoBrain,magentobrain.com,"Surat, India",55,rank 500,,,
Tier-B reserve (active),Kryptoninc,kryptoninc.co,"Ahmedabad, India",55,rank 502,,,
Tier-B reserve (active),App Developers India,developersappindia.com,"Ahmedabad, India",55,rank 514,,,
Tier-B reserve (active),JayamSoft,jayamsoft.net,"Surat, India",55,rank 522,,,
Tier-B reserve (active),Conceptserve,conceptserve.com,"Ahmedabad, India",55,rank 524,,,
Tier-B reserve (active),Pennine Technolabs,penninetechnolabs.com,"Ahmedabad, India",52,rank 538,,,
Tier-B reserve (active),Instinctools,instinctools.com,"Ahmedabad, India",52,rank 549,,,
Tier-B reserve (active),TriState Technology LLP,tristatetechnology.com,"Ahmedabad, India",50,rank 558,,,
Tier-B reserve (active),MSP IT Concepts Pvt Ltd,mspconcepts.com,"Ahmedabad, India",50,rank 559,,,
Tier-B reserve (active),Benzatine Infotech,benzatine.com,"Surat, India",50,rank 560,,,
Tier-B reserve (active),VIBIDSOFT,vibidsoft.com,"Ahmedabad, India",50,rank 562,,,
Tier-B reserve (active),reverseBits,reversebits.tech,"Ahmedabad, India",50,rank 563,,,
Tier-B reserve (active),Technobrains Business Solutions LLP,technobrains.io,"Ahmedabad, India",50,rank 570,,,
Tier-B reserve (active),WebPlanex InfoTech Pvt. Ltd.,webplanex.com,"Ahmedabad, India",50,rank 574,,,
Tier-B reserve (active),InstaCloud Solutions LLP,instacloudsolutions.com,"Ahmedabad, India",50,rank 579,,,
Tier-B reserve (active),Zobi Web Solutions Private Limited,zobiwebsolutions.com,"Ahmedabad, India",50,rank 583,,,
Tier-B reserve (active),Megh Technologies,meghtechnologies.com,"Vadodara, India",50,rank 593,,,
Tier-B reserve (active),Instance IT Solutions,instanceit.com,"Surat, India",50,rank 595,,,
Tier-B reserve (active),Opula Software Development Pvt. Ltd.,opulasoft.com,"Surat, India",50,rank 598,,,
Tier-B reserve (active),Surekha Technologies,surekhatech.com,"Ahmedabad, India",50,rank 608,,,
Tier-B reserve (active),Nextgensoft Technologies LLP,nextgensoft.io,"Ahmedabad, India",50,rank 614,,,
Tier-B reserve (active),ADD PEARLINFO PVT. LTD.,pearlinfo.in,"Ahmedabad, India",50,rank 619,,,
Tier-B reserve (active),ThePlanetSoft,theplanetsoft.com,"Surat, India",50,rank 621,,,
Tier-B reserve (active),TRooTech Business Solutions,trootech.com,"Ahmedabad, India",50,rank 627,,,
Tier-B reserve (active),iCoderz Solutions Pvt. Ltd.,icoderzsolutions.com,"Ahmedabad, India",50,rank 636,,,
Tier-B reserve (active),Svaapta IT-Ally Solutions,svaapta-it-ally.com,"Vadodara, India",50,rank 637,,,
Tier-B reserve (active),UpforceTech,upforcetech.com,"Ahmedabad, India",50,rank 651,,,
Tier-B reserve (active),Helios-Solutions End to End Solutions,heliossolutions.co,"Vadodara, India",50,rank 657,,,
Tier-B reserve (active),ViitorCloud,viitorcloud.com,"Ahmedabad, India",50,rank 658,,,
Tier-B reserve (active),Potenza Global Solutions,potenzaglobalsolutions.com,"Ahmedabad, India",50,rank 662,,,
Tier-B reserve (active),Bitbuffs Technologies Pvt Ltd,bitbuffs.com,"Vadodara, India",50,rank 664,,,
Tier-B reserve (active),Redspark,redsparkinfo.com,"Vadodara, India",50,rank 666,,,
Tier-B reserve (active),STERP Software Pvt. Ltd,shantitechnology.com,"Vadodara, India",50,rank 679,,,
Tier-B reserve (active),Crest Coder,crestcoder.com,"Ahmedabad, India",50,rank 680,,,
Tier-B reserve (active),Essence Solusoft,essencesolusoft.com,"Ahmedabad, India",50,rank 695,,,
Tier-B reserve (active),SNDK Corp,sndkcorp.com,"Ahmedabad, India",50,rank 698,,,
Tier-B reserve (active),Sapient Codelabs,sapientcodelabs.com,"Surat, India",50,rank 699,,,
Tier-B reserve (active),Enqcode Technologies LLP,enqcode.com,"Ahmedabad, India",50,rank 703,,,
Tier-B reserve (active),Ashutec Solutions Pvt Ltd,ashutec.com,"Ahmedabad, India",50,rank 704,,,
Tier-B reserve (active),Alita Infotech Pvt. Ltd,alitainfotech.com,"Surat, India",50,rank 705,,,
Tier-B reserve (active),Avrut Solution,avrut.com,"Surat, India",50,rank 706,,,
Tier-B reserve (active),Techlusion,techlusion.io,"Ahmedabad, India",50,rank 708,,,
Tier-B reserve (active),Anantkaal,anantkaal.com,"Surat, India",50,rank 713,,,
Tier-B reserve (active),UniQual iTech,uniqualitech.com,"Surat, India",50,rank 716,,,
Tier-B reserve (active),Neoverce IT Solutions LLP,neoverce.com,"Surat, India",50,rank 734,,,
Tier-B reserve (active),Linearloop Private Limited,linearloop.io,"Ahmedabad, India",50,rank 735,,,
Tier-B reserve (active),TurtleSoft Solution,turtlesoftsolution.com,"Ahmedabad, India",50,rank 743,,,
Tier-B reserve (active),BatsHub,batshub.com,"Ahmedabad, India",50,rank 745,,,
Tier-B reserve (active),Skywinds Solutions,skywinds.tech,"Ahmedabad, India",50,rank 748,,,
Tier-B reserve (active),Ecomsellertool,ecomsellertool.com,"Ahmedabad, India",50,rank 750,,,
Tier-B reserve (active),hiredeveloperindia,hiredeveloperindia.com,"Ahmedabad, India",50,rank 754,,,
Tier-B reserve (active),iAppsolution Technology,iappsolution.com,"Ahmedabad, India",50,rank 767,,,
Tier-B reserve (active),Tameta Tech,tameta.tech,"Surat, India",50,rank 770,,,
Tier-B reserve (active),Hexamer Solutions,hexamersolutions.com,"Ahmedabad, India",50,rank 778,,,
Tier-B reserve (active),BizzTech IT Solutions,bizztech.in,"Surat, India",50,rank 784,,,
Tier-B reserve (active),CodesClue Technologies,codesclue.com,"Ahmedabad, India",47,rank 791,,,
Tier-B reserve (active),SculptSoft Pvt. Ltd.,sculptsoft.com,"Ahmedabad, India",47,rank 794,,,
Tier-B reserve (active),Agile Infoways LLC,agileinfoways.com,"Ahmedabad, India",47,rank 797,,,
Tier-B reserve (active),Webmedia Experts,webmediaexperts.net,"Vadodara, India",47,rank 798,,,
Tier-B reserve (active),Tempus Central,tempuscentral.com,"Vadodara, India",47,rank 804,,,
Tier-B reserve (active),VBSOFT India Ltd,vbsoftindia.com,"Ahmedabad, India",47,rank 805,,,
Tier-B reserve (active),OTFCoder,otfcoder.com,"Ahmedabad, India",47,rank 813,,,
Tier-B reserve (active),Valens DataLabs,valensdatalabs.com,"Ahmedabad, India",47,rank 872,,,
Tier-B reserve (active),Semaphore Software,semaphore-software.com,"Ahmedabad, India",47,rank 875,,,
Tier-B reserve (active),Arc Consulting (I) Private Limited,arcattest.com,Ahmedabad,45,rank 880,,,
Tier-B reserve (active),Innoventixsolutions,innoventixsolutions.com,"Ahmedabad, India",45,rank 888,,,
Tier-B reserve (active),Ascendion Engineering Private Limited,ascendion.com,Vadodara,45,rank 898,,,
Tier-B reserve (active),Silicon Signals Pvt. Ltd.,siliconsignals.io,"Ahmedabad, India",45,rank 912,,,
Tier-B reserve (active),Knovator Technologies,knovator.com,"Surat, India",45,rank 915,,,
Tier-B reserve (active),WP Small Fix,wpsmallfix.com,"Ahmedabad, India",45,rank 916,,,
Tier-B reserve (active),Insignia Technolabs,insigniatechnolabs.com,"Ahmedabad, India",45,rank 922,,,
Tier-B reserve (active),Pirimid Fintech,pirimidtech.com,"Ahmedabad, India",45,rank 933,,,
Tier-B reserve (active),Continuum Digital,continuumdigital.ca,"Ahmedabad, India",45,rank 944,,,
Tier-B reserve (active),Citrusbug Technolabs,citrusbug.com,"Ahmedabad, India",45,rank 946,,,
Tier-B reserve (active),INEXTURE Solutions,inexture.com,"Ahmedabad, India",45,rank 965,,,
Tier-B reserve (active),Peafowl IT Solution,peafowlit.com,"Ahmedabad, India",45,rank 966,,,
Tier-B reserve (active),BoTree Technologies Pvt. Ltd.,botreetechnologies.com,"Ahmedabad, India",45,rank 969,,,
Tier-B reserve (active),Softices Consultancy Pvt. Ltd.,softices.com,"Surat, India",45,rank 974,,,
Tier-B reserve (active),IT Services India,itservicesindia.com,"Ahmedabad, India",45,rank 988,,,
Tier-B reserve (active),Tecstub,tecstub.com,"Ahmedabad, India",45,rank 998,,,
Tier-B reserve (active),WebAshlar,webashlar.com,"Surat, India",45,rank 1013,,,
Tier-B reserve (active),OOZEE Technologies,oozeetech.com,"Surat, India",45,rank 1019,,,
Tier-B reserve (active),Collonmade Company,collonmade.com,"Vadodara, India",45,rank 1022,,,
Tier-B reserve (active),TECHTIC SOLUTIONS INC,techtic.com,"Ahmedabad, India",45,rank 1023,,,
Tier-B reserve (active),Incipient Infotech,incipientinfo.com,"Ahmedabad, India",45,rank 1056,,,
Tier-B reserve (active),Siyana Info Solutions,siyanainfo.com,"Ahmedabad, India",45,rank 1070,,,
Tier-B reserve (active),CRMJetty,crmjetty.com,"Ahmedabad, India",45,rank 1101,,,
Tier-B reserve (active),Yaana Consulting Services,tanmaypanchal.com,"Ahmedabad, India",45,rank 1104,,,
Tier-B reserve (active),Honeycomb Softwares Pvt. Ltd.,honeycombsoftwares.com,"Ahmedabad, India",42,rank 1113,,,
Tier-B reserve (active),Captus Technologies,captustechnologies.com,"Ahmedabad, India",42,rank 1130,,,
Tier-B reserve (active),Metwaves Technologies,metwaves.com,"Ahmedabad, India",42,rank 1133,,,
Tier-B reserve (active),Mysphere Infotech,mysphereinfotech.com,"Vadodara, India",40,rank 1142,,,
Tier-B reserve (active),WPWeb InfoTech Pvt Ltd,wpwebinfotech.com,"Ahmedabad, India",40,rank 1145,,,
Tier-B reserve (active),TransForm Solutions Private Limited,transformsolution.com,Surat,40,rank 1146,,,
Tier-B reserve (active),Raindrops InfoTech,raindropsinfotech.com,"Ahmedabad, India",40,rank 1148,,,
Tier-B reserve (active),Omex Infotech,omexinfotech.com,"Ahmedabad, India",40,rank 1164,,,
Tier-B reserve (active),Nichetech Solutions,nichetechsolutions.com,"Ahmedabad, India",40,rank 1194,,,
Tier-B reserve (active),eCodesoft Solutions,ecodesoft.com,"Ahmedabad, India",40,rank 1199,,,
Tier-B reserve (active),Weingenious Technocrats,weingenious.com,"Surat, India",40,rank 1213,,,
Tier-B reserve (active),Ish Tech Solutions,ishtechsolutions.com,"Vadodara, India",40,rank 1219,,,
Tier-B reserve (active),Sigzen Technologies,sigzen.com,"Ahmedabad, India",40,rank 1220,,,
Tier-B reserve (active),TechWize,techwize.com,"Ahmedabad, India",40,rank 1224,,,
Tier-B reserve (active),P9Labs Inc,p9labs.com,"Surat, India",40,rank 1234,,,
Tier-B reserve (active),iQlance Solutions,iqlance.com,"Ahmedabad, India",40,rank 1235,,,
Tier-B reserve (active),GIRIRAJ DIGITAL,girirajdigital.com,"Ahmedabad, India",40,rank 1247,,,
Tier-B reserve (active),IntelliPro Solutions Pvt Ltd,iprospl.com,"Ahmedabad, India",40,rank 1253,,,
Tier-B reserve (active),Wappnet Systems,wappnet.com,"Ahmedabad, India",40,rank 1263,,,
Tier-B reserve (active),TatvaSoft,tatvasoft.com,"Ahmedabad, India",40,rank 1264,,,
Tier-B reserve (active),Rao Information Technology,raoinformationtechnology.com,"Ahmedabad, India",40,rank 1266,,,
Tier-B reserve (active),Immence,immence.com,"Vadodara, India",40,rank 1267,,,
Tier-B reserve (active),Votiko Solutions,votiko.com,"Surat, India",40,rank 1269,,,
Tier-B reserve (active),Excelsior Technologies,excelsiortechnologies.com,"Ahmedabad, India",40,rank 1272,,,
Tier-B reserve (active),Cloudinfosoft,cloudinfosoft.com,"Vadodara, India",40,rank 1276,,,
Tier-B reserve (active),ProweSolution,prowesolution.com,"Ahmedabad, India",40,rank 1279,,,
Tier-B reserve (active),Inventam Tech Solution (OPC) pvt. ltd.,inventam.com,"Surat, India",40,rank 1294,,,
Tier-B reserve (active),Arthkaira,arthkaira.com.au,"Ahmedabad, India",40,rank 1296,,,
Tier-B reserve (active),Interactive Manpower Solutions Pvt Ltd,imspeople.com,Ahmedabad,40,rank 1307,,,
Tier-B reserve (active),Valiant Technosoft,valianttechnosoft.com,"Ahmedabad, India",40,rank 1308,,,
Tier-B reserve (active),Helixwebi,helixwebi.net,"Surat, India",40,rank 1309,,,
Tier-B reserve (active),Third Rock Techkno,thirdrocktechkno.com,"Ahmedabad, India",40,rank 1313,,,
Tier-B reserve (active),codExalters Techlabs,codexalters.com,"Ahmedabad, India",40,rank 1314,,,
Tier-B reserve (active),CodeAroma Technologies,codearoma.com,"Ahmedabad, India",40,rank 1317,,,
Tier-B reserve (active),Kalgisoft Technologies,kalgisoft.com,"Ahmedabad, India",40,rank 1318,,,
Tier-B reserve (active),CloudStakes Technology,cloudstakes.com,"Ahmedabad, India",40,rank 1320,,,
Tier-B reserve (active),SystemSeeders Infotech LLP,systemseeders.com,"Ahmedabad, India",40,rank 1322,,,
Tier-B reserve (active),Enprowess Technologies,enprowess.com,"Ahmedabad, India",40,rank 1326,,,
Tier-B reserve (active),Sikich India Private Limited,sikich.com,Ahmedabad,40,rank 1328,,,
Tier-B reserve (active),Are InfoTech,areinfotech.com,"Ahmedabad, India",40,rank 1339,,,
Tier-B reserve (active),Emphatic Technologies,emphatictechnologies.com,"Ahmedabad, India",40,rank 1343,,,
Tier-B reserve (active),TechCompose Solutions Pvt Ltd,techcompose.com,"Ahmedabad, India",40,rank 1347,,,
Tier-B reserve (active),Implies Solution,impliessolution.com,"Surat, India",40,rank 1349,,,
Tier-B reserve (active),Nimblechapps Pvt. Ltd.,nimblechapps.com,"Ahmedabad, India",40,rank 1355,,,
Tier-B reserve (active),Aroasis Softech,aroasissoftech.com,"Vadodara, India",40,rank 1356,,,
Tier-B reserve (active),Devise Software Solutions Pvt. Ltd,devisesystems.com,"Vadodara, India",40,rank 1357,,,
Tier-B reserve (active),Canopas Software,canopas.com,"Surat, India",40,rank 1359,,,
Tier-B reserve (active),Softnoesis Private Limited,softnoesis.com,"Surat, India",40,rank 1361,,,
Tier-B reserve (active),Techno Hustlers,technohustlers.com,"Ahmedabad, India",40,rank 1363,,,
Tier-B reserve (active),Ctas Info Service LLP,ctasis.com,"Ahmedabad, India",40,rank 1366,,,
Tier-B reserve (active),CSCODETECH,cscodetech.com,"Surat, India",40,rank 1371,,,
Tier-B reserve (active),Onviqa Pvt. Ltd.,onviqa.com,"Surat, India",40,rank 1375,,,
Tier-B reserve (active),Lathiya Web Solution,lathiyasolutions.com,"Surat, India",40,rank 1379,,,
Tier-B reserve (active),Scriptus Solutions Pvt. Ltd.,scriptussolutions.com,"Surat, India",40,rank 1381,,,
Tier-B reserve (active),Kody Technolab,kodytechnolab.com,"Ahmedabad, India",40,rank 1400,,,
Tier-B reserve (active),Theta Technolabs,thetatechnolabs.com,"Ahmedabad, India",40,rank 1401,,,
Tier-B reserve (active),ThatsEnd Pvt. Ltd.,thatsend.com,"Surat, India",40,rank 1407,,,
Tier-B reserve (active),WireFuture,wirefuture.com,"Ahmedabad, India",40,rank 1410,,,
Tier-B reserve (active),Webvolty IT Solution,webvolty.com,"Surat, India",40,rank 1412,,,
Tier-B reserve (active),Sourceved Technologies Pvt Ltd.,sourceved.com,"Ahmedabad, India",40,rank 1414,,,
Tier-B reserve (active),Netsol IT Solutions Pvt. Ltd,netsolitsolution.com,"Surat, India",37,rank 1425,,,
Tier-B reserve (active),Spaculus Software,spaculus.com,"Vadodara, India",37,rank 1426,,,
Tier-B reserve (active),EnlightVision Technologies Pvt. Ltd,enlightvision.com,"Ahmedabad, India",37,rank 1433,,,
Tier-B reserve (active),Intech Systems Canada,intechsystems.ca,"Ahmedabad, India",37,rank 1440,,,
Tier-B reserve (active),360 Design,360design.in,"Ahmedabad, India",37,rank 1459,,,
Tier-B reserve (active),Striver Technosoft LLP,strivertech.com,"Ahmedabad, India",37,rank 1462,,,
Tier-B reserve (active),PAIDNINJAS SOFTWARE & IT SOLUTIONS,paidninjas.com,"Ahmedabad, India",37,rank 1469,,,
Tier-B reserve (active),Prioxis Technologies,prioxis.com,"Ahmedabad, India",37,rank 1470,,,
Tier-B reserve (active),Hire React Native Developers,hirereactnativedeveloper.com,"Ahmedabad, India",35,rank 1486,,,
Tier-B reserve (active),Raininfotech,raininfotech.com,"Surat, India",35,rank 1493,,,
Tier-B reserve (active),BinStellar Technologies Pvt. Ltd.,binstellar.com,"Ahmedabad, India",35,rank 1515,,,
Tier-B reserve (active),Infigic Technologies,infigic.com,"Ahmedabad, India",35,rank 1516,,,
Tier-B reserve (active),Geek Web Solution,geekwebsolution.com,"Surat, India",35,rank 1519,,,
Tier-B reserve (active),Script All DNA Technologies,scriptalldna.com,"Ahmedabad, India",35,rank 1523,,,
Tier-B reserve (active),Accrete InfoTech,accreteit.com,"Surat, India",35,rank 1530,,,
Tier-B reserve (active),Universal Stream Solution,universalstreamsolution.com,"Ahmedabad, India",35,rank 1543,,,
Tier-B reserve (active),Staunchsys IT Services,staunchsys.com,"Ahmedabad, India",35,rank 1548,,,
Tier-B reserve (active),ocius technologies,ociustechnologies.com,"Ahmedabad, India",35,rank 1552,,,
Tier-B reserve (active),Swan Softweb Solutions,swansoftweb.com,"Ahmedabad, India",35,rank 1554,,,
Tier-B reserve (active),Lanatus Systems LLP,lanatussystems.com,"Ahmedabad, India",35,rank 1565,,,
Tier-B reserve (active),Netedge Technology,netedgetechnology.com,"Ahmedabad, India",35,rank 1570,,,
Tier-B reserve (active),Innodel Technologies,innodel.com,"Ahmedabad, India",35,rank 1577,,,
Tier-B reserve (active),Grewon Technologies,grewon.com,"Surat, India",35,rank 1580,,,
Tier-B reserve (active),CodeSmith InfoSoft,codesmithinfosoft.com,"Surat, India",35,rank 1584,,,
Tier-B reserve (active),Enlighten Infosystems,enlighteninfosystems.com,"Vadodara, India",35,rank 1585,,,
Tier-B reserve (active),PlusInfoLab,plusinfolab.com,"Surat, India",35,rank 1587,,,
Tier-B reserve (active),BVM Infotech,bvminfotech.com,"Surat, India",35,rank 1591,,,
Tier-B reserve (active),True Code Masters,truecodemasters.com,"Ahmedabad, India",35,rank 1614,,,
Tier-B reserve (active),KairaSoftware Pvt Ltd,kairasoftware.com,"Ahmedabad, India",35,rank 1621,,,
Tier-B reserve (active),Geminate Consultancy Services,geminatecs.com,"Ahmedabad, India",35,rank 1623,,,
Tier-B reserve (active),Vivansh Infotech,vivanshinfotech.com,"Ahmedabad, India",35,rank 1633,,,
Tier-B reserve (active),Treesha Infotech,treeshainfotech.com,"Ahmedabad, India",35,rank 1635,,,
Tier-B reserve (active),Ideoplant Infotech LLP,ideoplant.com,"Surat, India",35,rank 1636,,,
Tier-B reserve (active),Heliconia Solutions Pvt Ltd,heliconia.io,"Vadodara, India",35,rank 1638,,,
Tier-B reserve (active),Skenix Infotech,skenix.com,"Vadodara, India",35,rank 1644,,,
Tier-B reserve (active),Epnovate Technology Pvt. Ltd.,epnovate.com,"Ahmedabad, India",35,rank 1647,,,
Tier-B reserve (active),SecureMetaSys Infotech Pvt. Ltd.,securemetasys.com,"Surat, India",35,rank 1650,,,
Tier-B reserve (active),Declone Labs PVT LTD,declone.io,"Surat, India",35,rank 1654,,,
Tier-B reserve (active),Dexoc,dexoc.com,"Ahmedabad, India",35,rank 1664,,,
Tier-B reserve (active),Analytix Solutions,analytixit.com,"Ahmedabad, India",35,rank 1680,,,
Tier-B reserve (active),NCoreSoft,ncoresoft.com,"Ahmedabad, India",35,rank 1686,,,
Tier-B reserve (active),Invennico Technolabs Pvt Ltd,invennico.com,"Vadodara, India",35,rank 1690,,,
Tier-B reserve (active),VPN Infotech,vpninfotech.com,"Surat, India",35,rank 1693,,,
Tier-B reserve (active),Saturncube Technologies,saturncube.com,"Ahmedabad, India",35,rank 1694,,,
Tier-B reserve (active),SINON TECH PVT LTD,sinontechs.com,"Ahmedabad, India",35,rank 1700,,,
Tier-B reserve (active),Stersoft Solutions Pvt Ltd,stersoftsolutions.com,"Vadodara, India",35,rank 1701,,,
Tier-B reserve (active),Ghanshyam Digital LLP,ghanshyamdigital.com,"Surat, India",35,rank 1702,,,
Tier-B reserve (active),Plexoc Solutions Pvt. Ltd.,plexoc.com,"Ahmedabad, India",35,rank 1705,,,
Tier-B reserve (active),Treta Infotech,tretainfotech.com,"Surat, India",35,rank 1706,,,
Tier-B reserve (active),Opash Software,opashsoftware.com,"Surat, India",35,rank 1707,,,
Tier-B reserve (active),AppTrait Solutions,apptraitsolutions.com,"Ahmedabad, India",35,rank 1718,,,
Tier-B reserve (active),Eliteware Solutions,elitewaresolutions.com,"Vadodara, India",35,rank 1732,,,
Tier-B reserve (active),WOLFSOFT Pvt. Ltd.,wolfsoft.in,"Vadodara, India",35,rank 1746,,,
Tier-B reserve (active),BlueBit Technologies,bluebittechnologies.com,"Surat, India",35,rank 1752,,,
Tier-B reserve (active),Jeenweb Technologists,jeenweb.com,"Vadodara, India",35,rank 1758,,,
Tier-B reserve (active),CrestInfotech,crestinfotech.com,"Ahmedabad, India",35,rank 1764,,,
Tier-B reserve (active),Pyther Innovations Private Limited,pyther.com,"Ahmedabad, India",35,rank 1796,,,
Tier-B reserve (active),Proses Web Technologies,prosesindia.com,"Vadodara, India",35,rank 1797,,,
Tier-B reserve (active),Appliquer Technologies,appliquertech.com,"Ahmedabad, India",35,rank 1853,,,
Tier-B reserve (active),Zeitech Solutions Pvt Ltd,zeitech.in,"Ahmedabad, India",35,rank 1856,,,
Tier-B reserve (active),Sky Info Solutions,skyinfosolutions.com,"Ahmedabad, India",35,rank 1862,,,
Tier-B reserve (active),Pixer Digital,pixer.io,"Ahmedabad, India",35,rank 1874,,,
Tier-B reserve (active),Ingress IT Solutions,ingressit.com,"Ahmedabad, India",35,rank 1877,,,
Tier-B reserve (active),Universal Technolabs,universaltechnolabs.com,"Ahmedabad, India",35,rank 1878,,,
Tier-B reserve (active),Novumlogic Technologies Pvt Ltd,novumlogic.com,"Vadodara, India",35,rank 1899,,,
Tier-B reserve (active),Braincrew Apps,braincrewapps.com,"Ahmedabad, India",35,rank 1913,,,
Tier-B reserve (active),Eyelash Technologies,eyelashtechnologies.com,"Vadodara, India",35,rank 1917,,,
Tier-B reserve (active),Freshcodes Technology,freshcodes.in,"Surat, India",35,rank 1922,,,
Tier-B reserve (active),Popway Software Pvt Ltd,popway.in,"Surat, India",35,rank 1925,,,
Tier-B reserve (active),Aelius Venture,aeliusventure.com,"Ahmedabad, India",35,rank 1936,,,
Tier-B reserve (active),GenX Solutions,genxinfosolutions.com,"Ahmedabad, India",35,rank 1947,,,
Tier-B reserve (active),Qrious Tech,qrioustech.com,"Ahmedabad, India",35,rank 1952,,,
Tier-B reserve (active),Shilp IT Solutions,shilpitsolutions.com,"Ahmedabad, India",35,rank 1953,,,
Tier-B reserve (active),Settings Infotech,settingsinfotech.com,"Surat, India",35,rank 1954,,,
Tier-B reserve (active),ADVETFLY SOLUTIONS LLP,advetfly.com,"Surat, India",35,rank 2041,,,
Tier-B reserve (active),Maven Infosoft,maven-infosoft.com,"Ahmedabad, India",35,rank 2045,,,
Tier-B reserve (active),integrityinfoway,intigrity.com,"Vadodara, India",35,rank 2056,,,
Tier-B reserve (active),Siya Infotech Solution,siyainfo.com,"Ahmedabad, India",35,rank 2061,,,
Tier-B reserve (active),Spontaneous Enterprise OPC Pvt Ltd,spontaneousenterprise.com,"Ahmedabad, India",35,rank 2077,,,
Tier-B reserve (active),WanBuffer Services,wanbuffer.com,"Ahmedabad, India",35,rank 2080,,,
Tier-B reserve (active),MatrixHive Technologies Pvt. Ltd.,matrixhive.com,"Ahmedabad, India",35,rank 2081,,,
Tier-B reserve (active),Nxinfoway,nxinfoway.com,"Ahmedabad, India",35,rank 2086,,,
Tier-B reserve (active),Hyperhex Technology,hyperhextechnology.com,"Ahmedabad, India",32,rank 2116,,,
Tier-B reserve (active),Web30India,web30india.com,"Ahmedabad, India",32,rank 2128,,,
Tier-B reserve (active),Caxsol Tech,caxsol.com,"Ahmedabad, India",32,rank 2129,,,
Tier-B reserve (active),IGNEK,ignek.com,"Ahmedabad, India",32,rank 2134,,,
Tier-B reserve (active),Elitech Systems Pvt. Ltd.,elitechsystems.com,"Ahmedabad, India",32,rank 2136,,,
Tier-B reserve (active),JSP Infotech,jspinfotech.com,"Surat, India",30,rank 2143,,,
Tier-B reserve (active),Matiyas Solutions,matiyas.com,"Ahmedabad, India",30,rank 2146,,,
Tier-B reserve (active),ICUBE TECHNOLABS,icubetechnolabs.com,"Ahmedabad, India",30,rank 2152,,,
Tier-B reserve (active),Tatvamasi Labs,tatvamasilabs.com,"Surat, India",30,rank 2153,,,
Tier-B reserve (active),Raulji Technologies,rauljitechnologies.com,"Vadodara, India",30,rank 2160,,,
Tier-B reserve (active),Tanθ Software Studio,tanthetaa.com,"Surat, India",30,rank 2165,,,
Tier-B reserve (active),TST Technology,tsttechnology.io,"Ahmedabad, India",30,rank 2170,,,
Tier-B reserve (active),Geminate Solutions Private Limited,geminatesolutions.com,"Surat, India",30,rank 2174,,,
Tier-B reserve (active),SourcePro Infotech Pvt. Ltd.,sourcepro.co.in,"Ahmedabad, India",30,rank 2179,,,
Tier-B reserve (active),JBcodeapp,jbcodeapp.com,"Surat, India",30,rank 2185,,,
Tier-B reserve (active),Techitree Technologies,techitree.com,"Ahmedabad, India",30,rank 2189,,,
Tier-B reserve (active),EonixTech Solutions,eonixinfotech.com,"Ahmedabad, India",30,rank 2191,,,
Tier-B reserve (active),Diffiter,diffiter.com,"Ahmedabad, India",30,rank 2197,,,
Tier-B reserve (active),Pranshtech Solutions,pranshtech.com,"Ahmedabad, India",30,rank 2200,,,
Tier-B reserve (active),Meru Technosoft Private Limited,merufintech.com,Ahmedabad,30,rank 2209,,,
Tier-B reserve (active),MareLab Services,marelab.in,"Surat, India",30,rank 2217,,,
Tier-B reserve (active),Softsource Technolabs,softsourcetech.com,"Ahmedabad, India",27,rank 2223,,,
Tier-B reserve (active),Octos Global Solutions,octosglobal.com,"Ahmedabad, India",27,rank 2224,,,
Tier-B reserve (active),Techerudite,techerudite.com,"Ahmedabad, India",27,rank 2228,,,
Tier-B reserve (active),Infovium web scraping services,infoviumwebscraping.com,"Ahmedabad, India",27,rank 2238,,,
Tier-B reserve (active),Panth Softech,panthsoftech.com,"Ahmedabad, India",27,rank 2242,,,
Tier-B reserve (active),Autotroph Infotech,autotrophit.com,"Surat, India",25,rank 2251,,,
Tier-B reserve (active),E2logy Software Solutions Pvt. Ltd.,e2logy.com,"Ahmedabad, India",25,rank 2255,,,
Tier-B reserve (active),Braincuber Technologies,braincuber.com,"Surat, India",25,rank 2265,,,
Tier-B reserve (active),Ionic Solutions,ionicsolutions.in,"Surat, India",25,rank 2273,,,
Tier-B reserve (active),Aim2Door Solutions Pvt. Ltd.,aim2door.com,"Ahmedabad, India",25,rank 2274,,,
Tier-B reserve (active),Beyondsy Solutions LLP,beyondsysolutions.com,"Ahmedabad, India",25,rank 2278,,,
Tier-B reserve (active),Redkite Network LLP,redkitenetwork.net,"Ahmedabad, India",25,rank 2284,,,
Tier-B reserve (active),Craxus Software Solutions Pvt. Ltd.,craxus.com,"Surat, India",25,rank 2286,,,
Tier-B reserve (active),Ciphernutz IT Services,ciphernutz.com,"Surat, India",25,rank 2303,,,
Tier-B reserve (active),Multiminds Technology,multimindstech.com,"Ahmedabad, India",25,rank 2306,,,
Tier-B reserve (active),Idea2Code Infotech LLP,idea2codeinfotech.com,"Surat, India",25,rank 2308,,,
Tier-B reserve (active),Skyllect Private Limited,skyllect.com,"Surat, India",25,rank 2316,,,
Tier-B reserve (active),Semicolon Solution,semicolonsolution.com,"Surat, India",25,rank 2318,,,
Tier-B reserve (active),Delemont Studio,delemontstudio.com,"Surat, India",25,rank 2321,,,
Tier-B reserve (active),Stackholic Infotech,stackholic.com,"Surat, India",25,rank 2334,,,
Tier-B reserve (active),Sheerbit Technologies,sheerbit.com,"Ahmedabad, India",25,rank 2349,,,
Tier-B reserve (active),GrowIdeas Innovations,growideasinnovations.com,"Ahmedabad, India",25,rank 2351,,,
Tier-B reserve (active),Tenzed Tech LLP,tenzed.com,"Surat, India",25,rank 2365,,,
Tier-B reserve (active),Pandit Deendayal Energy University,pdeu.ac.in,Gandhinagar,25,rank 2367,,,
Tier-B reserve (active),Aubergine Solutions Private Limited,auberginesolutions.com,Ahmedabad,25,rank 2387,,,
Tier-B reserve (active),AmCodr IT Solutions Pvt. Ltd.,amcodr.com,"Ahmedabad, India",25,rank 2402,,,
Tier-B reserve (active),FiibixTech Solutions,fiibix.com,"Ahmedabad, India",25,rank 2403,,,
Tier-B reserve (active),Infigrid Solutions,infigridsolutions.com,"Ahmedabad, India",25,rank 2404,,,
Tier-B reserve (active),iTechCloud Solution,itechcloudsolution.com,"Surat, India",25,rank 2418,,,
Tier-B reserve (active),Aviasole Technologies,aviasole.com,"Vadodara, India",25,rank 2420,,,
Tier-B reserve (active),Artik Infotech,artikinfotech.com,"Surat, India",25,rank 2422,,,
Tier-B reserve (active),Flexion Infotech Pvt Ltd,flexioninfotech.com,"Surat, India",25,rank 2435,,,
Tier-B reserve (active),Rennova IT Solutions,rennovaitsolutions.com,"Ahmedabad, India",25,rank 2436,,,
Tier-B reserve (active),Digitruction,digitruction.com,"Surat, India",25,rank 2437,,,
Tier-B reserve (active),Interaction Labs,interactionlabs.net,"Ahmedabad, India",25,rank 2440,,,
Tier-B reserve (active),DevKrutiTech,devkrutitech.com,"Vadodara, India",25,rank 2441,,,
Tier-B reserve (active),FrontbIT Solutions,frontbitsolutions.com,"Surat, India",25,rank 2443,,,
Tier-B reserve (active),Maruti InfoSoft,marutiinfosoft.com,"Surat, India",25,rank 2446,,,
Tier-B reserve (active),StackNyu,stacknyu.com,"Vadodara, India",25,rank 2448,,,
Tier-B reserve (active),Kryoverse Innovations,kryoverse.com,"Surat, India",25,rank 2469,,,
Tier-B reserve (active),Alkmen Infotech,alkmeninfotech.in,"Surat, India",25,rank 2474,,,
Tier-B reserve (active),Acquisy Solutions Private Limited,acquisysolutions.com,Ahmedabad,25,rank 2488,,,
Tier-B reserve (active),BitGreen Technolabz (OPC) Private Limited,bitgreentechnolabz.com,Gandhinagar,25,rank 2495,,,
Tier-B reserve (active),Atlas Primary India Private Limited,atlasprimary.io,Ahmedabad,25,rank 2500,,,
Tier-B reserve (active),Gurully Technologies LLP,gurully.com,"Ahmedabad, India",25,rank 2519,,,
Tier-B reserve (active),Tripearltech Private Limited,tripearltech.com,"Ahmedabad, India",25,rank 2527,,,
Tier-B reserve (active),Stockfish Technology,stockfish.app,"Ahmedabad, India",25,rank 2535,,,
Tier-B reserve (active),Artrue Infotech,artrueinfotech.com,"Surat, India",25,rank 2536,,,
Tier-B reserve (active),Helmsman Consultancy,helmsman.in,"Ahmedabad, India",25,rank 2541,,,
Tier-B reserve (active),Concept System Solutions,consyssol.com,"Vadodara, India",25,rank 2545,,,
Tier-B reserve (active),Regal Streaming Solution,regalstreamingsolutions.com,"Ahmedabad, India",25,rank 2552,,,
Tier-B reserve (active),kukami technology,kukamitechnology.com,"Surat, India",25,rank 2555,,,
Tier-B reserve (active),Xillentech,xillentech.com,"Ahmedabad, India",25,rank 2556,,,
Tier-B reserve (active),RealWay Aura,realwayaura.com,"Ahmedabad, India",25,rank 2560,,,
Tier-B reserve (active),KM Soft,thekmsoft.com,"Surat, India",25,rank 2563,,,
Tier-B reserve (active),Bitsshadow LLP,bitsshadow.com,"Surat, India",22,rank 2573,,,
Tier-B reserve (active),ThiriSoft Consultancy Services,thirisoft.com,Ahmedabad,22,rank 2575,,,
Tier-B reserve (active),EliteEvince Technologies,eliteevince.com,"Ahmedabad, India",22,rank 2604,,,
Tier-B reserve (active),Profusion Systems,profusionsystems.com,"Ahmedabad, India",22,rank 2608,,,
Tier-B reserve (active),BitCoding Solutions Pvt Ltd,bitcodingsolutions.com,"Surat, India",22,rank 2622,,,
Tier-B reserve (active),Bizople Solutions Pvt. Ltd.,bizople.com,"Ahmedabad, India",22,rank 2625,,,
Tier-B reserve (active),Genextwebs Technologies,genextwebs.com,"Surat, India",22,rank 2627,,,
Tier-B reserve (active),Kintu Designs Pvt. Ltd.,kintudesigns.com,"Surat, India",22,rank 2638,,,
Tier-B reserve (active),ivinfotech,ivinfotech.in,"Ahmedabad, India",22,rank 2701,,,
Tier-B reserve (active),Slash Software,slash.software,"Vadodara, India",22,rank 2742,,,
Tier-B reserve (active),ITS Data-Solutions Pvt Ltd,itsahmedabad.com,"Ahmedabad, India",22,rank 2750,,,
Tier-B reserve (active),Pruthatech Technologies,pruthatech.com,"Ahmedabad, India",22,rank 2751,,,
Tier-B reserve (active),twoiq LLP,twoiq.com,"Ahmedabad, India",22,rank 2763,,,
Tier-B reserve (active),Uniqtech Solutions,uniqtechsolutions.com,"Vadodara, India",22,rank 2765,,,
Tier-B reserve (active),JSbot,jsbot.io,"Surat, India",20,rank 2787,,,
Tier-B reserve (active),Black Kite Technologies,blackkitetechnologies.com,"Ahmedabad, India",17,rank 2793,,,
Tier-B reserve (active),Codeflash Infotech,codeflashinfotech.com,"Ahmedabad, India",17,rank 2796,,,
Tier-B reserve (active),Hupp Technologies Pvt. Ltd.,hupp.tech,"Ahmedabad, India",15,rank 2817,,,
Tier-B reserve (active),TechRover Solutions,techrover.us,"Ahmedabad, India",15,rank 2821,,,
Tier-B reserve (active),WebservX,webservx.com,"Ahmedabad, India",12,rank 2851,,,
Tier-B reserve (active),DIGISCULPT TECHNOLOGIES PVT. LTD,digisculpt.in,"Vadodara, India",12,rank 2867,,,
Tier-B reserve (active),TechStaunch,techstaunch.com,"Surat, India",12,rank 2871,,,
Tier-B reserve (active),Mig Arch,migarch.in,"Vadodara, India",12,rank 2928,,,
Tier-B reserve (active),Tecblic,tecblic.com,"Ahmedabad, India",12,rank 2933,,,
Tier-B reserve (active),BrainStream Technolabs Private Limited,brainstream.tech,"Ahmedabad, India",12,rank 2935,,,
Tier-B reserve (active),Xelentor Technologies,xelentor.com,"Ahmedabad, India",12,rank 2936,,,
Tier-B reserve (active),Infostork Technolabs,infostork.com,"Ahmedabad, India",12,rank 2942,,,
Tier-B reserve (active),BeBetterr Technologies,bebetterr.com,"Ahmedabad, India",12,rank 2946,,,
Tier-B reserve (active),Unizoy,unizoy.com,"Surat, India",12,rank 2951,,,
Tier-B reserve (active),ELITIST SOFTWARE SOLUTIONS LLP,3elitist.com,"Surat, India",12,rank 2955,,,
Tier-B reserve (active),MunchTechnoZ,munchtechnoz.com,"Ahmedabad, India",12,rank 2957,,,
Tier-B reserve (active),Vedx Solutions Pvt ltd,vedxsolution.com,"Vadodara, India",10,rank 2960,,,
Tier-B reserve (active),Adani GCC Private Limited,adani.com,Ahmedabad,10,rank 2962,,,
Tier-B reserve (active),Dezdok,dezdok.com,"Ahmedabad, India",10,rank 2971,,,
Tier-B reserve (active),Digiflux Technologies Private Limited,digiflux.io,"Vadodara, India",10,rank 2978,,,
Tier-B reserve (active),Techventrix,techventrix.com,"Surat, India",5,rank 2990,,,
Tier-B reserve (active),Mewurk Technologies Private Limited,mewurk.com,"Ahmedabad, India",5,rank 2991,,,
Tier-B reserve (active),Aascent InfoSolutions,aascentinfo.solutions,"Ahmedabad, India",5,rank 3002,,,
Tier-B reserve (active),BLACKBUGS TECHNOLOGIES LLP,blackbugs.in,"Surat, India",5,rank 3004,,,
Tier-B reserve (active),kash info solutions pvt Ltd.,kashinfosolutions.com,"Surat, India",5,rank 3006,,,
Tier-B reserve (active),Modern Ballistic Solutions Private Limited,mbsglobal.io,Ahmedabad,5,rank 3047,,,
Tier-B reserve (active),Appmena,appmena.digital,"Ahmedabad, India",5,rank 3052,,,
Tier-B reserve (active),SNB Innovations,snbinnovations.io,"Ahmedabad, India",0,rank 3069,,,
Tier-B reserve (active),eDelta Technologies,edeltacorp.com,"Surat, India",0,rank 3070,,,
Tier-B reserve (active),OpuloTech,opulotech.com,"Surat, India",0,rank 3072,,,
Tier-B reserve (active),Prognos Labs,prognoslabs.ai,"Ahmedabad, India",0,rank 3076,,,
Tier-B reserve (active),Nexotips Infotech,nexotips.com.au,"Surat, India",0,rank 3078,,,
Tier-B reserve (active),Tech Kodainya,techkodainya.com,"Ahmedabad, India",0,rank 3088,,,
Tier-B reserve (active),CODER DEVISE,coderdevise.com,"Surat, India",0,rank 3089,,,
Whale (excluded per standing instruction),Vatsal Technosoft,vatsaltechnosoft.com,"Ahmedabad, India",100,rank 1,,,
Whale (excluded per standing instruction),Ascendum Solutions,ascendum.com,"Ahmedabad, India",65,rank 13,,,
Whale (excluded per standing instruction),La Net Team Software Solution,lanetteam.com,"Surat, India",65,rank 17,,,
Whale (excluded per standing instruction),MindInventory,mindinventory.com,"Ahmedabad, India",65,rank 19,,,
Whale (excluded per standing instruction),IndiaNIC,indianic.com,"Ahmedabad, India",55,rank 28,,,
REJECTED — not actionable,Vrinsoft Technology,vrinsofts.com,"Ahmedabad, India",,,,,
REJECTED — not actionable,SPEC INDIA,spec-india.com,"Ahmedabad, India",,,,,
REJECTED — not actionable,Hidden Brains InfoTech,hiddenbrains.com,"Ahmedabad, India",,,,,
REJECTED — not actionable,The One Technologies,theonetechnologies.com,"Ahmedabad, India",,,,,
REJECTED — not actionable,Brilworks Software,brilworks.com,"Ahmedabad, India",,,,,
REJECTED — not actionable,Maruti Techlabs,goo.gl,"Ahmedabad, India",,,,,
REJECTED — not actionable,Simform,simform.com,"Ahmedabad, India",,,,,
REJECTED — not actionable,Shaligram Infotech,shaligraminfotech.com,"Ahmedabad, India",,,,,
REJECTED — not actionable,CMARIX,cmarix.com,"Ahmedabad, India",,,,,
REJECTED — not actionable,Fusion Informatics Limited,fusioninformatics.com,"Ahmedabad, India",,,,,
REJECTED — not actionable,Bytes Technolab Inc.,bytestechnolab.com,"Ahmedabad, India",,,,,
REJECTED — not actionable,Technostacks,technostacks.com,"Ahmedabad, India",,,,,
REJECTED — not actionable,Technource,technource.com,"Ahmedabad, India",,,,,
REJECTED — not actionable,AIS Pvt Ltd,ainfosolutions.com,"Ahmedabad, India",,,,,
REJECTED — not actionable,Addon Solutions Pvt Ltd.,addonsolutions.com,"Ahmedabad, India",,,,,
REJECTED — not actionable,Browseinfo,browseinfo.com,"Ahmedabad, India",,,,,
REJECTED — not actionable,Cybernative Technologies Pvt. Ltd.,cybernativetech.com,"Ahmedabad, India",,,,,
REJECTED — not actionable,Aglowid It Solutions,aglowiditsolutions.com,"Ahmedabad, India",,,,,
REJECTED — not actionable,Biztech Consulting & Solutions,biztechcs.com,"Ahmedabad, India",,,,,
REJECTED — not actionable,9series Inc,9series.com,"Ahmedabad, India",,,,,
REJECTED — not actionable,Aktiv Software,aktivsoftware.com,"Ahmedabad, India",,,,,
REJECTED — not actionable,Moon Technolabs Pvt Ltd,moontechnolabs.com,"Ahmedabad, India",,,,,
REJECTED — not actionable,Arvaan Technolab,arvaantechnolab.com,"Ahmedabad, India",,,,,
REJECTED — not actionable,Dash Technologies,dashtechinc.com,"Ahmedabad, India",,,,,
REJECTED — not actionable,Ace Infoway,aceinfoway.com,"Ahmedabad, India",,,,,
REJECTED — not actionable,Commerce Pundit,commercepundit.com,"Ahmedabad, India",,,,,
REJECTED — not actionable,Aavatto,aavatto.com,"Ahmedabad, India",,,,,
REJECTED — not actionable,Bacancy Technology,bacancytechnology.com,"Ahmedabad, India",,,,,
REJECTED — not actionable,Brainerhub,brainerhub.com,"Ahmedabad, India",,,,,
REJECTED — not actionable,Codezeros,codezeros.com,"Ahmedabad, India",,,,,
REJECTED — not actionable,Codal,codal.com,"Ahmedabad, India",,,,,
REJECTED — not actionable,Tridhya Tech Ltd,tridhyatech.com,"Ahmedabad, India",,,,,
REJECTED — not actionable,Alliedge Technologies Pvt Ltd,alliedge.in,"Ahmedabad, India",,,,,
REJECTED — not actionable,Appsvolt,appsvolt.com,"Ahmedabad, India",,,,,
REJECTED — not actionable,eBizTrait Technolabs Pvt Ltd,ebiztrait.com,"Ahmedabad, India",,,,,
REJECTED — not actionable,Ecosmob Technologies Pvt. Ltd.,ecosmob.com,"Ahmedabad, India",,,,,
REJECTED — not actionable,fxis.ai,fxis.ai,"Ahmedabad, India",,,,,
REJECTED — not actionable,smartSense Consulting Solutions Pvt. Ltd.,smartsensesolutions.com,"Ahmedabad, India",,,,,
REJECTED — not actionable,Briskstar Technologies,briskstar.com,"Ahmedabad, India",,,,,
REJECTED — not actionable,Techify Solutions Pvt Ltd,techifysolutions.com,"Ahmedabad, India",,,,,
REJECTED — not actionable,7Span,7span.com,"Ahmedabad, India",,,,,
REJECTED — not actionable,Accusol,accusol.com,"Ahmedabad, India",,,,,
REJECTED — not actionable,eQuest Solutions,equestsolutions.net,"Ahmedabad, India",,,,,
REJECTED — not actionable,Gujarat Infotech Limited,gujaratinfotech.com,"Ahmedabad, India",,,,,
REJECTED — not actionable,NexusLink Services India Pvt Ltd,nexuslinkservices.com,"Ahmedabad, India",,,,,
REJECTED — not actionable,Orange Technolab Pvt Ltd,orangetechnolab.net,"Ahmedabad, India",,,,,
REJECTED — not actionable,Blobstation,blobstation.com,"Ahmedabad, India",,,,,
REJECTED — not actionable,Logic Wind,logicwind.com,"Ahmedabad, India",,,,,
REJECTED — not actionable,AirOxa Innovative Solutions,airoxa.in,"Ahmedabad, India",,,,,
REJECTED — not actionable,Ecleva Pvt Ltd,ecleva.com,"Ahmedabad, India",,,,,
REJECTED — not actionable,AgileCube Technologies,agilecube.com,"Ahmedabad, India",,,,,
REJECTED — not actionable,Codzgarage Infotech,codzgarage.com,"Ahmedabad, India",,,,,
REJECTED — not actionable,Communication Crafts,communicationcrafts.com,"Ahmedabad, India",,,,,
REJECTED — not actionable,Mangalam Infotech,mangalaminfotech.com,"Ahmedabad, India",,,,,
REJECTED — not actionable,Perigeon Software,perigeon.com,"Ahmedabad, India",,,,,
REJECTED — not actionable,Atharva System,atharvasystem.com,"Ahmedabad, India",,,,,
REJECTED — not actionable,DataCrops Software Pvt. Ltd.,datacrops.com,"Ahmedabad, India",,,,,
REJECTED — not actionable,Notionmind,notionmind.com,"Ahmedabad, India",,,,,
REJECTED — not actionable,Narola Infotech,narolainfotech.com,"Surat, India",,,,,
REJECTED — not actionable,Differenz System,differenzsystem.com,"Surat, India",,,,,
REJECTED — not actionable,Adsum Originator LLP,adsumoriginator.com,"Surat, India",,,,,
REJECTED — not actionable,Foogle Tech Software,foogletech.com,"Surat, India",,,,,
REJECTED — not actionable,Arham Web Works,arhamwebworks.com,"Surat, India",,,,,
REJECTED — not actionable,EnactOn Technologies Private Limited,enacton.com,"Surat, India",,,,,
REJECTED — not actionable,CREST Infosystems Pvt Ltd,crestinfosystems.com,"Surat, India",,,,,
REJECTED — not actionable,DI Solutions,disolutions.net,"Surat, India",,,,,
REJECTED — not actionable,Vision Infotech,visioninfotech.net,"Surat, India",,,,,
REJECTED — not actionable,Dignizant Technologies LLP,dignizant.com,"Surat, India",,,,,
REJECTED — not actionable,3ELIXIR SOLUTIONS,3elixir.com,"Surat, India",,,,,
REJECTED — not actionable,Vasundhara Infotech,vasundhara.io,"Surat, India",,,,,
REJECTED — not actionable,Bigscal Technologies Pvt Ltd,bigscal.com,"Surat, India",,,,,
REJECTED — not actionable,Artoon Solutions,artoonsolutions.com,"Surat, India",,,,,
REJECTED — not actionable,Rishabh Software,rishabhsoft.com,"Vadodara, India",,,,,
REJECTED — not actionable,Arth Technology,arthtechnology.com,"Vadodara, India",,,,,
REJECTED — not actionable,Dreams Design,dreamsdesign.in,"Vadodara, India",,,,,
REJECTED — not actionable,Ample Websol,amplewebsol.com,"Vadodara, India",,,,,
REJECTED — not actionable,Zylitix Solutions LLP,zylitix.ai,Ahmedabad,,,,,
REJECTED — not actionable,Synconics Technologies Private Limited,synconics.com,Ahmedabad,,,,,
REJECTED — not actionable,Inferenz Tech Private Limited,inferenz.ai,Ahmedabad,,,,,
REJECTED — not actionable,Capermint Technologies Private Limited,capermint.com,Ahmedabad,,,,,
REJECTED — not actionable,Cygnet Infotech Pvt Ltd,cygnet-infotech.com,Ahmedabad,,,,,
REJECTED — not actionable,Bankai Infotech Limited,bankaiinfotech.com,Ahmedabad,,,,,
REJECTED — not actionable,Netweb Software Pvt Ltd,netweb.biz,Vadodara,,,,,
REJECTED — not actionable,Dev Information Technology Limited,devitpl.com,Ahmedabad,,,,,
REJECTED — not actionable,Orange Technolab Pvt Ltd,orangewebtech.com,Ahmedabad,,,,,
REJECTED — not actionable,Rysun Labs Private Limited,rysun.com,Ahmedabad,,,,,
REJECTED — not actionable,Synoverge Technologies Private Limited,synoverge.com,Ahmedabad,,,,,
REJECTED — not actionable,Plutomen Technologies Private Limited,pluto-men.com,Ahmedabad,,,,,
REJECTED — not actionable,Divwy Technologies,divwytechnologies.com,"Ahmedabad, India",,,,,
REJECTED — not actionable,ShoutnHike,shoutnhike.com,"Ahmedabad, India",,,,,
REJECTED — not actionable,Enstacked Technologies,enstacked.com,"Ahmedabad, India",,,,,
REJECTED — not actionable,BRTECHNOSOFT,brtechnosoft.com,"Ahmedabad, India",,,,,
REJECTED — not actionable,WIT Solution,witsolution.in,"Ahmedabad, India",,,,,
REJECTED — not actionable,Bonoboz,bonoboz.in,"Ahmedabad, India",,,,,
REJECTED — not actionable,SPACE STEM,spacestem.com,"Ahmedabad, India",,,,,
REJECTED — not actionable,Gandhi Technoweb Solutions,gandhitechnoweb.com,"Ahmedabad, India",,,,,
REJECTED — not actionable,GLOBAL WEB GURU DIGITAL SERVICES PVT. LTD.,globalwebguru.com,"Ahmedabad, India",,,,,
REJECTED — not actionable,Infiniqe Marketing,infiniqemarketing.com,"Surat, India",,,,,
REJECTED — not actionable,BrandCoreInsight,brandcoreinsight.com,"Vadodara, India",,,,,
REJECTED — not actionable,CodingRippler Tech Private Ltd,codingrippler.com,"Ahmedabad, India",,,,,
REJECTED — not actionable,Krishiva Tech,krishivatech.com,"Ahmedabad, India",,,,,
REJECTED — not actionable,DataByteWorks,databyteworks.com,"Ahmedabad, India",,,,,
REJECTED — not actionable,Appeak Technologies LLP,appeaktech.com,"Ahmedabad, India",,,,,
REJECTED — not actionable,Advik Infotech,advikinfotech.com,"Ahmedabad, India",,,,,
REJECTED — not actionable,Regur Technology Solutions,regur.net,"Ahmedabad, India",,,,,
REJECTED — not actionable,Advance Idea Modules,aimtechnolabs.com,"Ahmedabad, India",,,,,
REJECTED — not actionable,Aim Infosoft,aiminfosoft.com,"Ahmedabad, India",,,,,
REJECTED — not actionable,Avantika Infotech,avantikainfotech.com,"Ahmedabad, India",,,,,
REJECTED — not actionable,Pixeltoworld,pixeltoworld.com,"Ahmedabad, India",,,,,
REJECTED — not actionable,Wellbenix,wellbenix.com,"Ahmedabad, India",,,,,
REJECTED — not actionable,MARKTEQ IT SOLUTIONS LLP,markteq.com,"Ahmedabad, India",,,,,
REJECTED — not actionable,TheFinch Design,thefinch.design,"Ahmedabad, India",,,,,
REJECTED — not actionable,Prionix Technologies,prionix.io,"Ahmedabad, India",,,,,
REJECTED — not actionable,Teclogiq,teclogiq.com,"Ahmedabad, India",,,,,
REJECTED — not actionable,LushBinary,lushbinary.com,"Ahmedabad, India",,,,,
REJECTED — not actionable,Joom Consultant,joomconsultant.com,"Ahmedabad, India",,,,,
REJECTED — not actionable,Capital Compute,capitalcompute.com,"Ahmedabad, India",,,,,
REJECTED — not actionable,Projectcode Dev,projectcode.dev,"Ahmedabad, India",,,,,
REJECTED — not actionable,Paymax Solutions,paymaxsolution.in,"Ahmedabad, India",,,,,
REJECTED — not actionable,MealPe,mealpe.app,"Ahmedabad, India",,,,,
REJECTED — not actionable,ERPDrive,erpdrive.in,"Ahmedabad, India",,,,,
REJECTED — not actionable,Scraplytics,scraplytics.com,"Ahmedabad, India",,,,,
REJECTED — not actionable,BRAHMA TECHNOLAB,brahmatechnolab.com,"Ahmedabad, India",,,,,
REJECTED — not actionable,OceanMNC,oceanmnc.com,"Ahmedabad, India",,,,,
REJECTED — not actionable,Techcrista Technologies LLP,techcrista.in,"Ahmedabad, India",,,,,
REJECTED — not actionable,Zestra Technologies,zestratech.com,"Ahmedabad, India",,,,,
REJECTED — not actionable,Sdreatech,sdreatech.com,"Ahmedabad, India",,,,,
REJECTED — not actionable,Future Expert,futureexpert.com,"Ahmedabad, India",,,,,
REJECTED — not actionable,LL Technolab Pvt. Ltd.,lltechnolab.com,"Ahmedabad, India",,,,,
REJECTED — not actionable,Dynamic Edge Creative,dynamicedgecreative.com,"Ahmedabad, India",,,,,
REJECTED — not actionable,Discipline Infotech,disciplineinfotech.com,"Ahmedabad, India",,,,,
REJECTED — not actionable,SprintCube,sprintcube.com,"Ahmedabad, India",,,,,
REJECTED — not actionable,Laxbyte Coders Pvt Ltd,laxbytecoders.com,"Ahmedabad, India",,,,,
REJECTED — not actionable,Techy Pharma LLP,techypharma.com,"Ahmedabad, India",,,,,
REJECTED — not actionable,Evyasys Software Solutions,evyasys.com,"Ahmedabad, India",,,,,
REJECTED — not actionable,Airson Software,airsonsoft.com,"Ahmedabad, India",,,,,
REJECTED — not actionable,Mysticore Infotech Private Limited,mysticore.in,"Ahmedabad, India",,,,,
REJECTED — not actionable,Vibrat SEO,vibratseo.in,"Ahmedabad, India",,,,,
REJECTED — not actionable,The Coding Buddha,thecodingbuddha.com,"Ahmedabad, India",,,,,
REJECTED — not actionable,BS Innovate,bsinnovate.com,"Ahmedabad, India",,,,,
REJECTED — not actionable,Technoligent,technoligent.com,"Ahmedabad, India",,,,,
REJECTED — not actionable,IT HUB TECHNOLOGY PRIVATE LIMITED,ithubtech.com,"Ahmedabad, India",,,,,
REJECTED — not actionable,T7 HEALTHTECH PRIVATE LIMITED,t7healthtech.com,"Ahmedabad, India",,,,,
REJECTED — not actionable,Synchronized Codelab,synchronizedcodelab.com,"Ahmedabad, India",,,,,
REJECTED — not actionable,Smartway Technoway Pvt. Ltd.,smartwaytechnoway.com,"Ahmedabad, India",,,,,
REJECTED — not actionable,Hire GoHighLevel Developer,hiregohighleveldeveloper.com,"Ahmedabad, India",,,,,
REJECTED — not actionable,Cubeon Technologies,cubeontechs.com,"Ahmedabad, India",,,,,
REJECTED — not actionable,Fabninjas,fabninjas.com,"Ahmedabad, India",,,,,
REJECTED — not actionable,Fusion Softtech,fusionsofttech.co.in,"Ahmedabad, India",,,,,
REJECTED — not actionable,Premexo Tech,premexo.com,"Ahmedabad, India",,,,,
REJECTED — not actionable,MageMinds United IT Solution PVT LTD,megamindsunited.com,"Ahmedabad, India",,,,,
REJECTED — not actionable,Finchcode Solutions LLP,finchcode.com,"Ahmedabad, India",,,,,
REJECTED — not actionable,BrainFeed Solutions,brainfeedsolutions.com,"Ahmedabad, India",,,,,
REJECTED — not actionable,Groot Technologies,groottechnologies.com,"Ahmedabad, India",,,,,
REJECTED — not actionable,Techmetix,techmetix.com,"Ahmedabad, India",,,,,
REJECTED — not actionable,Global Software,globalsoftwares.net,"Ahmedabad, India",,,,,
REJECTED — not actionable,MindstormSoft,mindstormsoft.com,"Ahmedabad, India",,,,,
REJECTED — not actionable,Traj Infotech Pvt. Ltd.,trajinfotech.com,"Ahmedabad, India",,,,,
REJECTED — not actionable,CodeTrenz Technologies,codetrenz.com,"Ahmedabad, India",,,,,
REJECTED — not actionable,Helios Digital Technology,heliosdigitaltechnology.com,"Ahmedabad, India",,,,,
REJECTED — not actionable,Sage Info Solutions,sageinfosolutions.com,"Ahmedabad, India",,,,,
REJECTED — not actionable,CodingBull Technovations Pvt Ltd,codingbullz.com,"Ahmedabad, India",,,,,
REJECTED — not actionable,Divtechnosoft,divtechnosoft.com,"Ahmedabad, India",,,,,
REJECTED — not actionable,Codelix IT Solutions Pvt Ltd,codelixitsolutions.com,"Ahmedabad, India",,,,,
REJECTED — not actionable,Volcor Software,volcorsoftware.com,"Ahmedabad, India",,,,,
REJECTED — not actionable,Devlyn,devlyn.ai,"Ahmedabad, India",,,,,
REJECTED — not actionable,Coder Scotch Technologies,coderscotch.com,"Ahmedabad, India",,,,,
REJECTED — not actionable,KNOW YOUR SOCIALS,knowyoursocials.com,"Ahmedabad, India",,,,,
REJECTED — not actionable,Violtech IT Solutions Private Limited,viol.tech,"Ahmedabad, India",,,,,
REJECTED — not actionable,Oktets Technologies,oktets.com,"Ahmedabad, India",,,,,
REJECTED — not actionable,ZSquare Tech India Pvt. Ltd,zsquaretechindia.com,"Ahmedabad, India",,,,,
REJECTED — not actionable,Dynex Technology Solutions,vercel.app,"Ahmedabad, India",,,,,
REJECTED — not actionable,Aarya Infosmart,aaryainfosmart.com,"Ahmedabad, India",,,,,
REJECTED — not actionable,Arroact Technologies,arroact.com,"Ahmedabad, India",,,,,
REJECTED — not actionable,Stellar Minds Forge,stellarmindsforge.com,"Ahmedabad, India",,,,,
REJECTED — not actionable,Caxtra,caxtra.com,"Ahmedabad, India",,,,,
REJECTED — not actionable,New Dynamics Technologies LLP,newdynamicstech.com,"Ahmedabad, India",,,,,
REJECTED — not actionable,SOHA LLC,thesohallc.com,"Ahmedabad, India",,,,,
REJECTED — not actionable,Cornflea Technologies Pvt. Ltd.,cornflea.com,"Ahmedabad, India",,,,,
REJECTED — not actionable,Exavel Technologies,exaveltech.com,"Ahmedabad, India",,,,,
REJECTED — not actionable,ZupeeSoft India,zupeesoft.com,"Ahmedabad, India",,,,,
REJECTED — not actionable,Loopera Technologies,loopera.tech,"Ahmedabad, India",,,,,
REJECTED — not actionable,VisionXGen,visionxgen.com,"Ahmedabad, India",,,,,
REJECTED — not actionable,Acqurio Tech,acquriotech.com,"Ahmedabad, India",,,,,
REJECTED — not actionable,visakix.ai,visakix.ai,"Ahmedabad, India",,,,,
REJECTED — not actionable,WizCodes,wizcodes.site,"Ahmedabad, India",,,,,
REJECTED — not actionable,PPInfotech Technologies,ppinfotech.com,"Ahmedabad, India",,,,,
REJECTED — not actionable,Rapid Softech,rapidsoftech.com,"Ahmedabad, India",,,,,
REJECTED — not actionable,Tech Storiez,techstoriez.com,"Ahmedabad, India",,,,,
REJECTED — not actionable,FeelTech Solutions,feeltechsolutions.com,"Ahmedabad, India",,,,,
REJECTED — not actionable,Codecano Technology,codecano.com,"Ahmedabad, India",,,,,
REJECTED — not actionable,Techrays Labs,techrayslabs.com,"Ahmedabad, India",,,,,
REJECTED — not actionable,Dspars Digital Lab,dspars.io,"Ahmedabad, India",,,,,
REJECTED — not actionable,Rorix Technologies Private Limited,rorixtech.com,"Ahmedabad, India",,,,,
REJECTED — not actionable,ABJ Experts,abjexperts.com,"Ahmedabad, India",,,,,
REJECTED — not actionable,VihaApps,vihaapps.com,"Ahmedabad, India",,,,,
REJECTED — not actionable,CodeDame Infotech,codedameinfotech.com,"Ahmedabad, India",,,,,
REJECTED — not actionable,B A C Web Development Services,officialbac.xyz,"Ahmedabad, India",,,,,
REJECTED — not actionable,Rocket19 Technologies,rocket19.com,"Ahmedabad, India",,,,,
REJECTED — not actionable,Cognimit Technologies LLP,cognimit.com,"Ahmedabad, India",,,,,
REJECTED — not actionable,Global Garner Consultancy services,ggconsultancy.services,"Ahmedabad, India",,,,,
REJECTED — not actionable,Wontech Technology Solutions,wontech.co.in,"Ahmedabad, India",,,,,
REJECTED — not actionable,Signalfoundry,signalfoundry.tech,"Ahmedabad, India",,,,,
REJECTED — not actionable,Evolz,evolz.co,"Ahmedabad, India",,,,,
REJECTED — not actionable,Tech Career IT Solutions LLP,techcareer.site,"Ahmedabad, India",,,,,
REJECTED — not actionable,Acinor Solutions Pvt. Ltd.,acinorsolutions.in,"Ahmedabad, India",,,,,
REJECTED — not actionable,Wisenetic,wisenetic.com,"Ahmedabad, India",,,,,
REJECTED — not actionable,NetFillip Technologies,netfillip.com,"Ahmedabad, India",,,,,
REJECTED — not actionable,InfoPixal,infopixal.com,"Ahmedabad, India",,,,,
REJECTED — not actionable,Ibeacon Application Development,ibeaconapplicationdevelopment.com,"Ahmedabad, India",,,,,
REJECTED — not actionable,Alvin Software,alvinsoftware.com,"Ahmedabad, India",,,,,
REJECTED — not actionable,VaST ITES,vastites.com,"Ahmedabad, India",,,,,
REJECTED — not actionable,Amkay Software solution,amkaysoftwaresolution.com,"Ahmedabad, India",,,,,
REJECTED — not actionable,Everon Lab,everonlab.in,"Surat, India",,,,,
REJECTED — not actionable,Softwera Innovation,softwerainnovation.com,"Surat, India",,,,,
REJECTED — not actionable,CodeInfluencer IT Solution LLP,codeinfluencer.com,"Surat, India",,,,,
REJECTED — not actionable,Rising Wings Creative Pvt Ltd,risingwings.in,"Surat, India",,,,,
REJECTED — not actionable,Balaji Infosol,balajiinfosol.com,"Surat, India",,,,,
REJECTED — not actionable,Fall Rise Infotech,fallrise.in,"Surat, India",,,,,
REJECTED — not actionable,Indent Technologies,indenttechnologies.com,"Surat, India",,,,,
REJECTED — not actionable,Akinven Pvt Ltd,akinven.com,"Surat, India",,,,,
REJECTED — not actionable,CodeChain Technologies,codechain.in,"Surat, India",,,,,
REJECTED — not actionable,Jenis Web Technologies,jenisweb.com,"Surat, India",,,,,
REJECTED — not actionable,SolvSutra Software,solvsutra.com,"Surat, India",,,,,
REJECTED — not actionable,Tech Innovators India,techinnovators.co.in,"Surat, India",,,,,
REJECTED — not actionable,DevFluence Services,devfluence.in,"Surat, India",,,,,
REJECTED — not actionable,Akriv Tech,akrivtech.com,"Surat, India",,,,,
REJECTED — not actionable,Magnyte Software,magnytesolution.com,"Surat, India",,,,,
REJECTED — not actionable,SparkScribe Technologies,sparkscribetech.com,"Surat, India",,,,,
REJECTED — not actionable,TeqnoDux,teqnodux.com,"Surat, India",,,,,
REJECTED — not actionable,Vecnosys,vecnosys.com,"Surat, India",,,,,
REJECTED — not actionable,Axoryte infosoft,axoryteinfosoft.com,"Surat, India",,,,,
REJECTED — not actionable,SarvaaX Solutions,sarvaax.com,"Surat, India",,,,,
REJECTED — not actionable,Sailwin Software,sailwinsoftware.com,"Surat, India",,,,,
REJECTED — not actionable,MD TECH Consultancy Services,mdtechcs.com,"Surat, India",,,,,
REJECTED — not actionable,IOTiva Innovation LLP,iotiva.in,"Surat, India",,,,,
REJECTED — not actionable,KP Global IT Solution,kpglobalbusiness.com,"Surat, India",,,,,
REJECTED — not actionable,Verloop Web,verloopweb.com,"Surat, India",,,,,
REJECTED — not actionable,Techno Brigade Infotech,technobrigadeinfotech.com,"Surat, India",,,,,
REJECTED — not actionable,highsense,highsense.in,"Surat, India",,,,,
REJECTED — not actionable,Windex Software Solution,windexsoft.com,"Surat, India",,,,,
REJECTED — not actionable,Blazon Infotech,blazoninfotech.com,"Surat, India",,,,,
REJECTED — not actionable,V Care Technologies,vcaretechnologies.net,"Surat, India",,,,,
REJECTED — not actionable,Brihati Softech,brihatisoftech.com,"Surat, India",,,,,
REJECTED — not actionable,Bitbrains,bitbrains.in,"Surat, India",,,,,
REJECTED — not actionable,Ninetyseven Infotech,ninetyseveninfotech.com,"Surat, India",,,,,
REJECTED — not actionable,Prince IT Solution,princeitsolution.com,"Surat, India",,,,,
REJECTED — not actionable,Shreedama Technologies,shreedama.com,"Surat, India",,,,,
REJECTED — not actionable,1 Digit Technology,1digittechnology.com,"Surat, India",,,,,
REJECTED — not actionable,autoGenixAI,autogenixai.com,"Surat, India",,,,,
REJECTED — not actionable,Invertux,invertux.com,"Surat, India",,,,,
REJECTED — not actionable,TechFanatic,techfanatic.in,"Surat, India",,,,,
REJECTED — not actionable,HK EdgeTech LLP,hkedgetech.com,"Surat, India",,,,,
REJECTED — not actionable,BlueRibbon Solution,blueribbonsolution.com,"Surat, India",,,,,
REJECTED — not actionable,Foecht,foecht.com,"Surat, India",,,,,
REJECTED — not actionable,Intekbit Solutions Pvt Ltd,intekbit.com,"Surat, India",,,,,
REJECTED — not actionable,Dev Genius,devgenius.tech,"Surat, India",,,,,
REJECTED — not actionable,Dhvaj Solution,dhvajsolution.com,"Surat, India",,,,,
REJECTED — not actionable,Trueline Solution,truelinesolution.com,"Surat, India",,,,,
REJECTED — not actionable,Phila Infotech,philainfotech.com,"Surat, India",,,,,
REJECTED — not actionable,Codifyinfotech,codifyinfotech.com,"Surat, India",,,,,
REJECTED — not actionable,SAT Technolab,sattechnolab.com,"Surat, India",,,,,
REJECTED — not actionable,Freshcodes,freshcodes.net,"Surat, India",,,,,
REJECTED — not actionable,Riofos Technologies Pvt. Ltd.,riofos.com,"Surat, India",,,,,
REJECTED — not actionable,Enacle Infotech,enacleinfotech.com,"Surat, India",,,,,
REJECTED — not actionable,BLACKBULL TECHNOLOGIES,blackbulltechnologies.in,"Surat, India",,,,,
REJECTED — not actionable,TechFlecks,techflecks.com,"Surat, India",,,,,
REJECTED — not actionable,Cusenware,cusenware.com,"Surat, India",,,,,
REJECTED — not actionable,VentroX Tech,ventroxtech.in,"Surat, India",,,,,
REJECTED — not actionable,Izzardtech Solutions,izzardtech.com,"Surat, India",,,,,
REJECTED — not actionable,MOSTLI DIGITAL VENTURES LLP,mostli.co,"Surat, India",,,,,
REJECTED — not actionable,Roshniwebsolution,roshniwebsolution.com,"Surat, India",,,,,
REJECTED — not actionable,M2 Web Solution,m2webdesigning.com,"Vadodara, India",,,,,
REJECTED — not actionable,Webcrome Software,webcrome.com,"Vadodara, India",,,,,
REJECTED — not actionable,Techifyhouse,techifyhouse.com,"Vadodara, India",,,,,
REJECTED — not actionable,Intellekt AI LLP,intellektai.com,"Vadodara, India",,,,,
REJECTED — not actionable,Zivaan Solutions,zivaansolutions.com,"Vadodara, India",,,,,
REJECTED — not actionable,Kaimani Systems,kaimani.in,"Vadodara, India",,,,,
REJECTED — not actionable,ACLORE WINGS PRIVATE LIMITED,aclorewings.com,"Vadodara, India",,,,,
REJECTED — not actionable,CMS Softwares,cmssoftwares.com,"Vadodara, India",,,,,
REJECTED — not actionable,Classy Endeavors,classyendeavors.com,"Vadodara, India",,,,,
REJECTED — not actionable,Nexgale Dynamics Private Limited,nexgale.com,"Vadodara, India",,,,,
REJECTED — not actionable,AsianWeb Technologies,theasianweb.com,"Vadodara, India",,,,,
REJECTED — not actionable,ClickColon Solutions LLP,clickcolon.com,"Vadodara, India",,,,,
REJECTED — not actionable,Techecy,techecy.com,"Vadodara, India",,,,,
REJECTED — not actionable,Roots Digit,rootsdigit.com,"Vadodara, India",,,,,
REJECTED — not actionable,Aexaware Infotech Pvt. Ltd.,aexaware.com,"Vadodara, India",,,,,
REJECTED — not actionable,TechroMetric,techrometric.com,"Vadodara, India",,,,,
REJECTED — not actionable,Zynteq Technologies,zynteqtechnologies.com,"Vadodara, India",,,,,
REJECTED — not actionable,6Logics,6logics.com,"Vadodara, India",,,,,
REJECTED — not actionable,codedote,codedote.com,"Vadodara, India",,,,,
REJECTED — not actionable,VTechLabs,vtechlabs.com,"Vadodara, India",,,,,
REJECTED — not actionable,MyITPark,myitpark.in,"Vadodara, India",,,,,
REJECTED — not actionable,Absolute Web,absoluteweb.in,"Vadodara, India",,,,,
REJECTED — not actionable,Namah Softech Private Limited,namahsoftech.com,"Vadodara, India",,,,,
REJECTED — not actionable,Innovace,innovace.studio,"Vadodara, India",,,,,
REJECTED — not actionable,ProBluVantara,probluvantara.com,"Vadodara, India",,,,,
REJECTED — not actionable,Tasky Monk,taskymonk.com,"Vadodara, India",,,,,
REJECTED — not actionable,ARCHON INDIA,archonindia.com,"Vadodara, India",,,,,
REJECTED — not actionable,CreOwn Technologies LLC,creowntech.com,"Vadodara, India",,,,,
REJECTED — not actionable,VeravalOnline Pvt. Ltd.,veravalonline.com,"Vadodara, India",,,,,
REJECTED — not actionable,Consulting Arm Services,consultingarm.com,"Vadodara, India",,,,,
REJECTED — not actionable,KICKSTART SOLUTIONS LLP,kickstartsolutions.in,"Vadodara, India",,,,,
REJECTED — not actionable,Innovura Technologies Pvt. Ltd.,innovuratech.com,"Vadodara, India",,,,,
REJECTED — not actionable,Cleancoders.tech,cleancoders.tech,"Vadodara, India",,,,,
REJECTED — not actionable,Relevance Lab Technologies Private Limited,relevancelab.com,Ahmedabad,,,,,
In a lane (retry/thin-evidence/dead-site) — not actionable,TechExtensor PVT LTD,techextensor.com,"Ahmedabad, India",,,,,
In a lane (retry/thin-evidence/dead-site) — not actionable,Saubhagyam Web Pvt. Ltd.,saubhagyam.com,"Ahmedabad, India",,,,,
In a lane (retry/thin-evidence/dead-site) — not actionable,Doers InfoSoft,doersinfosoft.com,"Ahmedabad, India",,,,,
In a lane (retry/thin-evidence/dead-site) — not actionable,Radixweb,radixweb.com,"Ahmedabad, India",,,,,
In a lane (retry/thin-evidence/dead-site) — not actionable,Xynnity,xynnity.com,"Ahmedabad, India",,,,,
In a lane (retry/thin-evidence/dead-site) — not actionable,WebClues Infotech,webcluesinfotech.com,"Ahmedabad, India",,,,,
In a lane (retry/thin-evidence/dead-site) — not actionable,Samarpan Infotech,samarpaninfotech.com,"Ahmedabad, India",,,,,
In a lane (retry/thin-evidence/dead-site) — not actionable,Tecxar Consultants,tecxar.io,"Ahmedabad, India",,,,,
In a lane (retry/thin-evidence/dead-site) — not actionable,Vnnovate Solutions Pvt Ltd,vnnovate.com,"Ahmedabad, India",,,,,
In a lane (retry/thin-evidence/dead-site) — not actionable,Bridgecode Technologies LLP,thebridgecode.com,"Ahmedabad, India",,,,,
In a lane (retry/thin-evidence/dead-site) — not actionable,Digicorp Information Systems Pvt.Ltd,digi-corp.com,"Ahmedabad, India",,,,,
In a lane (retry/thin-evidence/dead-site) — not actionable,Techxplore IT Solutions,techxplore.io,"Ahmedabad, India",,,,,
In a lane (retry/thin-evidence/dead-site) — not actionable,EliteWebHub,elitewebhub.com,"Ahmedabad, India",,,,,
In a lane (retry/thin-evidence/dead-site) — not actionable,Solution Analysts,solutionanalysts.com,"Ahmedabad, India",,,,,
In a lane (retry/thin-evidence/dead-site) — not actionable,Clementius LLP,clementius.com,"Ahmedabad, India",,,,,
In a lane (retry/thin-evidence/dead-site) — not actionable,Sadhi Infotech,sadhiinfotech.com,"Ahmedabad, India",,,,,
In a lane (retry/thin-evidence/dead-site) — not actionable,ApuzzTech,apuzztech.com,"Ahmedabad, India",,,,,
In a lane (retry/thin-evidence/dead-site) — not actionable,iPOP Solution,ipopsolution.com,"Ahmedabad, India",,,,,
In a lane (retry/thin-evidence/dead-site) — not actionable,NorthLogics,northlogics.tech,"Ahmedabad, India",,,,,
In a lane (retry/thin-evidence/dead-site) — not actionable,JS Techno Solutions Pvt. Ltd.,jstechno.com,"Ahmedabad, India",,,,,
In a lane (retry/thin-evidence/dead-site) — not actionable,Krishang Technolab,krishangtechnolab.com,"Ahmedabad, India",,,,,
In a lane (retry/thin-evidence/dead-site) — not actionable,Excellent Webworld,excellentwebworld.com,"Ahmedabad, India",,,,,
In a lane (retry/thin-evidence/dead-site) — not actionable,SoluteLabs,solutelabs.com,"Ahmedabad, India",,,,,
In a lane (retry/thin-evidence/dead-site) — not actionable,Indylogix Solutions,indylogix.com,"Ahmedabad, India",,,,,
In a lane (retry/thin-evidence/dead-site) — not actionable,VNJ INNOVATIONS,vnjinnovations.com,"Ahmedabad, India",,,,,
In a lane (retry/thin-evidence/dead-site) — not actionable,Virmati Group,virmati.com,"Ahmedabad, India",,,,,
In a lane (retry/thin-evidence/dead-site) — not actionable,Vinexa Infotech Solutions,vinexainfotech.com,"Ahmedabad, India",,,,,
In a lane (retry/thin-evidence/dead-site) — not actionable,iPreside IT Service Private Limited,ipreside.com,"Ahmedabad, India",,,,,
In a lane (retry/thin-evidence/dead-site) — not actionable,Divine Infosys,divineinfosys.com,"Ahmedabad, India",,,,,
In a lane (retry/thin-evidence/dead-site) — not actionable,GENIXBIT LABS PRIVATE LIMITED,genixbit.com,"Ahmedabad, India",,,,,
In a lane (retry/thin-evidence/dead-site) — not actionable,LivBix Technologies,livbix.com,"Ahmedabad, India",,,,,
In a lane (retry/thin-evidence/dead-site) — not actionable,Codeintelli Technologies LLP,codeintelli.com,"Ahmedabad, India",,,,,
In a lane (retry/thin-evidence/dead-site) — not actionable,Softcoding Solutions,softcodingsolutions.com,"Ahmedabad, India",,,,,
In a lane (retry/thin-evidence/dead-site) — not actionable,Artifex-Online,artifex-online.com,"Ahmedabad, India",,,,,
In a lane (retry/thin-evidence/dead-site) — not actionable,Inficoders_technolab,inficoders.com,"Ahmedabad, India",,,,,
In a lane (retry/thin-evidence/dead-site) — not actionable,DOT Infotech(Digital Ocean Technologies),dotinfo.tech,"Ahmedabad, India",,,,,
In a lane (retry/thin-evidence/dead-site) — not actionable,Falcon Online Services,falcononlineservices.com,"Ahmedabad, India",,,,,
In a lane (retry/thin-evidence/dead-site) — not actionable,Markupsolution,markupsolution.in,"Ahmedabad, India",,,,,
In a lane (retry/thin-evidence/dead-site) — not actionable,AIXTOR Technologies,aixtor.com,"Ahmedabad, India",,,,,
In a lane (retry/thin-evidence/dead-site) — not actionable,Sublime Data Systems,sublimedatasys.com,"Ahmedabad, India",,,,,
In a lane (retry/thin-evidence/dead-site) — not actionable,MSA Infotech,msainfotech.com,"Ahmedabad, India",,,,,
In a lane (retry/thin-evidence/dead-site) — not actionable,Vethics Solutions LLP,vethics.com,"Ahmedabad, India",,,,,
In a lane (retry/thin-evidence/dead-site) — not actionable,Data Cross Solution,datacrosssolution.com,"Ahmedabad, India",,,,,
In a lane (retry/thin-evidence/dead-site) — not actionable,The Gateway Corp,thegatewaycorp.com,"Ahmedabad, India",,,,,
In a lane (retry/thin-evidence/dead-site) — not actionable,SatyamevInfotech,satyamevinfotech.com,"Ahmedabad, India",,,,,
In a lane (retry/thin-evidence/dead-site) — not actionable,CodnestX,codnestx.com,"Ahmedabad, India",,,,,
In a lane (retry/thin-evidence/dead-site) — not actionable,Tabdelta Solutions,tabdelta.com,"Ahmedabad, India",,,,,
In a lane (retry/thin-evidence/dead-site) — not actionable,Loud Coders,loudcoders.com,"Ahmedabad, India",,,,,
In a lane (retry/thin-evidence/dead-site) — not actionable,Aseum Infotech Pvt Ltd,aseuminfotech.com,"Ahmedabad, India",,,,,
In a lane (retry/thin-evidence/dead-site) — not actionable,Innopad Solutions LLP,innopadsolutions.com,"Ahmedabad, India",,,,,
In a lane (retry/thin-evidence/dead-site) — not actionable,Positiwise Software Pvt Ltd,positiwise.com,"Ahmedabad, India",,,,,
In a lane (retry/thin-evidence/dead-site) — not actionable,CreoWeb Solution,creowebsolution.com,"Ahmedabad, India",,,,,
In a lane (retry/thin-evidence/dead-site) — not actionable,NMI - Website Development & Software Development C,nearmeindia.in,"Ahmedabad, India",,,,,
In a lane (retry/thin-evidence/dead-site) — not actionable,iView Labs Pvt. Ltd.,iviewlabs.com,"Ahmedabad, India",,,,,
In a lane (retry/thin-evidence/dead-site) — not actionable,Sigmate Informatics,sigmateinformatics.com,"Ahmedabad, India",,,,,
In a lane (retry/thin-evidence/dead-site) — not actionable,I Can Infotech,icaninfotech.com,"Ahmedabad, India",,,,,
In a lane (retry/thin-evidence/dead-site) — not actionable,Webs Optimization Software Solution,websoptimization.com,"Ahmedabad, India",,,,,
In a lane (retry/thin-evidence/dead-site) — not actionable,Finlite Technologies,finlitetech.com,"Ahmedabad, India",,,,,
In a lane (retry/thin-evidence/dead-site) — not actionable,KNP Technologies Private Limited,knp-tech.com,"Ahmedabad, India",,,,,
In a lane (retry/thin-evidence/dead-site) — not actionable,Coruscate Solutions Pvt Ltd,coruscatesolution.com,"Surat, India",,,,,
In a lane (retry/thin-evidence/dead-site) — not actionable,Qwesys Digital Solutions,qwesys.com,"Surat, India",,,,,
In a lane (retry/thin-evidence/dead-site) — not actionable,Prilancers infotech,prilancers-infotech.com,"Surat, India",,,,,
In a lane (retry/thin-evidence/dead-site) — not actionable,Growwork Infotech,growworkinfotech.com,"Surat, India",,,,,
In a lane (retry/thin-evidence/dead-site) — not actionable,CODEEDOC,codeedoc.com,"Surat, India",,,,,
In a lane (retry/thin-evidence/dead-site) — not actionable,Trakshym,trakshym.com,"Surat, India",,,,,
In a lane (retry/thin-evidence/dead-site) — not actionable,Keviak Technologies,keviak.com,"Surat, India",,,,,
In a lane (retry/thin-evidence/dead-site) — not actionable,Team Unibrains,teamunibrains.com,"Surat, India",,,,,
In a lane (retry/thin-evidence/dead-site) — not actionable,Future Technologies,softwebmlm.com,"Surat, India",,,,,
In a lane (retry/thin-evidence/dead-site) — not actionable,Aviansoft Private Limited,aviansoft.in,"Surat, India",,,,,
In a lane (retry/thin-evidence/dead-site) — not actionable,qodors,qodors.com,"Surat, India",,,,,
In a lane (retry/thin-evidence/dead-site) — not actionable,Webiots LLC,webiots.com,"Surat, India",,,,,
In a lane (retry/thin-evidence/dead-site) — not actionable,Nexprism,nexprism.com,"Surat, India",,,,,
In a lane (retry/thin-evidence/dead-site) — not actionable,Greencom Ebizz Infotech,ebizzinfotech.com,"Surat, India",,,,,
In a lane (retry/thin-evidence/dead-site) — not actionable,Jyoti Technosoft LLP,jyotitechnosoft.com,"Surat, India",,,,,
In a lane (retry/thin-evidence/dead-site) — not actionable,Zerotwo Solutions,zerotwosolutions.com,"Surat, India",,,,,
In a lane (retry/thin-evidence/dead-site) — not actionable,The Hyper Tech,thehypertech.in,"Surat, India",,,,,
In a lane (retry/thin-evidence/dead-site) — not actionable,KamalDhari Infotech,kamaldhari.com,"Surat, India",,,,,
In a lane (retry/thin-evidence/dead-site) — not actionable,Cypher Tech,cypherinsights.com,"Surat, India",,,,,
In a lane (retry/thin-evidence/dead-site) — not actionable,Propelius Technologies,propelius.tech,"Surat, India",,,,,
In a lane (retry/thin-evidence/dead-site) — not actionable,Codely infotech,codelyinfotech.com,"Surat, India",,,,,
In a lane (retry/thin-evidence/dead-site) — not actionable,Viva Tech Services,vivatechservices.in,"Surat, India",,,,,
In a lane (retry/thin-evidence/dead-site) — not actionable,Apexture Private Limited,apexture.in,"Surat, India",,,,,
In a lane (retry/thin-evidence/dead-site) — not actionable,SoftStorm Technosys Pvt. Ltd.,softstorm.in,"Surat, India",,,,,
In a lane (retry/thin-evidence/dead-site) — not actionable,ThetaSoln,thetasol.com,"Surat, India",,,,,
In a lane (retry/thin-evidence/dead-site) — not actionable,Websinception Software Company,websinception.com,"Surat, India",,,,,
In a lane (retry/thin-evidence/dead-site) — not actionable,Sabhaya Solutions LLP,sabhayasolutions.com,"Surat, India",,,,,
In a lane (retry/thin-evidence/dead-site) — not actionable,Nothing Info,nothinginfo.com,"Surat, India",,,,,
In a lane (retry/thin-evidence/dead-site) — not actionable,Techsoul Solutions,techsoulsolutions.com,"Surat, India",,,,,
In a lane (retry/thin-evidence/dead-site) — not actionable,Rohmate,rohmate.com,"Surat, India",,,,,
In a lane (retry/thin-evidence/dead-site) — not actionable,Whitelion Infosystems,whitelioninfosystems.com,"Surat, India",,,,,
In a lane (retry/thin-evidence/dead-site) — not actionable,Solwin Infotech LLP,solwininfotech.com,"Surat, India",,,,,
In a lane (retry/thin-evidence/dead-site) — not actionable,Svastsys Technology,svastsys.com,"Surat, India",,,,,
In a lane (retry/thin-evidence/dead-site) — not actionable,Softweirdo Solutions Private Limited,softweirdo.com,"Vadodara, India",,,,,
In a lane (retry/thin-evidence/dead-site) — not actionable,Evozard Consulting Services Pvt Ltd,evozard.com,"Vadodara, India",,,,,
In a lane (retry/thin-evidence/dead-site) — not actionable,Shreeji Softinfo Consultancy LLP,shreejisoftinfo.com,"Vadodara, India",,,,,
In a lane (retry/thin-evidence/dead-site) — not actionable,Zithas Technologies LLC,zithas.com,"Vadodara, India",,,,,
In a lane (retry/thin-evidence/dead-site) — not actionable,Rockers Technologies,rockersinfo.com,"Vadodara, India",,,,,
In a lane (retry/thin-evidence/dead-site) — not actionable,Promact Infotech Pvt Ltd.,promactinfo.com,"Vadodara, India",,,,,
In a lane (retry/thin-evidence/dead-site) — not actionable,Dual Infotech Group,dualinfotechgroup.com,"Vadodara, India",,,,,
In a lane (retry/thin-evidence/dead-site) — not actionable,Imriel Technology Solutions Pvt Ltd,imriel.com,"Vadodara, India",,,,,
In a lane (retry/thin-evidence/dead-site) — not actionable,DIWIZON DYNAMICS PVT LTD,diwizon.com,"Vadodara, India",,,,,
In a lane (retry/thin-evidence/dead-site) — not actionable,Vardaam Web Solutions Pvt. Ltd.,vardaam.com,"Vadodara, India",,,,,
In a lane (retry/thin-evidence/dead-site) — not actionable,Infoservops,infoservops.com,"Vadodara, India",,,,,
In a lane (retry/thin-evidence/dead-site) — not actionable,Sanfinity Creative Solution Pvt. Ltd,thesanfinity.com,"Vadodara, India",,,,,
In a lane (retry/thin-evidence/dead-site) — not actionable,Sankalp Technology Services,sankalptechnology.com,Vadodara,,,,,
In a lane (retry/thin-evidence/dead-site) — not actionable,Aimb System LLP,aimbsystem.com,Ahmedabad,,,,,
In a lane (retry/thin-evidence/dead-site) — not actionable,Civica Resource Private Limited,civica.com,Vadodara,,,,,
In a lane (retry/thin-evidence/dead-site) — not actionable,Sufalam Technologies Private Limited,sufalamtech.com,Ahmedabad,,,,,
In a lane (retry/thin-evidence/dead-site) — not actionable,AugustCode Solutions Private Limited,augustinfotech.com,Surat,,,,,
In a lane (retry/thin-evidence/dead-site) — not actionable,iNtechspace Technologies Private Limited,intechspace.com,Ahmedabad,,,,,
In a lane (retry/thin-evidence/dead-site) — not actionable,Toshal Infotech Private Limited,toshalinfotech.com,Surat,,,,,
In a lane (retry/thin-evidence/dead-site) — not actionable,Growby Exx Services Private Limited,growexx.com,Ahmedabad,,,,,
In a lane (retry/thin-evidence/dead-site) — not actionable,Dev Accelerator Limited,devx.work,Ahmedabad,,,,,
In a lane (retry/thin-evidence/dead-site) — not actionable,GVFL Limited,gvfl.com,Ahmedabad,,,,,
In a lane (retry/thin-evidence/dead-site) — not actionable,"Indian Institute of Management, Ahmedabad",iimahd.ernet.in,Ahmedabad,,,,,
In a lane (retry/thin-evidence/dead-site) — not actionable,Applied Software Pvt Ltd,appliedcommerce.com,Ahmedabad,,,,,
In a lane (retry/thin-evidence/dead-site) — not actionable,Gujarat Narmada Valley Fertilizers & Chemicals Ltd,gnfc.in,Gandhinagar,,,,,
In a lane (retry/thin-evidence/dead-site) — not actionable,Gujarat Informatics Ltd,gujaratinformatics.com,Gandhinagar,,,,,
In a lane (retry/thin-evidence/dead-site) — not actionable,TTEC India Customer Solutions Private Limited,motifinc.com,Ahmedabad,,,,,
In a lane (retry/thin-evidence/dead-site) — not actionable,Hi-Tech Digital Solutions LLP,hitechos.com,Ahmedabad,,,,,
In a lane (retry/thin-evidence/dead-site) — not actionable,Anant Softtech Pvt Ltd,anantsoftech.com,Ahmedabad,,,,,
In a lane (retry/thin-evidence/dead-site) — not actionable,QX Global Services Private Limited,qxltd.com,Ahmedabad,,,,,
In a lane (retry/thin-evidence/dead-site) — not actionable,Bulwark Systems,bulwarks.com,Vadodara,,,,,
In a lane (retry/thin-evidence/dead-site) — not actionable,Elegant Microweb Technologies Pvt Ltd,elegantjbi.com,Ahmedabad,,,,,
In a lane (retry/thin-evidence/dead-site) — not actionable,Team Tranquil Software Solutions Pvt Ltd,teamtranquil.com,Vadodara,,,,,
In a lane (retry/thin-evidence/dead-site) — not actionable,Online PSB Loans Limited,onlinepsbloans.com,Ahmedabad,,,,,
In a lane (retry/thin-evidence/dead-site) — not actionable,Amnex Infotechnologies Private Limited,amnex.com,Ahmedabad,,,,,
In a lane (retry/thin-evidence/dead-site) — not actionable,Sociorac Online Private Limited,sociorac.com,Vadodara,,,,,
In a lane (retry/thin-evidence/dead-site) — not actionable,Analytix Business Solutions (India) Private Limited,analytix.com,Ahmedabad,,,,,
In a lane (retry/thin-evidence/dead-site) — not actionable,Eximious Global Limited,eximiousglobal.com,Ahmedabad,,,,,
